name,adm0name,adm0_a3,latitude,longitude,pop_max,pop_min,featurecla
Colonia del Sacramento,Uruguay,URY,-34.479999,-57.840003,21714,21714,Admin-1 capital
Trinidad,Uruguay,URY,-33.543999,-56.900997,21093,21093,Admin-1 capital
Fray Bentos,Uruguay,URY,-33.138999,-58.303998,23279,23279,Admin-1 capital
Canelones,Uruguay,URY,-34.538004,-56.284002,19698,19698,Admin-1 capital
Florida,Uruguay,URY,-34.099002,-56.214998,32234,32234,Admin-1 capital
Bassar,Togo,TGO,9.261,0.789004,61845,61845,Admin-1 capital
Sotouboua,Togo,TGO,8.557002,0.984997,21054,21054,Admin-1 capital
Medenine,Tunisia,TUN,33.399999,10.4167,61705,61705,Admin-1 capital
Kebili,Tunisia,TUN,33.689997,8.971003,19875,19875,Admin-1 capital
Tataouine,Tunisia,TUN,33.000003,10.466704,62577,62577,Admin-1 capital
L'Ariana,Tunisia,TUN,36.866673,10.199998,97687,97687,Admin-1 capital
Jendouba,Tunisia,TUN,36.500004,8.749999,51408,51408,Admin-1 capital
Kasserine,Tunisia,TUN,35.216703,8.716699,76243,76243,Admin-1 capital
Sdid Bouzid,Tunisia,TUN,35.016696,9.500005,42098,42098,Admin-1 capital
Siliana,Tunisia,TUN,36.083304,9.383302,26960,26960,Admin-1 capital
Mahdia,Tunisia,TUN,35.483913,11.040877,45977,45977,Admin-1 capital
Monastir,Tunisia,TUN,35.730702,10.767295,71546,41400,Admin-1 capital
Zaghouan,Tunisia,TUN,36.399996,10.146997,16911,16911,Admin-1 capital
Tây Ninh,Vietnam,VNM,11.322999,106.147,126370,126370,Admin-1 capital
Luan Chau,Vietnam,VNM,21.740004,103.343005,7335,7335,Admin-1 capital
Bắc Kạn,Vietnam,VNM,22.133333,105.833333,29227,29227,Admin-1 capital
Lạng Sơn,Vietnam,VNM,21.845997,106.757002,148000,148000,Admin-1 capital
Sơn La,Vietnam,VNM,21.328002,103.910005,19054,19054,Admin-1 capital
Tuyên Quang,Vietnam,VNM,21.817998,105.211,36430,36430,Admin-1 capital
Yên Bái,Vietnam,VNM,21.705003,104.875003,96540,96540,Admin-1 capital
Hai Duong,Vietnam,VNM,20.942001,106.331005,58030,58030,Admin-1 capital
Thái Bình,Vietnam,VNM,20.450304,106.33303,210000,210000,Admin-1 capital
Tuy Hòa,Vietnam,VNM,13.082004,109.315999,69596,69596,Admin-1 capital
Thu Dau Mot,Vietnam,VNM,10.969074,106.652746,244277,244277,Admin-1 capital
Đông Hà,Vietnam,VNM,16.849998,107.133301,17662,17662,Admin-1 capital
Cao Lãnh,Vietnam,VNM,10.467,105.635998,149837,149837,Admin-1 capital
Truc Giang,Vietnam,VNM,10.234998,106.374997,59442,59442,Admin-1 capital
Tra Vinh,Vietnam,VNM,9.934002,106.334002,131360,131360,Admin-1 capital
Vĩnh Long,Vietnam,VNM,10.256004,105.964003,103314,103314,Admin-1 capital
Cao Bằng,Vietnam,VNM,22.663998,106.268005,41112,41112,Admin-1 capital
Yoro,Honduras,HND,15.059997,-87.290001,15774,15774,Admin-1 capital
La Esperanza,Honduras,HND,14.333004,-88.1667,5318,5318,Admin-1 capital
La Paz,Honduras,HND,14.319999,-87.684003,17555,17555,Admin-1 capital
Santa Bárbara,Honduras,HND,14.919003,-88.236,15119,15119,Admin-1 capital
Gracias,Honduras,HND,14.583303,-88.583301,7909,7909,Admin-1 capital
Nueva Ocotepeque,Honduras,HND,14.436999,-89.181999,8780,8780,Admin-1 capital
Yuscarán,Honduras,HND,13.943997,-86.850999,2371,2371,Admin-1 capital
Jérémie,Haiti,HTI,18.633935,-74.118425,30917,30917,Admin-1 capital
Port-De-Paix,Haiti,HTI,19.93176,-72.829485,34657,34657,Admin-1 capital
Hinche,Haiti,HTI,19.143,-72.003996,18590,18590,Admin-1 capital
Fort-Liberté,Haiti,HTI,19.665567,-71.84484,11465,11465,Admin-1 capital
Jacmel,Haiti,HTI,18.234999,-72.537003,33563,33563,Admin-1 capital
Kırklareli,Turkey,TUR,41.742999,27.226,58223,58223,Admin-1 capital
Bilecik,Turkey,TUR,40.149999,29.982997,40285,40285,Admin-1 capital
Sakarya,Turkey,TUR,40.766661,30.400003,286787,286787,Admin-1 capital
Kastamonu,Turkey,TUR,41.389002,33.783004,70402,70402,Admin-1 capital
Burdur,Turkey,TUR,37.71666,30.283336,66158,66158,Admin-1 capital
Kırşehir,Turkey,TUR,39.141999,34.171003,94336,94336,Admin-1 capital
Nevşehir,Turkey,TUR,38.624004,34.723999,75527,75527,Admin-1 capital
Antakya,Turkey,TUR,36.233334,36.116677,154803,154803,Admin-1 capital
Giresun,Turkey,TUR,40.913001,38.390005,98864,98864,Admin-1 capital
Sinop,Turkey,TUR,42.022998,35.153002,34834,34834,Admin-1 capital
Tokat,Turkey,TUR,40.305996,36.563005,129702,129702,Admin-1 capital
Artvin,Turkey,TUR,41.183001,41.817997,32272,23527,Admin-1 capital
Bingöl,Turkey,TUR,38.885004,40.498003,80568,80568,Admin-1 capital
Bitlis,Turkey,TUR,38.394,42.122998,62811,43109,Admin-1 capital
Kalangala,Uganda,UGA,-0.308889,32.225,5200,5200,Admin-1 capital
Çankırı,Turkey,TUR,40.607001,33.621004,71379,71379,Admin-1 capital
Niğde,Turkey,TUR,37.976004,34.694002,91039,91039,Admin-1 capital
Yozgat,Turkey,TUR,39.817998,34.814998,87881,87881,Admin-1 capital
Gümüşhane,Turkey,TUR,40.464,39.484,32250,32250,Admin-1 capital
Siirt,Turkey,TUR,37.944,41.932999,114034,114034,Admin-1 capital
Tunceli,Turkey,TUR,39.1167,39.533302,29062,29062,Admin-1 capital
Kumi,Uganda,UGA,1.460833,33.936111,13000,13000,Admin-1 capital
Kaberamaido,Uganda,UGA,1.738889,33.159444,3400,3400,Admin-1 capital
Kayunga,Uganda,UGA,0.7025,32.888611,21704,21704,Admin-1 capital
Iganga,Uganda,UGA,0.609167,33.468611,45024,45024,Admin-1 capital
Kamuli,Uganda,UGA,0.947222,33.119722,12764,12764,Admin-1 capital
Pallisa,Uganda,UGA,1.145,33.709444,30745,30745,Admin-1 capital
Mpigi,Uganda,UGA,0.225,32.313611,11082,11082,Admin-1 capital
Adjumani,Uganda,UGA,3.361389,31.809722,34700,34700,Admin-1 capital
Nebbi,Uganda,UGA,2.475833,31.1025,30354,30354,Admin-1 capital
Kiboga,Uganda,UGA,0.916111,31.774167,14512,14512,Admin-1 capital
Nakasongola,Uganda,UGA,1.308889,32.456389,6921,6921,Admin-1 capital
Bombo,Uganda,UGA,0.583299,32.5333,75000,21000,Admin-1 region capital
Masindi,Uganda,UGA,1.674444,31.715,31486,31486,Admin-1 capital
Fort Portal,Uganda,UGA,0.671004,30.275002,42670,42670,Admin-1 region capital
Kibale,Uganda,UGA,0.8,31.066667,5200,5200,Admin-1 capital
Sironko,Uganda,UGA,1.25,34.3,14100,14100,Admin-1 capital
Busia,Uganda,UGA,0.454444,34.075833,47100,47100,Admin-1 capital
Katakwi,Uganda,UGA,1.891111,33.966111,8400,8400,Admin-1 capital
Veszprém,Hungary,HUN,47.090997,17.911,62023,62023,Admin-1 capital
Zalaegerszeg,Hungary,HUN,46.844001,16.84,61898,61898,Admin-1 capital
Tatabánya,Hungary,HUN,47.549997,18.433,70541,70541,Admin-1 capital
Szekszárd,Hungary,HUN,46.343997,18.712999,34174,34174,Admin-1 capital
Salgótarján,Hungary,HUN,48.105,19.826002,39640,39640,Admin-1 capital
Békéscsaba,Hungary,HUN,46.672002,21.101005,65206,65206,Admin-1 capital
Eger,Hungary,HUN,47.895003,20.383003,56647,56647,Admin-1 capital
Ntungamo,Uganda,UGA,-0.879444,30.264167,16400,16400,Admin-1 capital
Kisoro,Uganda,UGA,-1.353889,29.698333,12900,12900,Admin-1 capital
Gikongoro,Rwanda,RWA,-2.483298,29.566702,15000,15000,Admin-1 capital
Kibuye,Rwanda,RWA,-2.050002,29.35,48024,48024,Admin-1 capital
Kibungo,Rwanda,RWA,-2.166696,30.533302,46240,46240,Admin-1 capital
Târgu Jiu,Romania,ROU,45.045,23.274001,97179,97179,Admin-1 capital
Slatina,Romania,ROU,44.434998,24.371002,78988,78988,Admin-1 capital
Alexandria,Romania,ROU,43.901631,25.286707,49346,49346,Admin-1 capital
Târgoviște,Romania,ROU,44.937999,25.459003,88435,88435,Admin-1 capital
Giurgiu,Romania,ROU,43.929999,25.84,69067,69067,Admin-1 capital
Slobozia,Romania,ROU,44.569998,27.381997,52693,52693,Admin-1 capital
Dar'a,Syria,SYR,32.625,36.105004,146481,97969,Admin-1 capital
Delémont,Switzerland,CHE,47.369997,7.345,11315,11315,Admin-1 capital
Neuchâtel,Switzerland,CHE,46.998999,6.922999,31270,31270,Admin-1 capital
Aarau,Switzerland,CHE,47.390004,8.034004,15501,15501,Admin-1 capital
Stans,Switzerland,CHE,46.950003,8.383303,7475,7475,Admin-1 capital
Sion,Switzerland,CHE,46.239003,7.354,28045,28045,Admin-1 capital
Herisau,Switzerland,CHE,47.383299,9.283303,15438,15438,Admin-1 capital
Saint Gallen,Switzerland,CHE,47.422998,9.361999,70572,70572,Admin-1 capital
Bellinzona,Switzerland,CHE,46.197,9.019999,16572,16572,Admin-1 capital
Glarus,Switzerland,CHE,47.050002,9.0667,5681,5681,Admin-1 capital
Schaffhausen,Switzerland,CHE,47.706003,8.632999,33863,33863,Admin-1 capital
Schwyz,Switzerland,CHE,47.019996,8.648002,14177,14177,Admin-1 capital
Frauenfeld,Switzerland,CHE,47.567997,9.108001,21979,21979,Admin-1 capital
Altdorf,Switzerland,CHE,46.879002,8.638003,8678,8678,Admin-1 capital
Zug,Switzerland,CHE,47.178999,8.487001,23435,23435,Admin-1 capital
Falun,Sweden,SWE,60.613002,15.647005,36477,36477,Admin-1 capital
Nyköping,Sweden,SWE,58.763997,17.015005,27582,27582,Admin-1 capital
Härnösand,Sweden,SWE,62.633997,17.934004,17016,17016,Admin-1 capital
Karlskrona,Sweden,SWE,56.203002,15.296005,35212,35212,Admin-1 capital
Alba Lulia,Romania,ROU,46.077003,23.580001,66085,66085,Admin-1 capital
Bistrița,Romania,ROU,47.138004,24.513004,81318,81318,Admin-1 capital
Deva,Romania,ROU,45.883323,22.916674,67802,67802,Admin-1 capital
Zalău,Romania,ROU,47.175003,23.063005,63232,63232,Admin-1 capital
Satu Mare,Romania,ROU,47.791998,22.885003,112490,112490,Admin-1 capital
Rimnicu Vilcea,Romania,ROU,45.109998,24.382999,107558,107558,Admin-1 capital
Sfintu-Gheorghe,Romania,ROU,45.867996,25.793002,60677,60677,Admin-1 capital
Miercurea Cuic,Romania,ROU,46.360998,25.524001,42029,37980,Admin-1 capital
Piatra-Neamt,Romania,ROU,46.940004,26.382997,102688,102688,Admin-1 capital
Brăila,Romania,ROU,45.291996,27.969004,213569,213569,Admin-1 capital
Vaslui,Romania,ROU,46.633329,27.733339,69225,69225,Admin-1 capital
Salyan,Nepal,NPL,28.35,82.183303,15000,15000,Admin-1 capital
Mae Hong Son,Thailand,THA,19.301004,97.968997,9109,9109,Admin-1 capital
Phangnga,Thailand,THA,8.451,98.533999,9676,9676,Admin-1 capital
Ranong,Thailand,THA,9.962001,98.638003,24561,24561,Admin-1 capital
Krabi,Thailand,THA,8.052003,98.911999,31219,31219,Admin-1 capital
Phatthalung,Thailand,THA,7.614999,100.081,43522,43522,Admin-1 capital
Satun,Thailand,THA,6.616701,100.066699,34544,34544,Admin-1 capital
Lamphun,Thailand,THA,18.503001,99.073999,14030,14030,Admin-1 capital
Kamphaeng Phet,Thailand,THA,16.472997,99.529003,58787,58787,Admin-1 capital
Phichit,Thailand,THA,16.439004,100.349002,35760,35760,Admin-1 capital
Phetchabun,Thailand,THA,16.418997,101.159002,50656,50656,Admin-1 capital
Supham Buri,Thailand,THA,14.471001,100.128997,53399,53399,Admin-1 capital
Ang Thong,Thailand,THA,14.583303,100.45,13738,13738,Admin-1 capital
Chainat,Thailand,THA,15.179004,100.126,15469,15469,Admin-1 capital
Nakhon Nayok,Thailand,THA,14.200002,101.215999,21309,21309,Admin-1 capital
Sing Buri,Thailand,THA,14.886999,100.401004,20046,20046,Admin-1 capital
Nakhon Pathom,Thailand,THA,13.817997,100.063999,117927,117927,Admin-1 capital
Prachuap Khiri Khan,Thailand,THA,11.802996,99.800002,33521,33521,Admin-1 capital
Samut Sakhon,Thailand,THA,13.536,100.274005,63498,63498,Admin-1 capital
Samut Songkhram,Thailand,THA,13.412997,100.000999,35065,35065,Admin-1 capital
Yasothon,Thailand,THA,15.787998,104.150998,21643,21643,Admin-1 capital
Chachoengsao,Thailand,THA,13.679001,101.076004,49741,49741,Admin-1 capital
Trat,Thailand,THA,12.237003,102.509002,21590,21590,Admin-1 capital
Kalasin,Thailand,THA,16.427997,103.509001,55102,55102,Admin-1 capital
Maha Sarakham,Thailand,THA,16.183998,103.298005,51584,51584,Admin-1 capital
Roi Et,Thailand,THA,16.050996,103.654999,39328,39328,Admin-1 capital
Pattani,Thailand,THA,6.864003,101.250001,150000,43631,Admin-1 capital
Piggs Peak,eSwatini,SWZ,-25.961004,31.247002,5750,5750,Admin-1 capital
Siteki,eSwatini,SWZ,-26.454996,31.951999,6152,6152,Admin-1 capital
Manzini,eSwatini,SWZ,-26.495001,31.388005,110537,110537,Admin-1 capital
Hlatikulu,eSwatini,SWZ,-27.0,31.416697,2748,2748,Admin-1 capital
Somoto,Nicaragua,NIC,13.475997,-86.582997,20316,20316,Admin-1 capital
Ocotal,Nicaragua,NIC,13.629996,-86.472999,33928,33928,Admin-1 capital
Aveiro,Portugal,PRT,40.641003,-8.650998,54162,54162,Admin-1 capital
Leiria,Portugal,PRT,39.738996,-8.804997,45112,45112,Admin-1 capital
Viana Do Castelo,Portugal,PRT,41.696235,-8.844138,15555,15555,Admin-1 capital
Mérida,Spain,ESP,38.912004,-6.337998,52423,52423,Admin-1 capital
Beja,Portugal,PRT,38.014002,-7.863002,35854,21658,Admin-1 capital
Évora,Portugal,PRT,38.559996,-7.905996,55620,55620,Admin-1 capital
Portalegre,Portugal,PRT,39.290004,-7.423002,15581,15581,Admin-1 capital
Santarém,Portugal,PRT,39.231,-8.682003,29385,29385,Admin-1 capital
Bragança,Portugal,PRT,41.807997,-6.755003,34375,34375,Admin-1 capital
Castelo Branco,Portugal,PRT,39.810996,-7.488,33479,33479,Admin-1 capital
Guarda,Portugal,PRT,40.541004,-7.262001,32111,32111,Admin-1 capital
Viseu,Portugal,PRT,40.656996,-7.91,26364,26364,Admin-1 capital
Vila Real,Portugal,PRT,41.293998,-7.737003,17001,17001,Admin-1 capital
Fatick,Senegal,SEN,14.344002,-16.416,24243,24243,Admin-1 capital
An Nabk,Saudi Arabia,SAU,31.333302,37.333297,10000,5000,Admin-1 capital
Assen,Netherlands,NLD,53.000001,6.550003,62237,62237,Admin-1 capital
Arnhem,Netherlands,NLD,51.987996,5.923,141674,141674,Admin-1 capital
Maastricht,Netherlands,NLD,50.852997,5.677003,122378,122378,Admin-1 capital
Zwolle,Netherlands,NLD,52.524,6.096997,111805,111805,Admin-1 capital
Middelburg,Netherlands,NLD,51.501996,3.61,46485,46485,Admin-1 capital
's-Hertogenbosch,Netherlands,NLD,51.683337,5.316661,134520,134520,Admin-1 capital
Arendal,Norway,NOR,58.464756,8.766001,30916,30916,Admin-1 capital
Vossavangen,Norway,NOR,60.630003,6.441004,5571,5571,Admin-1 capital
Leikanger,Norway,NOR,61.183296,6.85,1965,1965,Admin-1 capital
Bærum,Norway,NOR,59.913486,11.347237,113659,113659,Admin-1 capital
Hamar,Norway,NOR,60.820002,11.069002,29479,29479,Admin-1 capital
Tønsberg,Norway,NOR,59.264001,10.421002,38914,38914,Admin-1 capital
Baglung,Nepal,NPL,28.266696,83.583298,23296,23296,Admin-1 capital
Jumla,Nepal,NPL,29.25,82.216702,9073,9073,Admin-1 capital
Bhairawa,Nepal,NPL,27.533304,83.3833,63367,63367,Admin-1 capital
Dandeldhura,Nepal,NPL,29.300004,80.600005,19014,19014,Admin-1 capital
Dhangarhi,Nepal,NPL,28.694997,80.593003,92294,92294,Admin-1 capital
Ramechhap,Nepal,NPL,27.325998,86.086999,15000,15000,Admin-1 capital
Bhimphedi,Nepal,NPL,27.550998,85.130002,15000,15000,Admin-1 capital
Rajbiraj,Nepal,NPL,26.533296,86.733298,33061,33061,Admin-1 capital
Ilam,Nepal,NPL,26.908002,87.926005,17491,17491,Admin-1 capital
Wabag,Papua New Guinea,PNG,-5.49,143.718004,3958,3958,Admin-1 capital
Vanimo,Papua New Guinea,PNG,-2.690001,141.303997,11204,11204,Admin-1 capital
Kundiawa,Papua New Guinea,PNG,-6.022998,144.960013,9383,9383,Admin-1 capital
Kerema,Papua New Guinea,PNG,-7.927002,145.837999,5646,5646,Admin-1 capital
Arawa,Papua New Guinea,PNG,-6.228,155.565991,40266,40266,Admin-1 capital
Lorengau,Papua New Guinea,PNG,-2.032002,147.279997,5806,5806,Admin-1 capital
Kimbe,Papua New Guinea,PNG,-5.550003,150.143014,18847,18847,Admin-1 capital
Dubăsari,Moldova,MDA,47.263056,29.160833,23254,23254,Admin-1 capital
Qacha's Nek,South Africa,ZAF,-30.117267,28.702,25573,25573,Admin-1 capital
Hudur,Somalia,SOM,4.183299,43.866703,1639,1639,Admin-1 capital
Garbahaarey,Somalia,SOM,3.327003,42.227002,12652,12652,Admin-1 capital
Bu'aale,Somalia,SOM,1.083303,42.583303,1490,1490,Admin-1 capital
Dhuusa Mareeb,Somalia,SOM,5.742,46.508005,447,447,Admin-1 capital
Trincomalee,Sri Lanka,LKA,8.568999,81.233002,108420,108420,Admin-1 capital
Puttalan,Sri Lanka,LKA,8.033004,79.826005,45661,45661,Admin-1 capital
Ratnapura,Sri Lanka,LKA,6.693003,80.386003,47832,47832,Admin-1 capital
Umuahia,Nigeria,NGA,5.532003,7.486003,264662,264662,Admin-1 capital
Uyo,Nigeria,NGA,5.007996,7.849999,554906,436606,Admin-1 capital
Owerri,Nigeria,NGA,5.492997,7.026004,215038,215038,Admin-1 capital
Sariwon,North Korea,PRK,38.507004,125.762005,154942,154942,Admin-1 capital
Sin-Ni,North Korea,PRK,39.488004,125.463997,19463,19463,Admin-1 capital
Suchboatar,Mongolia,MNG,50.249997,106.200001,24235,24235,Admin-1 capital
Dzuunmod,Mongolia,MNG,47.710998,106.947001,17738,17738,Admin-1 capital
Omaruru,Namibia,NAM,-21.436002,15.950998,11547,11547,Admin-1 capital
Karibib,Namibia,NAM,-21.939003,15.852997,6898,6898,Admin-1 capital
Otavi,Namibia,NAM,-19.639998,17.342002,4562,4562,Admin-1 capital
Gobabis,Namibia,NAM,-22.455,18.963001,16321,16321,Admin-1 capital
Wete,Tanzania,TZA,-5.063464,39.725799,26450,26450,Admin-1 capital
Kibaha,Tanzania,TZA,-6.766704,38.916703,23651,23651,Admin-1 capital
Mkokotoni,Tanzania,TZA,-5.878998,39.259999,2572,2572,Admin-1 capital
Fribourg,Switzerland,CHE,46.8,7.149997,32827,32827,Admin-1 capital
Liestal,Switzerland,CHE,47.483001,7.737004,12832,12832,Admin-1 capital
Solothurn,Switzerland,CHE,47.212002,7.536997,14853,14853,Admin-1 capital
Sarnen,Switzerland,CHE,46.899,8.243002,9410,9410,Admin-1 capital
Mariestad,Sweden,SWE,58.705002,13.827997,14891,14891,Admin-1 capital
Vannersborg,Sweden,SWE,58.363002,12.330001,21835,21835,Admin-1 capital
Appenzell,Switzerland,CHE,47.333304,9.416701,5649,5649,Admin-1 capital
Ros Comain,Ireland,IRL,53.633333,-8.183333,4860,4860,Admin-1 capital
Cacheu,Guinea Bissau,GNB,12.268998,-16.164999,10490,10490,Admin-1 capital
Farim,Guinea Bissau,GNB,12.492999,-15.227,6792,6792,Admin-1 capital
Fulacunda,Guinea Bissau,GNB,11.772999,-15.194997,1311,1311,Admin-1 capital
Gabú,Guinea Bissau,GNB,12.279996,-14.234004,14430,14430,Admin-1 capital
Catió,Guinea Bissau,GNB,11.2167,-15.166701,9898,9898,Admin-1 capital
Barclayville,Liberia,LBR,4.799997,-8.166699,2733,2733,Admin-1 capital
Voinjama,Liberia,LBR,8.416701,-9.749997,26594,26594,Admin-1 capital
Bensonville,Liberia,LBR,6.433299,-10.600002,4089,4089,Admin-1 capital
Kakata,Liberia,LBR,6.525999,-10.349001,33945,33945,Admin-1 capital
Sanniquellie,Liberia,LBR,7.371,-8.685,11415,11415,Admin-1 capital
Rivercess,Liberia,LBR,5.464998,-9.577997,2578,2578,Admin-1 capital
Potenza,Italy,ITA,40.642002,15.798997,69060,69060,Admin-1 region capital
Campobasso,Italy,ITA,41.562999,14.655997,50762,50762,Admin-1 region capital
Al Mafraq,Jordan,JOR,32.283297,36.233299,57118,57118,Admin-1 capital
At Tafilah,Jordan,JOR,30.833334,35.600005,25429,25429,Admin-1 capital
Ma'an,Jordan,JOR,30.192003,35.736004,50350,50350,Admin-1 capital
Aosta,Italy,ITA,45.737001,7.315003,34062,34062,Admin-1 region capital
Diekirch,Luxembourg,LUX,49.883301,6.166702,6242,6242,Admin-1 capital
Grevenmacher,Luxembourg,LUX,49.699998,6.333301,3958,3958,Admin-1 capital
Kangar,Malaysia,MYS,6.433002,100.189999,63869,63869,Admin-1 capital
Kuala Lipis,Malaysia,MYS,4.184001,102.042001,15448,15448,Admin-1 capital
Shah Alam,Malaysia,MYS,3.066696,101.549998,481654,481654,Admin-1 capital
Nyeri,Kenya,KEN,-0.416997,36.951004,51084,51084,Admin-1 capital
Teyateyaneng,Lesotho,LSO,-29.152998,27.753004,5115,5115,Admin-1 capital
Mohales Hoek,Lesotho,LSO,-30.159,27.479998,24992,24992,Admin-1 capital
Moyeni,Lesotho,LSO,-30.411,27.716005,24130,24130,Admin-1 capital
Hlotse,Lesotho,LSO,-28.878003,28.055998,47675,47675,Admin-1 capital
Butha-Buthe,Lesotho,LSO,-28.749996,28.250002,16330,16330,Admin-1 capital
Mokhotlong,Lesotho,LSO,-29.291004,29.078002,8809,8809,Admin-1 capital
Ahuachapán,El Salvador,SLV,13.919004,-89.845002,34102,34102,Admin-1 capital
Cojutepeque,El Salvador,SLV,13.716702,-88.933302,48411,48411,Admin-1 capital
Nueva San Salvador,El Salvador,SLV,13.673997,-89.289999,124694,124694,Admin-1 capital
Zacatecoluca,El Salvador,SLV,13.508001,-88.867998,39613,39613,Admin-1 capital
La Unión,El Salvador,SLV,13.331997,-87.839001,26807,26807,Admin-1 capital
San Francisco Gotera,El Salvador,SLV,13.699998,-88.100001,16152,16152,Admin-1 capital
San Vicente,El Salvador,SLV,13.641003,-88.785,37326,37326,Admin-1 capital
Usulután,El Salvador,SLV,13.346001,-88.432002,51910,51910,Admin-1 capital
Chalatenango,El Salvador,SLV,14.072004,-89.093997,29271,29271,Admin-1 capital
Lucea,Jamaica,JAM,18.442998,-78.179004,6289,6289,Admin-1 capital
Mandeville,Jamaica,JAM,18.033003,-77.499999,47115,47115,Admin-1 capital
Black River,Jamaica,JAM,18.030996,-77.851998,4229,4229,Admin-1 capital
Falmouth,Jamaica,JAM,18.479583,-77.65605,7779,7779,Admin-1 capital
Savanna-la-Mar,Jamaica,JAM,18.163998,-77.948001,30000,20521,Admin-1 capital
Port Antonio,Jamaica,JAM,18.159003,-76.380003,14400,14400,Admin-1 capital
Saint Ann's Bay,Jamaica,JAM,18.432639,-77.199525,13671,13671,Admin-1 capital
Port Maria,Jamaica,JAM,18.377001,-76.899996,7906,7906,Admin-1 capital
Half Way Tree,Jamaica,JAM,18.0333,-76.799997,96494,96494,Admin-1 capital
Port Morant,Jamaica,JAM,17.891001,-76.329,11536,11536,Admin-1 capital
Sabaneta,Dominican Republic,DOM,19.504998,-71.344989,16380,16380,Admin-1 capital
Mao,Dominican Republic,DOM,19.551996,-71.074998,48297,48297,Admin-1 capital
Cotuí,Dominican Republic,DOM,19.059003,-70.152003,41641,41641,Admin-1 capital
Evinayong,Equatorial Guinea,GNQ,1.449999,10.566703,8462,8462,Admin-1 capital
Luba,Equatorial Guinea,GNQ,3.449997,8.550001,8655,8655,Admin-1 capital
Šibenik,Croatia,HRV,43.727222,15.905833,37112,37112,Admin-1 capital
Shibin el Kom,Egypt,EGY,30.591999,30.899998,182900,182900,Admin-1 capital
Benha,Egypt,EGY,30.466665,31.183336,167029,167029,Admin-1 capital
Zagazig,Egypt,EGY,30.583332,31.51666,285097,285097,Admin-1 capital
Kafr el Sheikh,Egypt,EGY,31.109004,30.935998,143970,143970,Admin-1 capital
Dikhil,Djibouti,DJI,11.104002,42.372001,12043,12043,Admin-1 capital
Tadjoura,Djibouti,DJI,11.783304,42.900004,22193,22193,Admin-1 capital
Haapsalu,Estonia,EST,58.943056,23.541389,11805,11805,Admin-1 capital
Hawalli,Kuwait,KWT,29.33334,47.999998,164212,164212,Admin-1 capital
Buluko,Congo (Kinshasa),COD,-0.756999,28.528003,1192,1192,Admin-1 capital
Mzimba,Malawi,MWI,-11.9,33.6,19308,19308,Admin-1 capital
Machinga,Malawi,MWI,-14.966667,35.516667,1418,1418,Admin-1 capital
Dedza,Malawi,MWI,-14.366667,34.333333,15608,15608,Admin-1 capital
Mchinji,Malawi,MWI,-13.8,32.9,18305,18305,Admin-1 capital
Ntcheu,Malawi,MWI,-14.816667,34.633333,10445,10445,Admin-1 capital
Chiradzulu,Malawi,MWI,-15.7,35.183333,1580,1580,Admin-1 capital
Nsanje,Malawi,MWI,-16.916667,35.266667,21774,21774,Admin-1 capital
Mwanza,Malawi,MWI,-15.616667,34.516667,11379,11379,Admin-1 capital
Mulanje,Malawi,MWI,-16.033333,35.5,16483,16483,Admin-1 capital
Salamá,Guatemala,GTM,15.102999,-90.314001,40000,40000,Admin-1 capital
Retalhuleu,Guatemala,GTM,14.537097,-91.677015,36656,36656,Admin-1 capital
San Marcos,Guatemala,GTM,14.966001,-91.8,25088,25088,Admin-1 capital
Chimaltenango,Guatemala,GTM,14.661999,-90.819999,82370,82370,Admin-1 capital
Antigua Guatemala,Guatemala,GTM,14.566698,-90.733302,39368,39368,Admin-1 capital
Sololá,Guatemala,GTM,14.772996,-91.182996,45373,45373,Admin-1 capital
Totonicapán,Guatemala,GTM,14.913999,-91.358001,69734,69734,Admin-1 capital
El Progreso,Guatemala,GTM,14.85,-90.016704,147197,147197,Admin-1 capital
Cuilapa,Guatemala,GTM,14.279004,-90.297999,16484,16484,Admin-1 capital
Chiquimula,Guatemala,GTM,14.796999,-89.543997,41521,41521,Admin-1 capital
Jalapa,Guatemala,GTM,14.633001,-89.989002,45834,45834,Admin-1 capital
Zacapa,Guatemala,GTM,14.972004,-89.529003,36088,36088,Admin-1 capital
Puerto Plata,Dominican Republic,DOM,19.790217,-70.690248,119897,119897,Admin-1 capital
Dajabón,Dominican Republic,DOM,19.548,-71.704998,16398,16398,Admin-1 capital
Moca,Dominican Republic,DOM,19.396998,-70.523001,61834,61834,Admin-1 capital
Salcedo,Dominican Republic,DOM,19.383003,-70.416702,45299,45299,Admin-1 capital
Jimaní,Dominican Republic,DOM,18.493002,-71.850996,6567,6567,Admin-1 capital
Comendador,Dominican Republic,DOM,18.875997,-71.706996,43894,27908,Admin-1 capital
Pedernales,Dominican Republic,DOM,18.037998,-71.740998,11072,11072,Admin-1 capital
Azua,Dominican Republic,DOM,18.453996,-70.729002,59139,59139,Admin-1 capital
Bonao,Dominican Republic,DOM,18.942003,-70.408998,73269,73269,Admin-1 capital
Baní,Dominican Republic,DOM,18.279999,-70.331004,66709,66709,Admin-1 capital
Hato Mayor,Dominican Republic,DOM,18.764001,-69.256998,35999,35999,Admin-1 capital
Monte Plata,Dominican Republic,DOM,18.807003,-69.784002,15532,15532,Admin-1 capital
Nagua,Dominican Republic,DOM,19.376001,-69.847002,33862,33862,Admin-1 capital
Samaná,Dominican Republic,DOM,19.212003,-69.332004,11432,11432,Admin-1 capital
San Cristóbal,Dominican Republic,DOM,18.415998,-70.109001,154040,154040,Admin-1 capital
El Seibo,Dominican Republic,DOM,18.764001,-69.035004,23547,23547,Admin-1 capital
Higuey,Dominican Republic,DOM,18.615996,-68.707998,123787,123787,Admin-1 capital
Georgetown,The Gambia,GMB,13.551003,-14.767002,3584,3584,Admin-1 capital
Basse Santa Su,The Gambia,GMB,13.310001,-14.222997,14380,14380,Admin-1 capital
Kerewan,The Gambia,GMB,13.493997,-16.094997,2751,2751,Admin-1 capital
Mansa Konko,The Gambia,GMB,13.377312,-15.678566,18672,18672,Admin-1 capital
Sunyani,Ghana,GHA,7.335999,-2.336003,70299,70299,Admin-1 capital
Ebebiyín,Gabon,GAB,2.152998,11.330002,24831,24831,Admin-1 capital
Viljandi,Estonia,EST,58.363889,25.59,20309,20309,Admin-1 capital
Tchibanga,Gabon,GAB,-2.856996,11.026999,19365,19365,Admin-1 capital
Madingou,Congo (Brazzaville),COG,-4.164003,13.554001,22760,22760,Admin-1 capital
Lamia,Greece,GRC,38.898999,22.434004,47246,47246,Admin-1 capital
Polygyros,Greece,GRC,40.381002,23.453002,5258,5258,Admin-1 capital
Komatini,Greece,GRC,41.133303,25.416703,45631,45631,Admin-1 capital
B'abda,Lebanon,LBN,33.833304,35.533297,9000,9000,Admin-1 capital
Ramla,Israel,ISR,31.9167,34.866703,63860,63860,Admin-1 capital
Nabatiye et Tahta,Lebanon,LBN,33.383304,35.450002,80000,40000,Admin-1 capital
Mariehamn,Aland,ALD,60.096996,19.949005,10682,10682,Admin-0 region capital
Hämeenlinna,Finland,FIN,60.996996,24.472,47261,47261,Admin-1 capital
Kouvola,Finland,FIN,60.876,26.709004,31133,31133,Admin-1 capital
Mikkeli,Finland,FIN,61.689996,27.285004,46550,46550,Admin-1 capital
Ban Houayxay,Laos,LAO,20.2775,100.412778,6347,6347,Admin-1 capital
Louang Namtha,Laos,LAO,20.950002,101.416699,3225,3225,Admin-1 capital
Champasak,Laos,LAO,14.8833,105.866704,12994,12994,Admin-1 capital
Saravan,Laos,LAO,15.715998,106.426999,5521,5521,Admin-1 capital
Xam Nua,Laos,LAO,20.416698,104.033305,38992,38992,Admin-1 capital
Phongsali,Laos,LAO,21.683304,102.099997,6000,6000,Admin-1 capital
Attapu,Laos,LAO,14.807997,106.839001,4297,4297,Admin-1 capital
Kinkala,Congo (Brazzaville),COG,-4.356,14.761999,13882,13882,Admin-1 capital
Muineachan,Ireland,IRL,54.25,-6.966667,5937,5937,Admin-1 capital
Vejle,Denmark,DNK,55.709001,9.534997,51177,51177,Admin-1 capital
Hillerød,Denmark,DNK,55.933299,12.316699,28313,28313,Admin-1 capital
Sorø,Denmark,DNK,55.432998,11.566702,7167,7167,Admin-1 capital
Mali,Guinea,GIN,12.084003,-12.301001,5479,5479,Admin-1 capital
Tongue,Guinea,GIN,11.439999,-11.670003,25531,25531,Admin-1 capital
Kouroussa,Guinea,GIN,10.653003,-9.891999,14223,14223,Admin-1 capital
Pita,Guinea,GIN,11.079999,-12.401001,20052,20052,Admin-1 capital
Dalaba,Guinea,GIN,10.656,-12.272004,6349,6349,Admin-1 capital
Boffa,Guinea,GIN,10.185003,-14.042996,2332,2332,Admin-1 capital
Koundara,Guinea,GIN,12.480003,-13.295996,13990,13990,Admin-1 capital
Gaoual,Guinea,GIN,11.754,-13.212998,7461,7461,Admin-1 capital
Télimélé,Guinea,GIN,10.905003,-13.042998,30311,30311,Admin-1 capital
Forecariah,Guinea,GIN,9.430002,-13.097997,12358,12358,Admin-1 capital
Beyla,Guinea,GIN,8.686998,-8.657001,13204,13204,Admin-1 capital
Gueckedou,Guinea,GIN,8.553996,-10.151001,221715,221715,Admin-1 capital
Dinguiraye,Guinea,GIN,11.298996,-10.726001,6062,6062,Admin-1 capital
Dabola,Guinea,GIN,10.747998,-11.108997,13057,13057,Admin-1 capital
Touba,Ivory Coast,CIV,8.28,-7.684002,27504,27504,Admin-1 capital
Bouaflé,Ivory Coast,CIV,6.977997,-5.748002,60962,60962,Admin-1 capital
Divo,Ivory Coast,CIV,5.839002,-5.360004,127867,127867,Admin-1 capital
Toumodi,Ivory Coast,CIV,6.552,-5.019002,39005,39005,Admin-1 capital
Aboisso,Ivory Coast,CIV,5.466699,-3.200004,37654,37654,Admin-1 capital
Santa Cruz Del Quiche,Guatemala,GTM,15.033303,-91.133298,23618,23618,Admin-1 capital
Buea,Cameroon,CMR,4.155003,9.231004,90088,90088,Admin-1 capital
Krujë,Albania,ALB,41.518998,19.797004,21286,21286,Admin-1 capital
Fier,Albania,ALB,40.730004,19.573003,82297,57198,Admin-1 capital
Lushnjë,Albania,ALB,40.940001,19.716004,41469,41469,Admin-1 capital
Pukë,Albania,ALB,42.033303,19.883305,6495,6495,Admin-1 capital
Bajram Curri,Albania,ALB,42.3333,20.083303,7967,7967,Admin-1 capital
Kukës,Albania,ALB,42.083001,20.433997,17832,17832,Admin-1 capital
Sarandë,Albania,ALB,39.877002,19.999999,15147,15147,Admin-1 capital
Ersekë,Albania,ALB,40.333302,20.683297,7890,7890,Admin-1 capital
Pogradec,Albania,ALB,40.899996,20.664001,40000,30000,Admin-1 capital
Korçë,Albania,ALB,40.616676,20.766664,58259,58259,Admin-1 capital
Berat,Albania,ALB,40.709997,19.972,46866,46866,Admin-1 capital
Çorovodë,Albania,ALB,40.516704,20.233297,14046,14046,Admin-1 capital
Gramsh,Albania,ALB,40.866696,20.199997,11556,11556,Admin-1 capital
Librazhd,Albania,ALB,41.200002,20.366704,12691,12691,Admin-1 capital
Tepelenë,Albania,ALB,40.283298,20.033299,11955,11955,Admin-1 capital
Përmet,Albania,ALB,40.233996,20.351998,10686,10686,Admin-1 capital
Gjirokastër,Albania,ALB,40.078998,20.149003,23437,23437,Admin-1 capital
Peshkopi,Albania,ALB,41.683302,20.433304,14848,14848,Admin-1 capital
Burrel,Albania,ALB,41.625999,20.016001,15405,15405,Admin-1 capital
Lezhë,Albania,ALB,41.787999,19.654003,18695,18695,Admin-1 capital
Rrëshen,Albania,ALB,41.783301,19.816705,10064,10064,Admin-1 capital
Ashtarak,Armenia,ARM,40.301667,44.359167,18779,18779,Admin-1 capital
Mons,Belgium,BEL,50.445999,3.939004,91277,91277,Admin-1 capital
Hasselt,Belgium,BEL,50.964003,5.483998,69222,69222,Admin-1 capital
Ijevan,Armenia,ARM,40.875556,45.149167,14737,14737,Admin-1 capital
Artashat,Armenia,ARM,39.953889,44.550556,20562,20562,Admin-1 capital
Gavarr,Armenia,ARM,40.358889,45.126667,21680,21680,Admin-1 capital
Gadabay,Azerbaijan,AZE,40.565556,45.816111,8657,8657,Admin-1 capital
Goranboy,Azerbaijan,AZE,40.610278,46.789722,7333,7333,Admin-1 capital
Tovuz,Azerbaijan,AZE,40.992222,45.628889,12626,12626,Admin-1 capital
Agdam,Azerbaijan,AZE,40.905278,45.556389,0,0,Historic place
Qabala,Azerbaijan,AZE,40.981389,47.845833,11867,11867,Admin-1 capital
Oğuz,Azerbaijan,AZE,41.070833,47.458333,6876,6876,Admin-1 capital
Yeghegnadzor,Armenia,ARM,39.761111,45.333333,8200,8200,Admin-1 capital
Qala i Naw,Afghanistan,AFG,34.983,63.1333,2997,2997,Admin-1 capital
Chaghcharan,Afghanistan,AFG,34.516701,65.250001,15000,15000,Admin-1 capital
Lashkar Gah,Afghanistan,AFG,31.582998,64.36,201546,201546,Admin-1 capital
Zaranj,Afghanistan,AFG,31.112001,61.886998,49851,49851,Admin-1 capital
Tarin Kowt,Afghanistan,AFG,32.633298,65.866699,10000,10000,Admin-1 capital
Zareh Sharan,Afghanistan,AFG,32.85,68.416705,13737,13737,Admin-1 capital
Asadabad,Afghanistan,AFG,34.866,71.150005,48400,48400,Admin-1 capital
Taloqan,Afghanistan,AFG,36.729999,69.540004,64256,64256,Admin-1 capital
Mahmud-E Eraqi,Afghanistan,AFG,35.016696,69.333301,7407,7407,Admin-1 capital
Mehtar Lam,Afghanistan,AFG,34.65,70.166701,17345,17345,Admin-1 capital
Baraki Barak,Afghanistan,AFG,33.966702,68.966704,22305,22305,Admin-1 capital
Aybak,Afghanistan,AFG,36.261,68.040001,24000,24000,Admin-1 capital
Mayda Shahr,Afghanistan,AFG,34.450002,68.799997,35008,35008,Admin-1 capital
Kampong Spoe,Cambodia,KHM,11.451996,104.518999,33231,33231,Admin-1 capital
Kampong Thum,Cambodia,KHM,12.711996,104.888998,19951,19951,Admin-1 capital
Prey Veng,Cambodia,KHM,11.484,105.324004,74000,74000,Admin-1 capital
Phnum Tbeng Meanchey,Cambodia,KHM,13.816701,104.966704,24380,24380,Admin-1 capital
Stoeng Treng,Cambodia,KHM,13.523004,105.974002,29665,29665,Admin-1 capital
Kracheh,Cambodia,KHM,12.468996,106.023997,19975,19975,Admin-1 capital
Senmonorom,Cambodia,KHM,12.449997,107.2,7944,7944,Admin-1 capital
Lumphat,Cambodia,KHM,13.507002,106.981003,19205,19205,Admin-1 capital
Svay Rieng,Cambodia,KHM,11.079999,105.801004,23956,23956,Admin-1 capital
Jijel,Algeria,DZA,36.821997,5.766004,148000,148000,Admin-1 capital
Lokossa,Benin,BEN,6.615,1.715005,86971,86971,Admin-1 capital
Fada Ngourma,Burkina Faso,BFA,12.054996,0.361,33910,33910,Admin-1 capital
Tizi-Ouzou,Algeria,DZA,36.71171,4.046144,144000,144000,Admin-1 capital
Bordj Bou Arréridj,Algeria,DZA,36.077709,4.764662,140000,129000,Admin-1 capital
M'sila,Algeria,DZA,35.700003,4.545001,150000,100000,Admin-1 capital
Guelma,Algeria,DZA,36.466002,7.427998,123590,123590,Admin-1 capital
Oum el Bouaghi,Algeria,DZA,35.849997,7.149997,100821,100821,Admin-1 capital
Lovec,Bulgaria,BGR,43.137999,24.719005,42211,42211,Admin-1 capital
Montana,Bulgaria,BGR,43.414002,23.237002,47445,47445,Admin-1 capital
Razgrad,Bulgaria,BGR,43.533999,26.535997,38285,38285,Admin-1 capital
Arlon,Belgium,BEL,49.683303,5.816701,26179,26179,Admin-1 capital
Bregenz,Austria,AUT,47.516697,9.766702,26928,26928,Admin-1 capital
Eisenstadt,Austria,AUT,47.833299,16.533298,13165,13165,Admin-1 capital
Paro,Bhutan,BTN,27.42937,89.416777,15000,15000,Admin-1 capital
Punakha,Bhutan,BTN,27.584154,89.864135,5000,5000,Admin-1 capital
Loikaw,Myanmar,MMR,19.665,97.206004,17293,17293,Admin-1 capital
Wangdue Prodrang,Bhutan,BTN,27.433296,89.916697,5000,5000,Admin-1 capital
Cankuzo,Burundi,BDI,-3.166704,30.516697,6585,6585,Admin-1 capital
Karusi,Burundi,BDI,-3.099996,30.162997,10705,10705,Admin-1 capital
Rutana,Burundi,BDI,-3.931002,29.993005,20893,20893,Admin-1 capital
Ruyigi,Burundi,BDI,-3.481002,30.243997,38458,38458,Admin-1 capital
Bubanza,Burundi,BDI,-3.083301,29.366704,12728,12728,Admin-1 capital
Kayanza,Burundi,BDI,-2.899998,29.566702,19443,19443,Admin-1 capital
Makamba,Burundi,BDI,-4.133304,29.8,19642,19642,Admin-1 capital
Ngozi,Burundi,BDI,-2.912004,29.825002,21506,21506,Admin-1 capital
Kirundo,Burundi,BDI,-2.584722,30.097222,6083,6083,Admin-1 capital
Orodara,Burkina Faso,BFA,10.973997,-4.907997,18632,18632,Admin-1 capital
Solenzo,Burkina Faso,BFA,12.183333,-4.083333,10385,10385,Admin-1 capital
Nouna,Burkina Faso,BFA,12.728997,-3.860001,29048,29048,Admin-1 capital
Dédougou,Burkina Faso,BFA,12.455001,-3.464,45341,45341,Admin-1 capital
Gorom Gorom,Burkina Faso,BFA,14.450004,-0.233298,6691,6691,Admin-1 capital
Djibo,Burkina Faso,BFA,14.099004,-1.627001,22223,22223,Admin-1 capital
Tougan,Burkina Faso,BFA,13.068999,-3.069998,17590,17590,Admin-1 capital
Kombissiri,Burkina Faso,BFA,12.063996,-1.333998,30137,30137,Admin-1 capital
Ziniaré,Burkina Faso,BFA,12.576996,-1.293002,12703,12703,Admin-1 capital
Yako,Burkina Faso,BFA,12.953997,-2.262996,22904,22904,Admin-1 capital
Réo,Burkina Faso,BFA,12.333492,-2.466945,37535,37535,Admin-1 capital
Leo,Burkina Faso,BFA,11.094003,-2.097999,26884,26884,Admin-1 capital
Sapouy,Burkina Faso,BFA,11.554444,-1.773611,3837,3837,Admin-1 capital
Boulsa,Burkina Faso,BFA,12.656997,-0.568998,17489,17489,Admin-1 capital
Zorgo,Burkina Faso,BFA,12.242997,-0.611,23892,23892,Admin-1 capital
Koupéla,Burkina Faso,BFA,12.177,-0.356004,32052,32052,Admin-1 capital
Pô,Burkina Faso,BFA,11.169,-1.134999,17924,17924,Admin-1 capital
Manga,Burkina Faso,BFA,11.662002,-1.064996,15173,15173,Admin-1 capital
Diébougou,Burkina Faso,BFA,10.952001,-3.248,12732,12732,Admin-1 capital
Gaoua,Burkina Faso,BFA,10.324998,-3.174002,28023,28023,Admin-1 capital
Bogandé,Burkina Faso,BFA,12.969,-0.137997,9854,9854,Admin-1 capital
Dori,Burkina Faso,BFA,14.033997,-0.027999,37806,37806,Admin-1 capital
Sebba,Burkina Faso,BFA,13.436412,0.530443,3273,3273,Admin-1 capital
Diapaga,Burkina Faso,BFA,12.077001,1.796005,26013,26013,Admin-1 capital
Pa-an,Myanmar,MMR,16.849998,97.616701,50000,50000,Admin-1 capital
Hakha,Myanmar,MMR,22.650003,93.616705,20000,20000,Admin-1 capital
Taunggyi,Myanmar,MMR,20.781999,97.038001,160115,160115,Admin-1 capital
Sagaing,Myanmar,MMR,21.879999,95.961997,78739,78739,Admin-1 capital
Muramvya,Burundi,BDI,-3.260997,29.611999,18041,18041,Admin-1 capital
Larnaka,Cyprus,CYP,34.917003,33.635998,48947,48947,Admin-1 capital
Paphos,Cyprus,CYP,34.755915,32.422457,35961,35961,Admin-1 capital
Laascaanood,Somaliland,SOL,8.433297,47.3167,60100,60100,Admin-1 capital
Ceerigaabo,Somaliland,SOL,10.583298,47.333305,180000,150000,Admin-1 capital
Santo António,Sao Tome and Principe,STP,1.645002,7.412005,1156,1156,Admin-1 capital
Daru,Papua New Guinea,PNG,-9.109152,143.233723,15214,15214,Admin-1 capital
Ramallah,Palestine,PSX,31.902945,35.206209,24599,24599,Admin-0 region capital
Kyrenia,Northern Cyprus,CYN,35.325999,33.333004,26701,26701,Admin-1 capital
San Carlos,Venezuela,VEN,9.657999,-68.589999,77192,77192,Admin-1 capital
San Felipe,Venezuela,VEN,10.335996,-68.745996,76766,76766,Admin-1 capital
San Juan De Los Morros,Venezuela,VEN,9.900999,-67.354002,87739,87739,Admin-1 capital
La Asunción,Venezuela,VEN,11.033334,-63.883332,35084,35084,Admin-1 capital
Al Bayda,Yemen,YEM,13.978998,45.574003,37821,37821,Admin-1 capital
'Ataq,Yemen,YEM,14.550003,46.800001,37315,37315,Admin-1 capital
Marib,Yemen,YEM,15.420996,45.334,16794,16794,Admin-1 capital
Roatán,Honduras,HND,16.329996,-86.518998,7514,7514,Admin-1 capital
Borgarnes,Iceland,ISL,64.569503,-21.862322,1783,1783,Admin-1 capital
San Carlos,Nicaragua,NIC,11.189359,-84.775859,13451,13451,Admin-1 capital
Onverwacht,Suriname,SUR,5.599998,-55.199997,2105,2105,Admin-1 capital
Groningen,Suriname,SUR,5.796999,-55.481004,3216,3216,Admin-1 capital
Leninobod,Tajikistan,TJK,39.750003,69.000004,11468,11468,Admin-1 capital
Mariscal Estigarribia,Paraguay,PRY,-22.030002,-60.609996,2500,2000,Admin-1 capital
Caacupé,Paraguay,PRY,-25.387002,-57.140001,21696,21696,Admin-1 capital
Jinotepe,Nicaragua,NIC,11.845998,-86.194998,29507,29507,Admin-1 capital
Jinotega,Nicaragua,NIC,13.091004,-86.000004,51073,51073,Admin-1 capital
Masaya,Nicaragua,NIC,11.969001,-86.094999,130113,130113,Admin-1 capital
Sakakah,Saudi Arabia,SAU,29.999997,40.133305,128332,128332,Admin-1 capital
Bentiu,South Sudan,SSD,9.233333,29.833333,7653,7653,Admin-1 capital
El Porvenir,Panama,PAN,9.541686,-78.971963,10,10,Admin-1 capital
Nazran,Russia,RUS,43.233003,44.783002,93357,93357,Admin-1 capital
Ust' Ordynskiy,Russia,RUS,52.832997,104.699998,14538,14538,Admin-1 capital
Dutse,Nigeria,NGA,11.799189,9.350335,17129,17129,Admin-1 capital
Damaturu,Nigeria,NGA,11.748996,11.966005,255895,255895,Admin-1 capital
Puyo,Ecuador,ECU,-1.483002,-77.986998,24881,24881,Admin-1 capital
Heredia,Costa Rica,CRI,9.991998,-84.120003,21947,21947,Admin-1 capital
Tulcán,Ecuador,ECU,0.821997,-77.732001,83000,83000,Admin-1 capital
Yopal,Colombia,COL,5.346999,-72.405999,61029,61029,Admin-1 capital
Klaksvík,Faroe Islands,FRO,62.237478,-6.539012,4664,4664,Admin-1 capital
Laï,Chad,TCD,9.395001,16.305004,19382,19382,Admin-1 capital
Mainz,Germany,DEU,49.982473,8.273219,184997,184997,Admin-1 capital
Usti Nad Labem,Czechia,CZE,50.662998,14.081005,94105,94105,Admin-1 capital
Hradec Králové,Czechia,CZE,50.205996,15.812002,95195,95195,Admin-1 capital
Fderik,Mauritania,MRT,22.679001,-12.707001,5760,5760,Admin-1 capital
Aleg,Mauritania,MRT,17.057997,-13.908996,8388,8388,Admin-1 capital
Akjoujt,Mauritania,MRT,19.746999,-14.391,370,370,Admin-1 capital
Duhok,Iraq,IRQ,36.8667,43.000003,986000,255000,Admin-1 capital
Samarra,Iraq,IRQ,34.193997,43.875001,158508,158508,Admin-1 capital
Awasa,Ethiopia,ETH,7.059996,38.476999,133097,133097,Admin-1 capital
Gore,Ethiopia,ETH,8.148996,35.537005,9352,9352,Admin-1 capital
Schwerin,Germany,DEU,53.633304,11.416699,96641,96641,Admin-1 capital
Turgay,Kazakhstan,KAZ,49.626,63.498997,5277,5277,Admin-1 capital
Yasuj,Iran,IRN,30.659004,51.594004,96786,96786,Admin-1 capital
Shahrekord,Iran,IRN,32.320998,50.853997,129153,129153,Admin-1 capital
Mangyshlak,Kazakhstan,KAZ,43.690455,51.141736,147443,147443,Admin-1 capital
Panaji,India,IND,15.491997,73.818001,65586,65586,Admin-1 capital
Mobaye,Central African Republic,CAF,4.32,21.179998,19431,19431,Admin-1 capital
El Cayo,Belize,BLZ,17.155998,-89.061003,16977,9925,Admin-1 capital
Corozal,Belize,BLZ,18.397998,-88.388001,8724,8724,Admin-1 capital
Mochudi,Botswana,BWA,-24.377004,26.152003,39700,39700,Admin-1 capital
San Andrés,Colombia,COL,12.562137,-81.690327,58257,58257,Admin-1 capital
Bade,Taiwan,TWN,24.9575,121.298889,172065,172065,Populated place
Pingzhen,Taiwan,TWN,24.943889,121.216111,201632,201632,Populated place
Taibao,Taiwan,TWN,23.45,120.333333,35000,34330,Admin-1 capital
Taoyuan,Taiwan,TWN,24.988889,121.311111,500000,402014,Admin-1 capital
Yangmei,Taiwan,TWN,24.916667,121.15,175000,150022,Populated place
Yilan,Taiwan,TWN,24.75,121.75,150000,95831,Admin-1 capital
Zhubei,Taiwan,TWN,24.833333,121.011944,200000,148006,Admin-1 capital
Greymouth,New Zealand,NZL,-42.471645,171.223143,10100,10100,Admin-1 capital
Artigas,Uruguay,URY,-30.415987,-56.48602,41909,22236,Admin-1 capital
Baltasar Brum,Uruguay,URY,-30.730025,-57.319974,2517,2347,Populated place
Tranqueras,Uruguay,URY,-31.200022,-55.749967,7474,2077,Populated place
Tacuarembó,Uruguay,URY,-31.709965,-55.980005,54277,51854,Admin-1 capital
Paso de los Toros,Uruguay,URY,-32.810001,-56.51005,13221,9679,Populated place
Vergara,Uruguay,URY,-32.929994,-53.949999,3998,3500,Populated place
Treinta y Tres,Uruguay,URY,-33.230027,-54.380025,27684,25653,Admin-1 capital
Santa Lucía,Uruguay,URY,-34.470003,-56.399979,16438,14091,Populated place
José Batlle y Ordóñez,Uruguay,URY,-33.470013,-55.120005,2438,2438,Populated place
Minas,Uruguay,URY,-34.370009,-55.230025,41180,38025,Admin-1 capital
Maldonado,Uruguay,URY,-34.910028,-54.959989,55478,48277,Admin-1 capital
Punta del Este,Uruguay,URY,-34.969973,-54.94999,159000,9280,Admin-1 capital
Aiguá,Uruguay,URY,-34.199994,-54.750002,2692,2552,Populated place
La Paloma,Uruguay,URY,-34.669991,-54.169986,3230,2564,Populated place
Faribault,United States of America,USA,44.290487,-93.268013,25376,22633,Populated place
Mankato,United States of America,USA,44.163621,-93.999157,56325,35138,Populated place
Albert Lea,United States of America,USA,43.647787,-93.368704,20522,17605,Populated place
Willmar,United States of America,USA,45.121883,-95.043305,18473,18391,Populated place
Brainerd,United States of America,USA,46.358009,-94.20085,28187,14218,Populated place
Crookston,United States of America,USA,47.773762,-96.607731,8653,7778,Populated place
Hardin,United States of America,USA,45.731768,-107.612486,4448,3503,Populated place
Glendive,United States of America,USA,47.108583,-104.710493,5856,4699,Populated place
Dillon,United States of America,USA,45.215676,-112.683985,4463,3964,Populated place
Polson,United States of America,USA,47.688005,-114.156686,5326,4832,Populated place
Devils Lake,United States of America,USA,48.112217,-98.859687,7813,6811,Populated place
Burley,United States of America,USA,42.535813,-113.791876,14042,9247,Populated place
Wallace,United States of America,USA,47.47422,-115.926888,1028,1028,Populated place
Kennewick,United States of America,USA,46.211377,-119.136098,102504,62158,Populated place
Centralia,United States of America,USA,46.716411,-122.952971,18880,15107,Populated place
Glendale,United States of America,USA,33.581941,-112.195824,500000,226721,Populated place
Safford,United States of America,USA,32.833821,-109.70688,10668,8825,Populated place
Casa Grande,United States of America,USA,32.879374,-111.756626,44655,32138,Populated place
Mesa,United States of America,USA,33.423915,-111.736084,1085394,439041,Populated place
Lake Havasu City,United States of America,USA,34.498294,-114.308279,56133,54752,Populated place
Berkeley,United States of America,USA,37.873901,-122.271152,496356,100158,Populated place
National City,United States of America,USA,32.671945,-117.098005,150000,58582,Populated place
Mendocino,United States of America,USA,39.307767,-123.799431,548,548,Populated place
Paso Robles,United States of America,USA,35.626597,-120.689982,27157,25285,Populated place
Riverside,United States of America,USA,33.941945,-117.398039,297554,297554,Populated place
Delano,United States of America,USA,35.761937,-119.243068,44757,40036,Populated place
San Mateo,United States of America,USA,37.556918,-122.313062,626406,97207,Populated place
Vallejo,United States of America,USA,38.111949,-122.258052,146289,120446,Populated place
Glenwood Springs,United States of America,USA,39.54659,-107.3247,14004,8540,Populated place
Aurora,United States of America,USA,39.695857,-104.808497,587540,276393,Populated place
Greeley,United States of America,USA,40.419198,-104.739974,125410,86875,Populated place
Tonopah,United States of America,USA,38.06699,-117.228979,3261,725,Populated place
Deming,United States of America,USA,32.261092,-107.755785,16298,14748,Populated place
Truth or Consequences,United States of America,USA,33.133596,-107.252896,7121,5837,Populated place
Las Vegas,United States of America,USA,35.597012,-105.222503,16998,14044,Populated place
Farmington,United States of America,USA,36.754151,-108.186094,43278,42557,Populated place
Springfield,United States of America,USA,44.051948,-122.978034,56032,55031,Populated place
Tillamook,United States of America,USA,45.455247,-123.842503,8145,4558,Populated place
Ontario,United States of America,USA,44.026627,-116.96189,12187,10969,Populated place
La Grande,United States of America,USA,45.324687,-118.086601,15004,12288,Populated place
Richfield,United States of America,USA,38.772477,-112.083298,7621,6996,Populated place
Nephi,United States of America,USA,39.710275,-111.835484,5117,4803,Populated place
Lander,United States of America,USA,42.833004,-108.732599,6821,6663,Populated place
Powell,United States of America,USA,44.758675,-108.758437,6895,5213,Populated place
Paragould,United States of America,USA,36.057087,-90.502884,23450,22322,Populated place
Iowa City,United States of America,USA,41.661086,-91.529979,98516,64170,Populated place
Ottumwa,United States of America,USA,41.012883,-92.414809,25982,24593,Populated place
Spencer,United States of America,USA,43.145285,-95.147175,11203,10674,Populated place
Ft. Dodge,United States of America,USA,42.506823,-94.180257,26879,25689,Populated place
Hutchinson,United States of America,USA,38.065492,-97.923491,44477,40596,Populated place
Kansas City,United States of America,USA,39.113581,-94.630146,501577,146866,Populated place
Lawrence,United States of America,USA,38.959752,-95.25523,92726,83314,Populated place
Garden City,United States of America,USA,37.975213,-100.864087,28564,26425,Populated place
Manhattan,United States of America,USA,39.194028,-96.592435,56949,45629,Populated place
Hays,United States of America,USA,38.87937,-99.322191,21394,19883,Populated place
Goodland,United States of America,USA,39.348488,-101.711037,4378,4139,Populated place
Independence,United States of America,USA,39.091114,-94.415281,148102,113288,Populated place
Kirksville,United States of America,USA,40.193682,-92.582809,19193,16973,Populated place
Kearney,United States of America,USA,40.700706,-99.081146,31553,28758,Populated place
Grand Island,United States of America,USA,40.922268,-98.357986,45651,44766,Populated place
Alliance,United States of America,USA,42.101395,-102.870192,8344,8194,Populated place
Bartlesville,United States of America,USA,36.7472,-95.980586,34610,15260,Populated place
Enid,United States of America,USA,36.395542,-97.878093,46138,45789,Populated place
Ardmore,United States of America,USA,34.181078,-97.129405,24960,23975,Populated place
McAlester,United States of America,USA,34.932996,-95.765974,21668,18120,Populated place
Stillwater,United States of America,USA,36.135351,-97.068298,47667,42757,Populated place
Lead,United States of America,USA,44.350845,-103.76577,2874,1748,Populated place
Slidell,United States of America,USA,30.27496,-89.781094,84239,27799,Populated place
Lake Charles,United States of America,USA,30.226384,-93.217189,83821,70309,Populated place
Metairie,United States of America,USA,29.983866,-90.152777,394206,146136,Populated place
New Iberia,United States of America,USA,30.003581,-91.818308,37540,32430,Populated place
Bryan,United States of America,USA,30.674186,-96.369684,146692,69621,Populated place
San Marcos,United States of America,USA,29.883071,-97.941113,70371,46736,Populated place
Longview,United States of America,USA,32.500534,-94.740274,75920,75396,Populated place
McAllen,United States of America,USA,26.203038,-98.229725,364004,122578,Populated place
Harlingen,United States of America,USA,26.19756,-97.690198,110339,63159,Populated place
Alice,United States of America,USA,27.750463,-98.070485,22655,19589,Populated place
New Braunfels,United States of America,USA,29.697811,-98.126321,45840,44700,Populated place
Cleburne,United States of America,USA,32.351525,-97.39249,35545,28981,Populated place
Brownwood,United States of America,USA,31.707895,-98.982315,20988,19534,Populated place
Alpine,United States of America,USA,30.360717,-103.665001,6587,6272,Populated place
Van Horn,United States of America,USA,31.042484,-104.832242,2175,1419,Populated place
Big Spring,United States of America,USA,32.243186,-101.475186,24122,23852,Populated place
Vernon,United States of America,USA,34.151054,-99.290384,11660,11489,Populated place
Childress,United States of America,USA,34.424887,-100.21392,6557,4767,Populated place
Hereford,United States of America,USA,34.821917,-102.398592,15675,14372,Populated place
Dalhart,United States of America,USA,36.060808,-102.518611,7088,6439,Populated place
Texas City,United States of America,USA,29.410878,-94.962767,69914,41521,Populated place
Pasadena,United States of America,USA,29.660863,-95.147743,628492,149043,Populated place
Baytown,United States of America,USA,29.755844,-94.967728,86034,67341,Populated place
Arlington,United States of America,USA,32.684761,-97.020239,724777,365438,Populated place
Guasdualito,Venezuela,VEN,7.239983,-70.739982,30860,25715,Populated place
Barinas,Venezuela,VEN,8.599978,-70.250012,284289,238522,Admin-1 capital
Valera,Venezuela,VEN,9.31996,-70.620015,191167,93756,Populated place
Cabimas,Venezuela,VEN,10.429995,-71.449991,441094,200818,Populated place
Carora,Venezuela,VEN,10.189984,-70.079997,149711,93788,Populated place
Guanare,Venezuela,VEN,9.049976,-69.750017,151642,112286,Admin-1 capital
New London,United States of America,USA,41.355524,-72.100028,96178,26294,Populated place
Stamford,United States of America,USA,41.053346,-73.539191,746920,122643,Populated place
Waterbury,United States of America,USA,41.550008,-73.050022,174236,174236,Populated place
New Bedford,United States of America,USA,41.656125,-70.944698,136082,94083,Populated place
Springfield,United States of America,USA,42.120025,-72.579999,421780,152227,Populated place
Salem,United States of America,USA,42.522499,-70.883092,335509,42455,Populated place
Pittsfield,United States of America,USA,42.448196,-73.259828,46230,44174,Populated place
Montpelier,United States of America,USA,44.259972,-72.575813,8538,7828,Admin-1 capital
Auburn,United States of America,USA,32.609701,-85.48084,73929,49833,Populated place
Florence,United States of America,USA,34.799696,-87.677243,45349,36264,Populated place
Winter Haven,United States of America,USA,28.021919,-81.733006,108932,27938,Populated place
Melbourne,United States of America,USA,28.08331,-80.60832,265414,76326,Populated place
Homestead,United States of America,USA,25.468302,-80.477786,85967,35379,Populated place
Sanford,United States of America,USA,28.78996,-81.279985,333460,45289,Populated place
Miami Beach,United States of America,USA,25.80992,-80.131781,407750,89326,Populated place
Coral Springs,United States of America,USA,26.270837,-80.270822,250000,121096,Populated place
Port Charlotte,United States of America,USA,27.000043,-82.105697,64279,49333,Populated place
Spring Hill,United States of America,USA,28.478945,-82.547711,114697,69078,Populated place
Palm Coast,United States of America,USA,29.538002,-81.223296,48577,41483,Populated place
Palatka,United States of America,USA,29.647685,-81.651306,21452,10737,Populated place
Leesburg,United States of America,USA,28.810501,-81.883333,49574,18284,Populated place
Lake City,United States of America,USA,30.189719,-82.639747,29395,10924,Populated place
Crestview,United States of America,USA,30.754207,-86.572608,22403,16702,Populated place
Panama City,United States of America,USA,30.15861,-85.655273,100072,37633,Populated place
Dalton,United States of America,USA,34.769724,-84.970302,58557,31598,Populated place
Marietta,United States of America,USA,33.955613,-84.543248,61360,61360,Populated place
Waycross,United States of America,USA,31.213817,-82.354906,19824,15067,Populated place
La Grange,United States of America,USA,33.036471,-85.031875,31776,25998,Populated place
Southaven,United States of America,USA,34.968911,-90.003458,121268,38578,Populated place
Meridian,United States of America,USA,32.364186,-88.703614,42290,39437,Populated place
Laurel,United States of America,USA,31.697379,-89.139273,28841,17891,Populated place
Spartanburg,United States of America,USA,34.949429,-81.932271,124126,37992,Populated place
Orangeburg,United States of America,USA,33.496804,-80.862233,35472,12913,Populated place
Galesburg,United States of America,USA,40.947771,-90.371084,32094,32063,Populated place
Joliet,United States of America,USA,41.529983,-88.106674,578460,147433,Populated place
Cape Girardeau,United States of America,USA,37.305822,-89.518087,40427,35904,Populated place
Rockford,United States of America,USA,42.269705,-89.06969,255978,152765,Populated place
Evanston,United States of America,USA,42.048349,-87.699955,350000,74486,Populated place
Rock Island,United States of America,USA,41.493396,-90.534614,165728,38383,Populated place
Elgin,United States of America,USA,42.039461,-88.289919,389514,98586,Populated place
Richmond,United States of America,USA,39.828898,-84.890281,44400,37631,Populated place
Terre Haute,United States of America,USA,39.466647,-87.413874,73236,57063,Populated place
Lafayette,United States of America,USA,40.417209,-86.878248,133977,62231,Populated place
Marion,United States of America,USA,40.558337,-85.659175,38297,30201,Populated place
South Bend,United States of America,USA,41.683307,-86.250017,239822,103760,Populated place
New Albany,United States of America,USA,38.310877,-85.821284,120625,36138,Populated place
Elkhart,United States of America,USA,41.682945,-85.968794,149190,51400,Populated place
Hopkinsville,United States of America,USA,36.865488,-87.488624,35604,27656,Populated place
London,United States of America,USA,37.128882,-84.083354,7844,7844,Populated place
Madisonville,United States of America,USA,37.332746,-87.502215,22294,19423,Populated place
Rocky Mount,United States of America,USA,35.937999,-77.790766,58361,55997,Populated place
Salisbury,United States of America,USA,35.67078,-80.474478,41352,26462,Populated place
Durham,United States of America,USA,35.999959,-78.92,309495,204734,Populated place
Lumberton,United States of America,USA,34.6272,-79.011906,32785,21314,Populated place
Zanesville,United States of America,USA,39.940287,-82.013325,40052,24976,Populated place
Mansfield,United States of America,USA,40.758325,-82.515542,77768,50310,Populated place
Bowling Green,United States of America,USA,41.374747,-83.65139,37080,29215,Populated place
Springfield,United States of America,USA,39.920004,-83.799986,84576,64325,Populated place
Lancaster,United States of America,USA,39.719215,-82.605304,48829,35883,Populated place
Johnson City,United States of America,USA,36.313325,-82.353614,77538,58603,Populated place
Kingsport,United States of America,USA,36.548323,-82.561948,57467,43952,Populated place
Columbia,United States of America,USA,35.614995,-87.035267,116091,33641,Populated place
Barlett,United States of America,USA,35.2229,-89.84109,286423,43264,Populated place
Blacksburg,United States of America,USA,37.229419,-80.414198,67508,40183,Populated place
Harrisonburg,United States of America,USA,38.449422,-78.869176,42538,41725,Populated place
Petersburg,United States of America,USA,37.227765,-77.402237,118577,33740,Populated place
Hampton,United States of America,USA,37.030025,-76.34995,366766,146437,Populated place
Sheboygan,United States of America,USA,43.75083,-87.714424,53705,48591,Populated place
Waukesha,United States of America,USA,43.01165,-88.231369,249912,68112,Populated place
La Crosse,United States of America,USA,43.801369,-91.239429,87381,51818,Populated place
Eau Claire,United States of America,USA,44.811359,-91.498353,79740,62852,Populated place
Tomah,United States of America,USA,43.985053,-90.503892,12997,8596,Populated place
Janesville,United States of America,USA,42.682626,-89.021579,69278,61675,Populated place
Appleton,United States of America,USA,44.268679,-88.400506,203665,70112,Populated place
Parkersburg,United States of America,USA,39.266659,-81.561647,61935,31564,Populated place
White Sulphur Springs,United States of America,USA,37.79388,-80.303481,2407,1901,Populated place
Clarksburg,United States of America,USA,39.283273,-80.336916,28773,16232,Populated place
Dover,United States of America,USA,39.158087,-75.524703,76039,33286,Admin-1 capital
St. Charles,United States of America,USA,38.603056,-76.938932,69208,36376,Populated place
Annapolis,United States of America,USA,38.97833,-76.492499,81300,36252,Admin-1 capital
Hagerstown,United States of America,USA,39.641649,-77.72028,79662,37313,Populated place
Paterson,United States of America,USA,40.919995,-74.170005,151205,151205,Populated place
Saratoga Springs,United States of America,USA,43.082963,-73.785016,55793,27989,Populated place
Poughkeepsie,United States of America,USA,41.700231,-73.921416,170996,30345,Populated place
Plattsburgh,United States of America,USA,44.694984,-73.457982,29238,19229,Populated place
Beaver Falls,United States of America,USA,40.751943,-80.319423,120125,9504,Populated place
Altoona,United States of America,USA,40.518598,-78.394967,78607,46962,Populated place
Williamsport,United States of America,USA,41.241086,-77.001383,56877,30706,Populated place
Lancaster,United States of America,USA,40.037775,-76.305766,209489,209489,Populated place
Allentown,United States of America,USA,40.599988,-75.500028,496442,105519,Populated place
Puerto la Cruz,Venezuela,VEN,10.169959,-64.680016,546616,454312,Populated place
Anaco,Venezuela,VEN,9.440004,-64.460004,117596,82640,Populated place
Los Teques,Venezuela,VEN,10.41997,-67.020028,303470,303470,Admin-1 capital
Valle de la Pascua,Venezuela,VEN,9.209992,-66.019986,89080,83467,Populated place
Ocumare del Tuy,Venezuela,VEN,10.119988,-66.779991,166072,95576,Populated place
Carúpano,Venezuela,VEN,10.670006,-63.230001,126293,112082,Populated place
San Fernando,Trinidad and Tobago,TTO,10.280462,-61.459377,166039,166039,Populated place
Brownsweg,Suriname,SUR,5.020015,-55.169951,4582,2696,Populated place
Moengo,Suriname,SUR,5.630004,-54.409997,7766,7074,Populated place
Nieuw Amsterdam,Suriname,SUR,5.909987,-55.070008,4935,4935,Admin-1 capital
Waterville,United States of America,USA,44.551892,-69.645785,25152,15906,Populated place
Calais,United States of America,USA,45.165989,-67.242392,3306,257,Populated place
Houlton,United States of America,USA,46.125517,-67.83972,6703,5400,Populated place
Benton Harbor,United States of America,USA,42.11664,-86.454191,58382,10893,Populated place
Battle Creek,United States of America,USA,42.321098,-85.179747,70820,54088,Populated place
Bay City,United States of America,USA,43.594457,-83.888895,68549,34568,Populated place
Alpena,United States of America,USA,45.061602,-83.432696,18330,10718,Populated place
Iron Mountain,United States of America,USA,45.82246,-88.064093,16183,7839,Populated place
Ironwood,United States of America,USA,46.455807,-90.159391,7064,5736,Populated place
Marbella,Spain,ESP,36.51662,-4.88333,186131,120008,Populated place
Linares,Spain,ESP,38.08332,-3.633355,59761,39338,Populated place
Algeciras,Spain,ESP,36.126712,-5.46653,111027,102348,Populated place
León,Spain,ESP,42.579971,-5.570007,136227,133801,Populated place
Mataró,Spain,ESP,41.539957,2.450021,183293,116359,Populated place
Latakia,Syria,SYR,35.539987,35.779976,539147,340181,Admin-1 capital
Madinat ath Thawrah,Syria,SYR,35.836661,38.548076,87880,83300,Populated place
Izaz,Syria,SYR,36.588786,37.044085,31534,31534,Populated place
Manbij,Syria,SYR,36.526645,37.956329,120169,68888,Populated place
Idlib,Syria,SYR,35.929705,36.631655,128840,102731,Admin-1 capital
Al Qamishli,Syria,SYR,37.030025,41.229979,104107,104107,Populated place
Al Hasakah,Syria,SYR,36.483289,40.750009,128100,81539,Admin-1 capital
Douma,Syria,SYR,33.583336,36.39999,496145,317679,Populated place
Dhamar,Yemen,YEM,14.557469,44.387461,191259,191259,Admin-1 capital
Ibb,Yemen,YEM,13.975851,44.170885,234837,234837,Admin-1 capital
Chur,Switzerland,CHE,46.85002,9.50003,38293,32429,Admin-1 capital
Sand Point,United States of America,USA,55.339709,-160.497191,667,667,Populated place
Hydaburg,United States of America,USA,55.21398,-132.800639,382,382,Populated place
Mekoryuk,United States of America,USA,60.388647,-166.189937,99,99,Populated place
Atqasuk,United States of America,USA,70.46938,-157.395778,201,201,Populated place
Port Heiden,United States of America,USA,56.949094,-158.626892,102,102,Populated place
Perryville,United States of America,USA,55.918614,-159.151149,113,113,Populated place
Dillingham,United States of America,USA,59.05656,-158.480312,2488,932,Populated place
Goodnews Bay,United States of America,USA,59.120993,-161.58713,230,230,Populated place
Nyac,United States of America,USA,61.004143,-159.940481,100,50,Populated place
Tununak,United States of America,USA,60.585487,-165.255789,352,352,Populated place
Mountain Village,United States of America,USA,62.085524,-163.729009,755,755,Populated place
Emmonak,United States of America,USA,62.776981,-164.522992,100,100,Populated place
Kaltag,United States of America,USA,64.327196,-158.721899,190,190,Populated place
Teller,United States of America,USA,65.263599,-166.360786,83,83,Populated place
Koyukuk,United States of America,USA,64.880289,-157.70085,101,101,Populated place
Kobuk,United States of America,USA,66.907246,-156.880977,151,151,Populated place
Selawik,United States of America,USA,66.603879,-160.009391,832,832,Populated place
Talkeetna,United States of America,USA,62.323779,-150.109427,1078,1078,Populated place
Whittier,United States of America,USA,60.784157,-148.67768,177,177,Populated place
Montana,United States of America,USA,62.079685,-150.072763,10,10,Populated place
Lake Minchumina,United States of America,USA,63.882831,-152.312187,32,32,Populated place
Cantwell,United States of America,USA,63.391595,-148.95079,222,222,Populated place
Gulkana,United States of America,USA,62.271353,-145.382196,119,119,Populated place
Eagle,United States of America,USA,64.787995,-141.199997,104,104,Populated place
Nenana,United States of America,USA,64.563797,-149.093003,75,75,Populated place
Big Delta,United States of America,USA,64.15253,-145.842194,591,591,Populated place
Allakaket,United States of America,USA,66.565483,-152.6455,97,97,Populated place
Tanana,United States of America,USA,65.171873,-152.07879,308,275,Populated place
Borlänge,Sweden,SWE,60.483322,15.416671,39422,38527,Populated place
Västerås,Sweden,SWE,59.630015,16.540013,107194,93179,Admin-1 capital
Mykolayiv,Ukraine,UKR,46.967739,31.984342,510840,194995,Admin-1 capital
Chernihiv,Ukraine,UKR,51.50493,31.301541,307684,279629,Admin-1 capital
Khmelnytskyy,Ukraine,UKR,49.424928,27.001545,398346,245840,Admin-1 capital
Kamyanets-Podilskyy,Ukraine,UKR,48.684301,26.580899,114658,100000,Populated place
Drohobych,Ukraine,UKR,49.344364,23.499382,124269,79406,Populated place
Uzhgorod,Ukraine,UKR,48.629989,22.250001,150832,117878,Admin-1 capital
Uman,Ukraine,UKR,48.754297,30.21091,87658,87582,Populated place
Brovary,Ukraine,UKR,50.49432,30.780901,88506,66205,Populated place
Bila Tserkva,Ukraine,UKR,49.774312,30.130915,199163,185674,Populated place
Illichivsk,Ukraine,UKR,46.300002,30.666593,54102,53710,Populated place
Konotop,Ukraine,UKR,51.242388,33.209022,103547,91798,Populated place
Kryvyy Rih,Ukraine,UKR,47.928326,33.344983,652380,490907,Populated place
Makiyivka,Ukraine,UKR,48.029664,37.974622,376610,261155,Populated place
Horlivka,Ukraine,UKR,48.299647,38.054669,396885,278550,Populated place
Kramatorsk,Ukraine,UKR,48.719363,37.534391,184105,173700,Populated place
Berdyansk,Ukraine,UKR,46.756822,36.78684,118284,58534,Populated place
Ash Shihr,Yemen,YEM,14.759317,49.609158,54274,54274,Populated place
Umm al Qaywayn,United Arab Emirates,ARE,25.565273,55.553343,44411,32651,Admin-1 capital
Sharjah,United Arab Emirates,ARE,25.371383,55.406478,1103027,801004,Admin-1 capital
Serdar,Turkmenistan,TKM,38.97554,56.277795,48458,12000,Populated place
Celeken,Turkmenistan,TKM,39.436155,53.122591,1206,1206,Populated place
Tejen,Turkmenistan,TKM,37.378609,60.496038,67294,58005,Populated place
Buzmeyin,Turkmenistan,TKM,38.051668,58.210028,40813,39481,Populated place
Koneurgench,Turkmenistan,TKM,42.316654,59.166662,31400,30000,Populated place
Khujayli,Uzbekistan,UZB,42.40471,59.451658,60401,50000,Populated place
Urgut,Uzbekistan,UZB,39.400707,67.26069,99675,47373,Populated place
Kattaqorgon,Uzbekistan,UZB,39.900703,66.260751,247113,59382,Populated place
Denow,Uzbekistan,UZB,38.277158,67.887164,217274,68994,Populated place
Qurghonteppa,Tajikistan,TJK,37.837315,68.771347,311574,65000,Admin-1 capital
Konibodom,Tajikistan,TJK,40.292152,70.427164,259876,50359,Populated place
Guliston,Uzbekistan,UZB,40.495731,68.790726,95520,53373,Admin-1 capital
Iskandar,Uzbekistan,UZB,41.550731,69.680749,195633,27636,Populated place
Chirchiq,Uzbekistan,UZB,41.454975,69.559981,167842,142345,Populated place
Nacaome,Honduras,HND,13.529987,-87.489968,47000,13929,Admin-1 capital
Santa Rosa de Copán,Honduras,HND,14.769989,-88.779992,35529,27753,Admin-1 capital
Corriverton,Guyana,GUY,5.900039,-57.169984,12000,11574,Populated place
Ituni,Guyana,GUY,5.430016,-58.249995,100,50,Populated place
Lethem,Guyana,GUY,3.38996,-59.80003,352,352,Populated place
Gijón,Spain,ESP,43.530016,-5.67,335972,271452,Populated place
Vitoria,Spain,ESP,42.84998,-2.669977,224578,173641,Admin-1 capital
Vatican City,Vatican,VAT,41.903282,12.453387,832,832,Admin-0 capital
Greenock,United Kingdom,GBR,55.93329,-4.750031,74635,43495,Populated place
Sunderland,United Kingdom,GBR,54.920019,-1.38003,452934,177965,Populated place
Southampton,United Kingdom,GBR,50.900031,-1.399977,384417,384417,Populated place
Bristol,United Kingdom,GBR,51.449998,-2.583316,553528,430713,Populated place
Bournemouth,United Kingdom,GBR,50.72999,-1.90005,426945,163600,Populated place
Omagh,United Kingdom,GBR,54.600012,-7.300004,21056,16326,Populated place
Chester,United Kingdom,GBR,53.20002,-2.919987,89531,77040,Populated place
Swansea,United Kingdom,GBR,51.629987,-3.950002,294339,170883,Populated place
Carlisle,United Kingdom,GBR,54.879995,-2.929987,72633,65907,Populated place
Aydın,Turkey,TUR,37.849975,27.850021,198857,163022,Admin-1 capital
Lüleburgaz,Turkey,TUR,41.406657,27.355219,90899,45080,Populated place
Isparta,Turkey,TUR,37.76998,30.529961,172334,149844,Admin-1 capital
Kütahya,Turkey,TUR,39.420009,29.929997,185008,151911,Admin-1 capital
Muğla,Turkey,TUR,37.216371,28.363891,48183,40794,Admin-1 capital
Elâzığ,Turkey,TUR,38.679976,39.229998,271492,271492,Admin-1 capital
Kahramanmaraş,Turkey,TUR,37.60999,36.945021,376045,373446,Admin-1 capital
Icel,Turkey,TUR,36.799988,34.619995,616990,537842,Admin-1 capital
Corum,Turkey,TUR,40.519993,34.950001,183418,153670,Admin-1 capital
Rize,Turkey,TUR,41.020841,40.521857,279450,96503,Admin-1 capital
Tatvan,Turkey,TUR,38.506576,42.281595,73222,63651,Populated place
Eumseong,South Korea,KOR,36.935251,127.689715,10077,10077,Populated place
Cheongju,South Korea,KOR,36.643899,127.501199,775096,663745,Admin-1 capital
Wonju,South Korea,KOR,37.355148,127.939622,243387,238409,Populated place
Chuncheon,South Korea,KOR,37.874702,127.734157,226509,209746,Admin-1 capital
Ansan,South Korea,KOR,37.348068,126.859533,739493,650728,Populated place
Iksan,South Korea,KOR,35.94097,126.945419,283501,239589,Populated place
Gyeongju,South Korea,KOR,35.842759,129.211689,155237,142468,Populated place
Changwon,South Korea,KOR,35.219102,128.583562,1081499,1081499,Populated place
Southend-on-Sea,United Kingdom,GBR,51.550018,0.719997,618386,173600,Populated place
Reading,United Kingdom,GBR,51.469971,-0.980028,369804,145700,Populated place
Leicester,United Kingdom,GBR,52.629977,-1.133249,457983,339239,Populated place
Bradford,United Kingdom,GBR,53.800035,-1.749981,501700,293717,Populated place
Sheffield,United Kingdom,GBR,53.366677,-1.499997,1292900,552700,Populated place
Polatlı,Turkey,TUR,39.584159,32.147226,93262,52001,Populated place
Karabük,Turkey,TUR,41.200003,32.600015,128564,97481,Populated place
Nusaybin,Turkey,TUR,37.074984,41.218352,152668,88977,Populated place
Hakkâri,Turkey,TUR,37.574437,43.740834,77699,7071,Admin-1 capital
Szombathely,Hungary,HUN,47.225346,16.628742,109518,79534,Admin-1 capital
Kecskemét,Hungary,HUN,46.900043,19.700027,113895,109847,Admin-1 capital
Székesfehérvár,Hungary,HUN,47.194676,18.408065,144319,101600,Admin-1 capital
Nyíregyháza,Hungary,HUN,47.965327,21.718715,176880,116298,Admin-1 capital
Biel,Switzerland,CHE,47.16659,7.250038,78708,48614,Populated place
San Juan del Sur,Nicaragua,NIC,11.249997,-85.860041,7790,2274,Populated place
Drobeta-Turnu Severin,Romania,ROU,44.645891,22.665893,106578,102346,Admin-1 capital
Tulcea,Romania,ROU,45.199346,28.796681,92475,86288,Admin-1 capital
Arad,Romania,ROU,46.17001,21.31998,169065,149611,Admin-1 capital
Oradea,Romania,ROU,47.049982,21.919995,213830,206614,Admin-1 capital
Sibiu,Romania,ROU,45.797113,24.137121,155565,151894,Admin-1 capital
Suceava,Romania,ROU,47.637698,26.259317,105796,87935,Admin-1 capital
Buzău,Romania,ROU,45.156506,26.806519,130954,130698,Admin-1 capital
Galați,Romania,ROU,45.455893,28.045874,311156,294087,Admin-1 capital
Focșani,Romania,ROU,45.696551,27.186547,105112,80161,Admin-1 capital
Ferreñafe,Peru,PER,-6.629997,-79.800023,50184,34357,Populated place
Motupe,Peru,PER,-6.150026,-79.710003,13681,4415,Populated place
Mollendo,Peru,PER,-17.020009,-72.019982,49033,28953,Populated place
Urubamba,Peru,PER,-13.304215,-72.116617,7540,4430,Populated place
Santo Tomas,Peru,PER,-14.46001,-72.080004,4134,3257,Populated place
Putina,Peru,PER,-15.470026,-69.429985,8118,8118,Populated place
Casma,Peru,PER,-9.440007,-78.209991,30000,24842,Populated place
Tournavista,Peru,PER,-8.932182,-74.705218,511,511,Populated place
Huamachuco,Peru,PER,-7.810029,-78.049949,30835,21768,Populated place
Otuzco,Peru,PER,-7.899997,-78.569995,10134,7375,Populated place
Lamas,Peru,PER,-6.430009,-76.520017,13693,12503,Populated place
Nauta,Peru,PER,-4.57002,-73.780029,2500,2117,Populated place
Puquio,Peru,PER,-14.699996,-74.129982,10491,7564,Populated place
Chosica,Peru,PER,-11.930035,-76.710005,88606,539,Populated place
Satipo,Peru,PER,-11.259999,-74.690025,15532,15532,Populated place
Tarma,Peru,PER,-11.410015,-75.729988,51350,462,Populated place
La Oroya,Peru,PER,-11.520035,-75.940001,33345,33345,Populated place
Huaura,Peru,PER,-11.060011,-77.599977,40400,20723,Admin-1 capital
Huacho,Peru,PER,-11.110034,-77.61995,80474,54545,Populated place
General Eugenio Alejandrino Garay,Paraguay,PRY,-20.51995,-62.209986,972,972,Admin-1 capital
Arroyos y Esteros,Paraguay,PRY,-25.049958,-57.089988,3055,2455,Populated place
Villa Hayes,Paraguay,PRY,-25.090007,-57.529987,15643,15643,Populated place
Fortin Falcon,Paraguay,PRY,-23.050287,-59.849949,-99,-99,Populated place
Puerto Pinasco,Paraguay,PRY,-22.640028,-57.789997,500,447,Populated place
Pozo Colorado,Paraguay,PRY,-23.430005,-58.859984,2135,2135,Admin-1 capital
San Pedro,Paraguay,PRY,-24.089965,-57.079989,9360,5342,Admin-1 capital
San Lorenzo,Paraguay,PRY,-25.340018,-57.52004,500000,271064,Populated place
Ypacaraí,Paraguay,PRY,-25.409988,-57.279977,30150,17461,Admin-1 capital
San Juan Bautista,Paraguay,PRY,-26.679988,-57.150011,7882,7882,Admin-1 capital
Paraguarí,Paraguay,PRY,-25.620001,-57.16001,18881,10079,Admin-1 capital
Ñacunday,Paraguay,PRY,-26.020028,-54.769949,1250,1120,Populated place
Coronel Oviedo,Paraguay,PRY,-25.449985,-56.439951,88101,51286,Admin-1 capital
Caazapá,Paraguay,PRY,-26.200017,-56.380006,5504,5504,Admin-1 capital
Ype Jhu,Paraguay,PRY,-23.910028,-55.459985,600,596,Populated place
Encarnación,Paraguay,PRY,-27.347185,-55.873919,357119,146508,Admin-1 capital
Coronel Bogado,Paraguay,PRY,-27.170035,-56.25004,14297,14297,Populated place
Estelí,Nicaragua,NIC,13.089988,-86.359985,107839,96422,Admin-1 capital
Boaco,Nicaragua,NIC,12.469974,-85.660002,29046,14098,Admin-1 capital
Juigalpa,Nicaragua,NIC,12.109996,-85.379967,54731,16171,Admin-1 capital
Braga,Portugal,PRT,41.554995,-8.421331,826833,181819,Admin-1 capital
Covilhã,Portugal,PRT,40.283341,-7.499992,24828,17610,Populated place
Yanbu al Bahr,Saudi Arabia,SAU,24.094277,38.049295,267590,200161,Populated place
Dawmat al Jandal,Saudi Arabia,SAU,29.815298,39.866393,22583,22583,Populated place
Qal at Bishah,Saudi Arabia,SAU,20.008687,42.598681,88291,81828,Populated place
At Taif,Saudi Arabia,SAU,21.262228,40.382279,657282,530848,Populated place
Finnsnes,Norway,NOR,69.240617,18.008606,3907,3315,Populated place
Eindhoven,Netherlands,NLD,51.429973,5.500015,398053,209620,Populated place
Gjøvik,Norway,NOR,60.800021,10.700008,22719,17596,Populated place
Rørvik,Norway,NOR,64.868016,11.2053,2615,2615,Populated place
Banská Bystrica,Slovakia,SVK,48.73329,19.149983,82336,79232,Admin-1 capital
Trnava,Slovakia,SVK,48.366594,17.6,69785,52053,Admin-1 capital
Rēzekne,Latvia,LVA,56.500026,27.316565,38340,38098,Populated place
Panevežys,Lithuania,LTU,55.74002,24.370026,127405,117395,Admin-1 capital
Šiauliai,Lithuania,LTU,55.938639,23.325026,133528,130587,Admin-1 capital
Najran,Saudi Arabia,SAU,17.50654,44.131559,369609,258573,Admin-1 capital
Al Quwayiyah,Saudi Arabia,SAU,24.07371,45.280636,8712,8712,Populated place
Al Hillah,Saudi Arabia,SAU,23.489456,46.75636,594605,594605,Populated place
Al Mubarraz,Saudi Arabia,SAU,25.429054,49.565905,298562,290802,Populated place
Al-Qatif,Saudi Arabia,SAU,26.519633,50.01151,368892,98259,Populated place
Az Zahran,Saudi Arabia,SAU,26.29143,50.158323,97446,11300,Populated place
Parachinar,Pakistan,PAK,33.899183,70.100827,55685,55685,Populated place
Sialkote,Pakistan,PAK,32.520016,74.560038,477396,477396,Populated place
Sheikhu Pura,Pakistan,PAK,31.719988,73.989995,361303,361303,Populated place
Gujrat,Pakistan,PAK,32.579987,74.080015,301506,301506,Populated place
Sahiwal,Pakistan,PAK,30.671731,73.111806,235695,235695,Populated place
Chiniot,Pakistan,PAK,31.719988,72.979979,201781,201781,Populated place
Rahim Yar Khan,Pakistan,PAK,28.420241,70.295182,353203,353203,Populated place
Tokmak,Kyrgyzstan,KGZ,42.829878,75.284593,112860,63047,Populated place
Kara Balta,Kyrgyzstan,KGZ,42.830627,73.88566,74133,62796,Populated place
Cholpon Ata,Kyrgyzstan,KGZ,42.651336,77.081073,18595,9578,Populated place
Naryn,Kyrgyzstan,KGZ,41.426346,75.991062,52300,35707,Admin-1 capital
Kok Yangak,Kyrgyzstan,KGZ,41.030711,73.205754,15000,14046,Populated place
Mansehra,Pakistan,PAK,34.341791,73.196814,66486,66486,Populated place
Kohat,Pakistan,PAK,33.602689,71.432684,343027,151427,Populated place
Abbottabad,Pakistan,PAK,34.149503,73.199501,1183647,881000,Populated place
Mardan,Pakistan,PAK,34.200043,72.039985,300424,300424,Populated place
Lalitpur,Nepal,NPL,27.666618,85.333334,337785,44632,Populated place
Hetauda,Nepal,NPL,27.416684,85.033352,232334,84775,Populated place
Penonome,Panama,PAN,8.509983,-80.359989,28766,12394,Admin-1 capital
Chitré,Panama,PAN,7.970016,-80.420037,44082,43966,Admin-1 capital
Jaqué,Panama,PAN,7.518958,-78.166015,1357,553,Populated place
Prizren,Kosovo,KOS,42.22932,20.750092,171464,143685,Populated place
Al Ahmadi,Kuwait,KWT,29.076945,48.083773,68763,68763,Admin-1 capital
Al Jahra,Kuwait,KWT,29.337472,47.658062,194193,194193,Admin-1 capital
Bocas del Toro,Panama,PAN,9.33535,-82.247471,9883,3085,Admin-1 capital
Almirante,Panama,PAN,9.300012,-82.399968,8114,6771,Populated place
Maykop,Russia,RUS,44.609976,40.120021,158451,128303,Admin-1 capital
Mozdok,Russia,RUS,43.754318,44.65437,45702,40823,Populated place
Georgievsk,Russia,RUS,44.1599,43.469946,72649,45668,Populated place
Pyatigorsk,Russia,RUS,44.079957,43.090021,142865,29626,Populated place
Kislovodsk,Russia,RUS,43.909967,42.720018,132771,131903,Populated place
Nevinnomyssk,Russia,RUS,44.620053,41.950039,134380,134345,Populated place
Enurmino,Russia,RUS,66.950008,-171.816603,297,297,Populated place
Lavrentiya,Russia,RUS,65.58327,-171.024998,1242,78,Populated place
Zvëzdnyj,Russia,RUS,70.956585,-179.589979,10,10,Populated place
Mikhalkino,Russia,RUS,69.42444,161.481143,570,570,Populated place
Chernyakhovsk,Russia,RUS,54.631638,21.810855,45187,39526,Populated place
Severomorsk,Russia,RUS,69.073057,33.423066,53921,39497,Populated place
Apatity,Russia,RUS,67.573071,33.393042,66907,61186,Populated place
Polyarnyy,Russia,RUS,69.205219,33.450247,19200,17332,Populated place
Slantsy,Russia,RUS,59.111597,28.074658,36209,18749,Populated place
Kolpino,Russia,RUS,59.730009,30.650005,225801,136076,Populated place
Novozybkov,Russia,RUS,52.534815,31.944861,43534,42571,Populated place
Dyatkovo,Russia,RUS,53.589144,34.339185,33527,33200,Populated place
Shuya,Russia,RUS,56.854345,41.364286,60705,58466,Populated place
Kineshma,Russia,RUS,57.469966,42.129976,92983,90765,Populated place
Balakhna,Russia,RUS,56.494341,43.594383,63083,61891,Populated place
Arzamas,Russia,RUS,55.399989,43.800003,142597,109479,Populated place
Rzhev,Russia,RUS,56.257405,34.327455,63414,62246,Populated place
Vyshnniy Volochek,Russia,RUS,57.583034,34.563099,53800,46708,Populated place
Uglich,Russia,RUS,57.524356,38.330001,37732,34978,Populated place
Yelets,Russia,RUS,52.580006,38.500017,115919,115688,Populated place
Orekhovo-Zuevo,Russia,RUS,55.820015,38.979987,140247,120000,Populated place
Klin,Russia,RUS,56.343058,36.698731,80778,63664,Populated place
Sergiyev Posad,Russia,RUS,56.33001,38.170011,109252,104843,Populated place
Kolomna,Russia,RUS,55.079983,38.784961,147690,112959,Populated place
Bataysk,Russia,RUS,47.136824,39.74485,109962,103727,Populated place
Taganrog,Russia,RUS,47.229997,38.919991,279056,230864,Populated place
Novocherkassk,Russia,RUS,47.41996,40.080024,166974,151967,Populated place
Kamensk Shakhtinskiy,Russia,RUS,48.331764,40.251796,75814,62261,Populated place
Novoshakhtinsk,Russia,RUS,47.76999,39.919982,99478,66061,Populated place
Aleksin,Russia,RUS,54.514333,37.094366,66885,51503,Populated place
Novomoskovsk,Russia,RUS,54.090018,38.219982,130982,18201,Populated place
Shchekino,Russia,RUS,54.014337,37.514289,86088,60700,Populated place
Nikolayevsk,Russia,RUS,50.016106,45.426106,16044,3563,Populated place
Shebekino,Russia,RUS,50.41435,36.894378,45194,37409,Populated place
Gubkin,Russia,RUS,51.27435,37.384323,272,272,Populated place
Apsheronsk,Russia,RUS,44.468719,39.728727,45876,40451,Populated place
Kropotkin,Russia,RUS,45.447083,40.582112,79599,61437,Populated place
Ruzayevka,Russia,RUS,54.064334,44.924379,49311,39959,Populated place
Kirsanov,Russia,RUS,52.657392,42.717434,17975,16027,Populated place
Michurinsk,Russia,RUS,52.899987,40.499998,93499,93229,Populated place
Borisoglebsk,Russia,RUS,51.368711,42.088738,68597,61393,Populated place
Oktyabrskiy,Russia,RUS,54.459969,53.459982,108200,67386,Populated place
Plast,Russia,RUS,54.368502,60.808526,17050,13911,Populated place
Bakal,Russia,RUS,54.945883,58.795884,26559,21762,Populated place
Verkhniy Ufaley,Russia,RUS,56.066279,60.2313,33879,33245,Populated place
Severnyy,Russia,RUS,67.608288,64.123259,11562,11562,Populated place
Kirovo-Chepetsk,Russia,RUS,58.55437,50.044377,90252,52859,Populated place
Krasnoturinsk,Russia,RUS,59.794786,60.484773,64878,64878,Populated place
Asbest,Russia,RUS,57.023043,61.458047,81248,74583,Populated place
Alapayevsk,Russia,RUS,57.846507,61.691521,44000,43327,Populated place
Krasnouralsk,Russia,RUS,58.351515,60.051518,20571,20571,Populated place
Severouralsk,Russia,RUS,60.156521,59.961549,36138,33500,Populated place
Novotroitsk,Russia,RUS,51.200013,58.330021,106186,74371,Populated place
Buguruslan,Russia,RUS,53.663015,52.433016,53511,50243,Populated place
Chapayevsk,Russia,RUS,52.974323,49.724344,107164,70147,Populated place
Syzran,Russia,RUS,53.169996,48.479976,189338,153840,Populated place
Novokuybishevsk,Russia,RUS,53.119999,49.91994,152334,111800,Populated place
Naberezhnyye Chelny,Russia,RUS,55.699997,52.319948,461086,461086,Populated place
Zelenodolsk,Russia,RUS,55.840557,48.655004,99600,1077,Populated place
Leninogorsk,Russia,RUS,54.598695,52.448726,66263,40461,Populated place
Bugulma,Russia,RUS,54.55433,52.794286,91900,78868,Populated place
Nefteyugansk,Russia,RUS,61.077653,72.702684,112632,112632,Populated place
Leninsk Kuznetsky,Russia,RUS,54.660009,86.169975,109023,107072,Populated place
Anzhero Sudzhensk,Russia,RUS,56.080025,86.040009,83692,82526,Populated place
Kiselevsk,Russia,RUS,54.000023,86.640024,104000,70328,Populated place
Mundybash,Russia,RUS,53.233274,87.316675,5870,5870,Populated place
Chernogorsk,Russia,RUS,53.831325,91.22269,71582,8049,Populated place
Abaza,Russia,RUS,52.669019,90.095369,18094,17183,Populated place
Iskitim,Russia,RUS,54.650939,83.286534,61827,59786,Populated place
Toguchin,Russia,RUS,55.237674,84.377681,21886,18288,Populated place
Kupina,Russia,RUS,54.359226,77.274187,16333,3380,Populated place
Alayat Samail,Oman,OMN,23.303189,57.978208,47718,18007,Populated place
Zaozernyy,Russia,RUS,55.96197,94.702788,33865,33865,Populated place
Bogotol,Russia,RUS,56.216477,89.518401,23622,21497,Populated place
Shilka,Russia,RUS,51.870566,116.030633,14132,6990,Populated place
Sherlovaya Gora,Russia,RUS,50.530597,116.300643,411,411,Populated place
Petrovsk Zabaykalskiy,Russia,RUS,51.282695,108.832675,20889,19713,Populated place
Arsenyev,Russia,RUS,44.162303,133.282345,58700,54742,Populated place
Partizansk,Russia,RUS,43.134872,133.134912,42489,38980,Populated place
Dalnerechensk,Russia,RUS,45.927286,133.722318,28300,23535,Populated place
Zemlya Bunge,Russia,RUS,74.898308,142.105011,10,10,Populated place
Khorgo,Russia,RUS,73.483304,113.630004,10,10,Populated place
Put Lenina,Russia,RUS,68.516631,107.799973,298,298,Populated place
Obluchye,Russia,RUS,48.999992,131.083306,10000,9379,Populated place
Vanino,Russia,RUS,49.087326,140.242489,18618,13353,Populated place
Omchak,Russia,RUS,61.633278,147.916697,10,10,Populated place
Uglegorsk,Russia,RUS,49.083346,142.033335,12669,11610,Populated place
Kholmsk,Russia,RUS,47.047321,142.062378,32911,32681,Populated place
Vicente Guerrero,Mexico,MEX,30.764051,-116.00926,12829,1760,Populated place
Loreto,Mexico,MEX,26.013333,-111.351664,11227,10294,Populated place
Ciudad Constitución,Mexico,MEX,25.040008,-111.659991,39915,35296,Populated place
Allende,Mexico,MEX,28.329988,-100.849979,19636,16901,Populated place
Nueva Rosita,Mexico,MEX,27.949959,-101.219982,36642,34851,Populated place
Hidalgo del Parral,Mexico,MEX,26.933355,-105.666636,103378,101768,Populated place
Ascensión,Mexico,MEX,31.100026,-107.979983,11781,9741,Populated place
Gómez Palacio,Mexico,MEX,25.570053,-103.500024,399328,228577,Populated place
Canatlan,Mexico,MEX,24.519988,-104.779997,10342,5271,Populated place
Villa Unión,Mexico,MEX,23.199991,-106.230038,15443,13683,Populated place
Altata,Mexico,MEX,24.636045,-107.916215,1000,500,Populated place
Esperanza,Mexico,MEX,27.580008,-109.929993,3836,3836,Populated place
Magdalena,Mexico,MEX,30.616618,-111.049951,23359,3445,Populated place
Nacozari de García,Mexico,MEX,30.420015,-109.649984,11872,11872,Populated place
Villanueva,Mexico,MEX,22.350017,-102.88001,11138,7049,Populated place
Montemorelos,Mexico,MEX,25.189999,-99.839989,42640,37694,Populated place
Sabinas Hidalgo,Mexico,MEX,26.510021,-100.179968,32047,20198,Populated place
Cardenas,Mexico,MEX,22.000012,-99.669999,15331,15331,Populated place
Ciudad Valles,Mexico,MEX,21.979988,-99.020013,114964,109504,Populated place
Rio Verde,Mexico,MEX,21.929991,-99.980006,69613,48854,Populated place
Ciudad Mante,Mexico,MEX,22.733353,-98.950017,79981,76618,Populated place
Reynosa,Mexico,MEX,26.079996,-98.300031,498654,419340,Populated place
Ciudad Madero,Mexico,MEX,22.318908,-97.836106,192736,138087,Populated place
Autlan,Mexico,MEX,19.770019,-104.369997,47669,42155,Populated place
Ciudad Hidalgo,Mexico,MEX,19.679973,-100.569996,64154,54993,Populated place
Apatzingán,Mexico,MEX,19.079984,-102.350017,98422,86811,Populated place
Santiago Ixcuintla,Mexico,MEX,21.819998,-105.220048,18365,15790,Populated place
Juchitan,Mexico,MEX,16.429991,-95.019999,67637,56872,Populated place
Miahuatlán,Mexico,MEX,16.329997,-96.600006,17632,15691,Populated place
Atlixco,Mexico,MEX,18.900021,-98.449996,97842,85891,Populated place
Acatlan,Mexico,MEX,18.19996,-98.049995,18879,16292,Populated place
Paraíso,Mexico,MEX,18.400026,-93.229979,23830,4505,Populated place
Balancán,Mexico,MEX,17.799959,-91.529979,11895,3438,Populated place
Tlaxcala,Mexico,MEX,19.319995,-98.23001,503878,89795,Admin-1 capital
Irapuato,Mexico,MEX,20.670016,-101.499991,339554,339554,Populated place
Celaya,Mexico,MEX,20.530025,-100.800008,383697,305901,Populated place
Chilpancingo,Mexico,MEX,17.549974,-99.50001,182387,165250,Admin-1 capital
Iguala,Mexico,MEX,18.370001,-99.539981,112106,109177,Populated place
Tecpan,Mexico,MEX,17.249992,-100.679989,14638,14638,Populated place
Atoyac,Mexico,MEX,17.199995,-100.43003,20515,19081,Populated place
Nezahualcoyotl,Mexico,MEX,19.410016,-99.029987,1109363,750000,Populated place
San Juan del Río,Mexico,MEX,20.379982,-100.000031,147559,118173,Populated place
Jaltipan,Mexico,MEX,17.939976,-94.73999,66998,66998,Populated place
Orizaba,Mexico,MEX,18.850024,-97.129999,355333,121348,Populated place
Xalapa,Mexico,MEX,19.529982,-96.919986,452186,425148,Admin-1 capital
Nautla,Mexico,MEX,20.216581,-96.783354,2890,2417,Populated place
San Cristobal de Las Casas,Mexico,MEX,16.749997,-92.633375,186661,128996,Populated place
Escuintla,Mexico,MEX,15.330006,-92.62999,107638,8989,Populated place
Motul,Mexico,MEX,21.09999,-89.279987,21253,21109,Populated place
Tekax,Mexico,MEX,20.199993,-89.279987,22806,18348,Populated place
Peto,Mexico,MEX,20.129972,-88.919984,17607,8241,Populated place
Halachó,Mexico,MEX,20.479976,-90.080016,9165,7067,Populated place
Iwo,Nigeria,NGA,7.629959,4.179993,250443,166934,Populated place
Iseyin,Nigeria,NGA,7.970016,3.590003,98071,98071,Populated place
Tetovo,North Macedonia,MKD,42.00923,20.970079,119132,72944,Admin-1 capital
Saida,Lebanon,LBN,33.563028,35.368787,173894,173894,Admin-1 capital
Olsztyn,Poland,POL,53.800035,20.480031,186670,171803,Admin-1 capital
Elbląg,Poland,POL,54.18996,19.402681,127558,121106,Admin-1 capital
Inowrocław,Poland,POL,52.779942,18.249987,79007,77597,Populated place
Bytom,Poland,POL,50.350039,18.909998,662247,189186,Populated place
Opole,Poland,POL,50.68498,17.93135,131412,127676,Admin-1 capital
Maqat,Kazakhstan,KAZ,47.64824,53.326502,14082,10256,Populated place
Solikamsk,Russia,RUS,59.669987,56.749962,100812,93982,Populated place
Kizel,Russia,RUS,59.064365,57.634301,22135,21807,Populated place
Bestobe,Kazakhstan,KAZ,52.499675,73.099714,7189,7189,Populated place
Osakarovka,Kazakhstan,KAZ,50.579948,72.569927,7305,1087,Populated place
Aqadyr,Kazakhstan,KAZ,48.274869,72.859883,9710,1009,Populated place
Sharbaqty,Kazakhstan,KAZ,52.499908,78.149948,107,107,Populated place
Shemonaikha,Kazakhstan,KAZ,50.631598,81.904964,27176,20087,Populated place
Serebryansk,Kazakhstan,KAZ,49.699898,83.424871,701,701,Populated place
Boralday,Kazakhstan,KAZ,43.334137,76.82884,20996,20996,Populated place
Zharkent,Kazakhstan,KAZ,44.161554,79.98012,36496,34422,Populated place
Esik,Kazakhstan,KAZ,43.36907,77.443789,35319,26447,Populated place
Lenger,Kazakhstan,KAZ,42.189917,69.87991,23058,21238,Populated place
Kentau,Kazakhstan,KAZ,43.516503,68.51989,57408,54321,Populated place
Changyon,North Korea,PRK,38.251734,125.102069,48984,39368,Populated place
Anbyon,North Korea,PRK,39.028172,127.518562,38142,31845,Populated place
Munchon,North Korea,PRK,39.381303,127.251705,73619,73619,Populated place
Kaesong,North Korea,PRK,37.963999,126.564409,338155,272512,Admin-1 capital
Chosan,North Korea,PRK,40.825478,125.800838,7786,7786,Populated place
Manpo,North Korea,PRK,41.145433,126.295846,186827,186827,Populated place
Sunchon,North Korea,PRK,39.4236,125.938969,400629,400629,Populated place
Kimhyonggwon,North Korea,PRK,40.81752,128.155319,3839,3839,Populated place
Tsetserleg,Mongolia,MNG,47.476881,101.450179,19812,16300,Admin-1 capital
Pakhachi,Russia,RUS,60.581585,169.049981,10,10,Populated place
Shannon,Ireland,IRL,52.703849,-8.864147,8781,7506,Populated place
Waterford,Ireland,IRL,52.258295,-7.111928,49275,49275,Populated place
Tralee,Ireland,IRL,52.266692,-9.716653,26384,22941,Admin-1 capital
Donegal,Ireland,IRL,54.650009,-8.116673,2513,1945,Populated place
Modena,Italy,ITA,44.650025,10.919995,175502,174567,Populated place
Crotone,Italy,ITA,39.083337,17.123337,60010,58617,Populated place
Vibo Valentia,Italy,ITA,38.666592,16.10004,33957,30379,Populated place
Reggio di Calabria,Italy,ITA,38.114998,15.64136,180353,177716,Populated place
Caserta,Italy,ITA,41.05996,14.337357,250000,79488,Populated place
Barletta,Italy,ITA,41.319996,16.270004,107830,92094,Populated place
Ragusa,Italy,ITA,36.930031,14.729995,68956,65766,Populated place
Irbid,Jordan,JOR,32.549989,35.849998,650000,292040,Admin-1 capital
As Salt,Jordan,JOR,32.039193,35.727214,140689,80189,Admin-1 capital
Az Zarqa,Jordan,JOR,32.069992,36.100008,894691,792665,Admin-1 capital
Asti,Italy,ITA,44.929982,8.209979,71276,55545,Populated place
Novara,Italy,ITA,45.450002,8.61998,100910,77022,Populated place
Como,Italy,ITA,45.810006,9.080004,250000,84876,Populated place
Udine,Italy,ITA,46.070016,13.240008,119009,95030,Populated place
Treviso,Italy,ITA,45.670015,12.240018,177309,80144,Populated place
Yumen,China,CHN,39.830035,97.729993,350000,116194,Populated place
Linxia,China,CHN,35.600009,103.200047,534555,202402,Populated place
Zhuozhou,China,CHN,39.540053,115.789976,628000,202000,Populated place
Sanming,China,CHN,26.229987,117.580048,209444,439,Populated place
Huizhou,China,CHN,23.079972,114.399983,289201,289201,Populated place
Chaozhou,China,CHN,23.680039,116.630028,424787,424787,Populated place
Annecy,France,FRA,45.899975,6.11667,105749,49232,Populated place
Roanne,France,FRA,46.033326,4.066666,73315,39840,Populated place
Piñas,Ecuador,ECU,-3.670023,-79.649981,16981,16981,Populated place
Puerto Villamil,Ecuador,ECU,-0.933342,-91.016652,2200,1800,Populated place
Puerto Baquerizo Moreno,Ecuador,ECU,-0.900011,-89.599968,6030,4214,Admin-1 capital
Guaranda,Ecuador,ECU,-1.609994,-79.01002,27866,20000,Admin-1 capital
Azogues,Ecuador,ECU,-2.740002,-78.84003,69087,34877,Admin-1 capital
Salinas,Ecuador,ECU,-2.200035,-80.980003,43862,5371,Populated place
Alausí,Ecuador,ECU,-2.189958,-78.849978,14294,14294,Populated place
Sangolquí,Ecuador,ECU,-0.310021,-78.45995,178582,5114,Populated place
Sonsón,Colombia,COL,5.716614,-75.316628,18817,17232,Populated place
Sogamoso,Colombia,COL,5.719998,-72.940003,126551,113592,Populated place
Barrancabermeja,Colombia,COL,7.089992,-73.849999,191403,164201,Populated place
Cartago,Costa Rica,CRI,9.869978,-83.929978,196946,26594,Admin-1 capital
Golfito,Costa Rica,CRI,8.650026,-83.149974,6777,6777,Populated place
Alajuela,Costa Rica,CRI,10.02002,-84.230037,387743,47494,Admin-1 capital
Cañas,Costa Rica,CRI,10.429995,-85.10001,20306,10424,Populated place
Muisne,Ecuador,ECU,0.609974,-80.02001,13393,3112,Populated place
Sensuntepeque,El Salvador,SLV,13.880043,-88.630001,26989,20386,Admin-1 capital
Sonsonate,El Salvador,SLV,13.719975,-89.729986,168947,110501,Admin-1 capital
San Miguel,El Salvador,SLV,13.483349,-88.183336,201563,161880,Admin-1 capital
Ciego de Ávila,Cuba,CUB,21.839996,-78.761947,142027,102660,Admin-1 capital
Palma Soriano,Cuba,CUB,20.217227,-75.998808,102826,67394,Populated place
May Pen,Jamaica,JAM,17.966615,-77.233281,135142,44755,Admin-1 capital
Spanish Town,Jamaica,JAM,17.983333,-76.949991,432704,162359,Admin-1 capital
Girardot,Colombia,COL,4.310007,-74.809992,130289,113372,Populated place
Campoalegre,Colombia,COL,2.690003,-75.330012,22568,11549,Populated place
Túquerres,Colombia,COL,1.089997,-77.61995,33979,20184,Populated place
Mocoa,Colombia,COL,1.149993,-76.629984,22035,22035,Admin-1 capital
Cartago,Colombia,COL,4.74998,-75.910028,134827,111513,Populated place
San Gabriel,Ecuador,ECU,0.609974,-77.84004,16066,15112,Populated place
Soledad,Colombia,COL,10.920017,-74.769995,698852,342556,Populated place
Sabanalarga,Colombia,COL,10.639982,-74.919985,68535,63027,Populated place
Arjona,Colombia,COL,10.260031,-75.349985,50405,44045,Populated place
Magangué,Colombia,COL,9.229991,-74.740022,100313,89511,Populated place
Valledupar,Colombia,COL,10.479992,-73.25001,308237,287018,Admin-1 capital
San José del Guaviare,Colombia,COL,2.569984,-72.639995,22136,21214,Admin-1 capital
Puerto López,Colombia,COL,4.089995,-72.960028,16678,7649,Populated place
San Antonio de los Baños,Cuba,CUB,22.891121,-82.499084,42724,32628,Populated place
Güines,Cuba,CUB,22.836137,-82.028027,68935,45955,Populated place
Caibarién,Cuba,CUB,22.515795,-79.47224,39140,11722,Populated place
Placetas,Cuba,CUB,22.315807,-79.655485,55408,14538,Populated place
Bielefeld,Germany,DEU,52.029988,8.530011,331906,291573,Populated place
Dortmund,Germany,DEU,51.529967,7.450026,588462,588462,Populated place
Duisburg,Germany,DEU,51.429973,6.750017,1276757,488005,Populated place
Wuppertal,Germany,DEU,51.25001,7.169991,776525,349470,Populated place
Essen,Germany,DEU,51.449998,7.016615,1742135,573468,Populated place
Karlsruhe,Germany,DEU,48.999992,8.399993,377487,283799,Populated place
Heidelberg,Germany,DEU,49.419993,8.699975,426590,143345,Populated place
Kassel,Germany,DEU,51.300007,9.50003,289924,194501,Populated place
Oldenburg,Germany,DEU,53.129999,8.220004,167458,159218,Populated place
Emden,Germany,DEU,53.366677,7.216655,51526,48046,Populated place
Braunschweig,Germany,DEU,52.249975,10.50002,244715,235054,Populated place
Erfurt,Germany,DEU,50.970053,11.029962,203254,175476,Admin-1 capital
Karlovac,Croatia,HRV,45.487209,15.547774,55063,48123,Admin-1 capital
Rijeka,Croatia,HRV,45.329984,14.450012,170992,141172,Admin-1 capital
Coburg,Germany,DEU,50.266608,10.966607,61054,41901,Populated place
Augsburg,Germany,DEU,48.350006,10.899996,358989,259196,Populated place
Fürth,Germany,DEU,49.470015,10.99999,237844,112025,Populated place
České Budějovice,Czechia,CZE,48.980019,14.460037,98851,96053,Admin-1 capital
Liberec,Czechia,CZE,50.79996,15.079999,102175,97770,Admin-1 capital
Chemnitz,Germany,DEU,50.829984,12.919976,302643,247220,Populated place
Slavonski Brod,Croatia,HRV,45.160278,18.015582,97718,60742,Admin-1 capital
Olomouc,Czechia,CZE,49.630031,17.249996,101268,94390,Admin-1 capital
Kohtla-Järve,Estonia,EST,59.399978,27.283337,46060,16016,Populated place
Gyangze,China,CHN,28.950002,89.63333,10000,10000,Populated place
Dali,China,CHN,34.795252,109.937775,109696,109696,Populated place
Yangquan,China,CHN,37.869974,113.570008,981448,722155,Populated place
Shiyan,China,CHN,32.570039,110.779998,770000,537647,Populated place
Danjiangkou,China,CHN,32.520016,111.500005,92008,92008,Populated place
Jingzhou,China,CHN,30.320021,112.229987,520000,498780,Populated place
Anlu,China,CHN,31.269989,113.670002,71198,71198,Populated place
Zixing,China,CHN,25.969977,113.400044,6618,6618,Populated place
Deyang,China,CHN,31.133331,104.399974,152194,152194,Populated place
Tengchong,China,CHN,25.033316,98.466589,126058,126058,Populated place
Mengzi,China,CHN,23.361945,103.406132,303341,303341,Populated place
Chuxiong,China,CHN,25.036416,101.545574,254370,254370,Populated place
Hengshui,China,CHN,37.719983,115.700007,456356,456356,Populated place
Xuanhua,China,CHN,40.594407,115.024338,409745,373422,Populated place
Luohe,China,CHN,33.570004,114.02998,417356,417356,Populated place
Beipiao,China,CHN,41.810018,120.760009,228515,154999,Populated place
Wafangdian,China,CHN,39.625913,121.995954,355844,250591,Populated place
Zhucheng,China,CHN,35.98996,119.380093,1060000,703927,Populated place
Hangu,China,CHN,39.231958,117.776986,332793,208369,Populated place
Xinyi,China,CHN,34.380006,118.350026,962656,962656,Populated place
Yangzhou,China,CHN,32.399998,119.430012,539715,539715,Populated place
Linhai,China,CHN,28.850008,121.119987,251759,152937,Populated place
Huangyan,China,CHN,28.65002,121.250004,198713,150448,Populated place
Okayama,Japan,JPN,34.67203,133.917087,866092,639652,Admin-1 capital
Shimonoseki,Japan,JPN,33.965432,130.945433,245786,226611,Populated place
Daan,China,CHN,45.499999,124.299999,93297,76294,Populated place
Changling,China,CHN,44.269997,123.989992,55841,37566,Populated place
Tonghua,China,CHN,41.679974,125.749988,27227,27227,Populated place
Baishan,China,CHN,41.900012,126.429998,330000,330000,Populated place
Yanji,China,CHN,42.882304,129.512756,488740,326957,Populated place
Kanoya,Japan,JPN,31.383316,130.850039,82335,54692,Populated place
Takamatsu,Japan,JPN,34.344737,134.044779,334223,325500,Admin-1 capital
Tokushima,Japan,JPN,34.06739,134.5525,443760,267345,Admin-1 capital
Genhe,China,CHN,50.78332,121.516655,42849,42849,Populated place
Shangdu,China,CHN,41.549439,113.533886,18831,18831,Populated place
Orongen Zizhiqi,China,CHN,50.566667,123.716676,40128,40128,Populated place
Zalantun,China,CHN,48.000002,122.719992,138032,132224,Populated place
Wuchuan,China,CHN,41.095514,111.440836,23776,23776,Populated place
Hanggin Houqi,China,CHN,40.8847,107.140013,39954,39954,Populated place
Anda,China,CHN,46.399996,125.32004,181533,181271,Populated place
Qinggang,China,CHN,46.69003,126.100044,64182,57728,Populated place
Angangxi,China,CHN,47.160053,123.80003,24317,24317,Populated place
Hulan Ergi,China,CHN,47.209972,123.610015,289999,265344,Populated place
Qingan,China,CHN,46.871854,127.511844,53206,53206,Populated place
Baiquan,China,CHN,47.601835,126.081854,70472,34887,Populated place
Suileng,China,CHN,47.245991,127.105978,57789,57124,Populated place
Linkou,China,CHN,45.281899,130.251884,77754,55099,Populated place
Toyama,Japan,JPN,36.699994,137.230011,332812,325532,Admin-1 capital
Takaoka,Japan,JPN,36.670021,136.999999,170077,78797,Populated place
Ōtsu,Japan,JPN,35.006402,135.867407,536976,338629,Admin-1 capital
Maebashi,Japan,JPN,36.3927,139.072689,344871,282711,Admin-1 capital
Kawasaki,Japan,JPN,35.529988,139.705002,1437266,1306785,Populated place
Kawagoe,Japan,JPN,35.91769,139.491062,337931,337931,Populated place
Utsunomiya,Japan,JPN,36.549977,139.870005,667752,449865,Admin-1 capital
Hachiōji,Japan,JPN,35.657706,139.326059,579399,579399,Populated place
Kōriyama,Japan,JPN,37.409976,140.38,340560,264602,Populated place
San Luis,Guatemala,GTM,16.200005,-89.440004,132470,6776,Populated place
Cobán,Guatemala,GTM,15.469998,-90.379998,65194,53375,Admin-1 capital
Livingston,Guatemala,GTM,15.830654,-88.756235,14350,10255,Populated place
Jutiapa,Guatemala,GTM,14.289992,-89.900001,50681,34332,Admin-1 capital
Neiba,Dominican Republic,DOM,18.466611,-71.416633,25731,18670,Admin-1 capital
La Vega,Dominican Republic,DOM,19.216591,-70.516585,163197,102426,Admin-1 capital
San Francisco de Macorís,Dominican Republic,DOM,19.299996,-70.250012,152538,124763,Admin-1 capital
Roura,France,FRA,4.729981,-52.330021,2229,1910,Populated place
Sinnamary,France,FRA,5.380019,-52.959982,3180,2383,Populated place
Simla,India,IND,31.100026,77.166597,173503,173503,Admin-1 capital
Gurgaon,India,IND,28.450006,77.019991,197340,197340,Populated place
Sonipat,India,IND,28.999999,77.019991,250521,250521,Populated place
Rohtak,India,IND,28.900005,76.580018,317245,317245,Populated place
Hisar,India,IND,29.169988,75.725031,544829,301249,Populated place
Bhiwani,India,IND,28.81001,76.125007,190855,190855,Populated place
Ambala,India,IND,30.320021,76.820003,146787,146787,Populated place
Sopore,India,IND,34.299959,74.466659,63035,58416,Populated place
Silvassa,India,IND,20.266578,73.016618,27359,27359,Admin-1 capital
Kalyan,India,IND,19.250232,73.160175,1576614,1576614,Populated place
Bhusawal,India,IND,21.019995,75.830038,183001,172366,Populated place
Jorhat,India,IND,26.749981,94.216667,69033,69033,Populated place
St.-Brieuc,France,FRA,48.516663,-2.783303,53223,52774,Populated place
Poitier,France,FRA,46.583292,0.333277,85960,84807,Admin-1 region capital
Angers,France,FRA,47.480008,-0.53003,188380,168279,Populated place
Biarritz,France,FRA,43.473275,-1.561595,145348,33188,Populated place
Aix-en-Provence,France,FRA,43.519991,5.449993,146821,143797,Populated place
Perpignan,France,FRA,42.699989,2.899967,146620,110706,Populated place
Tarbes,France,FRA,43.23329,0.083344,54854,52106,Populated place
Clermont-Ferrand,France,FRA,45.779982,3.080008,233050,138681,Admin-1 region capital
Melun,France,FRA,48.533302,2.666648,249432,38953,Populated place
Arras,France,FRA,50.283325,2.783334,64165,47052,Populated place
Besançon,France,FRA,47.229997,6.030009,128426,119960,Admin-1 region capital
Río Verde,Chile,CHL,-52.649979,-71.466605,358,358,Populated place
Cuya,Chile,CHL,-19.116677,-70.133301,20,20,Populated place
Chuquicamata,Chile,CHL,-22.319996,-68.929989,0,0,Populated place
María Elena,Chile,CHL,-22.35002,-69.669996,2370,2370,Populated place
Tierra Amarilla,Chile,CHL,-27.480042,-70.279984,12888,8578,Populated place
Combarbalá,Chile,CHL,-31.180023,-70.999992,5134,5134,Populated place
San Bernardo,Chile,CHL,-33.599979,-70.699985,246762,241138,Populated place
San Felipe,Chile,CHL,-32.750005,-70.720009,59294,39219,Populated place
Viña del Mar,Chile,CHL,-33.029988,-71.539985,503534,294551,Populated place
La Ligua,Chile,CHL,-32.459997,-71.240029,26665,24857,Populated place
Quillota,Chile,CHL,-32.879971,-71.260002,79686,67779,Populated place
Nueva Imperial,Chile,CHL,-38.740027,-72.960028,18777,7868,Populated place
Loncoche,Chile,CHL,-39.370014,-72.629996,15590,1717,Populated place
Villarica,Chile,CHL,-39.280046,-72.229995,31602,2034,Populated place
Toltén,Chile,CHL,-39.216591,-73.212338,2293,2293,Populated place
Lonquimay,Chile,CHL,-38.433327,-71.233285,10237,6802,Populated place
Angol,Chile,CHL,-37.790007,-72.710017,44856,31913,Populated place
Collipulli,Chile,CHL,-37.959971,-72.430008,16392,6223,Populated place
La Unión,Chile,CHL,-40.289958,-73.089968,26298,19388,Populated place
Río Bueno,Chile,CHL,-40.340033,-72.960028,15456,10663,Populated place
Coronel,Chile,CHL,-37.02995,-73.160015,92940,64249,Populated place
Talcahuano,Chile,CHL,-36.716688,-73.116659,288074,252968,Populated place
Quirihue,Chile,CHL,-36.280022,-72.530002,6529,6529,Populated place
Curanilahue,Chile,CHL,-37.48,-73.340004,30611,14094,Populated place
Santa Bárbara,Chile,CHL,-37.670015,-72.019982,3494,3494,Populated place
Pichilemu,Chile,CHL,-34.380035,-71.999983,11603,11603,Populated place
San Fernando,Chile,CHL,-34.580022,-70.989967,60746,60746,Admin-1 capital
Puerto Varas,Chile,CHL,-41.329998,-72.99,24958,14180,Populated place
Calbuco,Chile,CHL,-41.752201,-73.141591,12490,1377,Populated place
Castro,Chile,CHL,-42.480762,-73.762334,29926,20443,Populated place
Chonchi,Chile,CHL,-42.610023,-73.80995,381,381,Populated place
Linares,Chile,CHL,-35.839997,-71.589982,81015,69535,Populated place
Cauquenes,Chile,CHL,-35.960042,-72.319989,31362,16948,Populated place
Piraeus,Greece,GRC,37.950021,23.69999,466065,175697,Populated place
Volos,Greece,GRC,39.36996,22.95001,110632,84425,Admin-1 capital
Hania,Greece,GRC,35.512211,24.015578,78728,54565,Admin-1 capital
Kavala,Greece,GRC,40.941211,24.40176,59240,52950,Admin-1 capital
Alexandroupoli,Greece,GRC,40.848619,25.87441,52979,44444,Admin-1 capital
Kutaisi,Georgia,GEO,42.249991,42.729991,183945,178338,Populated place
Tskhinvali,Georgia,GEO,42.232498,43.975031,38502,15000,Admin-1 capital
Beer Sheva,Israel,ISR,31.250016,34.830008,206408,186600,Admin-1 capital
Savonlinna,Finland,FIN,61.866623,28.883343,27353,13114,Populated place
Pori,Finland,FIN,61.478895,21.774939,76772,66280,Populated place
Zhosaly,Kazakhstan,KAZ,45.487726,64.078042,20065,17982,Populated place
Marv Dasht,Iran,IRN,29.801448,52.821468,125000,123858,Populated place
Shahrud,Iran,IRN,36.422879,54.962888,131889,118719,Populated place
Varamin,Iran,IRN,35.31659,51.646604,179603,164827,Populated place
Masjed Soleyman,Iran,IRN,31.979998,49.299926,153663,111510,Populated place
Borujerd,Iran,IRN,33.919957,48.800008,251958,251958,Populated place
Az Aubayr,Iraq,IRQ,30.389164,47.707982,262219,122676,Populated place
Ad Diwaniyah,Iraq,IRQ,31.988938,44.923966,358408,318801,Admin-1 capital
Ash Shatrah,Iraq,IRQ,31.417526,46.177223,161949,82732,Populated place
Malayer,Iran,IRN,34.319984,48.849979,176573,176573,Populated place
Zanjan,Iran,IRN,36.670021,48.500026,357471,352554,Admin-1 capital
Urmia,Iran,IRN,37.529995,44.999982,577307,577307,Admin-1 capital
Ahar,Iran,IRN,38.482908,47.062905,103639,94348,Populated place
Sanandaj,Iran,IRN,35.300002,47.020013,349176,314420,Admin-1 capital
Mandali,Iraq,IRQ,33.743611,45.546357,29785,3056,Populated place
Neyshabur,Iran,IRN,36.220023,58.820017,221700,220929,Populated place
Bojnurd,Iran,IRN,37.469998,57.320005,208582,192041,Admin-1 capital
Sirjan,Iran,IRN,29.46997,55.730024,175000,167014,Populated place
Hoshiarpur,India,IND,31.519974,75.980003,158142,158142,Populated place
Ajmer,India,IND,26.449999,74.639981,589985,517911,Populated place
Hathras,India,IND,27.599981,78.050006,126882,126882,Populated place
Sitapur,India,IND,27.630005,80.749996,164435,164435,Populated place
Pilibhit,India,IND,28.639995,79.810002,131008,131008,Populated place
Budaun,India,IND,28.030006,79.089994,161555,161555,Populated place
Firozabad,India,IND,27.149982,78.394946,306409,306409,Populated place
Mathura,India,IND,27.499987,77.670029,330511,330511,Populated place
Bulandshahr,India,IND,28.410371,77.848416,198612,198612,Populated place
Hapur,India,IND,28.743658,77.762788,242920,242920,Populated place
Muzaffarnagar,India,IND,29.485008,77.69504,349706,349706,Populated place
Gangtok,India,IND,27.33333,88.616648,77900,30700,Admin-1 capital
Viborg,Denmark,DNK,56.433337,9.399984,34831,31057,Admin-1 capital
Roskilde,Denmark,DNK,55.649974,12.083335,44285,40284,Populated place
Ar Ramadi,Iraq,IRQ,33.420013,43.299982,295121,274539,Admin-1 capital
Al Musayyib,Iraq,IRQ,32.778631,44.289999,76454,42901,Populated place
Subotica,Serbia,SRB,46.070016,19.680028,100000,93408,Populated place
Grajau,Brazil,BRA,-5.809996,-46.149984,30217,30217,Populated place
Presidente Dutra,Brazil,BRA,-5.25003,-44.519981,30330,30330,Populated place
Itapecuru Mirim,Brazil,BRA,-3.400013,-44.360016,34943,9751,Populated place
São José de Ribamar,Brazil,BRA,-2.549988,-44.069982,55265,27777,Populated place
Santa Inês,Brazil,BRA,-3.659998,-45.390031,67424,49599,Populated place
Rosário,Brazil,BRA,-2.940042,-44.260022,6798,6798,Populated place
Timon,Brazil,BRA,-5.114999,-42.844967,203157,203157,Admin-1 capital
Capanema,Brazil,BRA,-1.190019,-47.179999,47766,43896,Populated place
Portel,Brazil,BRA,-1.949973,-50.819984,21315,395,Populated place
Itupiranga,Brazil,BRA,-5.120012,-49.300025,21301,21301,Populated place
Pimenta Bueno,Brazil,BRA,-11.640027,-61.209995,25762,25762,Populated place
Ponta Porã,Brazil,BRA,-22.530009,-55.729968,94331,55763,Populated place
Maracaju,Brazil,BRA,-21.610013,-55.180028,22690,13622,Populated place
Jardim,Brazil,BRA,-21.479943,-56.15002,23780,18725,Populated place
Três Lagoas,Brazil,BRA,-20.790011,-51.720006,78712,49723,Populated place
Guanhães,Brazil,BRA,-18.780005,-42.950025,23727,9796,Populated place
Leopoldina,Brazil,BRA,-21.530018,-42.640044,46742,28082,Populated place
Nova Lima,Brazil,BRA,-19.980035,-43.850021,88399,32428,Populated place
Pouso Alegre,Brazil,BRA,-22.220002,-45.940023,115201,89834,Populated place
Itaúna,Brazil,BRA,-20.06003,-44.570029,77400,63066,Populated place
Caratinga,Brazil,BRA,-19.790021,-42.139997,60066,34969,Populated place
Diamantina,Brazil,BRA,-18.239986,-43.609984,37343,13026,Populated place
Nanuque,Brazil,BRA,-17.839959,-40.350028,37824,16597,Populated place
Barbacena,Brazil,BRA,-21.220011,-43.77,122211,81046,Populated place
Poços de Caldas,Brazil,BRA,-21.780029,-46.569985,146588,104409,Populated place
Guaxupé,Brazil,BRA,-21.290033,-46.70995,47889,38870,Populated place
São João del Rei,Brazil,BRA,-21.130042,-44.249997,78592,58871,Populated place
Muriaé,Brazil,BRA,-21.130042,-42.389981,91173,62284,Populated place
Passos,Brazil,BRA,-20.710016,-46.609982,98752,71521,Populated place
Conselheiro Lafaiete,Brazil,BRA,-20.670019,-43.789999,111596,94256,Populated place
Formiga,Brazil,BRA,-20.460006,-45.430028,56404,35749,Populated place
Frutal,Brazil,BRA,-20.030006,-48.940021,40931,12663,Populated place
Iturama,Brazil,BRA,-19.729973,-50.200021,29805,12292,Populated place
Ituiutaba,Brazil,BRA,-18.970019,-49.459989,85345,42611,Populated place
Araguari,Brazil,BRA,-18.640013,-48.199988,96565,63256,Populated place
Almenara,Brazil,BRA,-16.170035,-40.700007,29333,15014,Populated place
Várzea Grande,Brazil,BRA,-15.650015,-56.140021,249752,234424,Populated place
Cáceres,Brazil,BRA,-16.050042,-57.510015,85274,85274,Populated place
Santana do Livramento,Brazil,BRA,-30.880042,-55.530006,89694,84930,Populated place
Canoas,Brazil,BRA,-29.919997,-51.179987,600000,333322,Populated place
Quaraí,Brazil,BRA,-30.38002,-56.459949,23229,13695,Populated place
Santa Vitória do Palmar,Brazil,BRA,-33.520035,-53.369983,27775,15877,Populated place
São Lourenço do Sul,Brazil,BRA,-31.369986,-51.980016,25340,18006,Populated place
Canela,Brazil,BRA,-29.360031,-50.81001,60806,33528,Populated place
São Gabriel,Brazil,BRA,-30.320024,-54.320028,55434,28265,Populated place
Rosário do Sul,Brazil,BRA,-30.250002,-54.920018,36721,20472,Populated place
Cachoeira do Sul,Brazil,BRA,-30.029964,-52.909985,74694,49048,Populated place
Osório,Brazil,BRA,-29.879999,-50.269991,34628,27136,Populated place
Santa Cruz do Sul,Brazil,BRA,-29.710035,-52.44004,113625,106113,Populated place
São Luiz Gonzaga,Brazil,BRA,-28.410011,-54.959989,31798,23799,Populated place
Santo Ângelo,Brazil,BRA,-28.300044,-54.280031,65420,64606,Populated place
Carazinho,Brazil,BRA,-28.290019,-52.800044,59417,38873,Populated place
Erechim,Brazil,BRA,-27.630007,-52.269998,96087,74644,Populated place
Guaira,Brazil,BRA,-24.089965,-54.26998,36426,21369,Admin-1 capital
Palmas,Brazil,BRA,-26.48,-51.999989,39150,20439,Populated place
Arapongas,Brazil,BRA,-23.410007,-51.43005,97512,84895,Populated place
Paranaguá,Brazil,BRA,-25.527876,-48.534454,141013,129129,Populated place
São José dos Pinhais,Brazil,BRA,-25.57003,-49.180006,665063,279297,Populated place
Guarapuava,Brazil,BRA,-25.380015,-51.480021,150850,95913,Populated place
Rio Negro,Brazil,BRA,-26.100023,-49.790021,65597,23006,Populated place
Apucarana,Brazil,BRA,-23.549998,-51.470021,107085,98069,Populated place
Lapa,Brazil,BRA,-25.760044,-49.729998,25621,14248,Populated place
Irati,Brazil,BRA,-25.470036,-50.659968,45830,37374,Populated place
Castro,Brazil,BRA,-24.790026,-50.009981,42091,34744,Populated place
Telêmaco Borba,Brazil,BRA,-24.32995,-50.619996,58880,48707,Populated place
Jacarezinho,Brazil,BRA,-23.159944,-49.979983,35090,32012,Populated place
Concórdia,Brazil,BRA,-27.230032,-52.030013,55367,36882,Populated place
Blumenau,Brazil,BRA,-26.920025,-49.089986,293949,278703,Populated place
Brusque,Brazil,BRA,-27.129986,-48.930021,88284,74043,Populated place
Araranguá,Brazil,BRA,-28.940005,-49.499987,43444,40953,Populated place
Jaraguá do Sul,Brazil,BRA,-26.48,-49.099985,130130,127477,Populated place
Tubarão,Brazil,BRA,-28.480033,-49.020016,92275,67245,Populated place
Laguna,Brazil,BRA,-28.480033,-48.779979,39711,25353,Populated place
Joaçaba,Brazil,BRA,-27.170035,-51.499968,38876,23516,Populated place
Caçador,Brazil,BRA,-26.770008,-51.020023,63726,50585,Populated place
Canoinhas,Brazil,BRA,-26.179967,-50.400009,41498,38862,Populated place
Camocim,Brazil,BRA,-2.899992,-40.850024,44481,11108,Populated place
Russas,Brazil,BRA,-4.940023,-37.979992,39465,27762,Populated place
Sobral,Brazil,BRA,-3.690022,-40.350028,157996,138883,Populated place
Iguatu,Brazil,BRA,-6.359988,-39.299989,70380,42896,Populated place
Quixadá,Brazil,BRA,-4.969995,-39.020006,49328,12119,Populated place
Canindé,Brazil,BRA,-4.350033,-39.309988,42720,21450,Populated place
Campo Maior,Brazil,BRA,-4.82003,-42.18002,31739,16440,Populated place
Barras,Brazil,BRA,-4.250039,-42.299987,21597,2306,Populated place
Rio Largo,Brazil,BRA,-9.480004,-35.839968,158545,63387,Populated place
Palmeira dos Índios,Brazil,BRA,-9.416597,-36.616639,41095,41095,Populated place
Santa Cruz Cabrália,Brazil,BRA,-16.280002,-39.02998,19545,416,Populated place
Paulo Afonso,Brazil,BRA,-9.330659,-38.265659,85350,85350,Populated place
Brumado,Brazil,BRA,-14.21,-41.670025,41989,16611,Populated place
Jaguaquara,Brazil,BRA,-13.529989,-39.97,41498,19611,Populated place
Itapetinga,Brazil,BRA,-15.249988,-40.249983,59721,26727,Populated place
Ubaitaba,Brazil,BRA,-14.30002,-39.330013,28375,26448,Populated place
Cachoeiro de Itapemirim,Brazil,BRA,-20.850008,-41.129981,187019,162598,Populated place
Barra Mansa,Brazil,BRA,-22.560033,-44.16995,169386,164052,Populated place
Nova Iguaçu,Brazil,BRA,-22.740022,-43.469967,844583,844583,Populated place
Duque de Caxias,Brazil,BRA,-22.769994,-43.309977,842890,842890,Populated place
Niterói,Brazil,BRA,-22.900012,-43.09999,1500513,487327,Admin-1 capital
Cabo Frio,Brazil,BRA,-22.889987,-42.039977,261721,108239,Populated place
Macaé,Brazil,BRA,-22.379992,-41.789992,143029,123137,Populated place
Miracema,Brazil,BRA,-21.410025,-42.199967,26684,18445,Populated place
Apodi,Brazil,BRA,-5.650005,-37.800003,16757,415,Populated place
Santa Cruz,Brazil,BRA,-6.219996,-36.029982,27775,16232,Populated place
Selkirk,Canada,CAN,50.150026,-96.883322,9986,9653,Populated place
Berens River,Canada,CAN,52.366557,-97.033313,892,153,Populated place
Pukatawagan,Canada,CAN,55.733276,-101.316617,431,431,Populated place
Gimli,Canada,CAN,50.633303,-96.999981,2623,2009,Populated place
Island Lake,Canada,CAN,53.966588,-94.766578,10,10,Populated place
Melville,Canada,CAN,50.933311,-102.799989,4279,4173,Populated place
Weyburn,Canada,CAN,49.666567,-103.850003,9362,9243,Populated place
La Ronge,Canada,CAN,55.100008,-105.300017,3783,3071,Populated place
Stony Rapids,Canada,CAN,59.266575,-105.833266,152,152,Populated place
Camrose,Canada,CAN,53.016698,-112.816639,15808,15686,Populated place
Hinton,Canada,CAN,53.399982,-117.58335,10265,9889,Populated place
Vegreville,Canada,CAN,53.499976,-112.049967,5813,5678,Populated place
Stettler,Canada,CAN,52.332967,-112.683288,5494,5405,Populated place
Lac La Biche,Canada,CAN,54.77194,-111.964701,2986,2919,Populated place
Wetaskiwin,Canada,CAN,52.966572,-113.383297,11823,11302,Populated place
Meander River,Canada,CAN,59.033282,-117.682982,200,200,Populated place
Creston,Canada,CAN,49.09996,-116.516697,4816,4816,Populated place
Cranbrook,Canada,CAN,49.516679,-115.766665,18610,17370,Populated place
Terrace,Canada,CAN,54.499993,-128.583325,19443,10101,Populated place
Chilliwack,Canada,CAN,49.166649,-121.949983,51942,51942,Populated place
Hall Beach,Canada,CAN,68.767467,-81.236083,654,654,Populated place
Lutselke,Canada,CAN,62.400053,-110.733329,102,102,Populated place
Hay River,Canada,CAN,60.849993,-115.700003,3900,3648,Populated place
Doline,Canada,CAN,65.183346,-123.416664,525,262,Populated place
Paulatuk,Canada,CAN,69.383322,-123.983321,294,294,Populated place
Tsiigehtchic,Canada,CAN,67.433286,-133.749986,175,175,Populated place
Owen Sound,Canada,CAN,44.566645,-80.849985,22625,22625,Populated place
Orillia,Canada,CAN,44.599977,-79.416662,37483,30178,Populated place
Kapuskasing,Canada,CAN,49.416685,-82.433325,9240,8224,Populated place
Thessalon,Canada,CAN,46.249979,-83.550001,1464,1369,Populated place
Geraldton,Canada,CAN,49.716641,-86.96664,1290,1290,Populated place
Belleville,Canada,CAN,44.16667,-77.383349,43990,43990,Populated place
Sarnia,Canada,CAN,42.96664,-82.399968,144172,82998,Populated place
Peterborough,Canada,CAN,44.299969,-78.333265,83627,75877,Populated place
Oshawa,Canada,CAN,43.879995,-78.849978,450963,247989,Populated place
London,Canada,CAN,42.969999,-81.249987,346765,335035,Populated place
Kitchener,Canada,CAN,43.449995,-80.500007,417001,409112,Populated place
New Liskeard,Canada,CAN,47.500006,-79.666647,5203,5203,Populated place
Brockville,Canada,CAN,44.58928,-75.695313,26458,23886,Populated place
Big Beaver House,Canada,CAN,52.949984,-89.883284,10,10,Populated place
Port-Menier,Canada,CAN,49.822578,-64.347995,263,263,Populated place
Rivière-du-Loup,Canada,CAN,47.833294,-69.533312,16403,16403,Populated place
Drummondville,Canada,CAN,45.883335,-72.483364,59489,54123,Populated place
Sherbrooke,Canada,CAN,45.400005,-71.899989,139652,129447,Populated place
Cap-Chat,Canada,CAN,49.09996,-66.683305,1484,1466,Populated place
Baie-Comeau,Canada,CAN,49.222666,-68.157995,10435,7181,Populated place
Natashquan,Canada,CAN,50.191341,-61.810656,722,722,Populated place
Eastmain,Canada,CAN,52.233335,-78.516691,335,335,Populated place
Schefferville,Canada,CAN,54.8,-66.816656,471,471,Populated place
Salluit,Canada,CAN,62.182599,-75.659501,106,106,Populated place
Amos,Canada,CAN,48.566634,-78.116664,10516,10435,Populated place
Joliette,Canada,CAN,46.033326,-73.433306,45361,34772,Populated place
St.-Jerome,Canada,CAN,45.76665,-73.99999,78439,54948,Populated place
St-Augustin,Canada,CAN,51.24231,-58.646999,3961,3961,Populated place
Rouyn-Noranda,Canada,CAN,48.250012,-79.033249,24602,24023,Populated place
La Sarre,Canada,CAN,48.800005,-79.200034,7206,5527,Populated place
New Glasgow,Canada,CAN,45.583276,-62.633319,20322,19445,Populated place
Liverpool,Canada,CAN,44.039959,-64.720014,4331,4331,Populated place
Amherst,Canada,CAN,45.816569,-64.216582,9336,7927,Populated place
Baddeck,Canada,CAN,46.099988,-60.753977,852,852,Populated place
Deer Lake,Canada,CAN,49.1744,-57.426919,4163,3743,Populated place
La Scie,Canada,CAN,49.967013,-55.583,817,817,Populated place
Hopedale,Canada,CAN,55.44996,-60.216671,442,442,Populated place
Happy Valley - Goose Bay,Canada,CAN,53.299988,-60.299999,7572,1047,Populated place
Port Hope Simpson,Canada,CAN,52.533291,-56.300011,197,197,Populated place
Kragujevac,Serbia,SRB,44.01996,20.920004,171197,147473,Populated place
Zrenjanin,Serbia,SRB,45.378637,20.399468,64053,64053,Populated place
28 de Noviembre,Argentina,ARG,-51.65004,-72.300016,5300,5300,Populated place
Gobernador Gregores,Argentina,ARG,-48.766598,-70.250012,2519,2519,Populated place
Comondante Luis Piedrabuena,Argentina,ARG,-49.974549,-68.903473,410,410,Populated place
Paso Río Mayo,Argentina,ARG,-45.683376,-70.266574,1825,1825,Populated place
Alto Rio Sanguer,Argentina,ARG,-45.033286,-70.833284,1548,1548,Populated place
El Maitén,Argentina,ARG,-42.050006,-71.166623,4269,4269,Populated place
Puerto Madryn,Argentina,ARG,-42.770013,-65.04002,64555,57763,Populated place
Trelew,Argentina,ARG,-43.250036,-65.329951,93442,92815,Populated place
Las Heras,Argentina,ARG,-32.825039,-68.801677,66663,66663,Populated place
San Martín,Argentina,ARG,-33.069985,-68.490016,117399,82549,Populated place
Uspallata,Argentina,ARG,-32.593115,-69.345985,2390,2390,Populated place
Cutral Có,Argentina,ARG,-38.940015,-69.240022,47814,47380,Populated place
Punata,Bolivia,BOL,-17.550002,-65.839971,26323,15194,Populated place
Cliza,Bolivia,BOL,-17.59,-65.929992,15816,8654,Populated place
Quillacollo,Bolivia,BOL,-17.399986,-66.279996,227052,227052,Populated place
Puerto Villarroel,Bolivia,BOL,-16.870044,-64.78001,1778,1778,Populated place
Tarabuco,Bolivia,BOL,-19.180032,-64.91995,2428,2300,Populated place
Guayaramerín,Bolivia,BOL,-10.829999,-65.409997,36008,36008,Populated place
Santa Ana,Bolivia,BOL,-13.760001,-65.579961,234478,234478,Populated place
Baures,Bolivia,BOL,-13.580012,-63.580057,2422,2422,Populated place
Morrinhos,Brazil,BRA,-17.730043,-49.109985,34143,21539,Populated place
Ceres,Brazil,BRA,-15.303318,-49.6052,18759,18558,Populated place
Catalão,Brazil,BRA,-18.180042,-47.950004,63544,43749,Populated place
Cristalina,Brazil,BRA,-16.769998,-47.610025,36531,14724,Populated place
Trindade,Brazil,BRA,-16.650006,-49.499987,97521,88705,Populated place
Iporá,Brazil,BRA,-16.450018,-51.129991,28254,18454,Populated place
Inhumas,Brazil,BRA,-16.359998,-49.499987,44058,28186,Populated place
Itaberaí,Brazil,BRA,-16.019967,-49.809968,22129,15292,Populated place
Punta Alta,Argentina,ARG,-38.879967,-62.079968,57209,54730,Populated place
San Nicolas,Argentina,ARG,-33.330021,-60.240003,127742,106505,Populated place
Campana,Argentina,ARG,-34.159996,-58.959978,81612,72687,Populated place
Chacabuco,Argentina,ARG,-34.650044,-60.489988,34587,18703,Populated place
Mercedes,Argentina,ARG,-34.660018,-59.440026,52949,43868,Populated place
Lincoln,Argentina,ARG,-34.880004,-61.539949,24798,15050,Populated place
Chivilcoy,Argentina,ARG,-34.899951,-60.039989,54514,32924,Populated place
Veinticinco de Mayo,Argentina,ARG,-35.429996,-60.179981,24668,12830,Populated place
Nueve de Julio,Argentina,ARG,-35.445964,-60.889989,34718,18714,Populated place
Dolores,Argentina,ARG,-36.330045,-57.689978,25190,17983,Populated place
Pedro Luro,Argentina,ARG,-39.483341,-62.683316,7100,7100,Populated place
Tres Arroyos,Argentina,ARG,-38.369972,-60.269949,47136,22411,Populated place
Coronel Suárez,Argentina,ARG,-37.466616,-61.916619,27000,14426,Populated place
Balcarce,Argentina,ARG,-37.833312,-58.249995,18967,18967,Populated place
25 de Mayo,Argentina,ARG,-37.800033,-67.683295,17430,17430,Populated place
General Roca,Argentina,ARG,-39.019958,-67.609967,73212,3944,Populated place
Comallo,Argentina,ARG,-41.033324,-70.266574,741,741,Populated place
Ingeniero Jacobacci,Argentina,ARG,-41.300026,-69.583309,5719,5719,Populated place
General Conesa,Argentina,ARG,-40.100047,-64.433287,2958,2958,Populated place
Choele Choel,Argentina,ARG,-39.26661,-65.683314,10000,9791,Populated place
San Francisco,Argentina,ARG,-31.430034,-62.089968,59062,27400,Populated place
Alta Gracia,Argentina,ARG,-31.659994,-64.42998,40384,20802,Populated place
Villa María,Argentina,ARG,-32.410026,-63.260025,92453,60949,Populated place
Bell Ville,Argentina,ARG,-32.60004,-62.679957,35105,24105,Populated place
Villa Rumipal,Argentina,ARG,-32.183321,-64.483284,1269,1269,Populated place
Villa Carlos Paz,Argentina,ARG,-31.420009,-64.500001,69451,51061,Populated place
Chumbicha,Argentina,ARG,-28.866624,-66.233306,2572,2572,Populated place
Tinogasta,Argentina,ARG,-28.066622,-67.566584,587,587,Populated place
Abra Pampa,Argentina,ARG,-22.716664,-65.69998,4480,4480,Populated place
Humahuaca,Argentina,ARG,-23.199994,-65.349949,11369,11369,Populated place
Susques,Argentina,ARG,-23.416673,-66.483317,1093,1093,Populated place
Chepes,Argentina,ARG,-31.349987,-66.599951,6020,6020,Populated place
Yacuíba,Argentina,ARG,-22.030039,-63.699998,82803,46819,Populated place
Tartagal,Argentina,ARG,-22.550007,-63.810018,60819,59174,Populated place
Joaquín V. González,Argentina,ARG,-25.083341,-64.183354,13376,13376,Populated place
General Guemes,Argentina,ARG,-24.666622,-65.049968,19828,19828,Populated place
Trancas,Argentina,ARG,-26.216657,-65.283313,1599,1599,Populated place
Presidencia Roque Saenz Pena,Argentina,ARG,-26.790007,-60.450016,81879,70037,Populated place
Pampa del Infierno,Argentina,ARG,-26.516587,-61.166587,2921,2921,Populated place
Villa Ángela,Argentina,ARG,-27.583292,-60.716666,30051,30051,Populated place
Ingeniero Guillermo N. Juarez,Argentina,ARG,-23.900002,-61.849982,6453,6453,Populated place
Comandante Fontana,Argentina,ARG,-25.3333,-59.683319,4277,4277,Populated place
Doctor Pedro P. Peña,Argentina,ARG,-22.479986,-62.299981,6143,6143,Populated place
San Lorenzo,Argentina,ARG,-28.120003,-58.769989,47626,4041,Populated place
Corrientes,Argentina,ARG,-27.489964,-58.809987,340823,339067,Admin-1 capital
Concepción del Uruguay,Argentina,ARG,-32.479996,-58.239996,67895,28655,Populated place
Victoria,Argentina,ARG,-32.610013,-60.179981,25139,14926,Populated place
Gualeguay,Argentina,ARG,-33.150032,-59.340006,33120,18706,Populated place
Paraná,Argentina,ARG,-31.733323,-60.533344,262295,191409,Admin-1 capital
Villa Constitución,Argentina,ARG,-33.230027,-60.350022,44271,16294,Populated place
Rafaela,Argentina,ARG,-31.250045,-61.499978,88713,50585,Populated place
Santo André,Brazil,BRA,-23.652834,-46.527817,662373,662373,Populated place
Pindamonhangaba,Brazil,BRA,-22.919959,-45.470026,132218,115752,Populated place
Rio Claro,Brazil,BRA,-22.409964,-47.560028,180147,175273,Populated place
Ourinhos,Brazil,BRA,-22.970033,-49.86999,97799,96189,Populated place
Itanhaem,Brazil,BRA,-24.179985,-46.800022,90385,75059,Populated place
Jaboticabal,Brazil,BRA,-21.250035,-48.329981,69394,52167,Populated place
Bragança Paulista,Brazil,BRA,-22.950035,-46.549986,127676,125096,Populated place
Jundiaí,Brazil,BRA,-23.199994,-46.879992,505548,321589,Populated place
São José dos Campos,Brazil,BRA,-23.199994,-45.879949,753769,636876,Populated place
Guaratinguetá,Brazil,BRA,-22.819965,-45.189991,203580,105880,Populated place
Pirassununga,Brazil,BRA,-21.990042,-47.429984,60413,42983,Populated place
Americana,Brazil,BRA,-22.749943,-47.32999,479472,196022,Populated place
Piracicaba,Brazil,BRA,-22.709998,-47.639997,342209,316851,Populated place
São João da Boa Vista,Brazil,BRA,-21.980016,-46.789997,76540,60792,Populated place
São Carlos,Brazil,BRA,-22.020014,-47.889982,205035,145403,Populated place
Tupã,Brazil,BRA,-21.929994,-50.51995,62035,41562,Populated place
Penápolis,Brazil,BRA,-21.410025,-50.080003,54477,35113,Populated place
Presidente Prudente,Brazil,BRA,-22.120008,-51.39,209502,189942,Populated place
Registro,Brazil,BRA,-24.490044,-47.839985,53273,45697,Populated place
Tatuí,Brazil,BRA,-23.35001,-47.860009,93580,70292,Populated place
Avaré,Brazil,BRA,-23.110025,-48.930021,81285,60133,Populated place
Garça,Brazil,BRA,-22.220002,-49.659977,41302,35618,Populated place
Catanduva,Brazil,BRA,-21.140016,-48.979967,109612,100864,Populated place
Batatais,Brazil,BRA,-20.890005,-47.59,51976,36146,Populated place
Barretos,Brazil,BRA,-20.550026,-48.580017,101220,93904,Populated place
Marília,Brazil,BRA,-22.210028,-49.950011,212218,169949,Populated place
Itu,Brazil,BRA,-23.260042,-47.300018,320170,137586,Populated place
Itapetininga,Brazil,BRA,-23.589996,-48.039998,126243,115535,Populated place
Eldorado,Argentina,ARG,-26.200017,-54.599985,17365,17365,Populated place
Jaboatao,Brazil,BRA,-8.11001,-35.020044,702621,659807,Populated place
Olinda,Brazil,BRA,-7.999991,-34.849951,921840,397268,Populated place
Cabo de Santo Agostinho,Brazil,BRA,-8.289999,-35.029991,146219,143105,Populated place
Carpina,Brazil,BRA,-7.840001,-35.260003,165579,70689,Populated place
Arcoverde,Brazil,BRA,-8.420017,-37.069996,57163,48969,Populated place
Dangriga,Belize,BLZ,16.970035,-88.22,10750,6262,Admin-1 capital
Vlorë,Albania,ALB,40.47736,19.498231,89546,89471,Admin-1 capital
Elbasan,Albania,ALB,41.121507,20.083828,165010,100903,Admin-1 capital
Gyumri,Armenia,ARM,40.789434,43.847494,148381,132174,Admin-1 capital
Gent,Belgium,BEL,51.029998,3.700022,444336,231493,Admin-1 capital
Vanadzor,Armenia,ARM,40.812766,44.488282,101098,77492,Populated place
Ganca,Azerbaijan,AZE,40.684996,46.350028,303268,300131,Populated place
Yevlax,Azerbaijan,AZE,40.617197,47.150031,53716,46312,Admin-1 capital
Sumqayt,Azerbaijan,AZE,40.580015,49.629983,279159,265150,Admin-1 capital
Karokh,Afghanistan,AFG,34.48677,62.591776,17484,11293,Populated place
Sheberghan,Afghanistan,AFG,36.657981,65.738302,93241,55641,Admin-1 capital
Pol-e Khomri,Afghanistan,AFG,35.951073,68.701119,56369,25689,Populated place
Tangail,Bangladesh,BGD,24.249979,89.920031,180144,180144,Populated place
Sica Sica,Bolivia,BOL,-17.330016,-67.729985,1006,1006,Populated place
Rurrenabaque,Bolivia,BOL,-14.46001,-67.559995,11749,11749,Populated place
Sorata,Bolivia,BOL,-15.790007,-68.660057,2190,2190,Populated place
Achacachi,Bolivia,BOL,-16.083322,-68.666569,8447,8447,Populated place
Viacha,Bolivia,BOL,-16.650006,-68.29995,34776,34776,Populated place
Quime,Bolivia,BOL,-16.980011,-67.220016,4045,2404,Populated place
Llallagua,Bolivia,BOL,-18.420027,-66.64,28069,28069,Populated place
Uncia,Bolivia,BOL,-18.469998,-66.57003,4723,4723,Populated place
Uyuni,Bolivia,BOL,-20.460006,-66.829988,12939,10293,Populated place
Villa Martin,Bolivia,BOL,-20.76655,-67.783341,10,10,Populated place
Betanzos,Bolivia,BOL,-19.559957,-65.450021,4847,4412,Populated place
Portachuelo,Bolivia,BOL,-17.36004,-63.400017,11485,8479,Populated place
Samaipata,Bolivia,BOL,-18.180042,-63.77002,2926,2926,Populated place
Cuevo,Bolivia,BOL,-20.450032,-63.529983,953,953,Populated place
San Carlos,Bolivia,BOL,-17.399986,-63.729997,6353,4180,Populated place
San Lorenzo,Bolivia,BOL,-21.479943,-64.770011,3000,3000,Populated place
Entre Ríos,Bolivia,BOL,-21.530018,-64.189994,2685,2685,Populated place
Sliven,Bulgaria,BGR,42.67937,26.33001,96368,78325,Admin-1 capital
Plovdiv,Bulgaria,BGR,42.153976,24.753982,340494,297685,Admin-1 capital
Pernik,Bulgaria,BGR,42.609995,23.022719,82467,78783,Admin-1 capital
Vratsa,Bulgaria,BGR,43.209984,23.562531,71633,64941,Admin-1 capital
Shumen,Bulgaria,BGR,43.270006,26.929353,87283,63692,Admin-1 capital
Wiener Neustadt,Austria,AUT,47.815982,16.249954,82762,38481,Populated place
Baranavichy,Belarus,BLR,53.136846,26.01344,168772,144257,Populated place
Polatsk,Belarus,BLR,55.48939,28.785984,82258,76174,Populated place
Maladzyechna,Belarus,BLR,54.318789,26.865326,101300,90810,Populated place
Sylhet,Bangladesh,BGD,24.903556,91.873606,237000,237000,Admin-1 capital
Central Coast,Australia,AUS,-33.420042,151.300005,3026,3026,Populated place
Sunshine Coast,Australia,AUS,-26.679988,153.050027,71043,43388,Populated place
Zenica,Bosnia and Herzegovina,BIH,44.219974,17.919981,164423,138353,Populated place
Liège,Belgium,BEL,50.629996,5.580011,749110,196496,Admin-1 capital
Diu,India,IND,20.719673,70.990395,23779,23779,Populated place
Jabal Ali,United Arab Emirates,ARE,24.976239,55.01074,80000,31634,Populated place
Hilf,Oman,OMN,20.656153,58.876762,8500,971,Populated place
Al Khalil,Palestine,PSX,31.540593,35.095573,280321,160470,Populated place
Famagusta,Northern Cyprus,CYN,35.125025,33.95001,42526,23507,Admin-1 capital
Bourke,Australia,AUS,-30.1,145.933333,2475,2475,Populated place
Tofino,Canada,CAN,49.098616,-125.862125,1655,1655,Populated place
Fort William,United Kingdom,GBR,56.816478,-5.112076,9652,9652,Populated place
Koszalin,Poland,POL,54.2,16.183333,107450,107450,Populated place
Oymyakon,Russia,RUS,63.421446,142.769768,500,472,Populated place
Artigas Base,Antarctica,ATA,-62.173887,-58.863864,60,9,Scientific station
Douliou,Taiwan,TWN,23.7075,120.543889,106653,104723,Admin-1 capital
Zhongli,Taiwan,TWN,24.965025,121.216777,1632616,369770,Populated place
Keelung,Taiwan,TWN,25.133258,121.733282,500000,387207,Admin-1 capital
Nantou,Taiwan,TWN,23.916667,120.683333,165000,103698,Admin-1 capital
Puzi,Taiwan,TWN,23.461111,120.241944,50000,44084,Populated place
Lower Hutt,New Zealand,NZL,-41.203745,174.912312,102400,102400,Populated place
Paraparaumu,New Zealand,NZL,-40.903442,174.998931,25263,25263,Populated place
Porirua,New Zealand,NZL,-41.121892,174.852353,52500,52500,Populated place
Thames,New Zealand,NZL,-37.138424,175.585316,6756,6756,Populated place
Pukekohe,New Zealand,NZL,-37.201492,174.903307,26300,26300,Populated place
Hawera,New Zealand,NZL,-39.579467,174.277975,11100,11100,Populated place
Kaitaia,New Zealand,NZL,-35.109926,173.272685,5202,5202,Populated place
Kaikoura,New Zealand,NZL,-42.401181,173.689686,2172,2172,Populated place
Gore,New Zealand,NZL,-46.094682,168.960381,9750,9750,Populated place
Te Anau,New Zealand,NZL,-45.407365,167.758459,1857,1857,Populated place
Oban,New Zealand,NZL,-46.88765,168.166594,310,310,Populated place
Tokoroa,New Zealand,NZL,-38.224515,175.870471,13350,13350,Populated place
Wanaka,Necw Zealand,NZL,-44.698014,169.144852,5037,5037,Populated place
Picton,New Zealand,NZL,-41.280523,174.016556,2928,2928,Populated place
Waitangi,Chatham Islands,NZL,-44.026253,-176.369579,300,300,Admin-1 capital
Atafu,Tokelau,TKL,-8.548618,-172.497665,524,524,Admin-1 capital
Alofi,Niue,NIU,-19.065988,-169.913625,581,581,Admin-1 capital
Raoul Island Station,Kermadec Islands,NZL,-29.246514,-177.926412,0,0,Meteorological Station
Cambridge,New Zealand,NZL,-37.889428,175.470273,15192,15192,Populated place
Kerikeri,New Zealand,NZL,-35.228481,173.950672,5856,5856,Populated place
Turangi,New Zealand,NZL,-38.988888,175.814241,3240,3240,Populated place
Carmelo,Uruguay,URY,-33.989619,-58.299992,16921,13306,Populated place
Bella Unión,Uruguay,URY,-30.259614,-57.599957,22723,13171,Populated place
Mercedes,Uruguay,URY,-33.259535,-58.029983,42359,41544,Admin-1 capital
Melo,Uruguay,URY,-32.359486,-54.179985,55494,51023,Admin-1 capital
Rivera,Uruguay,URY,-30.899575,-55.560004,200000,64465,Admin-1 capital
Lascano,Uruguay,URY,-33.669587,-54.20001,6976,3455,Populated place
Castillos,Uruguay,URY,-34.169608,-53.829981,7686,7686,Populated place
Virginia,United States of America,USA,47.523674,-92.536404,8709,8709,Populated place
Winona,United States of America,USA,44.050424,-91.639197,32897,26618,Populated place
Rochester,United States of America,USA,44.022053,-92.469689,108511,96355,Populated place
Lakeville,United States of America,USA,44.650103,-93.24251,261308,50994,Populated place
Ely,United States of America,USA,47.900421,-91.825698,3731,3643,Populated place
Moorhead,United States of America,USA,46.874308,-96.742193,35528,33137,Populated place
St. Cloud,United States of America,USA,45.56121,-94.162222,112794,59154,Populated place
Miles City,United States of America,USA,46.408884,-105.839984,8615,8184,Populated place
Bozeman,United States of America,USA,45.680092,-111.037833,44921,33178,Populated place
Glasgow,United States of America,USA,48.18397,-106.635259,3240,3048,Populated place
Dickinson,United States of America,USA,46.883997,-102.788801,16399,15576,Populated place
Jamestown,United States of America,USA,46.906012,-98.702978,15081,14828,Populated place
Williston,United States of America,USA,48.156788,-103.628001,13564,11971,Populated place
Lihue,United States of America,USA,21.981512,-159.371006,15536,5853,Populated place
Wahiawa,United States of America,USA,21.503092,-158.023621,174766,15906,Populated place
Wailuku,United States of America,USA,20.891475,-156.504721,52148,13391,Populated place
Montpelier,United States of America,USA,42.322622,-111.296912,2997,2554,Populated place
Twin Falls,United States of America,USA,42.560954,-114.460569,47315,38602,Populated place
Caldwell,United States of America,USA,43.660964,-116.670538,132476,34330,Populated place
Salmon,United States of America,USA,45.175678,-113.894997,3601,2993,Populated place
Coeur d'Alene,United States of America,USA,47.678083,-116.779446,34514,34514,Populated place
Richland,United States of America,USA,46.291811,-119.291101,44869,35012,Populated place
Bellingham,United States of America,USA,48.760136,-122.486927,99662,73469,Populated place
Longview,United States of America,USA,46.13872,-122.936951,66231,36349,Populated place
Walla Walla,United States of America,USA,46.065159,-118.341883,45150,30578,Populated place
Aberdeen,United States of America,USA,46.974896,-123.814391,32745,16055,Populated place
Bremerton,United States of America,USA,47.573596,-122.642018,126820,37259,Populated place
Everett,United States of America,USA,47.960418,-122.199968,486903,96993,Populated place
Bullhead City,United States of America,USA,35.148176,-114.567488,37989,37989,Populated place
Winslow,United States of America,USA,35.02361,-110.696815,9931,9931,Populated place
Gila Bend,United States of America,USA,32.950378,-112.724655,2088,1936,Populated place
Tombstone,United States of America,USA,31.713141,-110.066884,1570,1223,Populated place
Willcox,United States of America,USA,32.253211,-109.831395,5146,3757,Populated place
Scottsdale,United States of America,USA,33.692348,-111.86804,15401,15401,Populated place
Kingman,United States of America,USA,35.189879,-114.052222,42182,24431,Populated place
Grand Canyon,United States of America,USA,36.054788,-112.138592,1550,587,Populated place
Arcata,United States of America,USA,40.88519,-124.088225,20905,17199,Populated place
Stockton,United States of America,USA,37.958134,-121.289739,685306,291707,Populated place
Barstow,United States of America,USA,34.899018,-117.021886,21119,21119,Populated place
Victorville,United States of America,USA,34.536508,-117.290319,83496,83496,Populated place
Pasadena,United States of America,USA,34.160381,-118.138872,144618,144618,Populated place
Visalia,United States of America,USA,36.32503,-119.316009,121968,107431,Populated place
El Centro,United States of America,USA,32.792377,-115.558048,45000,38323,Populated place
San Luis Obispo,United States of America,USA,35.283181,-120.658589,65386,44132,Populated place
Merced,United States of America,USA,37.302618,-120.481933,96091,72619,Populated place
Yuba City,United States of America,USA,39.141033,-121.615766,116217,52432,Populated place
Redding,United States of America,USA,40.587043,-122.390576,96058,91685,Populated place
Santa Rosa,United States of America,USA,38.450404,-122.699989,231792,155118,Populated place
Oceanside,United States of America,USA,33.220465,-117.334968,609854,183095,Populated place
Modesto,United States of America,USA,37.655413,-120.98999,323386,216008,Populated place
Irvine,United States of America,USA,33.680411,-117.82995,3010232,212375,Populated place
Ukiah,United States of America,USA,39.154237,-123.210862,27828,15825,Populated place
Needles,United States of America,USA,34.848427,-114.613351,6974,5519,Populated place
Bishop,United States of America,USA,37.363958,-118.394076,4827,3671,Populated place
Palm Springs,United States of America,USA,33.777356,-116.533053,390115,42807,Populated place
Santa Maria,United States of America,USA,34.940127,-120.436639,110705,85480,Populated place
Tulare,United States of America,USA,36.207026,-119.344121,55908,50103,Populated place
Mt. Shasta,United States of America,USA,41.310358,-122.309393,3855,3630,Populated place
Crescent City,United States of America,USA,41.756455,-124.200492,11534,7345,Populated place
Fort Collins,United States of America,USA,40.560688,-105.058869,228385,129252,Populated place
Pueblo,United States of America,USA,38.280388,-104.630007,112195,104293,Populated place
Lamar,United States of America,USA,38.086498,-102.619406,8620,8514,Populated place
Trinidad,United States of America,USA,37.171335,-104.506397,9156,8247,Populated place
Gunnison,United States of America,USA,38.544765,-106.92829,7324,5222,Populated place
Durango,United States of America,USA,37.275643,-107.879989,23233,15022,Populated place
Montrose,United States of America,USA,38.477275,-107.86552,21789,15138,Populated place
Craig,United States of America,USA,40.51728,-107.550397,9391,9240,Populated place
Boulder,United States of America,USA,40.038446,-105.246093,122274,91521,Populated place
Boulder City,United States of America,USA,35.978953,-114.83158,15479,14666,Populated place
Winnemucca,United States of America,USA,40.973376,-117.734685,9666,6329,Populated place
Roswell,United States of America,USA,33.394537,-104.522468,46096,44069,Populated place
Clovis,United States of America,USA,34.405069,-103.204771,33792,33163,Populated place
Las Cruces,United States of America,USA,32.312613,-106.777808,115167,80184,Populated place
Hobbs,United States of America,USA,32.712614,-103.140614,28738,28013,Populated place
Socorro,United States of America,USA,34.062119,-106.89899,8668,7566,Populated place
Gallup,United States of America,USA,35.524071,-108.733994,23800,19454,Populated place
Raton,United States of America,USA,36.897398,-104.439889,7073,6567,Populated place
Tucumcari,United States of America,USA,35.169803,-103.725514,5313,5206,Populated place
Roseburg,United States of America,USA,43.218433,-123.356099,30479,20430,Populated place
Pendleton,United States of America,USA,45.672599,-118.787489,16799,16539,Populated place
John Day,United States of America,USA,44.416525,-118.952026,1573,1302,Populated place
Grants Pass,United States of America,USA,42.43954,-123.327186,46189,27191,Populated place
Corvallis,United States of America,USA,44.572356,-123.279979,59030,50701,Populated place
Albany,United States of America,USA,44.620492,-123.086942,51376,44757,Populated place
Astoria,United States of America,USA,46.188381,-123.829997,10011,9535,Populated place
Logan,United States of America,USA,41.73594,-111.833598,72490,44838,Populated place
Parowan,United States of America,USA,37.842534,-112.827207,2571,2495,Populated place
Kanab,United States of America,USA,37.047389,-112.525494,3442,2280,Populated place
Monticello,United States of America,USA,37.871783,-109.3422,1864,1759,Populated place
Moab,United States of America,USA,38.573704,-109.54919,5730,4888,Populated place
Price,United States of America,USA,39.599791,-110.810017,10281,8069,Populated place
Cedar City,United States of America,USA,37.677428,-113.061094,27738,23005,Populated place
Vernal,United States of America,USA,40.455398,-109.528002,14353,7998,Populated place
Ogden,United States of America,USA,41.232379,-111.968034,377224,78324,Populated place
Green River,United States of America,USA,41.514558,-109.464983,11358,9121,Populated place
Rawlins,United States of America,USA,41.790665,-107.234292,8533,8383,Populated place
Douglas,United States of America,USA,42.756472,-105.384534,6298,5378,Populated place
Riverton,United States of America,USA,43.02816,-108.395048,11508,9192,Populated place
Thermopolis,United States of America,USA,43.645978,-108.214672,3445,2945,Populated place
Gillette,United States of America,USA,44.283174,-105.50525,29113,23101,Populated place
Jonesboro,United States of America,USA,35.842578,-90.704164,58619,58025,Populated place
Texarkana,United States of America,USA,33.442105,-94.037475,74414,29924,Populated place
Pine Bluff,United States of America,USA,34.228698,-92.003051,53217,49727,Populated place
Hot Springs,United States of America,USA,34.503952,-93.055003,44182,37470,Populated place
Fort Smith,United States of America,USA,35.386224,-94.398357,93988,81985,Populated place
Fayetteville,United States of America,USA,36.062978,-94.157209,151671,64864,Populated place
Conway,United States of America,USA,35.091281,-92.451318,61995,51524,Populated place
El Dorado,United States of America,USA,33.213927,-92.66252,22416,20353,Populated place
Davenport,United States of America,USA,41.553987,-90.58753,255738,100827,Populated place
Burlington,United States of America,USA,40.807934,-91.11277,29773,25608,Populated place
Dubuque,United States of America,USA,42.500932,-90.664451,62483,57185,Populated place
Waterloo,United States of America,USA,42.493154,-92.342798,98347,65836,Populated place
Sioux City,United States of America,USA,42.500389,-96.399992,90932,83248,Populated place
Council Bluffs,United States of America,USA,41.262273,-95.8608,101805,58764,Populated place
Ames,United States of America,USA,42.053853,-93.619723,57104,56606,Populated place
Mason City,United States of America,USA,43.154018,-93.200833,27802,26852,Populated place
Emporia,United States of America,USA,38.404231,-96.181375,29048,26545,Populated place
Salina,United States of America,USA,38.82467,-97.607179,48031,45723,Populated place
Dodge City,United States of America,USA,37.760058,-100.018195,25932,24543,Populated place
Coffeyville,United States of America,USA,37.038061,-95.626318,11760,10150,Populated place
St. Charles,United States of America,USA,38.784285,-90.506166,360485,65794,Populated place
Poplar Bluff,United States of America,USA,36.760197,-90.402684,20662,16488,Populated place
Joplin,United States of America,USA,37.084596,-94.513079,73763,46818,Populated place
Columbia,United States of America,USA,38.952079,-92.33391,398093,91415,Populated place
St. Joseph,United States of America,USA,39.769031,-94.846392,78012,71745,Populated place
McCook,United States of America,USA,40.205594,-100.626168,8012,7994,Populated place
Norfolk,United States of America,USA,42.028712,-97.433598,25030,24094,Populated place
North Platte,United States of America,USA,41.136286,-100.770501,25247,24172,Populated place
Sidney,United States of America,USA,41.1398,-102.978273,6492,5951,Populated place
Scottsbluff,United States of America,USA,41.867508,-103.660686,25475,14869,Populated place
Chadron,United States of America,USA,42.827914,-103.003077,5798,5575,Populated place
Lawton,United States of America,USA,34.599037,-98.409973,91752,79839,Populated place
Norman,United States of America,USA,35.227913,-97.344146,113525,113525,Populated place
Muskogee,United States of America,USA,35.748217,-95.369435,39295,38696,Populated place
Ponca City,United States of America,USA,36.707358,-97.085273,25273,24413,Populated place
Shawnee,United States of America,USA,35.34279,-96.933784,29628,28692,Populated place
Woodward,United States of America,USA,36.433421,-99.39769,12931,11748,Populated place
Guymon,United States of America,USA,36.685809,-101.479501,11178,10509,Populated place
Yankton,United States of America,USA,42.88202,-97.39249,15580,13410,Populated place
Brookings,United States of America,USA,44.306765,-96.78803,22411,18216,Populated place
Mitchell,United States of America,USA,43.714294,-98.026198,15205,14741,Populated place
Aberdeen,United States of America,USA,45.465118,-98.486402,26041,23667,Populated place
Mobridge,United States of America,USA,45.540126,-100.434707,3156,3011,Populated place
Houma,United States of America,USA,29.595931,-90.719486,64592,31800,Populated place
Monroe,United States of America,USA,32.509604,-92.119194,101724,51625,Populated place
Conroe,United States of America,USA,30.312063,-95.455864,41643,41643,Populated place
Nacogdoches,United States of America,USA,31.603742,-94.655267,30691,30691,Populated place
Eagle Pass,United States of America,USA,28.711024,-100.489277,53276,26090,Populated place
Edinburg,United States of America,USA,26.303187,-98.159962,150000,79147,Populated place
Kingsville,United States of America,USA,27.515955,-97.855846,25264,23857,Populated place
Port Arthur,United States of America,USA,29.898988,-93.928593,56945,52999,Populated place
Huntsville,United States of America,USA,30.723769,-95.550587,35590,33299,Populated place
Killeen,United States of America,USA,31.117285,-97.727482,137919,103009,Populated place
Lufkin,United States of America,USA,31.338435,-94.72888,43264,33667,Populated place
Del Rio,United States of America,USA,29.362948,-100.896384,36068,35539,Populated place
San Angelo,United States of America,USA,31.464008,-100.436697,88256,86339,Populated place
Sherman,United States of America,USA,33.635995,-96.608584,40284,37108,Populated place
Beaumont,United States of America,USA,30.086263,-94.101683,111485,103426,Populated place
Bay City,United States of America,USA,28.981111,-95.96436,18663,16311,Populated place
Port Lavaca,United States of America,USA,28.616017,-96.629694,11743,9688,Populated place
Falfurrias,United States of America,USA,27.226903,-98.144899,5349,4956,Populated place
Beeville,United States of America,USA,28.405978,-97.75084,13004,10492,Populated place
Fort Stockton,United States of America,USA,30.891692,-102.884997,7721,7147,Populated place
Pecos,United States of America,USA,31.415794,-103.499895,8372,7610,Populated place
Dumas,United States of America,USA,35.862396,-101.966888,13629,13474,Populated place
Denton,United States of America,USA,33.215762,-97.128837,176930,100975,Populated place
Midland,United States of America,USA,32.030718,-102.0975,98501,97782,Populated place
Temple,United States of America,USA,31.102093,-97.363008,61161,55703,Populated place
Trujillo,Venezuela,VEN,9.380395,-70.44,50353,38110,Admin-1 capital
Santa Rita,Venezuela,VEN,10.531827,-71.503949,31810,10380,Populated place
Machiques,Venezuela,VEN,10.070431,-72.549949,62968,26905,Populated place
San Carlos del Zulia,Venezuela,VEN,9.010392,-71.919988,97288,56582,Populated place
Puerto Cabello,Venezuela,VEN,10.470432,-68.17001,174000,174000,Populated place
Acarigua,Venezuela,VEN,9.580383,-69.200025,260921,143704,Populated place
New Haven,United States of America,USA,41.330383,-72.900005,846766,569000,Populated place
Lowell,United States of America,USA,42.633688,-71.316691,723629,106519,Populated place
Worcester,United States of America,USA,42.270429,-71.800021,287365,177216,Populated place
Manchester,United States of America,USA,42.995992,-71.455287,196566,109877,Populated place
Newport,United States of America,USA,41.490399,-71.313358,45968,25818,Populated place
Dothan,United States of America,USA,31.223455,-85.390587,61741,61689,Populated place
Tuscaloosa,United States of America,USA,33.225115,-87.544176,121373,79816,Populated place
Gadsden,United States of America,USA,34.01455,-86.006647,41709,36821,Populated place
Enterprise,United States of America,USA,31.327815,-85.843996,24205,22572,Populated place
Selma,United States of America,USA,32.407568,-87.021159,20126,18980,Populated place
Coral Gables,United States of America,USA,25.715419,-80.291079,150000,47401,Populated place
Cape Coral,United States of America,USA,26.60291,-81.979684,132489,102286,Populated place
Naples,United States of America,USA,26.142059,-81.794992,262306,21498,Populated place
Fort Pierce,United States of America,USA,27.446786,-80.325805,228245,37723,Populated place
Kissimmee,United States of America,USA,28.292057,-81.407781,225494,63685,Populated place
Titusville,United States of America,USA,28.612348,-80.807791,52311,42700,Populated place
St. Augustine,United States of America,USA,29.894879,-81.314711,76331,12097,Populated place
Ocala,United States of America,USA,29.187352,-82.140268,141382,49558,Populated place
Fort Lauderdale,United States of America,USA,26.136065,-80.141786,2042042,165521,Populated place
Apalachicola,United States of America,USA,29.725613,-84.992523,2284,1984,Populated place
Vero Beach,United States of America,USA,27.642252,-80.391124,86039,17262,Populated place
Valdosta,United States of America,USA,30.832858,-83.278597,61179,45661,Populated place
Albany,United States of America,USA,31.57873,-84.15583,88766,75794,Populated place
Athens,United States of America,USA,33.961298,-83.378022,110301,45734,Populated place
Macon,United States of America,USA,32.850384,-83.630048,115592,94273,Populated place
Columbus,United States of America,USA,32.470433,-84.980017,217980,186470,Populated place
Douglas,United States of America,USA,31.507778,-82.85069,13441,10877,Populated place
Dublin,United States of America,USA,32.537457,-82.918283,22623,15894,Populated place
Gulfport,United States of America,USA,30.367564,-89.092764,82165,71127,Populated place
Hattiesburg,United States of America,USA,31.327273,-89.290245,58874,48123,Populated place
Tupelo,United States of America,USA,34.257921,-88.70333,35956,31900,Populated place
Greenville,United States of America,USA,33.410375,-91.061688,38107,34972,Populated place
Natchez,United States of America,USA,31.554804,-91.387507,23863,17118,Populated place
Florence,United States of America,USA,34.195676,-79.762791,57438,30517,Populated place
Greenville,United States of America,USA,34.852923,-82.394155,350954,55559,Populated place
Sumter,United States of America,USA,33.920654,-80.341722,50868,3156,Populated place
Anderson,United States of America,USA,34.503745,-82.650263,61558,25393,Populated place
Aiken,United States of America,USA,33.549463,-81.720604,46196,27237,Populated place
Beaufort,United States of America,USA,32.432166,-80.689504,31626,12256,Populated place
Rock Hill,United States of America,USA,34.940385,-81.03,94564,59766,Populated place
Decatur,United States of America,USA,39.840706,-88.954736,77868,72067,Populated place
Alton,United States of America,USA,38.890997,-90.184222,84276,30496,Populated place
Quincy,United States of America,USA,39.935972,-91.409728,47108,39731,Populated place
Urbana,United States of America,USA,40.109992,-88.204188,144074,39511,Populated place
Bloomington,United States of America,USA,40.484595,-88.993597,128979,70706,Populated place
Kankakee,United States of America,USA,41.12037,-87.861108,69608,26623,Populated place
Waukegan,United States of America,USA,42.364041,-87.844726,200000,89078,Populated place
Aurora,United States of America,USA,41.765395,-88.299996,350000,197899,Populated place
Carbondale,United States of America,USA,37.72683,-89.22025,32444,24502,Populated place
Belleville,United States of America,USA,38.525154,-90.000228,143900,40919,Populated place
Bloomington,United States of America,USA,39.165657,-86.526409,100310,71253,Populated place
Muncie,United States of America,USA,40.19376,-85.386375,85449,65327,Populated place
Kokomo,United States of America,USA,40.486765,-86.133642,61121,46227,Populated place
Gary,United States of America,USA,41.580394,-87.330003,591180,80294,Populated place
Fort Wayne,United States of America,USA,41.080398,-85.129982,299871,229715,Populated place
Covington,United States of America,USA,39.084008,-84.508599,585489,40640,Populated place
Bowling Green,United States of America,USA,36.9907,-86.443649,71140,51558,Populated place
Paducah,United States of America,USA,37.083717,-88.600003,41317,26307,Populated place
Owensboro,United States of America,USA,37.774579,-87.113324,67825,54478,Populated place
Jacksonville,United States of America,USA,34.754324,-77.430556,77288,68015,Populated place
Goldsboro,United States of America,USA,35.385139,-77.993054,47602,38243,Populated place
Greenville,United States of America,USA,35.612877,-77.366684,92565,70757,Populated place
Fayetteville,United States of America,USA,35.062936,-78.883594,243306,124775,Populated place
Hickory,United States of America,USA,35.733489,-81.341402,89462,40334,Populated place
Asheville,United States of America,USA,35.601198,-82.554145,142755,68795,Populated place
Winston-Salem,United States of America,USA,36.105431,-80.259995,281683,193300,Populated place
Kitty Hawk,United States of America,USA,36.077319,-75.704718,3413,806,Populated place
Akron,United States of America,USA,41.070399,-81.519996,703200,199110,Populated place
Lima,United States of America,USA,40.742874,-84.105265,68364,39906,Populated place
Oak Ridge,United States of America,USA,36.010656,-84.269725,33556,27387,Populated place
Murfreesboro,United States of America,USA,35.845963,-86.390267,115774,84700,Populated place
Clarksville,United States of America,USA,36.530082,-87.359433,132536,111694,Populated place
Jackson,United States of America,USA,35.614866,-88.813892,63196,62080,Populated place
Alexandria,United States of America,USA,38.820433,-77.099982,127273,127273,Populated place
Fredericksburg,United States of America,USA,38.303513,-77.460786,133134,20562,Populated place
Roanoke,United States of America,USA,37.271199,-79.941617,198171,91168,Populated place
Danville,United States of America,USA,36.586254,-79.39532,45894,40458,Populated place
Winchester,United States of America,USA,39.178731,-78.166635,53941,24895,Populated place
Bristol,United States of America,USA,36.611524,-82.176002,37443,25110,Populated place
Superior,United States of America,USA,46.721243,-92.103898,27580,27368,Populated place
West Bend,United States of America,USA,43.425707,-88.183336,34530,29431,Populated place
Fond du Lac,United States of America,USA,43.773438,-88.446912,54299,41860,Populated place
Oshkosh,United States of America,USA,44.025102,-88.542513,72698,63017,Populated place
Rhinelander,United States of America,USA,45.639913,-89.412072,11483,7783,Populated place
Racine,United States of America,USA,42.727714,-87.811834,131654,79263,Populated place
Marinette,United States of America,USA,45.100385,-87.630476,27169,11171,Populated place
Wheeling,United States of America,USA,40.06431,-80.721078,52492,29388,Populated place
Morgantown,United States of America,USA,39.629815,-79.95606,58808,28957,Populated place
Huntington,United States of America,USA,38.419579,-82.445288,85396,48518,Populated place
Beckley,United States of America,USA,37.780186,-81.183014,37836,16880,Populated place
Wilmington,United States of America,USA,39.746268,-75.546898,161560,70851,Populated place
Cumberland,United States of America,USA,39.653173,-78.762774,21316,20347,Populated place
Atlantic City,United States of America,USA,39.364637,-74.423323,76573,40554,Populated place
Newark,United States of America,USA,40.700421,-74.170005,280123,280123,Populated place
Schenectady,United States of America,USA,42.814582,-73.939968,149255,60280,Populated place
Binghamton,United States of America,USA,42.099018,-75.918322,139895,45480,Populated place
Utica,United States of America,USA,43.101179,-75.233067,105150,58590,Populated place
Watertown,United States of America,USA,43.975157,-75.911062,33821,28055,Populated place
Niagara Falls,United States of America,USA,43.094823,-79.036943,153134,82000,Populated place
Jamestown,United States of America,USA,42.097365,-79.235536,45756,30077,Populated place
Elmira,United States of America,USA,42.09013,-76.808036,62376,30026,Populated place
York,United States of America,USA,39.962921,-76.72804,218010,39587,Populated place
Johnstown,United States of America,USA,40.327085,-78.922222,69286,22357,Populated place
Scranton,United States of America,USA,41.409293,-75.662679,156196,73206,Populated place
State College,United States of America,USA,40.793723,-77.860245,87926,41835,Populated place
Erie,United States of America,USA,42.129921,-80.084993,178182,99801,Populated place
Wilkes-Barre,United States of America,USA,41.249044,-75.877937,158913,40736,Populated place
Nieuw Nickerie,Suriname,SUR,5.950424,-56.989995,15992,13143,Admin-1 capital
Upata,Venezuela,VEN,8.020427,-62.41,53685,53264,Populated place
El Manteco,Venezuela,VEN,7.35039,-62.533325,2215,2215,Populated place
Chaguaramas,Venezuela,VEN,9.33597,-66.25448,15000,10000,Populated place
Barcelona,Venezuela,VEN,10.130375,-64.720014,600954,121906,Admin-1 capital
El Tigre,Venezuela,VEN,8.890348,-64.260016,197440,150999,Populated place
Maiquetía,Venezuela,VEN,10.600398,-66.96998,315442,52564,Populated place
Calabozo,Venezuela,VEN,8.930397,-67.439977,117132,104682,Populated place
Zaraza,Venezuela,VEN,9.340398,-65.320003,41483,29076,Populated place
Altagracia de Orituco,Venezuela,VEN,9.850418,-66.37999,40052,28802,Populated place
Tucupita,Venezuela,VEN,9.060492,-62.059995,51534,47874,Admin-1 capital
Porlamar,Venezuela,VEN,10.960376,-63.849989,196934,87120,Populated place
Brokopondo,Suriname,SUR,5.040376,-55.020011,8340,4000,Admin-1 capital
Totness,Suriname,SUR,5.890427,-56.319984,1685,1251,Admin-1 capital
Bar Harbor,United States of America,USA,44.387897,-68.204375,6090,2877,Populated place
Lewiston,United States of America,USA,44.100705,-70.21526,57688,35690,Populated place
Presque Isle,United States of America,USA,46.793409,-68.002165,9466,9466,Populated place
Ann Arbor,United States of America,USA,42.300375,-83.719991,265976,113810,Populated place
Kalamazoo,United States of America,USA,42.292159,-85.58719,183381,74138,Populated place
Muskegon,United States of America,USA,43.234582,-86.248364,101177,40112,Populated place
Flint,United States of America,USA,43.012864,-83.687538,295212,117258,Populated place
Grand Rapids,United States of America,USA,42.96372,-85.669949,535829,188040,Populated place
Pontiac,United States of America,USA,42.651853,-83.290224,67994,67994,Populated place
Cadillac,United States of America,USA,44.251212,-85.413608,14097,10258,Populated place
Traverse City,United States of America,USA,44.768442,-85.622175,43189,14425,Populated place
Petoskey,United States of America,USA,45.373754,-84.955187,12667,6181,Populated place
Escanaba,United States of America,USA,45.745695,-87.06436,17318,12622,Populated place
Marquette,United States of America,USA,46.546731,-87.406588,26591,20831,Populated place
Hancock,United States of America,USA,47.12729,-88.580805,16355,4290,Populated place
Almería,Spain,ESP,36.830348,-2.429992,179405,124660,Populated place
Málaga,Spain,ESP,36.720406,-4.419999,550058,528705,Populated place
Jaén,Spain,ESP,37.770394,-3.799985,116400,69418,Populated place
Huelva,Spain,ESP,37.250374,-6.929949,144174,95290,Populated place
Albacete,Spain,ESP,39.000344,-1.87,158094,97100,Populated place
Toledo,Spain,ESP,39.867036,-4.016716,74632,33125,Admin-1 capital
Guadalajara,Spain,ESP,40.633707,-3.166587,72850,30963,Populated place
Santander,Spain,ESP,43.380465,-3.799985,208763,183288,Admin-1 capital
Salamanca,Spain,ESP,40.970405,-5.67,162353,158560,Populated place
Burgos,Spain,ESP,42.350398,-3.679967,170183,130319,Populated place
Kpalimé,Togo,TGO,6.900392,0.630028,100479,95974,Admin-1 capital
Sokodé,Togo,TGO,8.990471,1.149997,117811,81640,Admin-1 capital
Mango,Togo,TGO,10.35956,0.470813,42626,37748,Populated place
Ben Gardane,Tunisia,TUN,33.140392,11.220028,19843,13364,Populated place
Zarzis,Tunisia,TUN,33.510395,11.099984,159161,79316,Populated place
Dehibat,Tunisia,TUN,32.01705,10.700008,3525,3525,Populated place
Tarragona,Spain,ESP,41.12037,1.249991,126291,89624,Populated place
Tozeur,Tunisia,TUN,33.930421,8.129984,39504,34943,Admin-1 capital
Béja,Tunisia,TUN,36.730405,9.190023,59567,57233,Admin-1 capital
Bizerte,Tunisia,TUN,37.290423,9.854995,139843,115268,Admin-1 capital
Nabeul,Tunisia,TUN,36.460344,10.730032,115149,115149,Admin-1 capital
El Kef,Tunisia,TUN,36.182635,8.714755,47979,36628,Admin-1 capital
Qasserine,Tunisia,TUN,35.180397,8.829993,81987,78158,Populated place
Gabès,Tunisia,TUN,33.900423,10.099993,219517,110075,Admin-1 capital
Gafsa,Tunisia,TUN,34.420443,8.780022,126803,81232,Admin-1 capital
Qairouan,Tunisia,TUN,35.680392,10.099993,144522,119794,Admin-1 capital
Tartus,Syria,SYR,34.884635,35.886584,162980,115769,Admin-1 capital
Ar Raqqah,Syria,SYR,35.930377,39.019985,177636,173565,Admin-1 capital
Hamah,Syria,SYR,35.150347,36.729996,460602,418990,Admin-1 capital
Tadmur,Syria,SYR,34.550409,38.283337,55111,51015,Populated place
Abu Kamal,Syria,SYR,34.450415,40.918629,80808,57572,Populated place
Dayr az Zawr,Syria,SYR,35.330387,40.129995,309141,242565,Admin-1 capital
As Suwayda,Syria,SYR,32.700419,36.566595,72248,59052,Admin-1 capital
Ad Nabk,Syria,SYR,34.017031,36.733303,50178,49372,Populated place
Ad Damazīn,Sudan,SDN,11.770404,34.349986,186051,42009,Admin-1 capital
Haiya,Sudan,SDN,18.336231,36.384177,20000,14818,Populated place
Zabīd,Yemen,YEM,14.195088,43.315537,152504,52590,Populated place
Hajjah,Yemen,YEM,15.691741,43.602134,208287,43549,Admin-1 capital
Lahij,Yemen,YEM,13.058181,44.883761,66288,23375,Admin-1 capital
Luzern,Switzerland,CHE,47.050421,8.280001,250000,77491,Admin-1 capital
Lugano,Switzerland,CHE,46.000382,8.966677,105388,26365,Populated place
Wrangell,United States of America,USA,56.471268,-132.371595,2070,1247,Populated place
Shishmaref,United States of America,USA,66.256975,-166.071889,254,254,Populated place
Hoonah,United States of America,USA,58.115405,-135.438617,361,361,Populated place
Atka,United States of America,USA,52.19649,-174.200489,61,61,Populated place
Nikolski,United States of America,USA,52.938434,-168.867688,18,18,Populated place
Karluk,United States of America,USA,57.572286,-154.455027,96,96,Populated place
False Pass,United States of America,USA,54.851211,-163.415023,35,35,Populated place
Kivalina,United States of America,USA,67.731492,-164.485903,374,374,Populated place
Newhalen,United States of America,USA,59.720346,-154.897197,160,160,Populated place
Pilot Point,United States of America,USA,57.56456,-157.569127,68,68,Populated place
Chignik,United States of America,USA,56.295671,-158.402228,118,118,Populated place
King Salmon,United States of America,USA,58.688703,-156.661378,292,292,Populated place
Quinhagak,United States of America,USA,59.749233,-161.915786,250,250,Populated place
Aniak,United States of America,USA,61.578708,-159.522186,501,501,Populated place
Kotlit,United States of America,USA,63.034588,-163.553283,1002,1002,Populated place
Unalakleet,United States of America,USA,63.873426,-160.788052,741,741,Populated place
Koyuk,United States of America,USA,64.940269,-161.157472,254,254,Populated place
McGrath,United States of America,USA,62.956815,-155.595785,138,138,Populated place
Hughes,United States of America,USA,66.049184,-154.254988,78,78,Populated place
Ambler,United States of America,USA,67.086485,-157.851409,258,258,Populated place
Wales,United States of America,USA,65.609599,-168.087503,99,99,Populated place
Kotzebue,United States of America,USA,66.898693,-162.596598,3194,2553,Populated place
Wasilla,United States of America,USA,61.581731,-149.439442,8521,8521,Populated place
Circle,United States of America,USA,65.82589,-144.06052,100,100,Populated place
Denali Park,United States of America,USA,63.733098,-148.914099,1826,300,Populated place
Yakutat,United States of America,USA,59.547307,-139.727218,109,109,Populated place
Homer,United States of America,USA,59.642934,-151.54828,6560,3483,Populated place
Tanacross,United States of America,USA,63.385703,-143.346403,136,136,Populated place
Wiseman,United States of America,USA,67.410471,-150.107489,14,14,Populated place
Bollnäs,Sweden,SWE,61.352003,16.366587,13398,12145,Populated place
Gävle,Sweden,SWE,60.66698,17.166642,68635,67836,Admin-1 capital
Kalmar,Sweden,SWE,56.667018,16.366587,35024,34744,Admin-1 capital
Växjö,Sweden,SWE,56.883697,14.816708,59600,46535,Admin-1 capital
Örebro,Sweden,SWE,59.280347,15.219991,98573,93291,Admin-1 capital
Norrköping,Sweden,SWE,58.595427,16.178692,88639,82903,Populated place
Halmstad,Sweden,SWE,56.671772,12.855587,55657,55209,Admin-1 capital
Karlstad,Sweden,SWE,59.367137,13.499941,74141,59266,Admin-1 capital
Skellefteå,Sweden,SWE,64.772079,20.950028,31311,30839,Populated place
Visby,Sweden,SWE,57.633651,18.300009,22593,21970,Admin-1 capital
Dzhankoy,Russia,RUS,45.71704,34.400009,43879,41731,Populated place
Yevpatoriya,Russia,RUS,45.196891,33.363069,105223,75953,Populated place
Kerch,Russia,RUS,45.368509,36.488098,152195,115749,Populated place
Simferopol,Russia,RUS,44.949154,34.098735,358108,253657,Admin-1 capital
Kherson,Ukraine,UKR,46.632537,32.600665,320477,236680,Admin-1 capital
Voznesensk,Ukraine,UKR,47.550365,31.333322,43996,42248,Populated place
Nizhyn,Ukraine,UKR,51.054079,31.890291,116288,75499,Populated place
Rivne,Ukraine,UKR,50.616586,26.252806,255106,251416,Admin-1 capital
Chernivtsi,Ukraine,UKR,48.305306,25.92156,298251,236250,Admin-1 capital
Ivano-Frankivsk,Ukraine,UKR,48.934751,24.709386,241239,204200,Admin-1 capital
Ternopil,Ukraine,UKR,49.53598,25.582149,244768,235676,Admin-1 capital
Lutsk,Ukraine,UKR,50.747198,25.333379,213661,210299,Admin-1 capital
Kovel,Ukraine,UKR,51.217066,24.71662,71301,66400,Populated place
Cherkasy,Ukraine,UKR,49.43472,32.0709,297568,273821,Admin-1 capital
Kirovohrad,Ukraine,UKR,48.504054,32.260294,249454,237693,Admin-1 capital
Izmayil,Ukraine,UKR,45.350344,28.837351,83194,82485,Populated place
Vinnytsya,Ukraine,UKR,49.225379,28.481558,352115,347139,Admin-1 capital
Korosten,Ukraine,UKR,50.950416,28.650024,72984,65000,Populated place
Shostka,Ukraine,UKR,51.873409,33.479651,96825,85432,Populated place
Nikopol,Ukraine,UKR,47.566591,34.40621,130500,107720,Populated place
Kupyansk,Ukraine,UKR,49.721783,37.598056,78870,78870,Populated place
Lysychansk,Ukraine,UKR,48.920411,38.42736,124421,111600,Populated place
Luhansk,Ukraine,UKR,48.56976,39.334384,452000,365862,Admin-1 capital
Poltava,Ukraine,UKR,49.57404,34.570282,317847,286588,Admin-1 capital
Kremenchuk,Ukraine,UKR,49.083527,33.429629,232742,186251,Populated place
Melitopol,Ukraine,UKR,46.837825,35.377468,158000,113700,Populated place
Al Ghaydah,Yemen,YEM,16.239408,52.163782,27404,20000,Populated place
Rida,Yemen,YEM,14.429493,44.8341,45233,45233,Populated place
Hadiboh,Yemen,YEM,12.651875,54.023927,11396,8545,Populated place
Saywun,Yemen,YEM,15.942992,48.787347,68747,68747,Populated place
Ras al Khaymah,United Arab Emirates,ARE,25.791538,55.942776,160849,115949,Admin-1 capital
Al Fujayrah,United Arab Emirates,ARE,25.123439,56.337481,94163,62415,Admin-1 capital
Al Ayn,United Arab Emirates,ARE,24.230471,55.739998,408733,296268,Populated place
Balkanabat,Turkmenistan,TKM,39.51238,54.36494,110827,87822,Admin-1 capital
Kaka,Turkmenistan,TKM,37.350342,59.600021,38381,18545,Populated place
Kogon,Uzbekistan,UZB,39.721076,64.545765,107566,62620,Populated place
Khiwa,Uzbekistan,UZB,41.391129,60.355737,149751,55567,Populated place
Chimboy,Uzbekistan,UZB,42.931138,59.77076,36917,31638,Populated place
Qunghirot,Uzbekistan,UZB,43.070406,58.900012,57758,57758,Populated place
Zarafshon,Uzbekistan,UZB,41.582228,64.201807,63543,47042,Populated place
Navoi,Uzbekistan,UZB,40.110406,65.354967,214828,129725,Admin-1 capital
Atamyrat,Turkmenistan,TKM,37.824809,65.199731,33242,31168,Populated place
Shahrisabz,Uzbekistan,UZB,39.061788,66.831466,498545,57051,Populated place
Qarshi,Uzbekistan,UZB,38.87043,65.800004,386361,222898,Admin-1 capital
Qoqon,Uzbekistan,UZB,40.540405,70.94,350000,192500,Populated place
Kuybyshevskiy,Tajikistan,TJK,37.979399,68.688975,8925,8925,Populated place
Kulob,Tajikistan,TJK,37.92116,69.77573,115164,78786,Admin-1 capital
Uroteppa,Tajikistan,TJK,39.921916,69.001462,156621,52851,Populated place
Jizzax,Uzbekistan,UZB,40.100381,67.830009,235352,152642,Admin-1 capital
Angren,Uzbekistan,UZB,41.030375,70.154932,202070,126957,Populated place
Olmaliq,Uzbekistan,UZB,40.850438,69.595018,121207,118329,Populated place
Chumphon,Thailand,THA,10.512677,99.187217,85686,55835,Admin-1 capital
Thung Song,Thailand,THA,8.153958,99.728631,28223,23852,Populated place
Trang,Thailand,THA,7.5634,99.608018,147820,59637,Admin-1 capital
Yala,Thailand,THA,6.55049,101.285073,148140,93558,Admin-1 capital
Chiang Rai,Thailand,THA,19.911871,99.826454,117127,78756,Admin-1 capital
Lampang,Thailand,THA,18.291557,99.481256,204081,156139,Admin-1 capital
Nan,Thailand,THA,18.786849,100.771461,82483,24670,Admin-1 capital
Phayao,Thailand,THA,19.170702,99.90831,21058,19118,Admin-1 capital
Phrae,Thailand,THA,18.153296,100.16292,38538,17971,Admin-1 capital
Phitsanulok,Thailand,THA,16.828313,100.272887,164017,103427,Admin-1 capital
Sukhothai,Thailand,THA,17.011867,99.751523,10276,10276,Admin-1 capital
Uttaradit,Thailand,THA,17.631623,100.097187,76630,58313,Admin-1 capital
Kanchanaburi,Thailand,THA,14.017425,99.522028,63699,63699,Admin-1 capital
Mae Sot,Thailand,THA,16.716175,98.570769,45781,44563,Populated place
Tak,Thailand,THA,16.884743,99.129339,33146,24149,Admin-1 capital
Uthai Thani,Thailand,THA,15.381863,100.026442,22219,16247,Admin-1 capital
Lop Buri,Thailand,THA,14.804018,100.618602,57761,26500,Admin-1 capital
Prachin Buri,Thailand,THA,14.057216,101.376799,79757,32600,Admin-1 capital
Ayutthaya,Thailand,THA,14.358799,100.568424,145615,81962,Admin-1 capital
Pathum Thani,Thailand,THA,14.017115,100.533336,154412,154412,Admin-1 capital
Saraburi,Thailand,THA,14.530365,100.879982,70769,70769,Admin-1 capital
Nonthaburi,Thailand,THA,13.833689,100.483313,258550,258550,Admin-1 capital
Phetchaburi,Thailand,THA,13.113294,99.941176,90497,46601,Admin-1 capital
Hua Hin,Thailand,THA,12.56971,99.944328,50456,17470,Populated place
Ratchaburi,Thailand,THA,13.541898,99.821545,106996,92448,Admin-1 capital
Samut Prakan,Thailand,THA,13.606907,100.611471,388920,388920,Admin-1 capital
Sisaket,Thailand,THA,15.120252,104.329849,44751,40961,Admin-1 capital
Hong Gai,Vietnam,VNM,20.960412,107.100015,172915,148066,Admin-1 capital
Cẩm Phả,Vietnam,VNM,21.040433,107.320002,135477,16374,Populated place
Si Racha,Thailand,THA,13.159028,100.928661,178916,9493,Populated place
Chon Buri,Thailand,THA,13.400408,100.999974,226618,216063,Admin-1 capital
Chanthaburi,Thailand,THA,12.613273,102.097892,99819,90082,Admin-1 capital
Aranyaprathet,Thailand,THA,13.682355,102.496937,22472,20236,Populated place
Rayong,Thailand,THA,12.671848,101.281456,37035,37035,Admin-1 capital
Buriram,Thailand,THA,15.00044,103.116641,47292,47292,Admin-1 capital
Chaiyaphum,Thailand,THA,15.804008,102.038619,58350,52032,Admin-1 capital
Bua Yai,Thailand,THA,15.584022,102.418596,18269,16832,Populated place
Surin,Thailand,THA,14.886829,103.49145,62536,46673,Admin-1 capital
Loei,Thailand,THA,17.49189,101.731506,35273,24543,Admin-1 capital
Nong Khai,Thailand,THA,17.873262,102.747878,104505,63609,Admin-1 capital
Sakhon Nakhon,Thailand,THA,17.167904,104.147896,76237,59274,Admin-1 capital
Udon Thani,Thailand,THA,17.404763,102.789323,247231,231153,Admin-1 capital
Lao Chi,Vietnam,VNM,22.501351,103.965995,67206,36502,Admin-1 capital
Hoa Binh,Vietnam,VNM,20.813702,105.338314,105260,99502,Admin-1 capital
Sơn Tây,Vietnam,VNM,21.138179,105.505022,189547,40636,Populated place
Ninh Bình,Vietnam,VNM,20.254305,105.97502,130517,130517,Admin-1 capital
Việt Trì,Vietnam,VNM,21.330415,105.429988,350000,260288,Admin-1 capital
Bắc Giang,Vietnam,VNM,21.267008,106.200019,53728,53728,Admin-1 capital
Nakhon Phanom,Thailand,THA,17.39448,104.76946,55377,34595,Admin-1 capital
Hà Tĩnh,Vietnam,VNM,18.333776,105.900037,165396,165396,Admin-1 capital
Buon Me Thuot,Vietnam,VNM,12.667042,108.049983,349945,146975,Admin-1 capital
Da Lat,Vietnam,VNM,11.93042,108.419987,256019,131377,Admin-1 capital
Phan Rang,Vietnam,VNM,11.567032,108.983311,179773,91520,Admin-1 capital
Hon Quan,Vietnam,VNM,11.650386,106.600046,40279,40279,Populated place
Kon Tum,Vietnam,VNM,14.383759,107.983321,105489,47409,Admin-1 capital
Quảng Ngãi,Vietnam,VNM,15.150431,108.829987,250000,119251,Admin-1 capital
Quảng Trị,Vietnam,VNM,16.750359,107.200009,72722,72722,Admin-1 capital
Narathiwat,Thailand,THA,6.431841,101.821423,68112,47771,Admin-1 capital
Vung Tau,Vietnam,VNM,10.355374,107.084978,248767,209683,Admin-1 capital
Phan Thiet,Vietnam,VNM,10.933737,108.100058,336846,160652,Admin-1 capital
Long Xuyen,Vietnam,VNM,10.380386,105.420015,350000,158153,Admin-1 capital
Châu Đốc,Vietnam,VNM,10.700392,105.116674,70239,70239,Admin-1 capital
Rạch Giá,Vietnam,VNM,10.015395,105.091353,300000,205660,Admin-1 capital
Tan An,Vietnam,VNM,10.533736,106.416698,137498,64801,Admin-1 capital
Mỹ Tho,Vietnam,VNM,10.350413,106.350035,124143,122310,Admin-1 capital
Bạc Liêu,Vietnam,VNM,9.280375,105.719996,225000,150000,Admin-1 capital
Cà Mau,Vietnam,VNM,9.177358,105.150005,356636,204895,Admin-1 capital
Sóc Trăng,Vietnam,VNM,9.603741,105.980032,300000,173922,Admin-1 capital
Ha Giang,Vietnam,VNM,22.833657,104.983349,38362,32690,Admin-1 capital
Kawambwa,Zambia,ZMB,-9.779521,29.080023,20589,20121,Populated place
Nchelenge,Zambia,ZMB,-9.349573,28.730019,23693,8115,Populated place
Chinsali,Zambia,ZMB,-10.549603,32.059996,14015,950,Populated place
Kasama,Zambia,ZMB,-10.199598,31.179947,200000,113000,Admin-1 capital
Kapiri Mposhi,Zambia,ZMB,-13.969601,28.659997,37942,22214,Populated place
Mumbwa,Zambia,ZMB,-14.979617,27.070017,19086,9731,Populated place
Chingola,Zambia,ZMB,-12.539611,27.850021,182015,148564,Populated place
Chililabombwe,Zambia,ZMB,-12.369595,27.819997,82068,57328,Populated place
Nyimba,Zambia,ZMB,-14.549514,30.809995,1336,292,Populated place
Lundazi,Zambia,ZMB,-12.289548,33.170006,11635,7446,Populated place
Chipata,Zambia,ZMB,-13.62957,32.640013,85963,78947,Admin-1 region capital
Mwinilunga,Zambia,ZMB,-11.739556,24.439996,13798,2875,Populated place
Kasempa,Zambia,ZMB,-13.459606,25.820015,5622,5622,Populated place
Solwezi,Zambia,ZMB,-12.179581,26.39998,65000,38587,Admin-1 capital
Choma,Zambia,ZMB,-16.809479,26.970023,46746,37902,Populated place
Mongu,Zambia,ZMB,-15.279598,23.120025,52534,37663,Admin-1 capital
Kaoma,Zambia,ZMB,-14.779629,24.799974,14212,306,Populated place
Sesheke,Zambia,ZMB,-17.469542,24.300005,20149,206,Populated place
Lukulu,Zambia,ZMB,-14.389575,23.240018,3349,3349,Populated place
Kalabo,Zambia,ZMB,-14.98959,22.68,7731,7731,Populated place
Senanga,Zambia,ZMB,-16.119599,23.270042,10005,10005,Populated place
Mazowe,Zimbabwe,ZWE,-17.519617,30.970037,9966,9966,Populated place
Shamva,Zimbabwe,ZWE,-17.319629,31.57,10317,6725,Populated place
Victoria Falls,Zimbabwe,ZWE,-17.929618,25.840014,35761,12168,Populated place
Zvishavane,Zimbabwe,ZWE,-20.329574,30.04999,35896,33219,Populated place
Kwekwe,Zimbabwe,ZWE,-18.929608,29.799979,99149,62427,Populated place
Plumtree,Zimbabwe,ZWE,-20.479539,27.819997,2148,1771,Populated place
Beitbridge,Zimbabwe,ZWE,-22.209615,29.989993,26459,1060,Populated place
Gwanda,Zimbabwe,ZWE,-20.939615,29.010002,14450,2055,Admin-1 capital
Chiredzi,Zimbabwe,ZWE,-21.049582,31.660021,28205,7428,Populated place
Masvingo,Zimbabwe,ZWE,-20.059617,30.82002,76311,76290,Admin-1 capital
Karoi,Zimbabwe,ZWE,-16.819556,29.679987,25030,1358,Populated place
Chinhoyi,Zimbabwe,ZWE,-17.359626,30.180008,61739,43885,Admin-1 capital
Kariba,Zimbabwe,ZWE,-16.5296,28.80004,25531,20736,Admin-1 capital
Golela,eSwatini,SWZ,-27.296178,31.900006,3695,3695,Populated place
Luganville,Vanuatu,VUT,-15.512556,167.176607,13397,7872,Populated place
Trujillo,Honduras,HND,15.910358,-85.960009,9646,5087,Admin-1 capital
Brus Laguna,Honduras,HND,15.75042,-84.479996,4067,4067,Populated place
Puerto Lempira,Honduras,HND,15.262026,-83.771642,4856,4664,Admin-1 capital
Juticalpa,Honduras,HND,14.670408,-86.229967,37442,33686,Admin-1 capital
Comayagua,Honduras,HND,14.460395,-87.649984,71142,58784,Admin-1 capital
Choluteca,Honduras,HND,13.300673,-87.190813,99429,75872,Admin-1 capital
Kumaka,Guyana,GUY,3.900394,-58.380013,2190,745,Populated place
Bartica,Guyana,GUY,6.410421,-58.630024,11524,11157,Populated place
Anna Regina,Guyana,GUY,7.270421,-58.500057,3113,3113,Populated place
Egilsstaðir,Iceland,ISL,65.267423,-14.394998,2265,1380,Admin-1 capital
Sauðárkrókur,Iceland,ISL,65.746412,-19.638993,2682,1700,Admin-1 capital
Selfoss,Iceland,ISL,63.933422,-20.996946,6275,3786,Admin-1 capital
Lorca,Spain,ESP,37.688564,-1.698512,86119,26964,Populated place
Cartagena,Spain,ESP,37.60043,-0.980028,201274,131279,Populated place
Oviedo,Spain,ESP,43.350492,-5.829991,235651,211398,Admin-1 capital
Santiago de Compostela,Spain,ESP,42.882898,-8.541091,92430,83012,Admin-1 capital
Badajoz,Spain,ESP,38.880429,-6.969973,140133,91144,Populated place
Logroño,Spain,ESP,42.470365,-2.429992,143698,104139,Admin-1 capital
San Sebastián,Spain,ESP,43.320391,-1.979993,357468,183528,Populated place
Maridi,South Sudan,SSD,4.915112,29.47695,14224,1291,Populated place
Yei,South Sudan,SSD,4.090382,30.680029,185000,40382,Admin-1 capital
Melut,South Sudan,SSD,10.43369,32.200039,6407,6407,Populated place
Nasir,South Sudan,SSD,8.600391,33.066602,1741,1741,Populated place
Gogrial,South Sudan,SSD,8.533729,28.116671,50065,38572,Populated place
El Manaqil,Sudan,SDN,14.250382,32.979992,151827,128297,Admin-1 capital
Shendi,Sudan,SDN,16.680492,33.420017,186611,53568,Populated place
Berber,Sudan,SDN,18.017026,33.98329,49556,22395,Populated place
Kerma,Sudan,SDN,19.633697,30.416582,3928,3928,Populated place
Ed Dueim,Sudan,SDN,13.990398,32.299982,87068,22583,Populated place
Umm Ruwaba,Sudan,SDN,12.910438,31.199997,55742,16257,Populated place
Kapoeta,South Sudan,SSD,4.772123,33.590239,7042,3000,Admin-1 capital
Les Cayes,Haiti,HTI,18.200374,-73.749979,175457,70000,Admin-1 capital
Gonaïves,Haiti,HTI,19.450427,-72.683249,166678,84961,Admin-1 capital
Ayr,United Kingdom,GBR,55.4504,-4.61668,69042,45513,Populated place
Aberdeen,United Kingdom,GBR,57.170398,-2.079987,189364,183790,Populated place
Perth,United Kingdom,GBR,56.400342,-3.46998,39654,39654,Populated place
Dundee,United Kingdom,GBR,56.470389,-3.000008,151592,150435,Populated place
Middlesbrough,United Kingdom,GBR,54.580375,-1.230013,416042,142707,Populated place
Coventry,United Kingdom,GBR,52.420404,-1.499997,388271,308313,Populated place
Bath,United Kingdom,GBR,51.383749,-2.350022,93238,92120,Populated place
Exeter,United Kingdom,GBR,50.700405,-3.52995,113118,103366,Populated place
Cambridge,United Kingdom,GBR,52.200391,0.116623,128488,128488,Populated place
Kingston upon Hull,United Kingdom,GBR,53.750426,-0.329991,302296,292501,Populated place
Londonderry/Derry,United Kingdom,GBR,55.000375,-7.333284,83652,81618,Populated place
Lisburn,United Kingdom,GBR,54.520379,-6.670017,12899,12899,Populated place
Penzance,United Kingdom,GBR,50.133722,-5.550034,20812,15489,Populated place
York,United Kingdom,GBR,53.970387,-1.080022,158947,144202,Populated place
Blackpool,United Kingdom,GBR,53.830395,-3.050005,272792,143101,Populated place
Dumfries,United Kingdom,GBR,55.06709,-3.550001,31044,31044,Populated place
Scarborough,United Kingdom,GBR,54.280394,-0.429984,70571,70571,Populated place
Plymouth,United Kingdom,GBR,50.385386,-4.159989,247297,231575,Populated place
Söke,Turkey,TUR,37.751222,27.410254,77341,68230,Populated place
Balıkesir,Turkey,TUR,39.650382,27.890018,261516,238151,Admin-1 capital
Çanakkale,Turkey,TUR,40.145933,26.406388,87791,61543,Admin-1 capital
Edirne,Turkey,TUR,41.67044,26.569996,126470,102378,Admin-1 capital
Tekirdağ,Turkey,TUR,40.990869,27.50999,122287,94245,Admin-1 capital
İzmit,Turkey,TUR,40.776024,29.930617,466504,300611,Admin-1 capital
Bolu,Turkey,TUR,40.736259,31.606122,96629,96349,Admin-1 capital
Afyon,Turkey,TUR,38.750385,30.550011,156992,146136,Admin-1 capital
Denizli,Turkey,TUR,37.770394,29.080023,372344,313238,Admin-1 capital
Manisa,Turkey,TUR,38.630393,27.439968,243971,231429,Admin-1 capital
Adıyaman,Turkey,TUR,37.770394,38.279927,223744,167250,Admin-1 capital
Malatya,Turkey,TUR,38.370434,38.300029,461574,441805,Admin-1 capital
Tarsus,Turkey,TUR,36.920394,34.879979,894318,238276,Populated place
Samandagi,Turkey,TUR,36.117058,35.9333,93638,93638,Populated place
İskenderun,Turkey,TUR,36.580414,36.17003,297943,159965,Populated place
Amasya,Turkey,TUR,40.65368,35.833048,82896,72505,Admin-1 capital
Ordu,Turkey,TUR,41.000429,37.869926,155117,116788,Admin-1 capital
Sivas,Turkey,TUR,39.745415,37.03499,264022,227581,Admin-1 capital
Bafra,Turkey,TUR,41.568172,35.906893,97452,92944,Populated place
Erzurum,Turkey,TUR,39.920392,41.290027,420691,362917,Admin-1 capital
Erzincan,Turkey,TUR,39.75265,39.492773,129407,114027,Admin-1 capital
Ağrı,Turkey,TUR,39.719835,43.051315,87854,87854,Admin-1 capital
Diyarbakır,Turkey,TUR,37.920436,40.23004,644763,636410,Admin-1 capital
Muş,Turkey,TUR,38.749016,41.49694,82536,78546,Admin-1 capital
Ipswich,United Kingdom,GBR,52.070348,1.169996,143767,134257,Populated place
Norwich,United Kingdom,GBR,52.630365,1.300013,190756,177636,Populated place
Batticaloa,Sri Lanka,LKA,7.717008,81.700015,129222,86742,Populated place
Kilinochchi,Sri Lanka,LKA,9.40042,80.39994,103717,25000,Populated place
Matara,Sri Lanka,LKA,5.948977,80.542773,68244,68244,Populated place
Badulla,Sri Lanka,LKA,6.983694,81.049926,47587,42230,Admin-1 capital
Moratuwa,Sri Lanka,LKA,6.780399,79.880023,200000,177190,Populated place
Yeosu,South Korea,KOR,34.73678,127.745835,341994,262290,Populated place
Andong,South Korea,KOR,36.565919,128.725,129319,118522,Populated place
Jeju,South Korea,KOR,33.510137,126.521931,408364,314152,Admin-1 capital
Brighton,United Kingdom,GBR,50.830346,-0.169974,503008,139001,Populated place
Kirkwall,United Kingdom,GBR,58.966981,-2.950011,8500,3153,Populated place
Inverness,United Kingdom,GBR,57.467124,-4.233266,45158,40755,Populated place
Oxford,United Kingdom,GBR,51.770418,-1.249986,192796,154566,Populated place
Luton,United Kingdom,GBR,51.880359,-0.420011,235958,193669,Populated place
Portsmouth,United Kingdom,GBR,50.800348,-1.080022,442252,205100,Populated place
Peterborough,United Kingdom,GBR,52.58042,-0.249995,140141,140141,Populated place
Nottingham,United Kingdom,GBR,52.970344,-1.170017,825600,305700,Populated place
Stoke,United Kingdom,GBR,53.000368,-2.180007,390801,260419,Populated place
Zonguldak,Turkey,TUR,41.430377,31.780013,156918,100229,Admin-1 capital
Ereğli,Turkey,TUR,37.506275,34.051658,92117,81009,Populated place
Karaman,Turkey,TUR,37.181541,33.215016,120399,86840,Admin-1 capital
Uşak,Turkey,TUR,38.680364,29.420002,152862,141519,Admin-1 capital
Kilis,Turkey,TUR,36.720406,37.119998,82301,64339,Admin-1 capital
Kırıkkale,Turkey,TUR,39.85037,33.529984,211138,205971,Populated place
Kars,Turkey,TUR,40.608463,43.097462,77486,48100,Admin-1 capital
Mardin,Turkey,TUR,37.311507,40.742722,71373,57586,Admin-1 capital
Batman,Turkey,TUR,37.890412,41.140011,302074,250601,Admin-1 capital
Van,Turkey,TUR,38.49544,43.399976,371713,280811,Admin-1 capital
Al Qunaytirah,Syria,SYR,33.125664,35.823591,4318,153,Admin-1 capital
Jinja,Uganda,UGA,0.440424,33.199927,301619,89700,Admin-1 region capital
Soroti,Uganda,UGA,1.710398,33.600006,1038,1038,Admin-1 capital
Arua,Uganda,UGA,3.02037,30.900015,250000,59400,Admin-1 region capital
Pakwach,Uganda,UGA,2.470378,31.47998,17541,17541,Populated place
Moyo,Uganda,UGA,3.650409,31.720017,22434,22434,Admin-1 capital
Entebbe,Uganda,UGA,0.060396,32.460024,175128,79700,Admin-1 capital
Mubende,Uganda,UGA,0.590441,31.370013,18936,176,Admin-1 capital
Mityana,Uganda,UGA,0.400427,32.050023,41131,33710,Admin-1 capital
Kitgum,Uganda,UGA,3.300405,32.870024,56891,8680,Admin-1 capital
Lira,Uganda,UGA,2.26039,32.890023,135445,119323,Admin-1 capital
Masindi-Port,Uganda,UGA,1.700399,32.069918,8319,7828,Admin-1 capital
Mbale,Uganda,UGA,1.09041,34.169997,402368,91800,Admin-1 region capital
Tororo,Uganda,UGA,0.710382,34.169997,150000,43700,Admin-1 capital
Kaabong,Uganda,UGA,3.520391,34.120026,1137,1137,Populated place
Moroto,Uganda,UGA,2.540348,34.639994,371,371,Admin-1 region capital
Pécs,Hungary,HUN,46.080429,18.220014,186262,156649,Admin-1 capital
Győr,Hungary,HUN,47.700356,17.630024,136081,128265,Admin-1 capital
Kaposvár,Hungary,HUN,46.367026,17.799988,108528,67746,Admin-1 capital
Vác,Hungary,HUN,47.783658,19.13324,35293,35108,Populated place
Miskolc,Hungary,HUN,48.100409,20.780013,247757,172637,Admin-1 capital
Szeged,Hungary,HUN,46.250393,20.150026,187765,164883,Admin-1 capital
Debrecen,Hungary,HUN,47.53047,21.630039,231286,204124,Admin-1 capital
Szolnok,Hungary,HUN,47.186356,20.179378,109261,75474,Admin-1 capital
Tunduma,Tanzania,TZA,-9.284616,32.77494,36556,18530,Populated place
Tukuyu,Tanzania,TZA,-9.249579,33.640003,127570,28398,Populated place
Sumbawanga,Tanzania,TZA,-7.95958,31.620023,89161,63932,Admin-1 capital
Mpanda,Tanzania,TZA,-6.359574,31.050032,73338,73338,Populated place
Kipili,Tanzania,TZA,-7.432894,30.599982,1533,1533,Admin-1 capital
Karema,Tanzania,TZA,-6.816187,30.433274,16385,12630,Populated place
Geita,Tanzania,TZA,-2.866196,32.166605,1536,1536,Populated place
Nyahanga,Tanzania,TZA,-2.382918,33.550035,16092,16092,Populated place
Kahama,Tanzania,TZA,-3.819574,32.580016,36014,34544,Populated place
Shinyanga,Tanzania,TZA,-3.659584,33.420017,107362,80226,Admin-1 capital
Nzega,Tanzania,TZA,-4.209628,33.180031,26584,10066,Populated place
Sikonge,Tanzania,TZA,-5.629541,32.770031,27113,1986,Populated place
Biharamulo,Tanzania,TZA,-2.629621,31.310016,34038,9597,Populated place
Bukoba,Tanzania,TZA,-1.319624,31.799961,100504,70628,Admin-1 capital
Ngara,Tanzania,TZA,-2.469528,30.650005,16890,4598,Populated place
Masaka,Uganda,UGA,-0.329607,31.729991,65373,65373,Admin-1 region capital
Kakonko,Tanzania,TZA,-3.279607,30.960012,24688,7950,Populated place
Kasulu,Tanzania,TZA,-4.57958,30.100013,37349,25088,Populated place
Kanyato,Tanzania,TZA,-4.456538,30.261398,232,232,Populated place
Uvinza,Tanzania,TZA,-5.119598,30.390021,80350,24650,Populated place
Kigoma,Tanzania,TZA,-4.879613,29.610017,164268,164268,Admin-1 capital
Katwe,Uganda,UGA,-0.129619,29.920024,1957,1957,Populated place
Mbarara,Uganda,UGA,-0.599616,30.650005,83700,83700,Admin-1 region capital
Kabale,Uganda,UGA,-1.249602,29.979968,44600,44600,Admin-1 capital
Mikumi,Tanzania,TZA,-7.399614,36.980006,16780,8162,Populated place
Ifakara,Tanzania,TZA,-8.129596,36.680024,49528,6331,Populated place
Kilosa,Tanzania,TZA,-6.839597,36.990031,91889,13227,Populated place
Chake Chake,Tanzania,TZA,-5.239539,39.770017,49959,21686,Admin-1 capital
Kibiti,Tanzania,TZA,-7.72962,38.950015,30163,943,Populated place
Bagamoyo,Tanzania,TZA,-6.439621,38.890019,82426,793,Populated place
Kilindoni,Tanzania,TZA,-7.916275,39.650024,12409,3580,Populated place
Mpwapwa,Tanzania,TZA,-6.349601,36.479985,19806,381,Populated place
Njombe,Tanzania,TZA,-9.329626,34.770012,46724,37311,Populated place
Iringa,Tanzania,TZA,-7.769618,35.690007,111820,94760,Admin-1 capital
Masasi,Tanzania,TZA,-10.729592,38.799947,36032,27067,Populated place
Mtwara,Tanzania,TZA,-10.26962,40.189991,96602,86746,Admin-1 capital
Tunduru,Tanzania,TZA,-11.08957,37.370008,600,600,Populated place
Mbamba Bay,Tanzania,TZA,-11.282943,34.766601,8997,8997,Populated place
Manyoni,Tanzania,TZA,-5.77961,34.90003,310,310,Populated place
Itigi,Tanzania,TZA,-5.699615,34.480004,19711,3357,Populated place
Singida,Tanzania,TZA,-4.819617,34.740039,62432,33067,Admin-1 capital
Ngorongoro,Tanzania,TZA,-3.249583,35.519992,10836,10836,Populated place
Oldeani,Tanzania,TZA,-3.349629,35.550016,8000,6601,Populated place
Mbulu,Tanzania,TZA,-3.849598,35.530017,13430,7412,Populated place
Babati,Tanzania,TZA,-4.21955,35.750004,34291,3943,Admin-1 capital
Same,Tanzania,TZA,-4.069585,37.720013,17455,2081,Populated place
Moshi,Tanzania,TZA,-3.339604,37.339984,721018,206728,Admin-1 capital
Musoma,Tanzania,TZA,-1.489587,33.799993,133156,121119,Admin-1 capital
Korogwe,Tanzania,TZA,-5.089574,38.540014,50000,44000,Populated place
Dover,United Kingdom,GBR,51.133712,1.300013,36384,28156,Populated place
Lausanne,Switzerland,CHE,46.530427,6.650023,265702,116751,Admin-1 capital
Basel,Switzerland,CHE,47.580389,7.590017,830000,170635,Admin-1 capital
Trollhättan,Sweden,SWE,58.267101,12.299962,44543,44522,Populated place
Borås,Sweden,SWE,57.730441,12.919976,65008,63223,Populated place
Kristianstad,Sweden,SWE,56.033672,14.133287,32188,21339,Admin-1 capital
Helsingborg,Sweden,SWE,56.050492,12.700041,91304,91025,Populated place
Alicante,Spain,ESP,38.35122,-0.483641,315863,276827,Populated place
Castello,Spain,ESP,39.970414,-0.050008,180610,172110,Populated place
En Nuhud,Sudan,SDN,12.690426,28.420012,108008,61239,Populated place
Muglad,Sudan,SDN,11.033731,27.733335,19997,14691,Populated place
Nyanza,Rwanda,RWA,-2.349587,29.740035,225209,225209,Populated place
Gitarama,Rwanda,RWA,-2.069604,29.759982,87613,87613,Admin-1 capital
Butare,Rwanda,RWA,-2.589624,29.730009,77000,77000,Admin-1 capital
Gisenyi,Rwanda,RWA,-1.684666,29.262906,83623,83623,Admin-1 capital
Cyangugu,Rwanda,RWA,-2.479605,28.899983,19900,19900,Admin-1 capital
Byumba,Rwanda,RWA,-1.579556,30.060015,70593,70593,Admin-1 capital
Ruhengeri,Rwanda,RWA,-1.499613,29.630015,86685,86685,Admin-1 capital
Rivas,Nicaragua,NIC,11.440373,-85.819992,31941,30293,Admin-1 capital
San Juan de Nicaragua,Nicaragua,NIC,10.920405,-83.699992,1000,726,Populated place
Gouré,Niger,NER,13.987401,10.270009,14639,11944,Populated place
Gaya,Niger,NER,11.888175,3.446652,33051,25738,Populated place
Tillabéri,Niger,NER,14.212038,1.453079,19262,8362,Admin-1 capital
Ayorou,Niger,NER,14.7318,0.919468,26290,1712,Populated place
Birni Nkonni,Niger,NER,13.790436,5.259927,65252,48103,Populated place
Madaoua,Niger,NER,14.076181,5.958592,24804,15104,Populated place
Craiova,Romania,ROU,44.326272,23.825874,304142,298145,Admin-1 capital
Călărași,Romania,ROU,44.20628,27.325918,73224,69167,Admin-1 capital
Maribor,Slovenia,SVN,46.540478,15.650042,114228,89056,Populated place
Reșița,Romania,ROU,45.296963,21.886509,83324,81228,Admin-1 capital
Timișoara,Romania,ROU,45.758821,21.223448,315053,304097,Admin-1 capital
Botoșani,Romania,ROU,47.748415,26.659654,114783,111935,Admin-1 capital
Baia Mare,Romania,ROU,47.659454,23.579067,136553,132707,Admin-1 capital
Tirgu Mures,Romania,ROU,46.558203,24.557819,149433,146863,Admin-1 capital
Pitești,Romania,ROU,44.856318,24.875835,171021,167669,Admin-1 capital
Brașov,Romania,ROU,45.647535,25.60716,311044,276088,Admin-1 capital
Ploiești,Romania,ROU,44.946906,26.036488,232542,228851,Admin-1 capital
Bacău,Romania,ROU,46.578435,26.919638,199668,171396,Admin-1 capital
Pimentel,Peru,PER,-6.829623,-79.92999,15552,13293,Populated place
Olmos,Peru,PER,-5.979598,-79.749975,9800,5359,Populated place
Sechura,Peru,PER,-5.559623,-80.819987,23020,8602,Populated place
Chulucanas,Peru,PER,-5.089574,-80.170001,68835,52035,Populated place
Sullana,Peru,PER,-4.889587,-80.679996,160789,68204,Populated place
Abancay,Peru,PER,-13.639595,-72.890006,55111,52851,Admin-1 capital
Camaná,Peru,PER,-16.61962,-72.719991,20956,16434,Populated place
Sicuani,Peru,PER,-14.289581,-71.229978,33575,8274,Populated place
Puno,Peru,PER,-15.83295,-70.033307,116552,106148,Admin-1 capital
Ayaviri,Peru,PER,-14.879571,-70.599991,19310,5739,Populated place
Ilave,Peru,PER,-16.079601,-69.669996,16033,16033,Populated place
Desaguadero,Peru,PER,-16.564585,-69.044995,5329,4911,Populated place
Huarmey,Peru,PER,-10.069581,-78.159994,16172,2196,Populated place
Cajabamba,Peru,PER,-7.619601,-78.040002,13486,10587,Populated place
Jaén,Peru,PER,-5.709588,-78.809981,52493,45849,Populated place
Chota,Peru,PER,-6.549589,-78.650042,14240,12664,Populated place
Tingo María,Peru,PER,-9.289628,-75.989998,53177,19100,Populated place
Moyobamba,Peru,PER,-6.049619,-76.966656,47734,44276,Admin-1 capital
Juanjuí,Peru,PER,-7.169602,-76.739978,37715,16990,Populated place
Tocache,Peru,PER,-8.179618,-76.520017,29029,2616,Populated place
Chachapoyas,Peru,PER,-6.229608,-77.870012,25978,20279,Admin-1 capital
Caballococha,Peru,PER,-3.916261,-70.508343,3195,3195,Populated place
Puca Urco,Peru,PER,-2.332792,-71.91668,10,10,Populated place
Andoas,Peru,PER,-2.902059,-76.402479,10,10,Populated place
Soldado Bartra,Peru,PER,-2.51614,-75.7666,10,10,Populated place
Nuevo Rocafuerte,Peru,PER,-0.932929,-75.399982,40,40,Populated place
Requena,Peru,PER,-5.069627,-73.909995,18000,16195,Populated place
Huanta,Peru,PER,-12.949611,-74.25,18627,12442,Populated place
Coracora,Peru,PER,-15.019614,-73.789977,7420,5447,Populated place
Chincha Alta,Peru,PER,-13.419609,-76.139988,153076,124140,Populated place
Santiago,Peru,PER,-14.189587,-75.739961,10449,10449,Populated place
San Ramon,Peru,PER,-11.129619,-75.340011,14708,6490,Populated place
Junín,Peru,PER,-11.149618,-76.010022,15320,7670,Populated place
Jauja,Peru,PER,-11.799604,-75.500028,21057,21057,Populated place
Pativilca,Peru,PER,-10.69962,-77.799991,31905,13583,Populated place
Chancay,Peru,PER,-11.559619,-77.269971,26958,10244,Populated place
Chilca,Peru,PER,-12.519612,-76.739978,12884,228,Populated place
Fuerte Olimpo,Paraguay,PRY,-21.069581,-57.899991,2475,2475,Admin-1 capital
Capitan Pablo Lagerenza,Paraguay,PRY,-19.916111,-60.783277,1200,1200,Admin-1 capital
La Victoria,Paraguay,PRY,-22.28961,-57.939988,5000,5000,Populated place
Horqueta,Paraguay,PRY,-23.339623,-57.050017,16171,10531,Populated place
Belén,Paraguay,PRY,-23.469486,-57.239979,11359,1621,Populated place
Rosario,Paraguay,PRY,-24.419609,-57.100014,5123,2155,Populated place
Itá,Paraguay,PRY,-25.50962,-57.360024,41090,18459,Populated place
Pilar,Paraguay,PRY,-26.869485,-58.299992,28435,28435,Admin-1 capital
Pedro Juan Caballero,Paraguay,PRY,-22.544581,-55.759992,102787,29271,Admin-1 capital
Bella Vista,Paraguay,PRY,-22.12962,-56.519997,16852,5653,Populated place
Abaí,Paraguay,PRY,-26.029588,-55.940007,3024,2553,Populated place
Ygatimí,Paraguay,PRY,-24.07963,-55.499982,2809,2809,Populated place
Hohenau,Paraguay,PRY,-27.07955,-55.749967,5306,5306,Populated place
Granada‎,Nicaragua,NIC,11.933728,-85.949984,105219,89409,Admin-1 capital
Chinandega,Nicaragua,NIC,12.630378,-87.130041,139023,126387,Admin-1 capital
Matagalpa,Nicaragua,NIC,12.917079,-85.916653,109089,103940,Admin-1 capital
Horta,Portugal,PRT,38.534656,-28.644757,6611,6572,Populated place
Angra do Heroísmo,Portugal,PRT,38.650392,-27.21667,12045,10228,Populated place
Portimão,Portugal,PRT,37.13374,-8.533314,61226,38487,Populated place
Faro,Portugal,PRT,37.01708,-7.933273,41355,21163,Admin-1 capital
Coimbra,Portugal,PRT,40.200374,-8.41668,106582,89131,Admin-1 capital
Makeni,Sierra Leone,SLE,8.880426,-12.049973,87679,78553,Admin-1 capital
Diourbel,Senegal,SEN,14.660383,-16.240001,148024,148024,Admin-1 capital
Louga,Senegal,SEN,15.610377,-16.250001,85075,85075,Admin-1 capital
Thiès,Senegal,SEN,14.8104,-16.930011,293001,293001,Admin-1 capital
Kolda,Senegal,SEN,12.910438,-14.950028,69267,58809,Admin-1 capital
Tambacounda,Senegal,SEN,13.780359,-13.680028,89212,89212,Admin-1 capital
Kédougou,Senegal,SEN,12.560434,-12.179991,18226,17922,Populated place
Harper,Liberia,LBR,4.375378,-7.716981,32661,17837,Admin-1 capital
Gbarnga,Liberia,LBR,7.010411,-9.49,45835,17878,Admin-1 capital
Koidu,Sierra Leone,SLE,8.440478,-10.849994,87539,3076,Populated place
Kenema,Sierra Leone,SLE,7.880409,-11.189974,143137,124700,Admin-1 capital
Zwedru,Liberia,LBR,6.07039,-8.130005,25678,13241,Admin-1 capital
Diffa,Niger,NER,13.317054,12.608884,30988,27948,Admin-1 capital
Nguigmi,Niger,NER,14.253173,13.110817,17897,12739,Populated place
Pec,Kosovo,KOS,42.660328,20.310739,105163,81800,Populated place
Buraydah,Saudi Arabia,SAU,26.366387,43.962836,398581,391336,Admin-1 capital
Hail,Saudi Arabia,SAU,27.523577,41.70008,385257,385257,Admin-1 capital
Arar,Saudi Arabia,SAU,30.990006,41.02069,222016,148540,Admin-1 capital
Rafha,Saudi Arabia,SAU,29.620219,43.494802,64755,64755,Populated place
Mwingi,Kenya,KEN,-0.92957,38.070017,11219,7874,Populated place
Embu,Kenya,KEN,-0.519569,37.450003,58620,34922,Admin-1 capital
Machakos,Kenya,KEN,-1.509535,37.259989,144925,31971,Populated place
Nanyuki,Kenya,KEN,0.020398,37.060001,36142,32542,Populated place
Maralal,Kenya,KEN,1.110461,36.680024,20841,20841,Populated place
Konza,Kenya,KEN,-1.749623,37.119998,2004,2004,Populated place
Lodwar,Kenya,KEN,3.130389,35.570015,20219,13960,Populated place
Eldama Ravine,Kenya,KEN,0.05037,35.720031,17581,12524,Populated place
Sotik,Kenya,KEN,-0.679559,35.120016,71285,2600,Populated place
Namanga,Kenya,KEN,-2.539601,36.800017,13193,2136,Populated place
Naivasha,Kenya,KEN,-0.709583,36.429962,43983,38366,Populated place
Kericho,Kenya,KEN,-0.359579,35.280007,98852,35748,Populated place
Kitale,Kenya,KEN,1.030466,34.989947,150495,75123,Populated place
Bungoma,Kenya,KEN,0.57039,34.559999,55962,55962,Populated place
Kakamega,Kenya,KEN,0.290407,34.730014,63426,63426,Admin-1 capital
Wajir,Kenya,KEN,1.75037,40.05,45771,34709,Populated place
Garissa,Kenya,KEN,-0.439626,39.670023,67861,64035,Admin-1 capital
Leeuwarden,Netherlands,NLD,53.250379,5.783357,125778,91424,Admin-1 capital
Groningen,Netherlands,NLD,53.220407,6.580001,216688,181194,Admin-1 capital
Harstad,Norway,NOR,68.787906,16.51557,19433,18973,Populated place
Utrecht,Netherlands,NLD,52.100346,5.120039,640000,316448,Admin-1 capital
Ålesund,Norway,NOR,62.545419,6.388023,47772,42982,Populated place
Sandnes,Norway,NOR,58.845412,5.69003,46911,46911,Populated place
Drammen,Norway,NOR,59.757243,10.190737,90722,80153,Admin-1 capital
Moss,Norway,NOR,59.436978,10.669157,36901,34492,Admin-1 capital
Steinkjer,Norway,NOR,64.01706,11.500011,11274,11113,Admin-1 capital
Ventspils,Latvia,LVA,57.389868,21.560586,42884,42644,Admin-1 capital
Klaipėda,Lithuania,LTU,55.720409,21.119941,192307,190361,Admin-1 capital
Zvolen,Slovakia,SVK,48.583739,19.13324,44502,32051,Populated place
Žilina,Slovakia,SVK,49.219824,18.749388,87625,85985,Admin-1 capital
Košice,Slovakia,SVK,48.730448,21.25001,236563,184070,Admin-1 capital
Prešov,Slovakia,SVK,48.999734,21.239365,94718,76019,Admin-1 capital
Kaunas,Lithuania,LTU,54.950404,23.880031,374643,353046,Admin-1 capital
Jelgava,Latvia,LVA,56.652704,23.712806,67207,61791,Populated place
Al Kharj,Saudi Arabia,SAU,24.155566,47.312037,298428,298428,Populated place
Dammam,Saudi Arabia,SAU,26.430138,50.097725,2054710,768602,Admin-1 capital
Hafar al Batin,Saudi Arabia,SAU,28.433651,45.960078,249194,249194,Populated place
Al Jubayl,Saudi Arabia,SAU,27.004642,49.646003,237274,233200,Populated place
Gwadar,Pakistan,PAK,25.138968,62.328588,51901,23364,Populated place
Zhob,Pakistan,PAK,31.348977,69.438593,88356,50537,Populated place
Gilgit,Pakistan,PAK,35.917096,74.300002,216760,31633,Admin-1 capital
Kasur,Pakistan,PAK,31.125373,74.455031,290643,290643,Populated place
Kundian,Pakistan,PAK,32.452191,71.471803,35406,35406,Populated place
Okara,Pakistan,PAK,30.810405,73.450028,223648,223648,Populated place
Jhang,Pakistan,PAK,31.280376,72.32498,341210,341210,Populated place
Sargodha,Pakistan,PAK,32.085366,72.674985,542603,542603,Populated place
Dera Ghazi Khan,Pakistan,PAK,30.060399,70.635058,236093,236093,Populated place
Sadiqabad,Pakistan,PAK,28.300636,70.130231,189876,189876,Populated place
Nawabshah,Pakistan,PAK,26.245438,68.4,229504,229504,Populated place
Balykchy,Kyrgyzstan,KGZ,42.456025,76.185365,40527,40000,Populated place
At Bashy,Kyrgyzstan,KGZ,41.172486,75.79681,15601,15226,Populated place
Jalal Abad,Kyrgyzstan,KGZ,40.942887,73.00251,248899,75700,Admin-1 capital
Toktogul,Kyrgyzstan,KGZ,41.882571,72.937191,26115,19336,Populated place
Tash Komur,Kyrgyzstan,KGZ,41.341855,72.231446,23594,16355,Populated place
Talas,Kyrgyzstan,KGZ,42.518372,72.242918,35172,22120,Admin-1 capital
Osh,Kyrgyzstan,KGZ,40.540405,72.790017,391277,200000,Admin-1 capital
Bannu,Pakistan,PAK,32.98898,70.598574,622419,550000,Populated place
Dera Ismail Khan,Pakistan,PAK,31.828999,70.898556,101616,31737,Populated place
Nepalganj,Nepal,NPL,28.050341,81.616661,64400,64400,Admin-1 capital
Birganj,Nepal,NPL,27.000405,84.866592,133238,133238,Populated place
Biratnagar,Nepal,NPL,26.483744,87.283344,182324,182324,Admin-1 capital
Teluk Intan,Malaysia,MYS,4.01186,101.031445,101659,63353,Populated place
Butterworth,Malaysia,MYS,5.417071,100.400011,821652,107591,Populated place
Sungai Petani,Malaysia,MYS,5.649718,100.479334,358499,228843,Populated place
Alor Setar,Malaysia,MYS,6.113308,100.372933,336475,217368,Admin-1 capital
Muar,Malaysia,MYS,2.033738,102.566597,191346,127897,Populated place
Batu Pahat,Malaysia,MYS,1.850364,102.933345,199619,156236,Populated place
Keluang,Malaysia,MYS,2.038311,103.317869,169828,156700,Populated place
Seremban,Malaysia,MYS,2.710492,101.94002,372917,300731,Admin-1 capital
Raub,Malaysia,MYS,3.7927,101.8423,40024,33521,Populated place
Chukai,Malaysia,MYS,4.233242,103.447887,82425,44646,Populated place
Kuala Terengganu,Malaysia,MYS,5.33041,103.12,350210,285065,Admin-1 capital
Lahad Datu,Malaysia,MYS,5.046396,118.33597,105622,60310,Populated place
Bintulu,Malaysia,MYS,3.166408,113.035984,151617,83670,Populated place
Miri,Malaysia,MYS,4.399924,113.984505,228212,211703,Populated place
Colesberg,South Africa,ZAF,-30.719535,25.100008,12423,2559,Populated place
Poffader,South Africa,ZAF,-29.132913,19.383354,4220,4220,Populated place
Carnarvon,South Africa,ZAF,-30.949598,22.133315,5785,5785,Populated place
Prieska,South Africa,ZAF,-29.659548,22.730023,11236,4045,Populated place
Kuruman,South Africa,ZAF,-27.449553,23.420007,10006,9093,Populated place
Knysna,South Africa,ZAF,-34.032924,23.033312,63106,4668,Populated place
Swellendam,South Africa,ZAF,-34.019592,20.430009,13674,4234,Populated place
Hermanus,South Africa,ZAF,-34.409594,19.229927,25153,7396,Populated place
Paarl,South Africa,ZAF,-33.699559,18.960021,187865,131718,Populated place
Bredasdorp,South Africa,ZAF,-34.529535,20.029981,14936,1970,Populated place
Beaufort West,South Africa,ZAF,-32.349616,22.569981,44737,11404,Populated place
Moatize,Mozambique,MOZ,-16.099548,33.95001,42000,39073,Populated place
Luangwa,Mozambique,MOZ,-15.619578,30.41002,3065,3065,Populated place
Manica,Mozambique,MOZ,-18.969606,32.879998,4000,3427,Populated place
Espungabera,Mozambique,MOZ,-20.450136,32.770031,393,393,Populated place
Witu,Kenya,KEN,-2.379611,40.430028,5380,2510,Populated place
Tsavo,Kenya,KEN,-2.982778,38.466634,414,414,Populated place
Voi,Kenya,KEN,-3.369576,38.569987,36487,19624,Populated place
Kilifi,Kenya,KEN,-3.609613,39.850012,80339,46118,Populated place
Karonga,Malawi,MWI,-9.932896,33.933319,34207,32444,Admin-1 capital
Thika,Kenya,KEN,-1.039589,37.090025,99322,87821,Populated place
Kendu Bay,Kenya,KEN,-0.359579,34.639994,91248,91248,Populated place
Karungu,Kenya,KEN,-0.849626,34.149998,2376,2376,Populated place
Kisii,Kenya,KEN,-0.669586,34.759987,28547,28547,Populated place
Montepuez,Mozambique,MOZ,-13.119575,39.000038,72279,25803,Populated place
Mocimboa,Mozambique,MOZ,-11.319582,40.349981,27909,27909,Populated place
Marrupa,Mozambique,MOZ,-13.198382,37.499458,8762,8762,Populated place
Cuamba,Mozambique,MOZ,-14.789602,36.539981,73268,63141,Populated place
Ligonha,Mozambique,MOZ,-15.175677,37.740011,3500,3121,Populated place
Brits,South Africa,ZAF,-25.629613,27.779999,122497,39947,Populated place
Bloemhof,South Africa,ZAF,-27.649593,25.590004,17122,4203,Populated place
Potchefstroom,South Africa,ZAF,-26.699573,27.099989,123669,83814,Populated place
Brandfort,South Africa,ZAF,-28.699554,26.470002,12091,289,Populated place
Bethlehem,South Africa,ZAF,-28.219584,28.299967,83654,49092,Populated place
Macia,Mozambique,MOZ,-25.019521,33.090011,23156,3034,Populated place
Massangena,Mozambique,MOZ,-21.537304,32.956376,650,619,Populated place
Mapai,Mozambique,MOZ,-22.842651,31.963051,201,201,Populated place
Springs,South Africa,ZAF,-26.269574,28.430037,236083,186394,Populated place
Volksrust,South Africa,ZAF,-27.359585,29.89,43378,7411,Populated place
Mbombela,South Africa,ZAF,-25.469622,30.980011,348138,21540,Admin-1 capital
Komatipoort,South Africa,ZAF,-25.409574,31.940004,20508,159,Populated place
Middelburg,South Africa,ZAF,-25.759631,29.470025,154706,93790,Populated place
Bethal,South Africa,ZAF,-26.469613,29.450026,101919,90450,Populated place
Standerton,South Africa,ZAF,-26.939507,29.240013,74021,18093,Populated place
Lebowakgomo,South Africa,ZAF,-24.199622,29.499998,33308,397,Populated place
Tzaneen,South Africa,ZAF,-23.819542,30.169983,67245,16954,Populated place
Ulundi,South Africa,ZAF,-28.329603,31.41001,20753,5581,Populated place
Ladysmith,South Africa,ZAF,-28.549486,29.780032,47375,47375,Populated place
Port Shepstone,South Africa,ZAF,-30.719535,30.459991,52793,21858,Populated place
Ubomba,South Africa,ZAF,-27.566084,32.083302,564,564,Populated place
Sambava,Madagascar,MDG,-14.266172,50.166591,43465,31522,Populated place
Ambanja,Madagascar,MDG,-13.6829,48.450004,30621,21842,Populated place
Ihosy,Madagascar,MDG,-22.399629,46.116658,16990,10814,Populated place
Mandritsara,Madagascar,MDG,-15.832846,48.816648,9705,9705,Populated place
Besalampy,Madagascar,MDG,-16.749535,44.483321,1022,1022,Populated place
Marovoay,Madagascar,MDG,-16.099548,46.633319,31253,1773,Populated place
Antsohihy,Madagascar,MDG,-14.866084,47.983365,21290,9227,Populated place
Ambatondrazaka,Madagascar,MDG,-17.832879,48.416672,43134,40552,Populated place
Bekiy,Madagascar,MDG,-24.216159,45.316603,4286,4286,Populated place
Manja,Madagascar,MDG,-21.432918,44.333252,1536,1536,Populated place
Miandrivazo,Madagascar,MDG,-19.516187,45.46662,20631,3156,Populated place
Sohano,Papua New Guinea,PNG,-5.429742,154.671138,2338,2338,Populated place
Kieta,Papua New Guinea,PNG,-6.216276,155.633332,6958,3611,Populated place
Gizo,Solomon Islands,SLB,-8.099623,156.835016,6154,6154,Populated place
Mendi,Papua New Guinea,PNG,-6.144394,143.645227,26252,17119,Admin-1 capital
Abau,Papua New Guinea,PNG,-10.042605,148.56503,230,230,Populated place
Alotau,Papua New Guinea,PNG,-10.302073,150.459074,11624,11624,Admin-1 capital
Popondetta,Papua New Guinea,PNG,-8.769195,148.248408,28198,22186,Admin-1 capital
Hoskins,Papua New Guinea,PNG,-5.474616,150.409982,871,871,Populated place
Haarlem,Netherlands,NLD,52.380432,4.629991,349957,147590,Admin-1 capital
Las Tablas,Panama,PAN,7.760391,-80.28002,11358,8570,Admin-1 capital
Santiago,Panama,PAN,8.10037,-80.983336,45955,45355,Admin-1 capital
La Palma,Panama,PAN,8.398181,-78.140228,1845,1845,Admin-1 capital
Ksar El Kebir,Morocco,MAR,35.020381,-5.909986,306600,108753,Populated place
Larache,Morocco,MAR,35.200421,-6.160022,120082,109294,Populated place
Taza,Morocco,MAR,34.220378,-4.019972,199633,141890,Admin-1 capital
Ouezzane,Morocco,MAR,34.810342,-5.570007,69658,58684,Populated place
Kenitra,Morocco,MAR,34.2704,-6.579997,551786,366570,Admin-1 capital
Settat,Morocco,MAR,33.010426,-7.620011,161748,119082,Admin-1 capital
Er Rachidia,Morocco,MAR,31.940413,-4.449972,228489,228489,Populated place
Meknes,Morocco,MAR,33.900423,-5.559981,697628,545705,Admin-1 capital
Tiznit,Morocco,MAR,29.71042,-9.739985,57705,55092,Populated place
El Jadida,Morocco,MAR,33.260359,-8.509982,180470,147549,Populated place
Bălți,Moldova,MDA,47.759086,27.905315,151355,118690,Admin-1 capital
Cahul,Moldova,MDA,45.907881,28.194444,63407,34492,Admin-1 capital
Tiraspol,Moldova,MDA,46.853095,29.639989,157000,117194,Admin-1 capital
Chitipa,Malawi,MWI,-9.716217,33.266641,13412,8824,Admin-1 capital
Nkhata Bay,Malawi,MWI,-11.599616,34.300015,22108,11721,Admin-1 capital
Nkhotakota,Malawi,MWI,-12.91628,34.300015,59854,24865,Admin-1 capital
Dondo,Mozambique,MOZ,-19.619592,34.730014,78648,71787,Populated place
Chiramba,Mozambique,MOZ,-16.89211,34.655859,556,556,Populated place
Mocuba,Mozambique,MOZ,-16.84958,38.260031,68984,68984,Populated place
Nicuadala,Mozambique,MOZ,-17.607673,36.819706,6945,6945,Populated place
Mangochi,Malawi,MWI,-14.459597,35.269981,97711,40236,Admin-1 capital
Salima,Malawi,MWI,-13.782946,34.433288,71181,30052,Admin-1 capital
Maxixe,Mozambique,MOZ,-23.866023,35.388551,119868,105895,Admin-1 capital
Panda,Mozambique,MOZ,-24.062887,34.730273,602,602,Populated place
Quissico,Mozambique,MOZ,-24.725689,34.765981,1210,1210,Populated place
Vilanculos,Mozambique,MOZ,-21.99955,35.316593,177,177,Populated place
Cradock,South Africa,ZAF,-32.199548,25.610002,32898,32898,Populated place
Uitenhage,South Africa,ZAF,-33.759607,25.390016,228912,206766,Populated place
Port Alfred,South Africa,ZAF,-33.599514,26.880002,17959,795,Populated place
Grahamstown,South Africa,ZAF,-33.299584,26.520024,91548,49083,Populated place
Port St. Johns,South Africa,ZAF,-31.627851,29.528316,5939,5939,Populated place
Aliwal North,South Africa,ZAF,-30.689562,26.710039,44436,8410,Populated place
Queenstown,South Africa,ZAF,-31.899618,26.880002,105309,87240,Populated place
Matola,Mozambique,MOZ,-25.969592,32.460024,543907,462829,Populated place
Lata,Solomon Islands,SLB,-10.738018,165.856735,553,553,Populated place
Timiryazevskiy,Russia,RUS,56.49261,84.903593,7182,6229,Populated place
Asino,Russia,RUS,56.993122,86.162689,27070,22395,Populated place
Strezhevoy,Russia,RUS,60.733152,77.577683,44784,33211,Populated place
Cherkessk,Russia,RUS,44.290409,42.060006,116224,86082,Admin-1 capital
Vladikavkaz,Russia,RUS,43.050381,44.669976,364630,317370,Admin-1 capital
Blagodarnyy,Russia,RUS,45.104726,43.434393,35995,20146,Populated place
Zelenokumsk,Russia,RUS,44.40911,43.878706,41306,29135,Populated place
Buurhakaba,Somalia,SOM,2.783718,44.083293,31267,27792,Populated place
Luuq,Somalia,SOM,3.800477,42.550002,33820,33820,Populated place
Mandera,Somalia,SOM,3.940443,41.860018,52885,36076,Populated place
Mukhomornoye,Russia,RUS,66.417069,173.333337,100,10,Populated place
Beringovskiy,Russia,RUS,63.065465,179.306667,1861,1861,Populated place
Bilibino,Russia,RUS,68.050406,166.333299,5757,5757,Populated place
Mys Shmidta,Russia,RUS,68.933711,-179.499984,492,492,Populated place
Egvekinot,Russia,RUS,66.322132,-179.183723,2248,2248,Populated place
Sovetsk,Russia,RUS,55.071766,21.881961,43309,37024,Populated place
Nikel,Russia,RUS,69.412571,30.218817,15866,15596,Populated place
Monchegorsk,Russia,RUS,67.929121,32.828735,49868,44001,Populated place
Kirovsk,Russia,RUS,67.609089,33.668735,29605,16293,Populated place
Borovichi,Russia,RUS,58.397817,33.897404,57887,56571,Populated place
Staraya Russa,Russia,RUS,57.994766,31.354355,34303,30880,Populated place
Volkhov,Russia,RUS,59.929093,32.338739,45673,45060,Populated place
Tikhvin,Russia,RUS,59.644846,33.514378,62075,39511,Populated place
Svetogorsk,Russia,RUS,61.101321,28.917656,30115,15733,Populated place
Gatchina,Russia,RUS,59.570665,30.133344,90486,89761,Populated place
Luga,Russia,RUS,58.736349,29.838995,40114,34135,Populated place
Klintsy,Russia,RUS,52.765241,32.244843,66336,55434,Populated place
Roslavl,Russia,RUS,53.950905,32.860413,56971,51627,Populated place
Safonovo,Russia,RUS,55.146491,33.216101,46637,42285,Populated place
Vyazma,Russia,RUS,55.212197,34.291798,55500,42737,Populated place
Segezha,Russia,RUS,63.754776,34.324303,33354,24568,Populated place
Vichuga,Russia,RUS,57.219129,41.928748,39071,37116,Populated place
Sharya,Russia,RUS,58.379756,45.509356,35532,29800,Populated place
Buy,Russia,RUS,58.484685,41.52438,26486,25077,Populated place
Dzerzhinsk,Russia,RUS,56.250377,43.460024,256537,214378,Populated place
Vyska,Russia,RUS,55.324723,42.164393,61664,59048,Populated place
Kimry,Russia,RUS,56.869124,37.344377,52070,48992,Populated place
Bezhetsk,Russia,RUS,57.764729,36.689998,34736,28114,Populated place
Nelidovo,Russia,RUS,56.223505,32.773079,25349,24597,Populated place
Bologoye,Russia,RUS,57.872164,34.051761,25142,18428,Populated place
Torzhok,Russia,RUS,57.029063,34.978733,48546,43132,Populated place
Sokol,Russia,RUS,59.46478,40.114388,42174,29101,Populated place
Cherepovets,Russia,RUS,59.140433,37.909975,311850,219363,Populated place
Rybinsk,Russia,RUS,58.050344,38.819997,216724,191025,Populated place
Rostov,Russia,RUS,57.189157,39.404303,33803,33353,Populated place
Kaluga,Russia,RUS,54.520379,36.270024,338978,288489,Admin-1 capital
Kirov,Russia,RUS,54.085186,34.304821,39319,28385,Populated place
Obninsk,Russia,RUS,55.080448,36.620028,107392,25080,Populated place
Lgov,Russia,RUS,51.694763,35.274374,23500,8687,Populated place
Zheleznogorsk,Russia,RUS,52.354775,35.404392,97900,90524,Populated place
Gryazi,Russia,RUS,52.494766,39.934348,47413,45489,Populated place
Yegoryevsk,Russia,RUS,55.384796,39.02939,89795,85200,Populated place
Podolsk,Russia,RUS,55.38043,37.529947,320635,179400,Populated place
Solnechnogorsk,Russia,RUS,56.180691,36.980885,58891,37195,Populated place
Noginsk,Russia,RUS,55.870426,38.480018,229731,115979,Populated place
Serpukhov,Russia,RUS,54.93038,37.430004,135584,128158,Populated place
Livny,Russia,RUS,52.424796,37.604361,52915,51640,Populated place
Mtsensk,Russia,RUS,53.264745,36.547164,47609,1390,Populated place
Salsk,Russia,RUS,46.477511,41.542002,61000,48478,Populated place
Belaya Kalitva,Russia,RUS,48.186502,40.78613,48098,47521,Populated place
Shakhty,Russia,RUS,47.720381,40.270038,221312,191095,Populated place
Millerovo,Russia,RUS,48.937851,40.39742,38527,26926,Populated place
Yefremov,Russia,RUS,53.149119,38.121539,45497,44369,Populated place
Bogoroditsk,Russia,RUS,53.774688,38.114355,39553,30216,Populated place
Kamyshin,Russia,RUS,50.080392,45.400009,128626,36600,Populated place
Pallasovka,Russia,RUS,50.047732,46.877335,17139,2782,Populated place
Frolovo,Russia,RUS,49.772193,43.651795,40882,39311,Populated place
Volzhskiy,Russia,RUS,48.794811,44.774362,323293,288752,Populated place
Mikhaylovka,Russia,RUS,50.06786,43.217455,58898,55757,Populated place
Uryupinsk,Russia,RUS,50.77345,42.003059,41644,34343,Populated place
Starsy Oskol,Russia,RUS,51.30042,37.839954,226977,173285,Populated place
Alekseyevka,Russia,RUS,50.653483,38.69308,39848,37419,Populated place
Valuyki,Russia,RUS,50.209092,38.098698,35887,28203,Populated place
Tuapse,Russia,RUS,44.114761,39.064375,99145,64234,Populated place
Gelendzhik,Russia,RUS,44.574759,38.064384,55508,50715,Populated place
Labinsk,Russia,RUS,44.634781,40.744272,61945,41243,Populated place
Armavir,Russia,RUS,45.000392,41.130037,199548,184079,Populated place
Timashevsk,Russia,RUS,45.624746,38.944382,44024,44024,Populated place
Tikhoretsk,Russia,RUS,45.853104,40.137746,64387,60350,Populated place
Yeysk,Russia,RUS,46.698789,38.26339,87814,65369,Populated place
Saransk,Russia,RUS,54.170374,45.180022,303394,303215,Admin-1 capital
Kamenka,Russia,RUS,53.194723,44.044381,16560,16560,Populated place
Kuznetsk,Russia,RUS,53.120413,46.599987,95574,90480,Populated place
Serdobsk,Russia,RUS,52.462184,44.221786,36652,23874,Populated place
Kasimov,Russia,RUS,54.943454,41.39307,36663,35355,Populated place
Sasovo,Russia,RUS,54.349149,41.908698,31325,29858,Populated place
Kotovsk,Russia,RUS,52.594734,41.504381,33077,29365,Populated place
Morshansk,Russia,RUS,53.454733,41.804363,49350,43311,Populated place
Kovrov,Russia,RUS,56.36037,41.330025,154224,151896,Populated place
Murom,Russia,RUS,55.570418,42.040007,131287,126931,Populated place
Rayevskiy,Russia,RUS,54.067383,54.926921,20060,7097,Populated place
Sibay,Russia,RUS,52.70912,58.638736,61590,47802,Populated place
Kumertau,Russia,RUS,52.774775,55.784336,65321,32014,Populated place
Salavat,Russia,RUS,53.370346,55.929961,159893,63403,Populated place
Belebey,Russia,RUS,54.129137,54.118702,62582,52767,Populated place
Tuymazy,Russia,RUS,54.604792,53.694335,68829,54823,Populated place
Neftekamsk,Russia,RUS,56.083513,54.263086,126805,117535,Populated place
Troitsk,Russia,RUS,54.10565,61.570236,82338,57500,Populated place
Yemanzhelinsk,Russia,RUS,54.748866,61.293509,42023,29849,Populated place
Kartaly,Russia,RUS,53.047394,60.681919,28503,25711,Populated place
Asha,Russia,RUS,54.997998,57.272618,38883,33006,Populated place
Miass,Russia,RUS,54.995414,60.094926,167500,130169,Populated place
Kyshtym,Russia,RUS,55.699997,60.559549,50911,41625,Populated place
Kurtamysh,Russia,RUS,54.908676,64.433266,17936,2076,Populated place
Shadrinsk,Russia,RUS,56.083668,63.633263,79479,55128,Populated place
Varnek,Russia,RUS,69.730148,60.063558,10,10,Populated place
Bugrino,Russia,RUS,68.807879,49.304163,300,300,Populated place
Yamburg,Russia,RUS,67.922117,74.925313,48488,48488,Populated place
Nakhodka,Russia,RUS,67.750398,77.519961,159551,159551,Populated place
Sosnogorsk,Russia,RUS,63.59476,53.894323,29343,19197,Populated place
Sovetsk,Russia,RUS,57.578461,48.958086,17869,2172,Populated place
Slobodskoy,Russia,RUS,58.718495,50.188037,48962,32361,Populated place
Kirs,Russia,RUS,59.313833,52.245173,11385,5253,Populated place
Omutninsk,Russia,RUS,58.658938,52.159183,32800,25364,Populated place
Kotelnich,Russia,RUS,58.304127,48.313733,28431,27600,Populated place
Yoshkar Ola,Russia,RUS,56.635392,47.874948,324406,279100,Admin-1 capital
Kamensk Uralskiy,Russia,RUS,56.42047,61.93502,182500,170697,Populated place
Polevskoy,Russia,RUS,56.443414,60.188047,65770,19642,Populated place
Tavda,Russia,RUS,58.053652,65.25828,39480,25322,Populated place
Artemovskiy,Russia,RUS,57.365192,61.869753,44689,33700,Populated place
Nevyansk,Russia,RUS,57.490249,60.214764,28170,25900,Populated place
Verkhnyaya Salda,Russia,RUS,58.050189,60.549782,48992,48058,Populated place
Nizhnyaya Tura,Russia,RUS,58.643641,59.798252,56084,56084,Populated place
Karpinsk,Russia,RUS,59.760162,60.009815,30807,30070,Populated place
Ivdel,Russia,RUS,60.693645,60.413253,19379,3554,Populated place
Krasnoufimsk,Russia,RUS,56.599115,57.758634,43121,37296,Populated place
Sarapul,Russia,RUS,56.479148,53.798721,101344,83901,Populated place
Mozhga,Russia,RUS,56.454757,52.184349,47270,38926,Populated place
Votkinsk,Russia,RUS,57.030407,53.990027,98633,83863,Populated place
Glazov,Russia,RUS,58.123208,52.628767,100676,86028,Populated place
Kanash,Russia,RUS,55.50913,47.468668,49886,48137,Populated place
Shumerlya,Russia,RUS,55.484816,46.424391,35230,35220,Populated place
Alatyr,Russia,RUS,54.850359,46.599987,46427,42156,Populated place
Sol-lletsk,Russia,RUS,51.1603,54.999888,27419,22891,Populated place
Dombarovskiy,Russia,RUS,50.754588,59.540024,9556,1572,Populated place
Mednogorsk,Russia,RUS,51.419121,57.578749,30676,23872,Populated place
Gay,Russia,RUS,51.474725,58.454303,41619,37801,Populated place
Buzuluk,Russia,RUS,52.782113,52.261761,87714,81810,Populated place
Otradnyy,Russia,RUS,53.377813,51.347398,50127,42673,Populated place
Tolyatti,Russia,RUS,53.480391,49.530041,702879,594365,Populated place
Engels,Russia,RUS,51.500408,46.120017,196011,170431,Populated place
Pugachev,Russia,RUS,52.01477,48.794375,26690,26690,Populated place
Volsk,Russia,RUS,52.034717,47.374307,70500,53554,Populated place
Atkarsk,Russia,RUS,51.876458,44.996106,27554,19077,Populated place
Balashov,Russia,RUS,51.553506,43.163091,98107,70107,Populated place
Almetyevsk,Russia,RUS,54.900407,52.319948,140437,95505,Populated place
Chistopol,Russia,RUS,55.364772,50.640671,62200,42265,Populated place
Nizhnekamsk,Russia,RUS,55.64044,51.820031,234297,186429,Populated place
Dimitrovgrad,Russia,RUS,54.250421,49.560013,132226,110201,Populated place
Peregrebnoye,Russia,RUS,62.966995,65.085939,10,10,Populated place
Saranpaul,Russia,RUS,64.250457,60.970015,2985,2985,Populated place
Uray,Russia,RUS,60.140139,64.754797,39878,844,Populated place
Laryak,Russia,RUS,61.101192,80.25137,10,10,Populated place
Kogalym,Russia,RUS,62.044622,74.494099,58192,58192,Populated place
Megion,Russia,RUS,61.060755,76.095345,48691,46610,Populated place
Cherlak,Russia,RUS,54.160478,74.820022,12122,1999,Populated place
Kalachinsk,Russia,RUS,55.048667,74.568254,24059,16954,Populated place
Nazyvayevsk,Russia,RUS,55.566956,71.350001,12284,9593,Populated place
Isikul,Russia,RUS,54.9287,71.268249,21136,21136,Populated place
Ishim,Russia,RUS,56.150228,69.449807,67762,53834,Populated place
Golyshmanovo,Russia,RUS,56.381945,68.371475,13424,3993,Populated place
Yalutorovsk,Russia,RUS,56.673632,66.298268,35892,27268,Populated place
Biysk,Russia,RUS,52.534066,85.18001,215430,204163,Populated place
Zmeinogorsk,Russia,RUS,51.157096,82.195024,11514,9429,Populated place
Aleysk,Russia,RUS,52.491769,82.777676,28019,16936,Populated place
Novoaltaysk,Russia,RUS,53.399259,83.958844,91386,61050,Populated place
Kamenna Obi,Russia,RUS,53.793602,81.338797,44564,37202,Populated place
Gornyak,Russia,RUS,50.988088,81.487677,15668,3466,Populated place
Kulunda,Russia,RUS,52.582668,78.947264,15345,2318,Populated place
Slavgorod,Russia,RUS,53.004942,78.669554,34141,21161,Populated place
Tashtagol,Russia,RUS,52.791751,87.867701,22779,21025,Populated place
Guryevsk,Russia,RUS,54.298144,85.93769,38757,25000,Populated place
Yurga,Russia,RUS,55.725758,84.885402,84220,60771,Populated place
Topki,Russia,RUS,55.280177,85.610836,24672,24672,Populated place
Mariinsk,Russia,RUS,56.210767,87.760369,43122,39567,Populated place
Shira,Russia,RUS,54.49144,89.953052,9358,314,Populated place
Cherepanovo,Russia,RUS,54.233626,83.368802,20125,10064,Populated place
Kargat,Russia,RUS,55.195945,80.281136,10881,841,Populated place
Ob,Russia,RUS,54.99805,82.707654,39949,24238,Populated place
Karasuk,Russia,RUS,53.727301,78.021894,28589,24928,Populated place
Barabinsk,Russia,RUS,55.357279,78.351899,31508,28269,Populated place
Tatarsk,Russia,RUS,55.221938,75.966515,25150,23214,Populated place
Ferfer,Somalia,SOM,5.085412,45.165036,6000,4411,Populated place
Jawhar,Somalia,SOM,2.767,45.516591,111308,62000,Admin-1 capital
Mirbat,Oman,OMN,16.992437,54.691793,1120,1120,Populated place
Hurdiyo,Somalia,SOM,10.582027,51.123329,176,176,Populated place
Qardho,Somalia,SOM,9.500414,49.165981,1341,1341,Populated place
Caluula,Somalia,SOM,11.966956,50.750018,513,513,Populated place
Ibri,Oman,OMN,23.22539,56.516953,101640,101640,Populated place
Kaspiysk,Russia,RUS,42.874733,47.624369,81752,41151,Populated place
Derbent,Russia,RUS,42.057806,48.277404,105965,88553,Populated place
Buynaksk,Russia,RUS,42.833495,47.113031,75800,75800,Populated place
Gangneung,South Korea,KOR,37.755872,128.896153,180611,166983,Populated place
Sokcho,South Korea,KOR,38.208713,128.591158,85430,85430,Populated place
Jeonju,South Korea,KOR,35.831416,127.140394,711424,648473,Admin-1 capital
Gunsan,South Korea,KOR,35.981766,126.716022,244080,243406,Populated place
Mokpo,South Korea,KOR,34.806802,126.39584,268402,260018,Populated place
San Carlos,Philippines,PHL,10.550375,123.380004,6353,6353,Populated place
Cadiz,Philippines,PHL,10.958748,123.308587,283157,129053,Populated place
Pagadian,Philippines,PHL,7.852969,123.507024,159590,159590,Populated place
Ozamis,Philippines,PHL,8.146207,123.84442,97806,93082,Populated place
Tarlac,Philippines,PHL,15.483795,120.583379,183930,183930,Populated place
Cabanatuan,Philippines,PHL,15.502089,120.961702,220250,220250,Populated place
Olongapo,Philippines,PHL,14.829572,120.282777,304388,227270,Populated place
Dagupan,Philippines,PHL,16.047895,120.340809,163676,163676,Populated place
San Pablo,Philippines,PHL,14.069566,121.32261,240830,207577,Populated place
Quezon City,Philippines,PHL,14.650435,121.029966,2761720,2761720,Populated place
Pasay City,Philippines,PHL,14.550441,120.999994,403064,403064,Populated place
Iligan,Philippines,PHL,8.171244,124.215353,464599,464599,Populated place
Ormac,Philippines,PHL,11.064298,124.607526,167584,92345,Populated place
Tacloban,Philippines,PHL,11.250436,125.000008,280006,189090,Populated place
Butuan,Philippines,PHL,8.949543,125.543593,190557,190557,Populated place
Tagum,Philippines,PHL,7.382145,125.801665,6726,6726,Populated place
Surigao,Philippines,PHL,9.784298,125.488816,87832,42134,Populated place
Gingoog,Philippines,PHL,8.830377,125.129974,218,218,Populated place
Yessey,Russia,RUS,68.483738,102.166622,10,10,Populated place
Ulkan,Russia,RUS,55.900398,107.783333,10,10,Populated place
Kirensk,Russia,RUS,57.785735,108.111943,13308,210,Populated place
Zheleznogorsk Ilimskiy,Russia,RUS,56.576248,104.122678,28456,26126,Populated place
Vikhorevka,Russia,RUS,56.093099,101.242699,166,166,Populated place
Biryusinsk,Russia,RUS,55.960653,97.814432,9583,6816,Populated place
Kodinskiy,Russia,RUS,58.698057,99.177657,15670,15670,Populated place
Artemovsk,Russia,RUS,54.348736,93.435527,4948,4948,Populated place
Uyar,Russia,RUS,55.810378,94.315318,13167,11573,Populated place
Uzhur,Russia,RUS,55.329167,89.820708,19212,15637,Populated place
Sayanogorsk,Russia,RUS,53.089433,91.400405,55642,49939,Populated place
Podkamennaya Tunguska,Russia,RUS,61.599508,90.123636,10,10,Populated place
Igarka,Russia,RUS,67.467108,86.583335,7470,5054,Populated place
Agapa,Russia,RUS,71.450379,89.249994,10,10,Populated place
Boyarka,Russia,RUS,70.766984,97.500033,35968,35968,Populated place
Nordvik,Russia,RUS,74.016502,111.510031,0,0,Historic place
Chelyuskin,Russia,RUS,77.716973,104.250009,885,885,Populated place
Taksimo,Russia,RUS,56.331534,114.889979,10359,10359,Populated place
Gusinoozyorsk,Russia,RUS,51.280758,106.500362,24083,16914,Populated place
Aginskoye,Russia,RUS,51.103068,114.522818,11491,11491,Admin-1 capital
Progress,Russia,RUS,49.750386,129.616677,146,146,Populated place
Belogorsk,Russia,RUS,50.9191,128.463724,70203,67911,Populated place
Nyukzha,Russia,RUS,56.531212,121.613083,10,10,Populated place
Nerchinsk,Russia,RUS,52.008956,116.548586,15360,8599,Populated place
Kavalerovo,Russia,RUS,44.270204,135.049782,18657,16945,Populated place
Spassk Dalniy,Russia,RUS,44.600158,132.819789,45900,43822,Populated place
Shalaurova,Russia,RUS,73.220374,143.183343,10,10,Populated place
Logashkino,Russia,RUS,70.85039,153.900001,0,0,Historic place
Ust Kuyga,Russia,RUS,70.017056,135.600033,1517,1517,Populated place
Pokrovsk,Russia,RUS,61.493442,129.12725,9763,6368,Populated place
Verkhnevilyuysk,Russia,RUS,63.4457,120.316728,6341,6341,Populated place
Vitim,Russia,RUS,59.451499,112.557822,3843,3843,Populated place
Olyokminsk,Russia,RUS,60.503192,120.392589,10000,9487,Populated place
Tunguskhaya,Russia,RUS,64.900443,125.250019,10,10,Populated place
Natara,Russia,RUS,68.410616,123.9255,10,10,Populated place
Zhilinda,Russia,RUS,70.133689,114.000008,10,10,Populated place
Trofimovsk,Russia,RUS,72.599689,127.033682,10,10,Populated place
Tukchi,Russia,RUS,57.366975,139.500002,10,10,Populated place
Amursk,Russia,RUS,50.222838,136.897421,46993,44810,Populated place
Bikin,Russia,RUS,46.820255,134.264921,19659,18870,Populated place
Vyazemskiy,Russia,RUS,47.532847,134.747475,15247,13135,Populated place
Chegdomyn,Russia,RUS,51.117796,133.024118,14855,116,Populated place
Siglan,Russia,RUS,59.033721,152.416578,10,10,Populated place
Karamken,Russia,RUS,60.20042,151.166628,10,10,Populated place
Strelka,Russia,RUS,61.866985,152.250179,10,10,Populated place
Severo Kurilsk,Russia,RUS,50.690483,156.085036,2422,2422,Populated place
Krasnogorsk,Russia,RUS,48.46155,142.089973,3304,3304,Populated place
Poronaysk,Russia,RUS,49.241554,143.085002,16677,14433,Populated place
Makarov,Russia,RUS,48.633736,142.800007,6663,2480,Populated place
Dolinsk,Russia,RUS,47.350429,142.800007,11989,11594,Populated place
Nevelsk,Russia,RUS,46.680289,141.869934,17000,16509,Populated place
Buur Gaabo,Somalia,SOM,-1.20087,41.85196,3096,3096,Populated place
Goundam,Mali,MLI,16.416994,-3.666583,8456,3979,Populated place
Aguelhok,Mali,MLI,19.454871,0.856371,9000,8080,Populated place
Bourem,Mali,MLI,16.900375,-0.349989,30000,27486,Populated place
San Quintín,Mexico,MEX,30.483732,-115.949987,5433,5433,Populated place
Punta Prieta,Mexico,MEX,28.933698,-114.166582,527,527,Populated place
San Felipe,Mexico,MEX,31.024113,-114.849615,20750,15386,Populated place
Santa Rosalía,Mexico,MEX,27.317078,-112.283364,11899,10321,Populated place
Guerrero Negro,Mexico,MEX,27.990422,-114.169967,13054,13054,Populated place
Piedras Negras,Mexico,MEX,28.707639,-100.531652,139619,134971,Populated place
San Pedro de las Colonias,Mexico,MEX,25.759215,-102.982691,53688,53688,Populated place
Sierra Mojada,Mexico,MEX,27.287571,-103.287195,10,10,Populated place
Parras,Mexico,MEX,25.420398,-102.179949,32253,15175,Populated place
Cuauhtémoc,Mexico,MEX,28.425744,-106.869586,90835,79100,Populated place
Nuevo Casas Grandes,Mexico,MEX,30.418491,-107.911899,54826,51356,Populated place
Ojinaga,Mexico,MEX,29.540405,-104.41002,22128,17481,Populated place
Villa Ahumada,Mexico,MEX,30.610443,-106.509995,9326,7101,Populated place
Santa Barbara,Mexico,MEX,26.800443,-105.820037,10800,6027,Populated place
Ciudad Camargo,Mexico,MEX,27.690414,-105.170051,37743,34066,Populated place
Cuencame,Mexico,MEX,24.870406,-103.699986,8876,1956,Populated place
Papasquiaro,Mexico,MEX,24.830408,-105.339989,22750,521,Populated place
Escuinapa,Mexico,MEX,22.850426,-105.799987,28248,28248,Populated place
Guamúchil,Mexico,MEX,25.470369,-108.090002,62695,59276,Populated place
Guasave,Mexico,MEX,25.570492,-108.469979,96860,68449,Populated place
El Fuerte,Mexico,MEX,26.420414,-108.619996,11171,5482,Populated place
Eldorado,Mexico,MEX,24.330465,-107.369994,17365,14136,Populated place
La Cruz,Mexico,MEX,23.920412,-106.900023,11900,11155,Populated place
Agua Prieta,Mexico,MEX,31.322338,-109.563039,86083,68446,Populated place
Ciudad Obregon,Mexico,MEX,27.466604,-109.924981,288002,258162,Populated place
Navajoa,Mexico,MEX,27.081899,-109.454622,116093,116093,Populated place
Caborca,Mexico,MEX,30.716147,-112.16425,57357,52896,Populated place
Mazatlán,Mexico,MEX,29.017104,-110.13334,500000,438434,Populated place
Cananea,Mexico,MEX,30.99042,-110.300048,33433,23818,Populated place
Huatabampo,Mexico,MEX,26.830415,-109.630037,30426,25063,Populated place
Zacatecas,Mexico,MEX,22.770431,-102.580003,234481,118562,Admin-1 capital
Juan Aldama,Mexico,MEX,24.290415,-103.389979,14162,12073,Populated place
Valparaíso,Mexico,MEX,22.770431,-103.569968,10545,5368,Populated place
Fresnillo,Mexico,MEX,23.170432,-102.859985,105488,99771,Populated place
Linares,Mexico,MEX,24.860381,-99.570031,57731,46968,Populated place
Matehuala,Mexico,MEX,23.660376,-100.650017,67717,59532,Populated place
Tamuín,Mexico,MEX,21.980375,-98.750004,14748,7405,Populated place
Tamazunchale,Mexico,MEX,21.270419,-98.77995,72685,21532,Populated place
Tula,Mexico,MEX,23.000391,-99.719996,9054,312,Populated place
Aldama,Mexico,MEX,22.920421,-98.069968,12292,10442,Populated place
San Fernando,Mexico,MEX,24.850433,-98.160014,29171,22021,Populated place
Tecoman,Mexico,MEX,18.920381,-103.879975,91321,79579,Populated place
Puerto Vallarta,Mexico,MEX,20.677096,-105.244982,187134,180804,Populated place
La Barca,Mexico,MEX,20.280376,-102.560004,35345,34449,Populated place
Ciudad Guzman,Mexico,MEX,19.710411,-103.46,92161,88799,Populated place
Lagos de Moreno,Mexico,MEX,21.370413,-101.929991,94127,84677,Populated place
Morelia,Mexico,MEX,19.733381,-101.189493,644306,592797,Admin-1 capital
Lázaro Cárdenas,Mexico,MEX,17.958709,-102.199974,160087,84001,Populated place
Zamora,Mexico,MEX,19.980368,-102.280021,214947,124916,Populated place
Coalcoman,Mexico,MEX,18.78039,-103.149968,10715,8660,Populated place
Uruapan,Mexico,MEX,19.420377,-102.070008,264531,237308,Populated place
Tuxpan,Mexico,MEX,21.930404,-105.269968,26115,26115,Populated place
Tepic,Mexico,MEX,21.505392,-104.879991,318781,280592,Admin-1 capital
Compostela,Mexico,MEX,21.230421,-104.89999,16162,14222,Populated place
Tecuala,Mexico,MEX,22.400427,-105.459982,14921,10583,Populated place
Ciudad del Carmen,Mexico,MEX,18.653659,-91.82448,156195,141308,Populated place
Champotón,Mexico,MEX,19.350433,-90.720003,26636,24809,Populated place
Salina Cruz,Mexico,MEX,16.167061,-95.199988,81063,73648,Populated place
Puerto Escondido,Mexico,MEX,15.85918,-97.065888,19488,11317,Populated place
Pochutla,Mexico,MEX,15.730395,-96.469988,24481,13078,Populated place
Mitla,Mexico,MEX,16.917041,-96.399992,7547,1079,Populated place
Tlaxiaco,Mexico,MEX,17.270405,-97.680017,21391,14608,Populated place
Huajuapan de León,Mexico,MEX,17.810372,-97.789985,47844,35689,Populated place
Tehuacan,Mexico,MEX,18.450358,-97.379984,241429,237312,Populated place
Teziutlán,Mexico,MEX,19.82043,-97.359985,177796,70819,Populated place
Frontera,Mexico,MEX,18.580376,-92.649988,22621,7407,Populated place
Tenosique,Mexico,MEX,17.480366,-91.429985,32415,17484,Populated place
Salamanca,Mexico,MEX,20.57041,-101.200009,197524,138614,Populated place
Guanajuato,Mexico,MEX,21.020408,-101.279979,112200,78364,Admin-1 capital
Taxco,Mexico,MEX,18.570377,-99.619951,53217,53217,Populated place
Ayutla,Mexico,MEX,16.900375,-99.220001,9897,9897,Populated place
Ciudad Altamirano,Mexico,MEX,18.320392,-100.650017,24533,24533,Populated place
Petatlán,Mexico,MEX,17.520415,-101.270031,31910,21038,Populated place
Pachuca,Mexico,MEX,20.170434,-98.730031,319581,302141,Admin-1 capital
Toluca,Mexico,MEX,19.332328,-99.671945,1531000,505881,Admin-1 capital
Zumpango,Mexico,MEX,19.810405,-99.109982,250000,127988,Populated place
Minatitlán,Mexico,MEX,17.980465,-94.530003,201902,150895,Populated place
Coatzacoalcos,Mexico,MEX,18.120404,-94.42001,287285,230717,Populated place
Poza Rica de Hidalgo,Mexico,MEX,20.550437,-97.469979,254481,174526,Populated place
Córdoba,Mexico,MEX,18.920381,-96.919986,220563,134403,Populated place
Santiago Tuxtla,Mexico,MEX,18.470383,-95.299982,15681,11515,Populated place
Tuxpam,Mexico,MEX,20.960412,-97.409982,109049,8331,Populated place
Pánuco,Mexico,MEX,22.060448,-98.189986,35316,31583,Populated place
Pijijiapan,Mexico,MEX,15.690398,-93.220031,23675,15101,Populated place
Isla Mujeres,Mexico,MEX,21.208391,-86.711455,12491,12491,Populated place
Felipe Carrillo Puerto,Mexico,MEX,19.580393,-88.049985,24807,23109,Populated place
Tizimín,Mexico,MEX,21.130427,-88.149979,41993,40652,Populated place
Valladolid,Mexico,MEX,20.670404,-88.200002,48479,39663,Populated place
Izamal,Mexico,MEX,20.930414,-89.020055,14954,14186,Populated place
Ticul,Mexico,MEX,20.400394,-89.530024,30519,30282,Populated place
Zouirat,Mauritania,MRT,22.730381,-12.483306,56345,56345,Populated place
Chegga,Mauritania,MRT,25.3804,-5.779968,10,10,Populated place
Magta Lajar,Mauritania,MRT,17.000395,-13.499988,10,10,Populated place
Bogue,Mauritania,MRT,16.590394,-14.269967,10415,10415,Populated place
Boutilimit,Mauritania,MRT,17.550387,-14.700044,14142,14142,Populated place
Sélibaby,Mauritania,MRT,15.167019,-12.183324,460,460,Admin-1 capital
Kati,Mali,MLI,12.750422,-8.080008,66895,42922,Populated place
Banamba,Mali,MLI,13.550399,-7.449995,30591,6033,Populated place
Kangaba,Mali,MLI,11.94042,-8.440012,17232,17232,Admin-1 capital
Nioro du Sahel,Mali,MLI,15.230426,-9.589968,14421,14421,Populated place
Bafoulabé,Mali,MLI,13.800384,-10.820022,26823,26823,Populated place
Satadougou,Mali,MLI,12.616993,-11.406601,706,706,Populated place
Yélimané,Mali,MLI,15.133713,-10.566627,988,988,Populated place
Kita,Mali,MLI,13.050404,-9.483308,46435,5769,Populated place
Koutiala,Mali,MLI,12.390418,-5.469987,104927,99353,Populated place
Sikasso,Mali,MLI,11.320406,-5.68,225753,144786,Admin-1 capital
Bougouni,Mali,MLI,11.420426,-7.489967,35450,25644,Populated place
Timbedra,Mauritania,MRT,16.250415,-8.166618,245,245,Populated place
Nema,Mauritania,MRT,16.617059,-7.250007,200000,55000,Admin-1 capital
Markala,Mali,MLI,13.670366,-6.06995,53738,38585,Populated place
Sokolo,Mali,MLI,14.733738,-6.133306,4374,4128,Populated place
San,Mali,MLI,13.300414,-4.900047,41386,24811,Admin-1 capital
Biu,Nigeria,NGA,10.620423,12.189995,95005,34234,Populated place
Bama,Nigeria,NGA,11.520394,13.690007,118121,54699,Populated place
Aba,Nigeria,NGA,5.100398,7.34998,897560,851210,Populated place
Opobo,Nigeria,NGA,4.570405,7.559993,34911,34911,Populated place
Orlu,Nigeria,NGA,5.783715,7.033307,9351,9351,Populated place
Oturkpo,Nigeria,NGA,7.1904,8.129984,68220,68220,Populated place
Calabar,Nigeria,NGA,4.960407,8.330024,461796,247517,Admin-1 capital
Wukari,Nigeria,NGA,7.87041,9.780013,92933,55828,Populated place
Jalingo,Nigeria,NGA,8.900373,11.36002,117757,89789,Admin-1 capital
Kontagora,Nigeria,NGA,10.400359,5.46994,98754,25534,Populated place
Bida,Nigeria,NGA,9.080413,6.01001,173849,171656,Populated place
Abeokuta,Nigeria,NGA,7.160427,3.350018,593100,289362,Admin-1 capital
Ijebu Ode,Nigeria,NGA,6.820448,3.920009,209175,199827,Populated place
Akure,Nigeria,NGA,7.250396,5.199982,420594,420594,Admin-1 capital
Ikare,Nigeria,NGA,7.530431,5.76,1099931,700000,Populated place
Owo,Nigeria,NGA,7.200399,5.589984,276574,125250,Populated place
Ondo,Nigeria,NGA,7.090406,4.840004,257005,255883,Populated place
Ado Ekiti,Nigeria,NGA,7.630373,5.219981,446749,446749,Admin-1 capital
Ife,Nigeria,NGA,7.480434,4.560021,482365,482365,Populated place
Oshogbo,Nigeria,NGA,7.770364,4.560021,408245,408245,Admin-1 capital
Oyo,Nigeria,NGA,7.850437,3.929982,736072,213961,Populated place
Awka,Nigeria,NGA,6.210434,7.069997,500000,301657,Admin-1 capital
Onitsha,Nigeria,NGA,6.140412,6.779989,73374,73374,Admin-1 capital
Azare,Nigeria,NGA,11.68041,10.190013,105687,70138,Populated place
Bauchi,Nigeria,NGA,10.310364,9.840009,316149,172552,Admin-1 capital
Gombe,Nigeria,NGA,10.290443,11.169954,270366,250258,Admin-1 capital
Kumo,Nigeria,NGA,10.045703,11.213052,35712,2786,Populated place
Sapele,Nigeria,NGA,5.890427,5.680004,309162,161686,Populated place
Nsukka,Nigeria,NGA,6.867034,7.383363,111017,111017,Populated place
Lokoja,Nigeria,NGA,7.800388,6.73994,60579,44722,Admin-1 capital
Idah,Nigeria,NGA,7.110405,6.73994,75087,68703,Populated place
Lafia,Nigeria,NGA,8.490424,8.520038,127236,31705,Admin-1 capital
Keffi,Nigeria,NGA,8.849032,7.873617,85911,68202,Populated place
Funtua,Nigeria,NGA,11.520394,7.320008,180475,136811,Populated place
Katsina,Nigeria,NGA,12.990407,7.599991,432149,432149,Admin-1 capital
Gusau,Nigeria,NGA,12.170406,6.659996,226857,144993,Admin-1 capital
Nguru,Nigeria,NGA,12.880388,10.449998,111014,53948,Populated place
Gashua,Nigeria,NGA,12.870492,11.039987,125817,23834,Admin-1 capital
Potiskum,Nigeria,NGA,11.710382,11.079985,86002,79465,Populated place
Birnin Kebbi,Nigeria,NGA,12.450414,4.19994,108164,96517,Admin-1 capital
Koko,Nigeria,NGA,11.42319,4.516975,25792,25792,Populated place
Mubi,Nigeria,NGA,10.270341,13.270032,225705,203715,Populated place
Numan,Nigeria,NGA,9.460442,12.04003,77617,12729,Populated place
Dirj,Libya,LBY,30.167912,10.456664,931,931,Populated place
Nalut,Libya,LBY,31.880443,10.970018,66609,66228,Populated place
Bitola,North Macedonia,MKD,41.039057,21.339514,86528,64574,Admin-1 capital
Zillah,Libya,LBY,28.550414,17.583361,10,10,Populated place
Al Khums,Libya,LBY,32.660421,14.259998,201943,183061,Admin-1 capital
Tajarhi,Libya,LBY,24.370359,14.470837,1500,1496,Populated place
Umm al Abid,Libya,LBY,27.517014,15.033335,300,298,Populated place
Az Zawiyah,Libya,LBY,32.760415,12.719988,200000,186123,Admin-1 capital
Gharyan,Libya,LBY,32.170374,13.01997,146810,85219,Admin-1 capital
Mizdah,Libya,LBY,31.433726,12.983331,26107,6652,Populated place
Bani Walid,Libya,LBY,31.770398,13.989988,65392,46350,Populated place
Al Marj,Libya,LBY,32.500457,20.829984,169540,85315,Populated place
Al Bayda,Libya,LBY,32.760415,21.620013,1794,1794,Populated place
Shahhat,Libya,LBY,32.828137,21.862169,45000,43376,Populated place
El Agheila,Libya,LBY,30.257028,19.200006,100,100,Populated place
Maradah,Libya,LBY,29.233705,19.216646,2500,2229,Populated place
Qaminis,Libya,LBY,31.660637,20.01546,5348,5348,Populated place
As Sidr,Libya,LBY,30.670413,18.266626,50,50,Populated place
Al Jaghbub,Libya,LBY,29.750392,24.516581,1744,1744,Populated place
Zahlé,Lebanon,LBN,33.850116,35.904154,78145,44239,Admin-1 capital
Ełk,Poland,POL,53.833702,22.349995,55769,46856,Populated place
Gdynia,Poland,POL,54.520379,18.530021,314664,253730,Populated place
Wrocław,Poland,POL,51.110432,17.030009,634893,610049,Admin-1 capital
Szczecin,Poland,POL,53.420394,14.530007,407811,372672,Admin-1 capital
Zielona Góra,Poland,POL,51.950407,15.500025,118433,109298,Admin-1 capital
Poznań,Poland,POL,52.405753,16.89994,623997,570352,Admin-1 capital
Grudziądz,Poland,POL,53.480391,18.750008,102443,99486,Populated place
Bydgoszcz,Poland,POL,53.120413,18.010001,366452,365992,Admin-1 capital
Katowice,Poland,POL,50.260381,19.020017,2746000,308724,Admin-1 capital
Gliwice,Poland,POL,50.330376,18.670013,507670,198835,Populated place
Kielce,Poland,POL,50.890394,20.66002,215733,208598,Admin-1 capital
Białystok,Poland,POL,53.150359,23.169996,291855,285590,Admin-1 capital
Lublin,Poland,POL,51.250398,22.57272,360044,355958,Admin-1 capital
Rzeszów,Poland,POL,50.07047,22.000042,245686,158382,Admin-1 capital
Kudymkar,Russia,RUS,59.016177,54.633037,32423,31596,Admin-1 capital
Kungur,Russia,RUS,57.434775,56.954342,66389,53434,Populated place
Krasnokamsk,Russia,RUS,58.074736,55.744287,52689,48075,Populated place
Chusovoy,Russia,RUS,58.29343,57.81305,72113,50205,Populated place
Gubakha,Russia,RUS,58.869132,57.588722,31424,6009,Populated place
Olgiy,Mongolia,MNG,48.933691,89.950003,34934,28400,Admin-1 capital
Xaignabouri,Laos,LAO,19.250465,101.750058,16200,16200,Admin-1 capital
Pakxe,Laos,LAO,15.12206,105.818337,102775,88332,Admin-1 capital
Phonsavan,Laos,LAO,19.451896,103.195997,37507,37507,Populated Place
Louangphrabang,Laos,LAO,19.884534,102.14161,107142,47378,Admin-1 capital
Thakhek,Laos,LAO,17.411197,104.836123,76928,26200,Admin-1 capital
Ulaan-Uul,Mongolia,MNG,44.333714,111.233303,3726,3726,Populated place
Pyongsan,North Korea,PRK,38.33669,126.386642,66260,66260,Populated place
Ongjin,North Korea,PRK,37.937102,125.357092,69195,64247,Populated place
Haeju,North Korea,PRK,38.039421,125.714383,224231,222396,Admin-1 capital
Kilchu,North Korea,PRK,40.960431,129.320416,101165,63652,Populated place
Musan,North Korea,PRK,42.230431,129.230396,80146,21739,Populated place
Rason,North Korea,PRK,42.337686,130.402727,60864,27331,Populated place
Kanggye,North Korea,PRK,40.973221,126.603218,299514,209530,Admin-1 capital
Taedong,North Korea,PRK,40.617093,125.45011,1884,1884,Populated place
Chongju,North Korea,PRK,39.681285,125.216326,141769,29065,Populated place
Hyeson,North Korea,PRK,41.392731,128.192733,227461,227461,Admin-1 capital
Hodrogo,Mongolia,MNG,48.966428,96.783281,10,10,Populated place
Karasburg,Namibia,NAM,-28.019596,18.739983,6054,4089,Admin-1 capital
Bethanie,Namibia,NAM,-26.499534,17.150002,10363,5881,Admin-1 capital
Oranjemund,Namibia,NAM,-28.549486,16.429994,8496,5950,Populated place
Mariental,Namibia,NAM,-24.619597,17.959927,13380,11960,Admin-1 capital
Rehoboth,Namibia,NAM,-23.319573,17.080032,25219,21377,Admin-1 capital
Outjo,Namibia,NAM,-20.109536,16.140038,6557,6170,Admin-1 capital
Opuwo,Namibia,NAM,-18.059584,13.820024,4857,4857,Populated place
Usakos,Namibia,NAM,-21.99955,15.58002,9147,1640,Populated place
Okahandja,Namibia,NAM,-21.979603,16.910017,20879,18503,Admin-1 capital
Otjiwarongo,Namibia,NAM,-20.459541,16.640007,24815,21224,Admin-1 region capital
Oshikango,Namibia,NAM,-17.399521,15.880002,12423,2658,Populated place
Cuangar,Namibia,NAM,-17.609534,18.61999,500,350,Populated place
Katima Mulilo,Namibia,NAM,-17.499618,24.260007,25027,18470,Populated place
Mucusso,Angola,AGO,-18.019535,21.429999,100,100,Populated place
Dawra,Morocco,MAR,27.462909,-12.992189,10,10,Populated place
Lemsid,Morocco,MAR,26.548187,-13.848192,100,100,Populated place
Tan Tan,Morocco,MAR,28.430395,-11.100031,64868,61924,Populated place
Utkholok,Russia,RUS,57.550401,157.233338,10,10,Populated place
Bol'sheretsk,Russia,RUS,52.438981,156.359386,10,10,Populated place
Il'pyrskiy,Russia,RUS,59.967388,164.172005,10,10,Populated place
Korf,Russia,RUS,60.332065,165.818344,400,400,Populated place
Bir Anzarane,Morocco,MAR,23.883748,-14.53331,6597,6597,Populated place
Binjai,Indonesia,IDN,3.620359,98.500075,564979,246010,Populated place
Padangsidempuan,Indonesia,IDN,1.388738,99.273361,266882,100561,Populated place
Tarutung,Indonesia,IDN,2.017072,98.966662,1305,1305,Populated place
Tebingtinggi,Indonesia,IDN,3.330377,99.130011,268043,117530,Populated place
Tidore,Indonesia,IDN,0.696377,127.435983,60611,60611,Populated place
Bukittinggi,Indonesia,IDN,-0.303148,100.36146,506964,98746,Populated place
Sawahlunto,Indonesia,IDN,-0.666279,100.783347,50354,50354,Populated place
Padangpanjang,Indonesia,IDN,-0.449599,100.416651,44096,44096,Populated place
Amahai,Indonesia,IDN,-3.328132,128.940491,47653,4692,Populated place
Mataram,Indonesia,IDN,-8.579542,116.13502,499409,318674,Admin-1 capital
Praya,Indonesia,IDN,-8.722324,116.292323,35183,35183,Populated place
Baubau,Indonesia,IDN,-5.469861,122.616329,24412,24412,Populated place
Luwuk,Indonesia,IDN,-0.939595,122.790014,47778,39323,Populated place
Poso,Indonesia,IDN,-1.389594,120.760009,47110,35904,Populated place
Biak,Indonesia,IDN,-1.161494,136.048481,103610,103610,Populated place
Timika,Indonesia,IDN,-4.549607,136.88998,26021,26021,Populated place
Saint-Georges,France,FRA,3.910471,-51.810001,2742,374,Populated place
Drogheda,Ireland,IRL,53.719265,-6.347763,36533,33441,Populated place
Dundalk,Ireland,IRL,54.000411,-6.416673,38884,38884,Admin-1 capital
Galway,Ireland,IRL,53.272393,-9.048812,75594,70686,Admin-1 capital
Kilkenny,Ireland,IRL,52.65455,-7.252255,21589,21213,Admin-1 capital
Killarney,Ireland,IRL,52.0504,-9.516665,11902,7300,Populated place
Sligo,Ireland,IRL,54.267061,-8.483317,20228,14200,Admin-1 capital
Bolama,Guinea Bissau,GNB,11.582953,-15.482804,10769,7589,Admin-1 capital
Bafatá,Guinea Bissau,GNB,12.166995,-14.666015,29704,22521,Admin-1 capital
Mbaïki,Central African Republic,CAF,3.870421,17.999976,67132,20000,Admin-1 capital
Carnot,Central African Republic,CAF,4.93369,15.866618,38071,26525,Populated place
Bozoum,Central African Republic,CAF,6.31699,16.38333,40201,10680,Admin-1 capital
Kaga Bandoro,Central African Republic,CAF,6.980387,19.180007,56520,28827,Admin-1 capital
Parma,Italy,ITA,44.810429,10.320031,166011,163457,Populated place
Ravenna,Italy,ITA,44.420375,12.220019,134631,113974,Populated place
Ferrara,Italy,ITA,44.850427,11.609927,130992,112516,Populated place
Bologna,Italy,ITA,44.500422,11.340021,488172,371217,Admin-1 region capital
Olbia,Italy,ITA,40.914285,9.515072,45366,43316,Populated place
Cagliari,Italy,ITA,39.222398,9.103982,291511,164249,Admin-1 region capital
Pisa,Italy,ITA,43.72047,10.400026,203336,89694,Populated place
Livorno,Italy,ITA,43.551134,10.302275,156274,133759,Populated place
Siena,Italy,ITA,43.317032,11.349994,52625,44837,Populated place
Arezzo,Italy,ITA,43.461726,11.874975,91589,73637,Populated place
Catanzaro,Italy,ITA,38.900376,16.60001,95251,85831,Admin-1 region capital
Salerno,Italy,ITA,40.680397,14.769941,954265,139579,Populated place
Benevento,Italy,ITA,41.133702,14.749993,61791,56769,Populated place
Bari,Italy,ITA,41.11422,16.872758,500577,316532,Admin-1 region capital
Foggia,Italy,ITA,41.460478,15.55997,155203,138853,Populated place
Lecce,Italy,ITA,40.36039,18.149993,162582,83303,Populated place
Brindisi,Italy,ITA,40.640348,17.930006,104437,89081,Populated place
Taranto,Italy,ITA,40.508392,17.229997,202033,95581,Populated place
Messina,Italy,ITA,38.200471,15.549996,252026,196069,Populated place
Marsala,Italy,ITA,37.805404,12.438662,77784,43179,Populated place
Siracusa,Italy,ITA,37.070359,15.289961,123657,122563,Populated place
Pescara,Italy,ITA,42.455431,14.218656,314789,116286,Populated place
L'Aquila,Italy,ITA,42.350398,13.390025,68503,55900,Admin-1 region capital
Civitavecchia,Italy,ITA,42.100413,11.799993,61316,50032,Populated place
Ancona,Italy,ITA,43.600374,13.499941,100507,90691,Admin-1 region capital
Perugia,Italy,ITA,43.110378,12.389983,149125,134871,Admin-1 region capital
Al Aqabah,Jordan,JOR,29.526995,35.077693,95048,95048,Admin-1 capital
Al Karak,Jordan,JOR,31.185111,35.704735,80062,21678,Admin-1 capital
Zemio,Central African Republic,CAF,5.033658,25.133287,20000,18478,Populated place
Yakossi,Central African Republic,CAF,5.617007,23.316654,500,319,Populated place
Bergamo,Italy,ITA,45.7004,9.669993,200000,121316,Populated place
Trieste,Italy,ITA,45.650378,13.800026,216035,211184,Admin-1 region capital
Bolzano,Italy,ITA,46.500429,11.36002,95895,94989,Populated place
Trento,Italy,ITA,46.080429,11.119983,107808,104946,Admin-1 region capital
Verona,Italy,ITA,45.44039,10.990016,347459,253208,Populated place
Langsa,Indonesia,IDN,4.673577,97.966361,117256,117256,Populated place
Longxi,China,CHN,35.04764,104.639442,355037,355037,Populated place
Pingliang,China,CHN,35.530375,106.680093,207256,108156,Populated place
Anxi,China,CHN,40.500434,95.799982,17886,17886,Populated place
Minxian,China,CHN,34.436178,104.03059,67826,67826,Populated place
Jinchang,China,CHN,38.495698,102.173908,144363,138977,Populated place
Guide,China,CHN,36.045098,101.424186,7642,7642,Populated place
Qinzhou,China,CHN,21.950429,108.619974,245376,100996,Populated place
Pingxiang,China,CHN,22.097371,106.756677,31109,31109,Populated place
Yishan,China,CHN,24.500377,108.66669,47062,47062,Populated place
Beihai,China,CHN,21.480406,109.100048,728978,405600,Populated place
Hechi,China,CHN,24.695252,108.083,3830000,2720379,Populated place
Tongren,China,CHN,27.680415,109.130021,118290,90593,Populated place
Fengjie,China,CHN,31.050442,109.516664,49168,49168,Populated place
Changping,China,CHN,40.224766,116.194396,614821,130000,Populated place
Shaowu,China,CHN,27.300387,117.500001,112585,1194,Populated place
Longyan,China,CHN,25.180413,117.030004,367896,367896,Populated place
Zhangzhou,China,CHN,24.520375,117.670016,3531147,1338452,Populated place
Putian,China,CHN,25.430346,119.020011,376558,376558,Populated place
Fuan,China,CHN,27.070427,119.620026,92470,71053,Populated place
Changting,China,CHN,25.866986,116.316662,87458,87458,Populated place
Nanping,China,CHN,26.630376,118.169986,213054,171674,Populated place
Ninde,China,CHN,26.680373,119.530058,314077,65170,Populated place
Jieshou,China,CHN,33.250437,115.350003,141993,141993,Populated place
Tongling,China,CHN,30.950448,117.780035,562832,312588,Populated place
Maanshan,China,CHN,31.7304,118.480044,1366302,633940,Populated place
Fuyang,China,CHN,32.900407,115.82,170023,170023,Populated place
Yangjiang,China,CHN,21.850409,111.970002,872363,630000,Populated place
Meizhou,China,CHN,24.300492,116.119982,414930,144212,Populated place
Heyuan,China,CHN,23.730424,114.680018,330961,207600,Populated place
Qingyuan,China,CHN,23.7004,113.030093,706717,706717,Populated place
Zhaoqing,China,CHN,23.050413,112.450025,480000,361969,Populated place
Lianxian,China,CHN,24.781522,112.382535,203639,92827,Populated place
Jiangmen,China,CHN,22.58039,113.080012,532419,532419,Populated place
Maoming,China,CHN,21.920405,110.870018,1217715,1217715,Populated place
Indramayu,Indonesia,IDN,-6.335648,108.319011,123263,123263,Populated place
Sukabumi,Indonesia,IDN,-6.909618,106.899976,276414,276414,Populated place
Cilacap,Indonesia,IDN,-7.71882,109.015402,1174964,1174964,Populated place
Pati,Indonesia,IDN,-6.741515,111.034659,122785,122785,Populated place
Pakalongan,Indonesia,IDN,-6.879594,109.670039,272000,257945,Populated place
Tegal,Indonesia,IDN,-6.869569,109.119996,237084,237084,Populated place
Salatiga,Indonesia,IDN,-7.309542,110.490093,176000,172645,Populated place
Magelang,Indonesia,IDN,-7.469584,110.179983,111461,111461,Populated place
Serang,Indonesia,IDN,-6.109977,106.149634,164767,164767,Populated place
Bekasi,Indonesia,IDN,-6.217258,106.972323,2378211,1520119,Populated place
Singkawang,Indonesia,IDN,0.911981,108.96547,248012,101838,Populated place
Bandar Lampung,Indonesia,IDN,-5.449604,105.300022,881801,881801,Admin-1 capital
Perabumulih,Indonesia,IDN,-3.443163,104.231457,103470,64038,Populated place
Kuta,Indonesia,IDN,-8.715113,115.184121,30012,15747,Populated place
Singaraja,Indonesia,IDN,-8.115199,115.094398,234468,133784,Populated place
Sumenep,Indonesia,IDN,-7.00491,113.849629,84656,84656,Admin-1 capital
Banyuwangi,Indonesia,IDN,-8.195018,114.369598,172424,108166,Populated place
Tuban,Indonesia,IDN,-6.899541,112.049998,76242,76242,Admin-1 capital
Probolinggo,Indonesia,IDN,-7.749619,113.150034,181656,181656,Populated place
Pasuruan,Indonesia,IDN,-7.629574,112.900023,500000,186322,Populated place
Mojokerto,Indonesia,IDN,-7.469584,112.429974,112557,112557,Populated place
Madiun,Indonesia,IDN,-7.634587,111.514991,186099,186099,Populated place
Kediri,Indonesia,IDN,-7.789616,112.000026,235143,235143,Populated place
Blitar,Indonesia,IDN,-8.069599,112.149991,132416,132416,Populated place
Waingapu,Indonesia,IDN,-9.658236,120.253011,48828,23153,Populated place
Maumere,Indonesia,IDN,-8.618868,122.212323,104285,47598,Populated place
Ende,Indonesia,IDN,-8.862316,121.648947,77205,44655,Populated place
Makale,Indonesia,IDN,-3.096828,119.853087,9960,9960,Populated place
Palopo,Indonesia,IDN,-3.099928,120.23632,2444,2444,Populated place
Watampone,Indonesia,IDN,-4.532813,120.333368,81629,36277,Populated place
Pinrang,Indonesia,IDN,-3.785726,119.652221,182731,182731,Populated place
Majene,Indonesia,IDN,-3.533597,118.96601,272377,37715,Populated place
Saint-Étienne,France,FRA,45.430391,4.380032,265684,176280,Populated place
Grenoble,France,FRA,45.180381,5.720002,388574,158552,Populated place
Macará,Ecuador,ECU,-4.379592,-79.949988,13035,10461,Populated place
Zamora,Ecuador,ECU,-4.069585,-78.969997,15276,7887,Admin-1 capital
Latacunga,Ecuador,ECU,-0.92957,-78.609967,94972,51717,Admin-1 capital
Milagro,Ecuador,ECU,-2.179623,-79.599984,109970,897,Populated place
Babahoyo,Ecuador,ECU,-1.799594,-79.540014,76279,43467,Admin-1 capital
Chone,Ecuador,ECU,-0.689585,-80.090006,44751,36007,Populated place
Jipijapa,Ecuador,ECU,-1.349596,-80.580002,35901,21581,Populated place
Yaupi,Ecuador,ECU,-2.85431,-77.936339,293,293,Populated place
Macas,Ecuador,ECU,-2.309589,-78.119997,23687,17601,Admin-1 capital
Cayambe,Ecuador,ECU,0.05037,-78.159994,27881,26582,Populated place
Ambato,Ecuador,ECU,-1.269601,-78.619992,281425,154369,Admin-1 capital
Tena,Ecuador,ECU,-0.979593,-77.80999,31126,17172,Admin-1 capital
Yarumal,Colombia,COL,7.03059,-75.590487,35315,35315,Populated place
Puerto Berrío,Colombia,COL,6.480443,-74.420016,33983,32405,Populated place
Turbo,Colombia,COL,8.10037,-76.739978,50508,34007,Populated place
Tunja,Colombia,COL,5.550448,-73.370028,161412,117479,Admin-1 capital
Chiquinquirá,Colombia,COL,5.620392,-73.819949,53975,45294,Populated place
Duitama,Colombia,COL,5.830457,-73.02005,101156,92040,Populated place
Ayapel,Colombia,COL,8.330408,-75.150023,23639,22602,Populated place
Lorica,Colombia,COL,9.241851,-75.816003,52771,40605,Populated place
Socorro,Colombia,COL,6.460341,-73.269983,24895,17752,Populated place
Riohacha,Colombia,COL,11.540341,-72.909979,133186,92431,Admin-1 capital
Cienfuegos,Cuba,CUB,22.144448,-80.440294,186644,106455,Admin-1 capital
Nueva Gerona,Cuba,CUB,21.883715,-82.799995,25566,20264,Admin-1 capital
Sancti Spíritus,Cuba,CUB,21.930146,-79.4425,127069,76352,Admin-1 capital
Sixaola,Costa Rica,CRI,9.520387,-82.619981,1823,477,Populated place
Puntarenas,Costa Rica,CRI,9.970164,-84.83359,57102,35650,Admin-1 capital
Ciudad Cortés,Costa Rica,CRI,8.960369,-83.530003,3850,3181,Populated place
Quesada,Costa Rica,CRI,10.330492,-84.439973,31106,27310,Populated place
Liberia,Costa Rica,CRI,10.633755,-85.433323,45380,37696,Admin-1 capital
La Cruz,Costa Rica,CRI,11.070421,-85.630004,4319,4276,Populated place
Valdez,Ecuador,ECU,1.267104,-78.985499,11441,2530,Populated place
San Lorenzo,Ecuador,ECU,1.270399,-78.860055,20209,20209,Populated place
Esmeraldas,Ecuador,ECU,0.93042,-79.66998,173101,95630,Admin-1 capital
Santa Ana,El Salvador,SLV,13.99461,-89.559764,234478,176661,Admin-1 capital
Morón,Cuba,CUB,22.109851,-78.627485,66060,49043,Populated place
Nuevitas,Cuba,CUB,21.545647,-77.264442,54022,39570,Populated place
Manzanillo,Cuba,CUB,20.343757,-77.116647,128188,86678,Admin-1 capital
Bayamo,Cuba,CUB,20.379543,-76.643291,192632,162614,Populated place
Banes,Cuba,CUB,20.962918,-75.718593,53104,42387,Populated place
Las Tunas,Cuba,CUB,20.960128,-76.954383,203684,156112,Admin-1 capital
San Pedro de Macorís,Dominican Republic,DOM,18.450358,-69.299967,217899,204140,Admin-1 capital
Armenia,Colombia,COL,4.534283,-75.681128,315328,314267,Admin-1 capital
Pereira,Colombia,COL,4.81039,-75.679991,568750,440118,Admin-1 capital
Honda,Colombia,COL,5.190341,-74.749996,35469,28158,Populated place
San Vicente del Caguán,Colombia,COL,2.070376,-74.640028,1500,1000,Populated place
Florencia,Colombia,COL,1.610404,-75.619994,130337,44861,Admin-1 capital
Guapi,Colombia,COL,2.560398,-77.859987,13853,13853,Populated place
Neiva,Colombia,COL,2.931047,-75.330245,352855,284277,Admin-1 capital
Garzón,Colombia,COL,2.210394,-75.649967,56603,29451,Populated place
Ipiales,Colombia,COL,0.830374,-77.65,109618,77729,Populated place
Buenaventura,Colombia,COL,3.872402,-77.050453,252805,240387,Populated place
Tuluá,Colombia,COL,4.090382,-76.21001,165501,163062,Populated place
Ibarra,Ecuador,ECU,0.360377,-78.129996,146741,108666,Admin-1 capital
El Carmen de Bolívar,Colombia,COL,9.720374,-75.129998,60980,47957,Populated place
Juradó,Colombia,COL,7.121748,-77.756401,2351,2351,Populated place
Nuquí,Colombia,COL,5.68518,-77.274548,2741,233,Populated place
Quibdó,Colombia,COL,5.690414,-76.660008,92780,75104,Admin-1 capital
El Banco,Colombia,COL,9.000341,-73.980017,54522,24735,Populated place
Ciénaga,Colombia,COL,11.010399,-74.25,131171,88311,Populated place
Sincelejo,Colombia,COL,9.290427,-75.379957,261187,218388,Admin-1 capital
Tolú,Colombia,COL,9.535838,-75.572039,27390,12049,Populated place
Arauca,Colombia,COL,7.090664,-70.761635,69264,23797,Admin-1 capital
Tame,Colombia,COL,6.460341,-71.740025,29099,20961,Populated place
Pamplona,Colombia,COL,7.390387,-72.66002,53587,52247,Populated place
Ocaña,Colombia,COL,8.240413,-73.350004,83511,83292,Populated place
Orocue,Colombia,COL,4.794551,-71.340023,2835,1418,Populated place
Inírida,Colombia,COL,3.85404,-67.906098,9065,7298,Admin-1 capital
San Martín,Colombia,COL,3.690407,-73.689983,16273,8335,Populated place
Puerto Carreño,Colombia,COL,6.185035,-67.493023,10216,5861,Admin-1 capital
Artemisa,Cuba,CUB,22.8134,-82.761884,68073,23976,Populated place
Matanzas,Cuba,CUB,23.041525,-81.577486,146733,123873,Admin-1 capital
Colón,Cuba,CUB,22.719581,-80.905796,63882,17472,Populated place
Sagua la Grande,Cuba,CUB,22.809033,-80.071092,62073,19432,Populated place
Fort-de-France,France,FRA,14.610412,-61.080029,253995,91249,Admin-1 region capital
Zongo,Congo (Kinshasa),COD,4.330342,18.615029,17667,17667,Populated place
Libenge,Congo (Kinshasa),COD,3.660434,18.61999,27053,7751,Populated place
Bongandanga,Congo (Kinshasa),COD,1.510359,21.050022,4105,1687,Populated place
Ikela,Congo (Kinshasa),COD,-1.182939,23.26658,291,291,Populated place
Binga,Congo (Kinshasa),COD,2.383406,20.419983,64639,64639,Populated place
Basankusu,Congo (Kinshasa),COD,1.233709,19.800021,52216,52216,Populated place
Boende,Congo (Kinshasa),COD,-0.219587,20.860008,32091,17268,Populated place
Gbadolite,Congo (Kinshasa),COD,4.29037,21.019947,50493,19901,Populated place
Businga,Congo (Kinshasa),COD,3.340376,20.869982,34247,28919,Populated place
Bosobolo,Congo (Kinshasa),COD,4.190376,19.880016,14553,3384,Populated place
Zouar,Chad,TCD,20.458737,16.527766,204,204,Populated place
Bol,Chad,TCD,13.458958,14.714698,3303,3303,Admin-1 capital
Calatrava,Equatorial Guinea,GNQ,1.116403,9.418588,628,628,Populated place
Mongomo,Equatorial Guinea,GNQ,1.633685,11.31656,6560,6393,Admin-1 capital
Ati,Chad,TCD,13.21706,18.333289,25373,24074,Admin-1 capital
Oum Hadjer,Chad,TCD,13.300414,19.683336,19271,3894,Populated place
Mongo,Chad,TCD,12.183738,18.699985,27763,27763,Admin-1 capital
Doba,Chad,TCD,8.65044,16.85002,29597,24336,Admin-1 capital
Pala,Chad,TCD,9.350423,14.966621,35466,204,Populated place
Bongor,Chad,TCD,10.285947,15.387164,193941,30518,Admin-1 capital
Kelo,Chad,TCD,9.317066,15.800007,96224,42533,Populated place
Dubrovnik,Croatia,HRV,42.660948,18.091392,36994,28428,Admin-1 capital
Split,Croatia,HRV,43.520404,16.469992,214741,176314,Admin-1 capital
Zadar,Croatia,HRV,44.120135,15.262262,71258,47145,Admin-1 capital
Tanta,Egypt,EGY,30.790432,31.000009,404901,404901,Admin-1 capital
Ismaïlia,Egypt,EGY,30.590341,32.259984,656135,284813,Admin-1 capital
El Mansura,Egypt,EGY,31.050442,31.380038,600000,480494,Admin-1 capital
Dumyat,Egypt,EGY,31.420394,31.820011,299459,76839,Admin-1 capital
Matruh,Egypt,EGY,31.350424,27.230007,103470,62042,Admin-1 capital
El Alamein,Egypt,EGY,30.817071,28.949954,7400,2476,Populated place
El Daba,Egypt,EGY,31.033776,28.433293,14212,14212,Populated place
Salum,Egypt,EGY,31.566974,25.150031,7330,7330,Populated place
Damanhûr,Egypt,EGY,31.050442,30.470016,500000,242700,Admin-1 capital
Samalut,Egypt,EGY,28.300429,30.710001,152097,90465,Populated place
Mallawi,Egypt,EGY,27.730412,30.839967,217365,142504,Populated place
Beni Mazar,Egypt,EGY,28.490392,30.809995,79553,58153,Populated place
Beni Suef,Egypt,EGY,29.080381,31.09003,489450,189624,Admin-1 capital
Rashid,Egypt,EGY,31.460391,30.390021,199509,58432,Populated place
Qasr Farafra,Egypt,EGY,27.067145,27.966551,5000,5000,Populated place
El Qasr,Egypt,EGY,25.700433,28.883291,1716,1716,Populated place
Isna,Egypt,EGY,25.290406,32.549941,100000,69335,Populated place
Qena,Egypt,EGY,26.150457,32.720008,302027,235362,Admin-1 capital
Girga,Egypt,EGY,26.330368,31.880007,128250,102701,Populated place
Sohag,Egypt,EGY,26.550407,31.700018,600000,209419,Admin-1 capital
Berenice,Egypt,EGY,23.945992,35.48418,10,10,Populated place
Bur Safaga,Egypt,EGY,26.733729,33.933319,32944,9127,Populated place
El Tur,Egypt,EGY,28.239389,33.614797,27628,14972,Admin-1 capital
El Arish,Egypt,EGY,31.124882,33.800562,178651,128855,Admin-1 capital
Yangambi,Congo (Kinshasa),COD,0.770378,24.430023,35531,540,Populated place
Aketi,Congo (Kinshasa),COD,2.740465,23.779985,58601,35161,Populated place
Mongbwalu,Congo (Kinshasa),COD,1.950435,30.033298,2819,2819,Populated place
Bafwasende,Congo (Kinshasa),COD,1.083847,27.266594,149,149,Populated place
Bunia,Congo (Kinshasa),COD,1.560407,30.240004,96764,26310,Populated place
Wamba,Congo (Kinshasa),COD,2.140424,27.989961,146871,17373,Populated place
Basoko,Congo (Kinshasa),COD,1.240427,23.590022,43709,2197,Populated place
Tessenei,Eritrea,ERI,15.110381,36.657493,15255,3753,Populated place
Agordat,Eritrea,ERI,15.549037,37.886669,28600,8857,Populated place
Massawa,Eritrea,ERI,15.610118,39.450036,142564,142564,Admin-1 capital
Keren,Eritrea,ERI,15.680398,38.449994,150000,146483,Admin-1 capital
Mendefera,Eritrea,ERI,14.885976,38.816328,257390,17781,Admin-1 capital
Ali Sabih,Djibouti,DJI,11.15623,42.712524,40074,24257,Admin-1 capital
Obock,Djibouti,DJI,11.973441,43.285564,17776,8508,Admin-1 capital
Bonn,Germany,DEU,50.720456,7.080022,680543,313125,Populated place
Münster,Germany,DEU,51.970405,7.620041,270184,237041,Populated place
Düsseldorf,Germany,DEU,51.220374,6.779989,1220000,592393,Admin-1 capital
Ulm,Germany,DEU,48.400391,9.999999,172955,120451,Populated place
Mannheim,Germany,DEU,49.500375,8.470015,2362000,313174,Populated place
Freiburg,Germany,DEU,48.000415,7.869948,254889,215966,Populated place
Gießen,Germany,DEU,50.58372,8.650004,82358,74411,Populated place
Wiesbaden,Germany,DEU,50.080392,8.250028,617126,272432,Admin-1 capital
Bremerhaven,Germany,DEU,53.550438,8.579983,137751,117446,Populated place
Osnabrück,Germany,DEU,52.280438,8.049989,231268,166462,Populated place
Hanover,Germany,DEU,52.36697,9.716657,722490,515140,Admin-1 capital
Göttingen,Germany,DEU,51.520433,9.920004,139419,122149,Populated place
Gera,Germany,DEU,50.870369,12.070002,104659,103055,Populated place
Jena,Germany,DEU,50.930443,11.580006,104712,95171,Populated place
Flensburg,Germany,DEU,54.783748,9.433315,97930,85838,Populated place
Lübeck,Germany,DEU,53.870393,10.669984,235390,212207,Populated place
Kiel,Germany,DEU,54.33039,10.130017,269427,232758,Admin-1 capital
Koblenz,Germany,DEU,50.350478,7.599991,312633,107319,Populated place
Saarbrücken,Germany,DEU,49.25039,6.970003,770001,175741,Admin-1 capital
Pizen,Czechia,CZE,49.740438,13.360001,164180,157906,Admin-1 capital
Regensburg,Germany,DEU,49.020405,12.120025,164359,129151,Populated place
Rosenheim,Germany,DEU,47.850347,12.133306,92809,60167,Populated place
Hof,Germany,DEU,50.317044,11.916678,56153,49239,Populated place
Würzburg,Germany,DEU,49.800434,9.950028,168561,133731,Populated place
Ingolstadt,Germany,DEU,48.77042,11.449988,163325,120658,Populated place
Pula,Croatia,HRV,44.86872,13.848085,61599,59078,Populated place
Jihlava,Czechia,CZE,49.400381,15.583328,53921,50100,Admin-1 capital
Zlín,Czechia,CZE,49.230418,17.650023,124610,79177,Populated place
Brno,Czechia,CZE,49.200394,16.609983,388277,369559,Admin-1 capital
Pardubice,Czechia,CZE,50.04042,15.760009,107064,88741,Admin-1 capital
Cottbus,Germany,DEU,51.770418,14.329967,105067,84754,Populated place
Potsdam,Germany,DEU,52.400405,13.069993,218095,145292,Admin-1 capital
Magdeburg,Germany,DEU,52.130421,11.620004,229826,224931,Admin-1 capital
Leipzig,Germany,DEU,51.335405,12.409981,542529,504971,Populated place
Osijek,Croatia,HRV,45.550384,18.680038,95077,88140,Admin-1 capital
Ostrava,Czechia,CZE,49.830355,18.249987,478963,313088,Admin-1 capital
Narva,Estonia,EST,59.377628,28.160286,66980,64434,Populated place
Gar,China,CHN,32.200398,79.983324,10000,500,Populated place
Turpan,China,CHN,42.935375,89.165038,651853,102827,Populated place
Quiemo,China,CHN,38.133756,85.533322,65572,32494,Populated place
Koktokay,China,CHN,47.000373,89.466622,80000,40000,Populated place
Tanjungpinang,Indonesia,IDN,0.916829,104.471442,226666,125472,Populated place
Telukbutun,Indonesia,IDN,4.216989,108.2,140,140,Populated place
Hancheng,China,CHN,35.470431,110.429993,222135,58049,Populated place
Weinan,China,CHN,34.500438,109.500076,172321,172321,Populated place
Shuozhou,China,CHN,39.300378,112.420001,570000,246137,Populated place
Xinzhou,China,CHN,38.410432,112.719983,279607,154003,Populated place
Jincheng,China,CHN,35.500377,112.830002,760000,280000,Populated place
Jiexiu,China,CHN,37.040025,111.899981,77178,77178,Populated place
Changzhi,China,CHN,36.183875,113.105282,706000,706000,Populated place
Guangshui,China,CHN,31.620381,114.000008,154771,137000,Populated place
Jingmen,China,CHN,31.030392,112.10002,400000,400000,Populated place
Zicheng,China,CHN,30.300436,111.500005,237042,159383,Populated place
Shishou,China,CHN,29.700395,112.400002,231787,122411,Populated place
Xiaogan,China,CHN,30.920398,113.900014,160437,160437,Populated place
Puqi,China,CHN,29.72042,113.880015,205164,132891,Populated place
Yunxian,China,CHN,32.808164,110.813639,133558,133558,Populated place
Jinshi,China,CHN,29.632105,111.851715,274000,82906,Populated place
Chenzhou,China,CHN,25.800427,113.030093,322997,179038,Populated place
Zhijiang,China,CHN,27.440947,109.678049,113907,113907,Populated place
Xiangtan,China,CHN,27.850431,112.900023,2586948,1779960,Populated place
Zigong,China,CHN,29.401946,104.778056,1105000,689961,Populated place
Yaan,China,CHN,29.98043,103.080002,340000,340000,Populated place
Langzhong,China,CHN,31.57594,105.965563,60542,60542,Populated place
Rongzhag,China,CHN,30.950448,101.916663,70000,35000,Populated place
Simao,China,CHN,22.780688,100.978167,162725,162725,Populated place
Wenshan,China,CHN,23.372358,104.249698,152388,64404,Populated place
Zhanyi,China,CHN,25.600465,103.81665,652604,652604,Populated place
Huize,China,CHN,26.350419,103.416674,5170,5170,Populated place
Chengde,China,CHN,40.96038,117.93,449325,305933,Populated place
Cangzhou,China,CHN,38.320386,116.870013,527681,527681,Populated place
Baoding,China,CHN,38.872376,115.478075,1107000,995652,Populated place
Huanghua,China,CHN,38.370434,117.330037,120000,88486,Populated place
Dingzhou,China,CHN,38.500427,114.999998,152934,152934,Populated place
Nangong,China,CHN,37.370392,115.370002,82386,82386,Populated place
Linqing,China,CHN,36.850398,115.680009,110046,110046,Populated place
Xiangtai,China,CHN,37.049972,114.500029,611739,611739,Populated place
Puyang,China,CHN,35.700391,114.98,666322,666322,Populated place
Hebi,China,CHN,35.950375,114.220046,244662,244662,Populated place
Xuchang,China,CHN,34.02039,113.820019,449258,449258,Populated place
Zhoukou,China,CHN,33.630414,114.630047,377061,377061,Populated place
Dengzhou,China,CHN,32.680368,112.080022,59338,59338,Populated place
Tieling,China,CHN,42.300375,123.819977,340000,333907,Populated place
Chaoyang,China,CHN,41.550421,120.419978,470296,410005,Populated place
Huanren,China,CHN,41.256331,125.345982,116621,66147,Populated place
Zhuanghe,China,CHN,39.682292,122.96189,261510,80384,Populated place
Yishui,China,CHN,35.790437,118.619984,94115,94115,Populated place
Shanxian,China,CHN,34.79042,116.079984,74459,74459,Populated place
Pingyi,China,CHN,35.510428,117.620045,78254,78254,Populated place
Pingdu,China,CHN,36.790376,119.940007,91077,91077,Populated place
Laiwu,China,CHN,36.200412,117.660043,124108,124108,Populated place
Buizhou,China,CHN,37.370392,118.020021,115893,115893,Populated place
Liaocheng,China,CHN,36.430424,115.970017,226930,226930,Populated place
Rizhao,China,CHN,35.430381,119.450011,865000,246387,Populated place
Dezhou,China,CHN,37.450413,116.300022,379555,379555,Populated place
Linchuan,China,CHN,27.970346,116.360019,241104,241104,Populated place
Fengcheng,China,CHN,28.200409,115.770029,61469,61469,Populated place
Jian,China,CHN,27.130423,114.999998,520248,460194,Populated place
Shangrao,China,CHN,28.470393,117.969998,1144577,700266,Populated place
Jingdezhen,China,CHN,29.270421,117.18002,457298,310565,Populated place
Taizhou,China,CHN,32.490406,119.900009,612356,612356,Populated place
Shuyang,China,CHN,34.129866,118.77336,1770000,1770000,Populated place
Lianyungang,China,CHN,34.600432,119.170028,715600,715600,Populated place
Lishui,China,CHN,28.45042,119.900009,172777,98946,Populated place
Jiaojing,China,CHN,28.680406,121.449992,471500,470804,Populated place
Quzhou,China,CHN,28.97044,118.869995,370000,82216,Populated place
Kure,Japan,JPN,34.25097,132.565593,196991,196624,Populated place
Matsue,Japan,JPN,35.466994,133.066648,156811,144243,Admin-1 capital
Tottori,Japan,JPN,35.500377,134.233295,154098,131173,Populated place
Sasebo,Japan,JPN,33.16313,129.717705,237444,211251,Populated place
Songyuan,China,CHN,45.180381,124.820019,495900,495900,Populated place
Dunhua,China,CHN,43.350492,128.220018,191870,148844,Populated place
Nongan,China,CHN,44.4304,125.170075,141482,141482,Populated place
Taonan,China,CHN,45.330423,122.78004,116611,112819,Populated place
Liuhe,China,CHN,42.278852,125.717329,68938,66975,Populated place
Huinan,China,CHN,42.62294,126.26143,66315,20208,Populated place
Panshi,China,CHN,42.942636,126.056119,86216,80200,Populated place
Jiaohe,China,CHN,43.716284,127.345963,123018,57822,Populated place
Linjiang,China,CHN,41.836347,126.935962,84315,69149,Populated place
Wangqing,China,CHN,43.324783,129.734344,88732,70918,Populated place
Helong,China,CHN,42.534754,129.004363,85756,80309,Populated place
Shulan,China,CHN,44.40911,126.948726,78764,77420,Populated place
Jiutai,China,CHN,44.144733,125.844349,205399,175115,Populated place
Kitakyūshū,Japan,JPN,33.870399,130.820015,997536,983037,Admin-1 capital
Kumamoto,Japan,JPN,32.800929,130.700642,718232,680423,Admin-1 capital
Ōita,Japan,JPN,33.243228,131.5979,448907,375294,Admin-1 capital
Alxa Zuoqi,China,CHN,38.83901,105.66863,56387,56387,Populated place
Linxi,China,CHN,43.517071,118.033302,679,679,Populated place
Kailu,China,CHN,43.583734,121.199982,2809,2809,Populated place
Bairin Zuoqi,China,CHN,43.983709,119.183361,50000,47080,Populated place
Yitulihe,China,CHN,50.651623,121.516655,19645,19645,Populated place
Yakeshi,China,CHN,49.280414,120.730036,116284,97810,Populated place
Bugt,China,CHN,48.783804,121.933374,17457,17457,Populated place
Wuyuan,China,CHN,41.089622,108.272192,30057,30057,Populated place
Bayan Obo,China,CHN,41.767643,109.971106,27476,27476,Populated place
Fengzhen,China,CHN,40.4547,113.144349,99174,72444,Populated place
Suihua,China,CHN,46.630421,126.979991,252245,249561,Populated place
Shuangyashan,China,CHN,46.670419,131.350008,500000,500000,Populated place
Shangzhi,China,CHN,45.22043,127.970008,96980,82419,Populated place
Fujin,China,CHN,47.270382,132.019993,89442,70743,Populated place
Yian,China,CHN,47.880397,125.29999,39924,39924,Populated place
Tailai,China,CHN,46.390358,123.409976,75992,66623,Populated place
Longjiang,China,CHN,47.340404,123.180016,106384,67846,Populated place
Gannan,China,CHN,47.920368,123.510022,59239,34470,Populated place
Hailun,China,CHN,47.450423,126.93002,109881,99816,Populated place
Mishan,China,CHN,45.550384,131.880002,87257,73661,Populated place
Tieli,China,CHN,46.950376,128.050003,109636,108821,Populated place
Shuangcheng,China,CHN,45.350344,126.279982,130710,106340,Populated place
Zhaodong,China,CHN,46.080429,125.98,179980,154406,Populated place
Lanxi,China,CHN,46.266361,126.275951,72528,61494,Populated place
Keshan,China,CHN,48.026331,125.86595,72403,72403,Populated place
Nancha,China,CHN,47.136359,129.285948,121367,87774,Populated place
Xinqing,China,CHN,48.236344,129.505935,55415,29820,Populated place
Hulin,China,CHN,45.769027,132.992233,42559,42559,Populated place
Boli,China,CHN,45.756366,130.575947,95260,71374,Populated place
Ningan,China,CHN,44.331337,129.465937,54636,54636,Populated place
Gifu,Japan,JPN,35.423095,136.762753,412895,397714,Admin-1 region capital
Tsu,Japan,JPN,34.717066,136.51667,500000,284969,Admin-1 capital
Matsumoto,Japan,JPN,36.240435,137.970018,224926,210667,Populated place
Shizuoka,Japan,JPN,34.985835,138.385393,701561,671332,Admin-1 capital
Hamamatsu,Japan,JPN,34.718073,137.732719,977023,797462,Populated place
Obihiro,Japan,JPN,42.930414,143.17001,173890,165338,Populated place
Tomakomai,Japan,JPN,42.650406,141.550006,174806,147905,Admin-1 capital
Kitami,Japan,JPN,43.850358,143.899991,113137,94806,Populated place
Otaru,Japan,JPN,43.188719,140.978309,143792,134729,Populated place
Fukui,Japan,JPN,36.07042,136.220047,248707,233870,Admin-1 capital
Maizuru,Japan,JPN,35.450406,135.333331,92465,32598,Populated place
Wakayama,Japan,JPN,34.223117,135.167708,440006,351000,Admin-1 capital
Mito,Japan,JPN,36.370427,140.480045,353892,246538,Admin-1 capital
Kōfu,Japan,JPN,35.650394,138.583313,197540,190000,Admin-1 capital
Iwaki,Japan,JPN,37.055347,140.890046,357309,292045,Populated place
Nagaoka,Japan,JPN,37.450413,138.860041,195318,179802,Populated place
Yamagata,Japan,JPN,38.270492,140.320003,272209,254538,Admin-1 capital
Tsuruoka,Japan,JPN,38.700414,139.830214,99820,76285,Populated place
Kenge,Congo (Kinshasa),COD,-4.82959,16.89994,241,241,Populated place
Bolobo,Congo (Kinshasa),COD,-2.159521,16.23998,27862,17349,Populated place
Kahemba,Congo (Kinshasa),COD,-7.282929,19.000018,50000,41289,Populated place
Bulungu,Congo (Kinshasa),COD,-4.549607,18.599991,48344,36277,Populated place
Lusanga,Congo (Kinshasa),COD,-5.582929,16.516656,177,177,Populated place
Mangai,Congo (Kinshasa),COD,-4.039613,19.530012,37188,2704,Populated place
Kasongo-Lunda,Congo (Kinshasa),COD,-6.479619,16.82997,20060,17436,Populated place
Mushie,Congo (Kinshasa),COD,-3.019623,16.920042,33062,14965,Populated place
Dibaya,Congo (Kinshasa),COD,-6.509539,22.870015,603,603,Populated place
Mweka,Congo (Kinshasa),COD,-4.839616,21.569991,50675,39769,Populated place
Luebo,Congo (Kinshasa),COD,-5.349507,21.41,35183,182,Populated place
Demba,Congo (Kinshasa),COD,-5.5096,22.259974,22263,11754,Populated place
Ilebo,Congo (Kinshasa),COD,-4.319596,20.609998,107093,35158,Populated place
Moanda,Congo (Kinshasa),COD,-5.922909,12.354998,153915,153915,Populated place
Kimpese,Congo (Kinshasa),COD,-5.549598,14.43332,10578,10578,Populated place
Kasangulu,Congo (Kinshasa),COD,-4.57958,15.179993,27961,17329,Populated place
Mbanza-Ngungu,Congo (Kinshasa),COD,-5.249616,14.860013,197545,86356,Populated place
Tshela,Congo (Kinshasa),COD,-4.969582,12.930001,38845,947,Populated place
Mwenga,Congo (Kinshasa),COD,-3.038227,28.432518,2216,2216,Populated place
Kampene,Congo (Kinshasa),COD,-3.599536,26.670041,37034,2405,Populated place
Kalima,Congo (Kinshasa),COD,-2.509577,26.430004,194,194,Populated place
Lubutu,Congo (Kinshasa),COD,-0.732889,26.583328,1313,1313,Populated place
Kabinda,Congo (Kinshasa),COD,-6.129614,24.479994,59004,15728,Populated place
Lubao,Congo (Kinshasa),COD,-5.389556,25.749994,43068,9217,Populated place
Lusambo,Congo (Kinshasa),COD,-4.969582,23.430032,41416,12190,Populated place
Gandajika,Congo (Kinshasa),COD,-6.739603,23.960026,154425,57114,Populated place
Lodja,Congo (Kinshasa),COD,-3.48962,23.420007,68244,68244,Populated place
Dilolo,Congo (Kinshasa),COD,-10.69962,22.333303,7854,7854,Populated place
Nyunzu,Congo (Kinshasa),COD,-5.949574,28.016677,15397,15397,Populated place
Kasaji,Congo (Kinshasa),COD,-10.366203,23.449979,11969,11969,Populated place
Luanza,Congo (Kinshasa),COD,-8.699587,28.699995,861,861,Populated place
Moba,Congo (Kinshasa),COD,-7.059583,29.719984,10006,10006,Populated place
Bukama,Congo (Kinshasa),COD,-9.209581,25.840014,38770,3031,Populated place
Kaniama,Congo (Kinshasa),COD,-7.56963,24.170039,36481,29412,Admin-1 capital
Kipushi,Congo (Kinshasa),COD,-11.759607,27.250006,113347,62332,Populated place
Kambove,Congo (Kinshasa),COD,-10.869583,26.60002,36702,1167,Populated place
Kongolo,Congo (Kinshasa),COD,-5.379479,26.979996,105202,31943,Populated place
Kabalo,Congo (Kinshasa),COD,-6.049619,26.910026,29833,13869,Populated place
Beni,Congo (Kinshasa),COD,0.490447,29.450026,332903,89648,Populated place
Sungaipenuh,Indonesia,IDN,-2.063144,101.396436,95913,17633,Populated place
Sampit,Indonesia,IDN,-2.532935,112.950046,92710,66053,Populated place
Kualakapuas,Indonesia,IDN,-3.099618,114.350012,35632,1393,Populated place
Palangkaraya,Indonesia,IDN,-2.209595,113.909987,148289,148289,Admin-1 capital
Huehuetenango,Guatemala,GTM,15.320394,-91.469983,85992,79426,Admin-1 capital
Flores,Guatemala,GTM,16.933681,-89.883284,38035,20464,Admin-1 capital
La Libertad,Guatemala,GTM,16.780434,-90.119988,8646,8523,Populated place
San Jose,Guatemala,GTM,13.93973,-90.820032,18655,9841,Populated place
Escuintla,Guatemala,GTM,14.300405,-90.779999,107638,103165,Admin-1 capital
Mazatenango,Guatemala,GTM,14.530365,-91.509981,64652,44132,Admin-1 capital
Monte Cristi,Dominican Republic,DOM,19.86699,-71.65003,17001,16704,Admin-1 capital
Barahona,Dominican Republic,DOM,18.200374,-71.099986,90128,77160,Admin-1 capital
Bávaro,Dominican Republic,DOM,18.717009,-68.449967,795,795,Populated place
Saint-Laurent-du-Maroni,France,FRA,5.497624,-54.032535,24287,17414,Admin-1 region capital
Iracoubo,France,FRA,5.480427,-53.219992,1536,226,Populated place
Bansang,The Gambia,GMB,13.433636,-14.650021,7615,1678,Populated place
Brikama,The Gambia,GMB,13.280364,-16.65995,195136,77700,Admin-1 capital
Tamale,Ghana,GHA,9.40042,-0.839985,360579,325163,Admin-1 capital
Yendi,Ghana,GHA,9.433725,-0.01665,42972,18711,Populated place
Bolgatanga,Ghana,GHA,10.790387,-0.849985,82177,54430,Admin-1 capital
Bawku,Ghana,GHA,11.060396,-0.239996,73594,56830,Populated place
Wa,Ghana,GHA,10.060405,-2.500013,78107,75676,Admin-1 capital
Obuasi,Ghana,GHA,6.190409,-1.659987,180117,137856,Populated place
Berekum,Ghana,GHA,7.450384,-2.590008,46287,26682,Populated place
Winneba,Ghana,GHA,5.350434,-0.63005,44254,39568,Populated place
Cape Coast,Ghana,GHA,5.110372,-1.249986,143015,135516,Admin-1 capital
Nkawkaw,Ghana,GHA,6.550465,-0.780015,62667,47162,Populated place
Koforidua,Ghana,GHA,6.090415,-0.260021,156653,96266,Admin-1 capital
Tema,Ghana,GHA,5.640365,0.010015,209000,160939,Populated place
Ho,Ghana,GHA,6.60041,0.469987,93044,69998,Admin-1 capital
Ewo,Congo (Brazzaville),COG,-0.879599,14.820015,10650,4923,Admin-1 capital
Mékambo,Gabon,GAB,1.017081,13.933299,3170,3170,Populated place
Makokou,Gabon,GAB,0.567083,12.866594,17070,13571,Admin-1 capital
Mitzik,Gabon,GAB,0.783711,11.566622,4111,3886,Populated place
Bitam,Gabon,GAB,2.083657,11.483371,17637,10297,Populated place
Pathankot,India,IND,32.270342,75.720019,253987,174306,Populated place
Sirsa,India,IND,29.490382,75.029983,181639,160129,Populated place
Panipat,India,IND,29.400413,76.969968,292808,292808,Populated place
Karnal,India,IND,29.680448,76.969968,225049,225049,Populated place
Baramula,India,IND,34.200431,74.350025,167986,77276,Populated place
Proddatur,India,IND,14.750429,78.570026,197451,177797,Populated place
Nandyal,India,IND,15.520382,78.479954,188654,165337,Populated place
Hindupur,India,IND,13.780359,77.489988,168312,133298,Populated place
Tirupati,India,IND,13.650419,79.42,287035,250821,Populated place
Ongole,India,IND,15.56038,80.050039,202860,172872,Populated place
Vizianagaram,India,IND,18.120404,83.500009,179358,1194,Populated place
Rajahmundry,India,IND,17.030342,81.789984,304804,304804,Populated place
Machilipatnam,India,IND,16.200418,81.179996,192827,192827,Populated place
Khammam,India,IND,17.28043,80.160058,290839,170503,Populated place
Chirala,India,IND,15.860413,80.339995,253000,87001,Populated place
Karimnagar,India,IND,18.460435,79.109993,288251,228745,Populated place
Nizamabad,India,IND,18.670397,78.100028,388505,305438,Populated place
Kollam,India,IND,8.900373,76.569993,394163,394163,Populated place
Alappuzha,India,IND,9.500414,76.370005,176783,176783,Populated place
Puri,India,IND,19.82043,85.900018,201026,201026,Populated place
Sambalpur,India,IND,21.470407,83.970058,310852,162887,Populated place
Raurkela,India,IND,22.230412,84.829954,625831,483629,Populated place
Kavaratti,India,IND,10.562573,72.636867,10688,10688,Admin-1 capital
Mandya,India,IND,12.570381,76.919997,285034,134845,Populated place
Kolar,India,IND,13.133706,78.13336,144625,126441,Populated place
Shivamogga,India,IND,13.930376,75.560028,654055,319550,Populated place
Raichur,India,IND,16.210366,77.355009,255240,225962,Populated place
Hosapete,India,IND,15.280397,76.375018,286007,197846,Populated place
Bidar,India,IND,17.922923,77.517532,300136,204071,Populated place
Sangli,India,IND,16.860404,74.575024,601214,601214,Populated place
Parbhani,India,IND,19.270386,76.760007,378326,289629,Populated place
Malegaon,India,IND,20.560359,74.525001,690844,435362,Populated place
Port Blair,India,IND,11.667026,92.735983,127562,112050,Admin-1 capital
Tezpur,India,IND,26.633761,92.80001,58851,58851,Populated place
Silchar,India,IND,24.790411,92.790036,152393,152393,Populated place
Kohima,India,IND,25.666998,94.11657,92113,92113,Admin-1 capital
Shillong,India,IND,25.570492,91.880014,375527,354325,Admin-1 capital
Nandi,Fiji,FJI,-17.7996,177.416602,42284,12374,Populated place
Lautoka,Fiji,FJI,-17.616097,177.466625,55894,55894,Populated place
Lambaréné,Gabon,GAB,-0.69961,10.216627,25310,20714,Admin-1 capital
Bifoum,Gabon,GAB,-0.332914,10.383232,134,134,Populated place
Ndende,Gabon,GAB,-2.382918,11.383274,6200,2002,Populated place
Mouila,Gabon,GAB,-1.866154,11.016681,28000,22469,Admin-1 capital
Omboué,Gabon,GAB,-1.566224,9.249967,1667,1667,Populated place
Moanda,Gabon,GAB,-1.5655,13.200011,30151,27115,Populated place
Okandja,Gabon,GAB,-0.682918,13.783334,7155,7155,Populated place
Koulamoutou,Gabon,GAB,-1.132917,12.48331,16222,12465,Admin-1 capital
Cherbourg,France,FRA,49.650392,-1.649987,60991,60991,Populated place
Caen,France,FRA,49.183754,-0.349989,190099,110624,Admin-1 region capital
Lorient,France,FRA,47.750405,-3.366575,84952,58112,Populated place
Brest,France,FRA,48.390443,-4.495008,144899,140929,Populated place
Le Mans,France,FRA,48.000415,0.099983,144515,142270,Populated place
Nantes,France,FRA,47.210386,-1.590017,438537,277269,Admin-1 region capital
Agen,France,FRA,44.200414,0.633336,58223,34367,Populated place
Ajaccio,France,FRA,41.927065,8.728294,54364,39446,Admin-1 region capital
Bastia,France,FRA,42.703167,9.450007,41001,40116,Populated place
Toulon,France,FRA,43.134187,5.918822,357693,168701,Populated place
Béziers,France,FRA,43.350492,3.209974,81438,74081,Populated place
Montpellier,France,FRA,43.610399,3.869986,327254,248252,Admin-1 region capital
Nîmes,France,FRA,43.830385,4.350008,169547,148236,Populated place
Vichy,France,FRA,46.117145,3.41668,43158,27019,Populated place
Nevers,France,FRA,46.983733,3.16667,45929,43988,Populated place
Auxerre,France,FRA,47.800427,3.566593,41516,34552,Populated place
Dijon,France,FRA,47.330404,5.030018,169946,149782,Admin-1 region capital
Bourges,France,FRA,47.083727,2.399998,72340,67987,Populated place
Tours,France,FRA,47.380375,0.699947,236096,141621,Populated place
Orléans,France,FRA,47.900421,1.900028,217301,124149,Admin-1 region capital
Dieppe,France,FRA,49.933734,1.083334,42461,35707,Populated place
Rouen,France,FRA,49.430405,1.079975,532559,110276,Admin-1 region capital
Versailles,France,FRA,48.80047,2.133348,85416,85416,Populated place
Brive,France,FRA,45.150408,1.533333,55448,53466,Populated place
Troyes,France,FRA,48.340394,4.083358,61703,60785,Populated place
Reims,France,FRA,49.25039,4.029976,196565,159313,Admin-1 region capital
Calais,France,FRA,50.950416,1.833314,92201,74433,Populated place
Amiens,France,FRA,49.900377,2.300004,143086,94731,Admin-1 region capital
Mulhouse,France,FRA,47.750405,7.34998,215454,111430,Populated place
Nancy,France,FRA,48.683681,6.200024,268976,105334,Admin-1 region capital
Metz,France,FRA,49.120347,6.180026,409186,123914,Admin-1 capital
Cochrane,Chile,CHL,-47.266276,-72.549949,4441,4441,Populated place
Lagunas,Chile,CHL,-20.982868,-69.683303,10,10,Populated place
Pozo Almonte,Chile,CHL,-20.26963,-69.800014,10830,10830,Populated place
Toconao,Chile,CHL,-23.182889,-68.016634,378,378,Populated place
Huasco,Chile,CHL,-28.469594,-71.220005,2558,2558,Populated place
Diego de Almagro,Chile,CHL,-26.369619,-70.049998,18137,18137,Populated place
Caldera,Chile,CHL,-27.069628,-70.830028,10259,10259,Populated place
Coquimbo,Chile,CHL,-29.952915,-71.343615,161317,156848,Populated place
Vicuña,Chile,CHL,-30.029499,-70.739982,13496,13496,Populated place
Illapel,Chile,CHL,-31.629608,-71.170008,26340,22816,Populated place
Salamanca,Chile,CHL,-31.779573,-70.979968,20214,13265,Populated place
Los Andes,Chile,CHL,-32.829587,-70.599991,56859,49411,Populated place
San Antonio,Chile,CHL,-33.599514,-71.609981,104292,85651,Populated place
Victoria,Chile,CHL,-38.239541,-72.340014,24555,11424,Populated place
Carahue,Chile,CHL,-38.709486,-73.169989,11875,5309,Populated place
Los Lagos,Chile,CHL,-39.84952,-72.829984,12813,12813,Populated place
Lota,Chile,CHL,-37.089585,-73.160015,49763,15641,Populated place
Lebu,Chile,CHL,-37.609553,-73.649985,22345,10904,Populated place
Quellón,Chile,CHL,-43.099606,-73.599988,7029,7029,Populated place
Constitución,Chile,CHL,-35.329589,-72.419983,37917,15888,Populated place
Qasigiannguit,Greenland,GRL,68.81927,-51.178519,1341,1341,Populated place
Impfondo,Congo (Brazzaville),COG,1.640377,18.040025,20859,20859,Admin-1 capital
Sembe,Congo (Brazzaville),COG,1.640377,14.58003,9679,3113,Populated place
Moloundou,Congo (Brazzaville),COG,2.033738,15.216683,12244,12244,Populated place
Kerkira,Greece,GRC,39.615423,19.914743,38517,27003,Admin-1 capital
Tripoli,Greece,GRC,37.509143,22.379399,28970,26561,Admin-1 capital
Sparti,Greece,GRC,37.073718,22.42968,16187,15497,Admin-1 capital
Agrinio,Greece,GRC,38.621763,21.407727,75233,43525,Populated place
Pirgos,Greece,GRC,37.683732,21.449998,22399,22223,Admin-1 capital
Larissa,Greece,GRC,39.630409,22.420016,128758,111487,Admin-1 capital
Ioanina,Greece,GRC,39.6679,20.850861,86304,64012,Admin-1 capital
Mitilini,Greece,GRC,39.110415,26.554648,29328,28322,Admin-1 capital
Hios,Greece,GRC,38.368109,26.13581,26891,23953,Admin-1 capital
Chalkida,Greece,GRC,38.463995,23.612398,71842,54558,Admin-1 capital
Sitia,Greece,GRC,35.200421,26.098551,8833,8707,Populated place
Katerini,Greece,GRC,40.272334,22.502492,53293,48408,Admin-1 capital
Seres,Greece,GRC,41.085979,23.549715,55886,45935,Admin-1 capital
Xanthi,Greece,GRC,41.14179,24.883587,50570,48221,Admin-1 capital
Ermoupoli,Greece,GRC,37.450413,24.9333,12260,12260,Populated place
Kos,Greece,GRC,36.893729,27.288815,19244,18691,Populated place
Rodos,Greece,GRC,36.441224,28.222504,56969,56128,Admin-1 capital
Poti,Georgia,GEO,42.155656,41.671606,47149,44853,Populated place
Rustavi,Georgia,GEO,41.570368,45.050004,157063,156477,Populated place
Zakho,Iraq,IRQ,37.14454,42.687203,134863,95052,Populated place
Tall Afar,Iraq,IRQ,36.375983,42.44975,144465,144465,Populated place
Tikrit,Iraq,IRQ,34.597047,43.676962,56591,42477,Populated place
Haifa,Israel,ISR,32.822357,34.978079,1011000,267300,Admin-1 capital
Nazareth,Israel,ISR,32.703984,35.295509,151459,64800,Admin-1 capital
Karbala,Iraq,IRQ,32.61492,44.024486,510692,434450,Admin-1 capital
Debre Birhan,Ethiopia,ETH,9.680377,39.530031,65231,57787,Populated place
Bati,Ethiopia,ETH,11.183748,40.016565,19260,6393,Populated place
Adigrat,Ethiopia,ETH,14.280432,39.469983,104021,104021,Populated place
Aksum,Ethiopia,ETH,14.130415,38.720003,47487,41249,Populated place
Yirga Alem,Ethiopia,ETH,6.750427,38.409996,36292,36292,Populated place
Hosaina,Ethiopia,ETH,7.550378,37.850031,89300,89300,Populated place
Dila,Ethiopia,ETH,6.410421,38.310002,47021,47021,Populated place
Giyon,Ethiopia,ETH,8.530421,37.970023,114534,38394,Populated place
Hagere Hiywet,Ethiopia,ETH,8.980394,37.850031,43920,34905,Populated place
Nekemte,Ethiopia,ETH,9.090465,36.530008,73018,73018,Admin-1 capital
Asela,Ethiopia,ETH,7.950405,39.139926,82240,82240,Admin-1 capital
Shashemene,Ethiopia,ETH,7.200399,38.590037,114350,85871,Populated place
Dembi Dolo,Ethiopia,ETH,8.533729,34.799984,27780,26748,Populated place
Gimbi,Ethiopia,ETH,9.167023,35.833306,31809,13038,Populated place
Asosa,Ethiopia,ETH,10.066994,34.533334,30512,17872,Populated place
Jijiga,Ethiopia,ETH,9.350423,42.789987,56821,48194,Admin-1 capital
Stralsund,Germany,DEU,54.300418,13.100017,61368,58976,Populated place
Rostock,Germany,DEU,54.070381,12.149997,203080,198293,Populated place
Sodankylä,Finland,FIN,67.417059,26.60002,8942,4091,Populated place
Jyväskylä,Finland,FIN,62.260346,25.749994,98136,85026,Admin-1 capital
Kuopio,Finland,FIN,62.894286,27.69494,91900,89104,Admin-1 capital
Lappeenranta,Finland,FIN,61.067059,28.183334,59276,49757,Populated place
Porvoo,Finland,FIN,60.400356,25.66602,12242,12242,Populated place
Oktyabrsk,Kazakhstan,KAZ,49.473064,57.444907,28196,26373,Populated place
Algha,Kazakhstan,KAZ,49.903167,57.334991,28267,28267,Populated place
Bayghanin,Kazakhstan,KAZ,48.691691,55.873995,7657,885,Populated place
Embi,Kazakhstan,KAZ,48.826773,58.144192,18760,1259,Populated place
Zhetiqara,Kazakhstan,KAZ,52.192976,61.239921,46740,43104,Populated place
Komsomolets,Kazakhstan,KAZ,53.750555,62.050207,9838,1549,Populated place
Tobol,Kazakhstan,KAZ,52.69801,62.57493,7155,672,Populated place
Qusmuryn,Kazakhstan,KAZ,52.457998,64.599974,8049,642,Populated place
Shieli,Kazakhstan,KAZ,44.167006,66.750024,29832,21910,Populated place
Makhambet,Kazakhstan,KAZ,47.671365,51.579787,8905,618,Populated place
Chapaev,Kazakhstan,KAZ,50.191496,51.14493,6000,1031,Populated place
Zhanibek,Kazakhstan,KAZ,49.427641,46.877231,8212,5436,Populated place
Aqsay,Kazakhstan,KAZ,51.171436,53.034892,34799,26010,Populated place
Esil,Kazakhstan,KAZ,51.956969,66.377488,13504,627,Populated place
Derzhavinsk,Kazakhstan,KAZ,51.10206,66.307467,15848,13856,Populated place
Zhaltyr,Kazakhstan,KAZ,51.632416,69.832781,694,694,Populated place
Makinsk,Kazakhstan,KAZ,52.640364,70.409955,23020,17711,Populated place
Aqsu,Kazakhstan,KAZ,52.450195,71.959731,8543,8543,Populated place
Zholymbet,Kazakhstan,KAZ,51.750238,71.709876,6876,1062,Populated place
Erymentau,Kazakhstan,KAZ,51.630323,73.104933,25141,14169,Populated place
Saryshaghan,Kazakhstan,KAZ,46.119548,73.619113,4365,297,Populated place
Qarazhal,Kazakhstan,KAZ,48.025271,70.799906,22170,13807,Populated place
Atasu,Kazakhstan,KAZ,48.690321,71.649931,19616,13184,Populated place
Kishkenekol,Kazakhstan,KAZ,53.636764,72.341414,6779,6779,Populated place
Tayynsha,Kazakhstan,KAZ,53.84812,69.763793,13148,1109,Populated place
Bulaevo,Kazakhstan,KAZ,54.905317,70.439979,9886,880,Populated place
Ertis,Kazakhstan,KAZ,53.345309,75.449906,9216,3406,Populated place
Kachiry,Kazakhstan,KAZ,53.080363,76.08997,8931,1330,Populated place
Zaysan,Kazakhstan,KAZ,47.475228,84.859823,17600,10798,Populated place
Zyryanovsk,Kazakhstan,KAZ,49.74527,84.254847,49658,44929,Populated place
Ridder,Kazakhstan,KAZ,50.355388,83.514943,56756,52664,Populated place
Shar,Kazakhstan,KAZ,49.600317,81.054939,9087,1162,Populated place
Urzhar,Kazakhstan,KAZ,47.100186,81.604827,14826,12882,Populated place
Sarqan,Kazakhstan,KAZ,45.42034,79.914905,76919,45739,Populated place
Ushtobe,Kazakhstan,KAZ,45.265337,77.969959,20492,17741,Populated place
Shonzhy,Kazakhstan,KAZ,43.542083,79.470281,3902,3902,Populated place
Qapshaghay,Kazakhstan,KAZ,43.884387,77.068722,42167,38472,Populated place
Otar,Kazakhstan,KAZ,43.53459,75.2139,11238,11238,Populated place
Qomsheh,Iran,IRN,32.011494,51.859718,118301,118301,Populated place
Kashan,Iran,IRN,33.980418,51.579993,250000,248789,Populated place
Khomeini Shahr,Iran,IRN,32.700419,51.469974,437138,437138,Populated place
Fasa,Iran,IRN,28.971835,53.671494,124458,98061,Populated place
Gonbad-e Kavus,Iran,IRN,37.251821,55.171454,159982,131416,Populated place
Gorgan,Iran,IRN,36.830348,54.480023,281023,244937,Admin-1 capital
Amol,Iran,IRN,36.471326,52.363305,221650,199382,Populated place
Sari,Iran,IRN,36.55039,53.100004,271467,255396,Admin-1 capital
Semnan,Iran,IRN,35.554792,53.374303,124826,110950,Admin-1 capital
Karaj,Iran,IRN,35.802305,50.968059,1423000,1423000,Populated place
Behbehan,Iran,IRN,30.581814,50.261469,85707,79327,Populated place
Dezful,Iran,IRN,32.380387,48.470002,315482,315482,Populated place
Khorramabad,Iran,IRN,33.480423,48.35001,375198,329825,Admin-1 capital
Ilam,Iran,IRN,33.630414,46.430024,152894,140940,Admin-1 capital
As Samawah,Iraq,IRQ,31.309858,45.280275,174978,152890,Admin-1 capital
An Nasiriyah,Iraq,IRQ,31.042949,46.267553,451547,400249,Admin-1 capital
Al Amarah,Iraq,IRQ,31.841608,47.151168,345007,323302,Admin-1 capital
Al Kut,Iraq,IRQ,32.490716,45.83037,321521,315162,Admin-1 capital
Saveh,Iran,IRN,35.021827,50.331439,175533,115236,Populated place
Arak,Iran,IRN,34.080412,49.700005,503647,423251,Admin-1 capital
Fort Shevchenko,Kazakhstan,KAZ,44.517062,50.266637,5213,1259,Populated place
Zhangaozen,Kazakhstan,KAZ,43.300392,52.800022,8895,8895,Populated place
Mahabad,Iran,IRN,36.770377,45.720041,162434,144423,Populated place
Khvoy,Iran,IRN,38.530399,44.970009,202728,175370,Populated place
Maragheh,Iran,IRN,37.420389,46.220011,151385,151385,Populated place
Qasr-e Shirin,Iran,IRN,34.512375,45.577207,11202,11202,Populated place
Bijar,Iran,IRN,35.874075,47.593674,53871,43741,Populated place
As Sulaymaniyah,Iraq,IRQ,35.561278,45.43086,723170,585466,Admin-1 capital
Baqubah,Iraq,IRQ,33.747642,44.657264,299479,152550,Admin-1 capital
Yazdan,Iran,IRN,33.506494,60.893792,2000,1788,Populated place
Torbat-e Jam,Iran,IRN,35.22334,60.612879,104578,58928,Populated place
Quchan,Iran,IRN,37.111829,58.501483,145531,111752,Populated place
Chabahar,Iran,IRN,25.300405,60.629932,65801,47287,Populated place
Abohar,India,IND,30.120421,74.290028,130603,130603,Populated place
Patiala,India,IND,30.320409,76.384991,329224,329224,Populated place
Bhilwara,India,IND,25.350428,74.63502,389911,326431,Populated place
Pali,India,IND,25.790375,73.329932,210103,207394,Populated place
Tonk,India,IND,26.150457,75.79004,181734,151331,Populated place
Sikar,India,IND,27.610394,75.140002,400000,237579,Populated place
Bikaner,India,IND,28.030394,73.329932,576015,395908,Populated place
Bharatpur,India,IND,27.250364,77.500013,229384,229384,Populated place
Alwar,India,IND,27.545359,76.604926,283228,283228,Populated place
Arys,Kazakhstan,KAZ,42.436879,68.804834,42648,36285,Populated place
Burylbaytal,Kazakhstan,KAZ,44.938742,74.030251,100,85,Populated place
Shu,Kazakhstan,KAZ,43.595258,73.744842,42439,39785,Populated place
Qulan,Kazakhstan,KAZ,42.920363,72.704957,13128,7272,Populated place
Oytal,Kazakhstan,KAZ,42.915299,73.254898,22673,9821,Populated place
Qaratau,Kazakhstan,KAZ,43.185386,70.459978,37881,33605,Populated place
Fatehpur,India,IND,25.88037,80.800019,166480,166480,Populated place
Faizabad,India,IND,26.750394,82.170013,153047,153047,Populated place
Bahraich,India,IND,27.620419,81.66994,182218,182218,Populated place
Mirzapur,India,IND,25.145376,82.569988,245817,233691,Populated place
Jhansi,India,IND,25.452954,78.557468,826494,412927,Populated place
Shahjahanpur,India,IND,27.880377,79.905035,320434,320434,Populated place
Rampur,India,IND,28.815359,79.024985,296418,296418,Populated place
Bareilly,India,IND,28.347333,79.418054,817000,745435,Populated place
Etawah,India,IND,26.785457,79.01496,257448,257448,Populated place
Dehra Dun,India,IND,30.320409,78.050006,714223,578420,Admin-1 capital
Haora,India,IND,22.58039,88.329947,4841638,1027672,Populated place
Alipur Duar,India,IND,26.483744,89.566667,127342,127342,Populated place
Haldia,India,IND,22.02567,88.058335,200762,200762,Populated place
Bhatpara,India,IND,22.850426,88.520013,483129,483129,Populated place
Medinipur,India,IND,22.330406,87.150019,169127,169127,Populated place
Siliguri,India,IND,26.720422,88.455004,515574,515574,Populated place
Purnia,India,IND,25.785414,87.479973,198453,198453,Populated place
Muzaffarpur,India,IND,26.120433,85.379946,333200,333200,Populated place
Aurangabad,India,IND,24.770412,84.380007,95929,95929,Populated place
Bilaspur,India,IND,22.09042,82.159987,543454,330106,Populated place
Burhanpur,India,IND,21.300391,76.13002,197233,197233,Populated place
Ujjain,India,IND,23.190405,75.79004,513350,457346,Populated place
Ratlam,India,IND,23.350395,75.029983,307229,236843,Populated place
Sagar,India,IND,23.85039,78.750015,328240,247333,Populated place
Vellore,India,IND,12.920386,79.150042,177081,177081,Populated place
Tiruvannamalai,India,IND,12.260374,79.099967,138243,138243,Populated place
Rajapalaiyam,India,IND,9.420393,77.580009,369991,307959,Populated place
Cuddalore,India,IND,11.720407,79.770004,158569,158569,Populated place
Karur,India,IND,10.950377,78.083337,76915,76915,Populated place
Kanchipuram,India,IND,12.833724,79.716674,155029,155029,Populated place
Tirunelveli,India,IND,8.730409,77.689976,542200,435844,Populated place
Nagercoil,India,IND,8.180365,77.429992,224329,213858,Populated place
Thanjavur,India,IND,10.770414,79.150042,219571,219571,Populated place
Kumbakonam,India,IND,10.980478,79.400001,139264,139264,Populated place
Valparai,India,IND,10.320415,76.969968,114308,90353,Populated place
Tiruppur,India,IND,11.080421,77.329998,650000,444543,Populated place
Daman,India,IND,20.417008,72.850013,39737,39737,Admin-1 capital
Navsari,India,IND,20.850393,72.920035,163000,163000,Populated place
Bhuj,India,IND,23.250375,69.809992,289429,289429,Populated place
Bhavnagar,India,IND,21.778424,72.129954,554978,464602,Populated place
Gandhinagar,India,IND,23.300398,72.639948,195891,195891,Admin-1 capital
Itanagar,India,IND,27.100399,93.616601,44971,44971,Admin-1 capital
Aizawl,India,IND,23.710399,92.720015,283021,265331,Admin-1 capital
Agartala,India,IND,23.835404,91.279999,203264,203264,Admin-1 capital
Owando,Congo (Brazzaville),COG,-0.479623,15.92,34070,23952,Admin-1 capital
Makoua,Congo (Brazzaville),COG,-0.009574,15.640017,11355,9315,Populated place
Sibiti,Congo (Brazzaville),COG,-3.689608,13.350027,22811,19089,Admin-1 capital
Mossendjo,Congo (Brazzaville),COG,-2.939628,12.719988,30936,18231,Populated place
Loubomo,Congo (Brazzaville),COG,-4.179604,12.670017,103894,91965,Admin-1 capital
Gamboma,Congo (Brazzaville),COG,-1.879486,15.85003,20877,20877,Populated place
Djambala,Congo (Brazzaville),COG,-2.539601,14.749993,9651,9650,Admin-1 capital
Svendborg,Denmark,DNK,55.070423,10.616654,29180,27553,Populated place
Odense,Denmark,DNK,55.400377,10.383335,158222,145931,Populated place
Esbjerg,Denmark,DNK,55.467039,8.450016,72205,63947,Populated place
Frederikshavn,Denmark,DNK,57.433689,10.5333,24103,20667,Populated place
Aalborg,Denmark,DNK,57.033714,9.916593,122219,101616,Admin-1 capital
Ferkessédougou,Ivory Coast,CIV,9.600408,-5.200029,62008,52812,Populated place
Kérouané,Guinea,GIN,9.270376,-9.019977,15406,7228,Admin-1 capital
Siguiri,Guinea,GIN,11.417093,-9.166635,50159,43601,Admin-1 capital
Mamou,Guinea,GIN,10.380386,-12.100021,71153,41619,Admin-1 capital
Kamsar,Guinea,GIN,10.685406,-14.605011,34973,34973,Populated place
Fria,Guinea,GIN,10.380386,-13.549985,23729,23729,Admin-1 capital
Odienné,Ivory Coast,CIV,9.510413,-7.580013,49857,19119,Admin-1 capital
Macenta,Guinea,GIN,8.550368,-9.48,43102,41233,Admin-1 capital
Yomou,Guinea,GIN,7.570428,-9.269987,3614,1601,Admin-1 capital
Faranah,Guinea,GIN,10.040407,-10.75,19469,9350,Admin-1 capital
Kissidougou,Guinea,GIN,9.190458,-10.120013,66815,47099,Admin-1 capital
Man,Ivory Coast,CIV,7.400413,-7.549989,146974,139341,Admin-1 capital
Séguéla,Ivory Coast,CIV,7.950405,-6.670017,51157,12603,Admin-1 capital
Gagnoa,Ivory Coast,CIV,6.150411,-5.879988,123184,99192,Admin-1 capital
Soubré,Ivory Coast,CIV,5.790408,-6.610021,108933,58492,Admin-1 capital
San-Pedro,Ivory Coast,CIV,4.770418,-6.639967,210273,196751,Admin-1 capital
Sassandra,Ivory Coast,CIV,4.950381,-6.083283,38411,23274,Populated place
Bondoukou,Ivory Coast,CIV,8.030426,-2.800021,58297,18706,Admin-1 capital
Agboville,Ivory Coast,CIV,5.940347,-4.280034,81770,64285,Admin-1 capital
Dimbokro,Ivory Coast,CIV,6.650458,-4.710007,67349,25586,Admin-1 capital
Grand Bassam,Ivory Coast,CIV,5.200392,-3.749988,73772,48681,Populated place
Dabou,Ivory Coast,CIV,5.320359,-4.389949,72913,69661,Populated place
Guiglo,Ivory Coast,CIV,6.550465,-7.489967,39134,35846,Admin-1 capital
Abengourou,Ivory Coast,CIV,6.730376,-3.490004,104020,71598,Admin-1 capital
Ar Rutbah,Iraq,IRQ,33.03846,40.284456,22370,12029,Populated place
Al Fallujah,Iraq,IRQ,33.347666,43.777266,231819,190159,Populated place
Al Hillah,Iraq,IRQ,32.472138,44.421722,594605,364700,Admin-1 capital
Pointe-à-Pitre,France,FRA,16.241475,-61.532999,145511,18264,Populated place
Basse-terre,France,FRA,16.01041,-61.705484,307,307,Admin-1 region capital
St.-Benoit,France,FRA,-21.033511,55.712816,35310,12648,Populated place
Manacapuru,Brazil,BRA,-3.289581,-60.61998,59102,52459,Populated place
Maués,Brazil,BRA,-3.389626,-57.720028,32561,22475,Populated place
Pedreiras,Brazil,BRA,-4.569606,-44.670023,13638,13638,Populated place
Codó,Brazil,BRA,-4.479586,-43.879968,83288,83288,Populated place
Coroatá,Brazil,BRA,-4.129581,-44.150003,34129,34129,Populated place
Chapadinha,Brazil,BRA,-3.739528,-43.36,40804,18811,Populated place
Pinheiro,Brazil,BRA,-2.519602,-45.089997,38893,10931,Populated place
Barra do Corda,Brazil,BRA,-5.5096,-45.259961,48901,48901,Populated place
Viana,Brazil,BRA,-3.209586,-45.000003,26689,4928,Populated place
Colinas,Brazil,BRA,-6.039542,-44.239998,25158,1967,Populated place
Viseu,Brazil,BRA,-1.196479,-46.140011,18958,1027,Populated place
Capitão Poço,Brazil,BRA,-1.749623,-47.090005,32704,32704,Populated place
Castanhal,Brazil,BRA,-1.2896,-47.930031,137406,113223,Populated place
Salinópolis,Brazil,BRA,-0.609486,-47.339989,40998,23771,Populated place
Alenquer,Brazil,BRA,-1.939586,-54.79,26290,26290,Populated place
Oriximiná,Brazil,BRA,-1.759597,-55.869985,35581,35019,Populated place
Xinguara,Brazil,BRA,-7.100614,-49.948047,4047,4047,Populated place
Jacundá,Brazil,BRA,-4.439459,-49.115693,51375,51375,Populated place
Uruará,Brazil,BRA,-3.8296,-54.029994,10,10,Populated place
Altamira,Brazil,BRA,-3.199612,-52.210002,70888,42650,Populated place
Paragominas,Brazil,BRA,-2.959575,-47.490006,69613,6578,Populated place
Cametá,Brazil,BRA,-2.239619,-49.509986,45200,210,Populated place
Rolim de Moura,Brazil,BRA,-11.730203,-61.780632,24516,24516,Populated place
Ariquemes,Brazil,BRA,-9.939614,-63.079985,58096,58096,Populated place
Abunã,Brazil,BRA,-9.695391,-65.359716,1929,1929,Populated place
Tocantinópolis,Brazil,BRA,-6.319577,-47.419984,8750,8750,Populated place
Gurupi,Brazil,BRA,-11.719609,-49.059988,64789,26402,Populated place
Aquidauana,Brazil,BRA,-20.469618,-55.790016,40803,35303,Populated place
Paranaíba,Brazil,BRA,-19.679588,-51.200012,32217,18340,Populated place
Sete Lagoas,Brazil,BRA,-19.449628,-44.249997,201334,188730,Populated place
Divinópolis,Brazil,BRA,-20.149534,-44.899983,193832,169082,Populated place
Ipatinga,Brazil,BRA,-19.4796,-42.519999,407894,228746,Populated place
Araxá,Brazil,BRA,-19.579594,-46.950013,82595,57724,Populated place
Lavras,Brazil,BRA,-21.24957,-45.009951,81472,59400,Populated place
Ubá,Brazil,BRA,-21.119604,-42.950025,97828,65569,Populated place
Campo Belo,Brazil,BRA,-20.889592,-45.279986,47491,36594,Populated place
Ponte Nova,Brazil,BRA,-20.409621,-42.89995,48187,32567,Populated place
Curvelo,Brazil,BRA,-18.759593,-44.429986,63954,27920,Populated place
Paracatu,Brazil,BRA,-17.199585,-46.869992,70753,32594,Populated place
Bocaiúva,Brazil,BRA,-17.109616,-43.81005,32114,12943,Populated place
Araçuaí,Brazil,BRA,-16.859605,-42.069949,22005,8598,Populated place
Janaúba,Brazil,BRA,-15.799618,-43.309977,56572,20710,Populated place
Juina,Brazil,BRA,-11.399577,-59.500022,980,980,Populated place
Barra do Garças,Brazil,BRA,-15.879613,-52.259999,52398,30031,Populated place
Pontes e Lacerda,Brazil,BRA,-15.219602,-59.34998,29381,16008,Populated place
Barra do Bugres,Brazil,BRA,-15.069585,-57.190008,31311,13461,Populated place
Rondonópolis,Brazil,BRA,-16.4695,-54.639983,152912,140676,Populated place
Uruguaiana,Brazil,BRA,-29.769618,-57.089988,123480,71993,Populated place
São Borja,Brazil,BRA,-28.659609,-56.009977,59613,37288,Populated place
Novo Hamburgo,Brazil,BRA,-29.709622,-51.13999,876990,237044,Populated place
Rio Grande,Brazil,BRA,-32.049479,-52.120008,187838,98462,Populated place
Camaquã,Brazil,BRA,-30.839631,-51.810001,53169,37056,Populated place
Bento Gonçalves,Brazil,BRA,-29.1695,-51.519967,94271,90852,Populated place
Vacaria,Brazil,BRA,-28.499618,-50.940002,56765,37786,Populated place
Ijuí,Brazil,BRA,-28.389548,-53.919949,71202,46892,Populated place
Santa Rosa,Brazil,BRA,-27.869528,-54.459968,59281,58957,Populated place
Maringá,Brazil,BRA,-23.409541,-51.929968,328335,311724,Populated place
Cascavel,Brazil,BRA,-24.959576,-53.460029,257172,201428,Populated place
Campo Murao,Brazil,BRA,-24.049606,-52.419989,75401,72945,Populated place
Foz do Iguaçu,Brazil,BRA,-25.523469,-54.52999,440455,293523,Populated place
São Francisco do Sul,Brazil,BRA,-26.239601,-48.59999,36224,12485,Populated place
Porto União,Brazil,BRA,-26.239601,-51.079968,71578,28907,Populated place
Itajaí,Brazil,BRA,-26.899613,-48.680011,327126,155716,Populated place
Imbituba,Brazil,BRA,-28.229609,-48.660012,43450,13310,Populated place
Lajes,Brazil,BRA,-27.809583,-50.309989,164676,115268,Populated place
Granja,Brazil,BRA,-3.119514,-40.839998,25879,8587,Populated place
Crato,Brazil,BRA,-7.229599,-39.420008,273883,54416,Populated place
Itapipoca,Brazil,BRA,-3.499542,-39.580024,55784,6298,Populated place
Paracuru,Brazil,BRA,-3.399548,-39.040031,21196,18524,Populated place
Acaraú,Brazil,BRA,-2.889605,-40.119991,28389,13660,Populated place
Tauá,Brazil,BRA,-5.999493,-40.310031,29188,29188,Populated place
Crateús,Brazil,BRA,-5.16559,-40.666004,52933,27743,Populated place
Baturité,Brazil,BRA,-4.329569,-38.879989,22417,13178,Populated place
Ipú,Brazil,BRA,-4.319596,-40.720057,26678,2281,Populated place
Floriano,Brazil,BRA,-6.769575,-43.029968,48587,23259,Populated place
Piripiri,Brazil,BRA,-4.269573,-41.789992,44864,20414,Populated place
Penedo,Brazil,BRA,-10.26962,-36.580026,42097,32934,Populated place
Itabuna,Brazil,BRA,-14.789602,-39.280016,221938,205660,Populated place
Itamaraju,Brazil,BRA,-17.039594,-39.529949,47628,22482,Populated place
Guanambi,Brazil,BRA,-14.229585,-42.789983,58877,32583,Populated place
Porto Seguro,Brazil,BRA,-16.429606,-39.080028,123173,20889,Populated place
Valença,Brazil,BRA,-13.359612,-39.080028,63231,49938,Populated place
Serrinha,Brazil,BRA,-11.649587,-39.010007,56829,49078,Populated place
Tucano,Brazil,BRA,-10.969629,-38.789994,31203,1195,Populated place
Senhor do Bonfim,Brazil,BRA,-10.449609,-40.190012,48471,38683,Populated place
Remanso,Brazil,BRA,-9.599583,-42.109998,37945,37945,Populated place
Itambé,Brazil,BRA,-15.239601,-40.629985,23558,7343,Populated place
Bom Jesus da Lapa,Brazil,BRA,-13.249541,-43.440021,40691,40691,Populated place
Itaberaba,Brazil,BRA,-12.519612,-40.29998,47301,16143,Populated place
São Mateus,Brazil,BRA,-18.72962,-39.859981,77117,49634,Populated place
Patos,Brazil,BRA,-7.019586,-37.290008,92575,78866,Populated place
Volta Redonda,Brazil,BRA,-22.51957,-44.094968,456362,249580,Populated place
Petrópolis,Brazil,BRA,-22.509493,-43.199984,286071,272691,Populated place
Nova Cruz,Brazil,BRA,-6.469594,-35.439992,23166,21961,Populated place
Caicó,Brazil,BRA,-6.45962,-37.10002,54934,29822,Populated place
Açu,Brazil,BRA,-5.579622,-36.910057,36125,30481,Populated place
Estância,Brazil,BRA,-11.269611,-37.450025,55654,45726,Populated place
Steinbach,Canada,CAN,49.517093,-96.683308,9729,9607,Populated place
Nelson House,Canada,CAN,55.800456,-98.850023,2500,2500,Populated place
Shamattawa,Canada,CAN,55.850375,-92.083279,870,870,Populated place
Oxford House,Canada,CAN,54.950404,-95.266599,184,184,Populated place
Yorkton,Canada,CAN,51.217066,-102.466547,15172,13583,Populated place
Swift Current,Canada,CAN,50.283738,-107.766611,14906,14703,Populated place
Biggar,Canada,CAN,52.0504,-107.98329,2192,2068,Populated place
Kindersley,Canada,CAN,51.466974,-109.133298,4383,4249,Populated place
Meadow Lake,Canada,CAN,54.130118,-108.434736,5882,4281,Populated place
Hudson Bay,Canada,CAN,52.850429,-102.383296,2157,1661,Populated place
Lethbridge,Canada,CAN,49.700492,-112.833278,70617,58571,Populated place
Brooks,Canada,CAN,50.567054,-111.900002,14163,12744,Populated place
Lake Louise,Canada,CAN,51.433694,-116.183281,1248,1248,Populated place
Athabasca,Canada,CAN,54.717034,-113.266585,2539,2260,Populated place
Fort Chipewyan,Canada,CAN,58.717099,-111.149996,3222,3222,Populated place
Bella Bella,Canada,CAN,52.148405,-128.117281,1400,1400,Populated place
Sandspit,Canada,CAN,53.240405,-131.833282,538,538,Populated place
Campbell River,Canada,CAN,50.017088,-125.249988,33430,26453,Populated place
Port Hardy,Canada,CAN,50.717071,-127.49998,2295,2295,Populated place
Nanaimo,Canada,CAN,49.14602,-123.934291,84905,80491,Populated place
Quesnel,Canada,CAN,52.983677,-122.483284,13788,13788,Populated place
Abbotsford,Canada,CAN,49.050377,-122.299987,151683,151683,Populated place
Dawson Creek,Canada,CAN,55.766969,-120.233266,10802,10551,Populated place
Penticton,Canada,CAN,49.500375,-119.58328,37721,30349,Populated place
Nelson,Canada,CAN,49.483658,-117.283291,11779,9813,Populated place
Lillooet,Canada,CAN,50.683714,-121.933266,2893,2893,Populated place
Powell River,Canada,CAN,49.883711,-124.549979,12779,3220,Populated place
Revelstoke,Canada,CAN,51.000465,-118.18334,7668,7533,Populated place
Burns Lake,Canada,CAN,54.217012,-125.766598,2635,2631,Populated place
Dease Lake,Canada,CAN,58.450346,-130.033288,303,303,Populated place
Coral Harbour,Canada,CAN,64.15377,-83.176587,834,834,Populated place
Baker Lake,Canada,CAN,64.31699,-96.016656,1584,1584,Populated place
Norman Wells,Canada,CAN,65.283727,-126.849968,1027,273,Populated place
Fort McPherson,Canada,CAN,67.491525,-134.894981,1069,1069,Populated place
Burwash Landing,Canada,CAN,61.350375,-139.000002,73,73,Populated place
Caracaraí,Brazil,BRA,1.816232,-61.127675,11368,11368,Populated place
Porto Santana,Brazil,BRA,-0.039598,-51.179987,83927,53771,Populated place
Orangeville,Canada,CAN,43.917073,-80.08334,32640,28984,Populated place
Little Current,Canada,CAN,45.967025,-81.93333,1595,1595,Populated place
Chapleau,Canada,CAN,47.833707,-83.40001,2663,2663,Populated place
Wawa,Canada,CAN,48.000415,-84.783337,2174,2174,Populated place
Hearst,Canada,CAN,49.700492,-83.666583,5043,4746,Populated place
Marathon,Canada,CAN,48.750395,-86.366651,4627,4627,Populated place
Sioux Lookout,Canada,CAN,50.262964,-91.916648,4570,4570,Populated place
Red Lake,Canada,CAN,51.033692,-93.833301,1765,1765,Populated place
Deer Lake,Canada,CAN,52.617033,-94.066595,3743,3743,Populated place
Cat Lake,Canada,CAN,51.717036,-91.799989,277,277,Populated place
Cornwall,Canada,CAN,45.017057,-74.73333,48821,46382,Populated place
Kingston,Canada,CAN,44.23372,-76.483301,114195,102400,Populated place
Barrie,Canada,CAN,44.383762,-79.700004,182041,119732,Populated place
Parry Sound,Canada,CAN,45.333704,-80.033007,7105,6469,Populated place
Wiarton,Canada,CAN,44.733689,-81.133301,2182,2182,Populated place
Cobalt,Canada,CAN,47.383709,-79.683312,1372,1372,Populated place
Cochrane,Canada,CAN,49.067017,-81.016564,4441,4441,Populated place
Nipigon,Canada,CAN,49.017046,-88.249973,1204,1204,Populated place
Atikokan,Canada,CAN,48.750395,-91.616589,3625,3625,Populated place
Rimouski,Canada,CAN,48.433748,-68.516681,35584,35584,Populated place
Saint-Georges,Canada,CAN,46.117145,-70.666653,26149,26149,Populated place
Victoriaville,Canada,CAN,46.050405,-71.966677,41500,34426,Populated place
Chevery,Canada,CAN,50.481323,-59.609783,284,284,Populated place
Mistassini,Canada,CAN,50.417063,-73.866587,2645,2645,Populated place
Kangirsuk,Canada,CAN,60.024823,-69.999097,549,549,Populated place
Shawinigan,Canada,CAN,46.550374,-72.733323,49161,34342,Populated place
Matagami,Canada,CAN,49.750386,-77.633282,1966,1183,Populated place
Mont-Laurier,Canada,CAN,46.550374,-75.500028,11642,11642,Populated place
Pembroke,Canada,CAN,45.850262,-77.116647,15551,15551,Populated place
Radisson,Canada,CAN,53.783628,-77.616565,270,270,Populated place
Saint John,Canada,CAN,45.267042,-66.076675,87857,54449,Populated place
Edmundston,Canada,CAN,47.379419,-68.333282,17894,17894,Populated place
Shelburne,Canada,CAN,43.765609,-65.319357,3167,1939,Populated place
Antigonish,Canada,CAN,45.626917,-61.99819,6739,5003,Populated place
Windsor,Canada,CAN,44.980599,-64.12912,3864,3654,Populated place
Digby,Canada,CAN,44.622585,-65.760493,3949,2052,Populated place
Stephenville,Canada,CAN,48.550407,-58.566565,7054,6278,Populated place
Argentia,Canada,CAN,47.300432,-53.989997,1063,1063,Populated place
St. Anthony,Canada,CAN,51.383749,-55.59995,224,224,Populated place
Channel-Port aux Basques,Canada,CAN,47.567005,-59.150044,4220,2244,Populated place
Buchans,Canada,CAN,48.817032,-56.866591,685,685,Populated place
Trout River,Canada,CAN,49.483658,-58.116644,452,452,Populated place
Churchill Falls,Canada,CAN,53.526409,-63.980679,100,50,Populated place
Forteau,Canada,CAN,51.450385,-56.949997,448,448,Populated place
Bafang,Cameroon,CMR,5.170394,10.179988,93145,80688,Populated place
Foumban,Cameroon,CMR,5.730385,10.899996,92673,36125,Populated place
Bafoussam,Cameroon,CMR,5.490426,10.409948,290768,290768,Admin-1 capital
Kumba,Cameroon,CMR,4.640374,9.439982,144413,117831,Populated place
Eyumojok,Cameroon,CMR,5.750358,8.983317,5798,5798,Populated place
Limbe,Cameroon,CMR,4.030386,9.190023,212474,72106,Populated place
Nola,Central African Republic,CAF,3.533698,16.066606,26809,23793,Admin-1 capital
Kribi,Cameroon,CMR,2.940427,9.910031,55224,7722,Populated place
Sibut,Central African Republic,CAF,5.73377,19.083321,34267,18342,Admin-1 capital
Bossangoa,Central African Republic,CAF,6.483724,17.449984,63064,27428,Admin-1 capital
Birao,Central African Republic,CAF,10.283699,22.783302,10178,1104,Admin-1 capital
Čačak,Serbia,SRB,43.889736,20.330118,170000,104665,Populated place
Niš,Serbia,SRB,43.330416,21.899996,250000,210888,Populated place
Ouadda,Central African Republic,CAF,8.06709,22.400018,5434,1415,Populated place
Bangassou,Central African Republic,CAF,4.733754,22.816633,32841,24361,Admin-1 capital
Novi Sad,Serbia,SRB,45.250376,19.849941,225457,215400,Admin-0 region capital
Ghanzi,Botswana,BWA,-21.69962,21.639961,6306,6306,Admin-1 capital
Villa O'Higgins,Chile,CHL,-48.466878,-72.592956,250,100,Populated place
Rodeo,Argentina,ARG,-30.215586,-69.139951,701,701,Populated place
Las Plumas,Argentina,ARG,-43.416279,-67.249988,605,605,Populated place
Gastre,Argentina,ARG,-42.282963,-69.233304,557,557,Populated place
Telsen,Argentina,ARG,-42.399597,-66.950007,500,486,Populated place
Malargüe,Argentina,ARG,-35.466118,-69.583309,11847,11847,Populated place
Tunuyán,Argentina,ARG,-33.566182,-69.016677,22834,22834,Populated place
La Paz,Argentina,ARG,-33.466137,-67.549996,4400,4400,Populated place
Chos Malal,Argentina,ARG,-37.382952,-70.266574,8556,8556,Populated place
Las Lajas,Argentina,ARG,-38.516268,-70.366594,1218,1218,Populated place
Aiquile,Bolivia,BOL,-18.18955,-65.180011,8224,3464,Populated place
Padilla,Bolivia,BOL,-19.299611,-64.309961,2920,1633,Populated place
Camargo,Bolivia,BOL,-20.639581,-65.209984,4715,4715,Populated place
Reyes,Bolivia,BOL,-14.30958,-67.370007,7376,7376,Populated place
San Borja,Bolivia,BOL,-14.819626,-66.849961,19640,19640,Populated place
Magdalena,Bolivia,BOL,-13.260083,-64.052768,3445,3445,Populated place
San Ramón,Bolivia,BOL,-13.289591,-64.709988,6490,4389,Populated place
Rio Verde,Brazil,BRA,-17.819598,-50.929977,48318,48318,Populated place
Pires do Rio,Brazil,BRA,-17.299527,-48.279984,24822,18554,Populated place
Anápolis,Brazil,BRA,-16.319587,-48.959968,319587,237604,Populated place
Goianésia,Brazil,BRA,-15.309622,-49.130009,47883,30552,Populated place
Niquelândia,Brazil,BRA,-14.469622,-48.470024,27541,12029,Populated place
Itumbiara,Brazil,BRA,-18.399615,-49.210004,79582,51105,Populated place
Jataí,Brazil,BRA,-17.879595,-51.750004,76547,37723,Populated place
Mineiros,Brazil,BRA,-17.569536,-52.559981,38951,17543,Populated place
Formosa,Brazil,BRA,-15.539479,-47.339989,81232,43939,Populated place
Zárate,Argentina,ARG,-34.089561,-59.040025,88781,83603,Populated place
Carhué,Argentina,ARG,-37.182861,-62.733313,7190,7190,Populated place
Darregueira,Argentina,ARG,-37.699574,-63.166594,3412,3412,Populated place
Benito Juárez,Argentina,ARG,-37.665519,-59.80003,10609,10609,Populated place
Mar de Ajó,Argentina,ARG,-36.716223,-56.676603,13610,13610,Populated place
Lobos,Argentina,ARG,-35.184895,-59.094672,18278,18278,Populated place
Chascomús,Argentina,ARG,-35.566215,-58.016624,21054,21054,Populated place
Junín,Argentina,ARG,-34.58457,-60.958874,85007,47276,Populated place
La Plata,Argentina,ARG,-34.909615,-57.959961,694253,186524,Admin-1 capital
Pergamino,Argentina,ARG,-33.899599,-60.569983,87652,55244,Populated place
Luján,Argentina,ARG,-34.579609,-59.109994,81749,57740,Populated place
Azul,Argentina,ARG,-36.77963,-59.87,53941,32874,Populated place
Villalonga,Argentina,ARG,-39.882851,-62.583322,2838,2838,Populated place
Victorica,Argentina,ARG,-36.216253,-65.450021,4458,4458,Populated place
General Pico,Argentina,ARG,-35.659595,-63.77002,57029,35937,Populated place
San Antonio Oeste,Argentina,ARG,-40.732877,-64.933282,8492,8492,Populated place
Sierra Colorado,Argentina,ARG,-40.58286,-67.799981,1522,1522,Populated place
Mercedes,Argentina,ARG,-33.689586,-65.469968,49345,49345,Populated place
Río Tercero,Argentina,ARG,-32.1796,-64.120025,53389,22710,Populated place
Belen,Argentina,ARG,-27.649593,-67.033283,11359,11359,Populated place
Rinconada,Argentina,ARG,-22.432909,-66.166592,6692,5727,Populated place
San Pedro,Argentina,ARG,-24.219621,-64.870005,58430,52068,Populated place
Libertador General San Martín,Argentina,ARG,-23.819542,-64.789984,49267,45851,Populated place
Chilecito,Argentina,ARG,-29.165521,-67.499999,20343,20343,Populated place
Chamical,Argentina,ARG,-30.349583,-66.31666,8989,8989,Populated place
Los Blancos,Argentina,ARG,-23.599607,-62.60004,1145,1145,Populated place
Cafayate,Argentina,ARG,-26.082918,-65.966604,11785,7171,Populated place
Cerrillos,Argentina,ARG,-24.899631,-65.4833,11498,11498,Populated place
San Antonio de los Cobres,Argentina,ARG,-24.182931,-66.350018,4000,4000,Populated place
Añatuya,Argentina,ARG,-28.466132,-62.833307,14133,14133,Populated place
Frias,Argentina,ARG,-28.649583,-65.149987,13594,13594,Populated place
Monte Quemado,Argentina,ARG,-25.799628,-62.866587,11387,11387,Populated place
Juan José Castelli,Argentina,ARG,-25.949541,-60.616647,9421,9421,Populated place
Charata,Argentina,ARG,-27.216286,-61.199996,18297,18297,Populated place
Las Lomitas,Argentina,ARG,-24.699592,-60.600007,7683,7683,Populated place
Mercedes,Argentina,ARG,-29.179577,-58.07998,30649,15096,Populated place
Concordia,Argentina,ARG,-31.389571,-58.029983,145210,120311,Populated place
Sunchales,Argentina,ARG,-30.932907,-61.566614,12655,12655,Populated place
San Justo,Argentina,ARG,-30.78289,-60.583289,9607,9607,Populated place
Vera,Argentina,ARG,-29.466174,-60.216594,9979,9979,Populated place
Reconquista,Argentina,ARG,-29.139528,-59.650013,90184,83097,Populated place
Venado Tuerto,Argentina,ARG,-33.749582,-61.970001,72340,31818,Populated place
São José do Rio Preto,Brazil,BRA,-20.799623,-49.389968,374699,341788,Populated place
Limeira,Brazil,BRA,-22.549542,-47.400011,289665,192477,Populated place
Taubaté,Brazil,BRA,-23.019539,-45.559995,403560,251641,Populated place
Jaú,Brazil,BRA,-22.28961,-48.570018,119206,85925,Populated place
Assis,Brazil,BRA,-22.659613,-50.419982,87471,70795,Populated place
Itapeva,Brazil,BRA,-23.979584,-48.880025,62957,47691,Populated place
Botucatu,Brazil,BRA,-22.8796,-48.449999,113862,76015,Populated place
Novo Horizonte,Brazil,BRA,-21.459583,-49.220004,30158,28950,Populated place
Andradina,Brazil,BRA,-20.909591,-51.379949,52406,39024,Populated place
Fernandópolis,Brazil,BRA,-20.26963,-50.260044,61931,49243,Populated place
Barreiros,Brazil,BRA,-8.829605,-35.200007,35565,35380,Populated place
Salgueiro,Brazil,BRA,-8.059626,-39.130025,42152,20978,Populated place
Goiana,Brazil,BRA,-7.559605,-34.999993,71549,43980,Populated place
Timbaúba,Brazil,BRA,-7.499608,-35.320025,57534,45121,Populated place
Belize City,Belize,BLZ,17.498711,-88.188375,63028,61461,Admin-1 capital
Orange Walk,Belize,BLZ,18.090432,-88.55998,20835,15298,Admin-1 capital
Punta Gorda,Belize,BLZ,16.100347,-88.810016,7748,5026,Admin-1 capital
Bossembélé,Central African Republic,CAF,5.267003,17.650023,7287,7287,Populated place
Nkongsamba,Cameroon,CMR,4.960407,9.940003,117063,93075,Populated place
Edéa,Cameroon,CMR,3.800477,10.119992,203149,15864,Populated place
Wum,Cameroon,CMR,6.400422,10.070021,68836,16366,Populated place
Kumbo,Cameroon,CMR,6.220381,10.680009,125486,53970,Populated place
Bafia,Cameroon,CMR,4.750394,11.230002,69270,13132,Populated place
Mbalmayo,Cameroon,CMR,3.520391,11.500011,80206,26797,Populated place
Eséka,Cameroon,CMR,3.650409,10.766619,22221,5983,Populated place
Bertoua,Cameroon,CMR,4.58043,13.679981,218111,88462,Admin-1 capital
Abong Mbang,Cameroon,CMR,3.983696,13.183319,14661,735,Populated place
Batouri,Cameroon,CMR,4.433695,14.366606,43821,40721,Populated place
Bélabo,Cameroon,CMR,4.93369,13.300004,22553,358,Populated place
Meiganga,Cameroon,CMR,6.520492,14.28997,80100,29629,Populated place
Ngaoundéré,Cameroon,CMR,7.320366,13.579987,231357,37288,Admin-1 capital
Tibati,Cameroon,CMR,6.466981,12.633327,35589,8603,Populated place
Kontcha,Cameroon,CMR,7.967019,12.2333,8018,3674,Populated place
Guider,Cameroon,CMR,9.930387,13.940017,84647,81991,Populated place
Mbe,Cameroon,CMR,7.850437,13.600038,3950,3950,Populated place
Durrës,Albania,ALB,41.3178,19.448208,142432,122034,Admin-1 capital
Shkodër,Albania,ALB,42.068452,19.51885,155767,88245,Admin-1 capital
Brugge,Belgium,BEL,51.220374,3.230025,146469,116709,Admin-1 capital
Namur,Belgium,BEL,50.470394,4.870028,106284,88027,Admin-1 capital
Charleroi,Belgium,BEL,50.420397,4.450002,345367,200132,Populated place
Şirvan,Azerbaijan,AZE,39.932303,48.920259,70684,70220,Populated place
Goycay,Azerbaijan,AZE,40.653422,47.74059,35348,34715,Admin-1 capital
Lankaran,Azerbaijan,AZE,38.754003,48.851064,60180,60180,Populated place
Saki,Azerbaijan,AZE,41.192329,47.170547,64968,62191,Admin-1 capital
Stepanakert,Azerbaijan,AZE,39.815643,46.751968,57473,57473,Populated place
Kapan,Azerbaijan,AZE,39.201521,46.414986,42288,33160,Admin-1 capital
Balkh,Afghanistan,AFG,36.75012,66.89973,179969,114883,Populated place
Meymaneh,Afghanistan,AFG,35.930222,64.770093,199795,199795,Admin-1 capital
Andkhvoy,Afghanistan,AFG,36.931659,65.101494,71730,29208,Populated place
Qalat,Afghanistan,AFG,32.112263,66.886759,12191,12191,Admin-1 capital
Ghazni,Afghanistan,AFG,33.563312,68.417829,141000,118785,Admin-1 capital
Feyzabad,Afghanistan,AFG,37.129761,70.579247,64704,40276,Admin-1 capital
Kondoz,Afghanistan,AFG,36.727951,68.87253,259809,161902,Admin-1 capital
Jalalabad,Afghanistan,AFG,34.441527,70.436104,597971,205423,Admin-1 capital
Charikar,Afghanistan,AFG,35.018262,69.167912,53676,53676,Admin-1 capital
Sisophon,Cambodia,KHM,13.583756,102.983316,50302,23218,Populated place
Krong Koh Kong,Cambodia,KHM,11.617539,102.984933,33134,27436,Admin-1 capital
Pursat,Cambodia,KHM,12.533691,103.916696,52476,13446,Admin-1 capital
Kampong Cham,Cambodia,KHM,12.000442,105.450039,83233,61750,Admin-1 capital
Kompong Chhnang,Cambodia,KHM,12.250478,104.666624,75244,56390,Admin-1 capital
Kampot,Cambodia,KHM,10.61709,104.183346,50105,22691,Admin-1 capital
Takéo,Cambodia,KHM,10.98376,104.783309,15264,15264,Admin-1 capital
Mymensingh,Bangladesh,BGD,24.750413,90.380002,330126,330126,Populated place
Jamalpur,Bangladesh,BGD,24.90043,89.950003,167900,167900,Admin-1 capital
Narayanganj,Bangladesh,BGD,23.620405,90.499995,223622,223622,Populated place
Lucapa,Angola,AGO,-8.419604,20.740015,31041,20115,Admin-1 capital
Capenda-Camulemba,Angola,AGO,-9.419594,18.430027,80000,79685,Populated place
Saurimo,Angola,AGO,-9.65958,20.390011,41316,40498,Admin-1 capital
Muconda,Angola,AGO,-10.599626,21.31998,2324,2324,Populated place
Cacolo,Angola,AGO,-10.149627,19.260002,984,984,Populated place
Caxito,Angola,AGO,-8.579542,13.659983,28224,3107,Admin-1 capital
Camabatela,Angola,AGO,-8.189592,15.370007,12837,12625,Populated place
Ndalatando,Angola,AGO,-9.29955,14.909984,8144,8144,Admin-1 capital
Quibala,Angola,AGO,-10.729592,14.979954,8915,1582,Populated place
Calulo,Angola,AGO,-9.999611,14.90001,795,795,Populated place
Waku Kungo,Angola,AGO,-11.359528,15.119997,12069,10970,Populated place
Songo,Angola,AGO,-7.349592,14.849987,10579,10579,Populated place
Mbanza-Congo,Angola,AGO,-6.269606,14.239999,60182,24220,Admin-1 capital
Nzeto,Angola,AGO,-7.229599,12.860031,21059,18352,Populated place
Soyo,Angola,AGO,-6.129614,12.369984,67491,63167,Populated place
Cabinda,Angola,AGO,-5.559623,12.189995,91791,66020,Admin-1 capital
Calucinga,Angola,AGO,-11.319582,16.199983,531,531,Populated place
Camacupa,Angola,AGO,-12.019591,17.469983,19828,19150,Populated place
Cubal,Angola,AGO,-13.03958,14.239999,4837,4837,Populated place
Mavinga,Angola,AGO,-15.789541,20.360039,30000,30000,Populated place
Cuito Caunavale,Angola,AGO,-15.159606,19.169982,149,149,Populated place
Luiana,Angola,AGO,-17.369548,22.999981,150,150,Populated place
Ondjiva,Angola,AGO,-17.069618,15.730037,10169,7327,Admin-1 capital
Chitado,Angola,AGO,-17.319629,13.920018,500,437,Populated place
Chibemba,Angola,AGO,-15.749596,14.080009,1502,1502,Populated place
Chibia,Angola,AGO,-15.18963,13.690007,1411,1411,Populated place
Quipungo,Angola,AGO,-14.829548,14.550006,186,186,Populated place
Luau,Angola,AGO,-10.709541,22.230002,18465,1463,Populated place
Cangamba,Angola,AGO,-13.699592,19.860018,1307,1307,Populated place
Lumbala Nguimbo,Angola,AGO,-14.099619,21.440024,25,25,Populated place
Cazombo,Angola,AGO,-11.889573,22.900039,298,298,Populated place
Puerto Heath,Bolivia,BOL,-12.499613,-68.666569,10,10,Populated place
Charaña,Bolivia,BOL,-17.599612,-69.466597,197,197,Populated place
Puerto Acosta,Bolivia,BOL,-15.499585,-69.166667,1123,1123,Populated place
Apolo,Bolivia,BOL,-14.719581,-68.419995,4189,4189,Populated place
Coroico,Bolivia,BOL,-16.18962,-67.720011,2361,2361,Populated place
Coro Coro,Bolivia,BOL,-17.169612,-68.449967,1884,1884,Populated place
Sabaya,Bolivia,BOL,-19.01627,-68.383278,573,573,Populated place
Challapata,Bolivia,BOL,-18.899584,-66.779991,9114,8016,Populated place
Llica,Bolivia,BOL,-19.849604,-68.250031,553,553,Populated place
Potosí,Bolivia,BOL,-19.569569,-65.750028,179901,141251,Admin-1 capital
Villazón,Bolivia,BOL,-22.079597,-65.599986,37215,30253,Populated place
Tupiza,Bolivia,BOL,-21.439584,-65.720004,28766,22233,Populated place
Montero,Bolivia,BOL,-17.349601,-63.260025,88616,79026,Populated place
Piso Firme,Bolivia,BOL,-13.682952,-61.866622,72,72,Populated place
Roboré,Bolivia,BOL,-18.329541,-59.759981,10036,9882,Populated place
Puerto Quijarro,Bolivia,BOL,-17.779601,-57.770025,10392,10392,Populated place
San Ignacio,Bolivia,BOL,-16.369609,-60.960011,25391,23569,Populated place
Ascension,Bolivia,BOL,-15.699573,-63.079985,14429,9741,Populated place
San Javier,Bolivia,BOL,-16.289614,-62.50002,4210,4210,Populated place
San Rafael,Bolivia,BOL,-16.779507,-60.67995,1201,1201,Populated place
Vallegrande,Bolivia,BOL,-18.489583,-64.109999,8422,5293,Populated place
Puerto Suárez,Bolivia,BOL,-18.949555,-57.849968,22000,12546,Populated place
Charagua,Bolivia,BOL,-19.799581,-63.21995,3025,3025,Populated place
Villamontes,Bolivia,BOL,-21.24957,-63.500011,18761,18761,Populated place
Bermejo,Bolivia,BOL,-22.729583,-64.349985,36544,36544,Populated place
Timimoun,Algeria,DZA,29.236522,0.269999,49237,3899,Populated place
Sidi bel Abbes,Algeria,DZA,35.190344,-0.639972,208604,191769,Admin-1 capital
Tlimcen,Algeria,DZA,34.890414,-1.320008,229777,132341,Admin-1 capital
Béni Ounif,Algeria,DZA,32.04927,-1.251381,5628,5628,Populated place
Abadla,Algeria,DZA,31.017085,-2.733306,14364,14364,Populated place
Sefra,Algeria,DZA,32.760415,-0.579949,63420,38816,Populated place
Skikda,Algeria,DZA,36.880422,6.899982,225181,162702,Admin-1 capital
Kandi,Benin,BEN,11.130366,2.940017,109701,37265,Admin-1 capital
Ouidah,Benin,BEN,6.360373,2.089991,83503,83503,Admin-1 capital
Abomey,Benin,BEN,7.1904,1.989997,82154,82154,Admin-1 capital
Natitingou,Benin,BEN,10.320415,1.389982,80892,49821,Admin-1 capital
Djougou,Benin,BEN,9.700427,1.680042,202810,102607,Admin-1 capital
Djanet,Algeria,DZA,24.552906,9.482253,666,666,Populated place
I-n-Amenas,Algeria,DZA,28.050341,9.550001,216,216,Populated place
In Amguel,Algeria,DZA,23.69394,5.164739,3030,3030,Populated place
El Bayadh,Algeria,DZA,33.690358,1.009954,67413,67413,Populated place
El Oued,Algeria,DZA,33.370404,6.859984,177497,177497,Populated place
Hassi Messaoud,Algeria,DZA,31.70234,6.054452,18124,18124,Populated place
Chlef,Algeria,DZA,36.170414,1.319961,449167,449167,Populated place
Mascara,Algeria,DZA,35.400409,0.140033,108230,108230,Admin-1 capital
Mostaganem,Algeria,DZA,35.940376,0.089984,188354,130000,Admin-1 capital
Saïda,Algeria,DZA,34.840392,0.140033,142213,127497,Admin-1 capital
Tiarat,Algeria,DZA,35.380436,1.319961,184195,184195,Admin-1 capital
Béjaïa,Algeria,DZA,36.760378,5.070016,384937,164103,Admin-1 capital
Blida,Algeria,DZA,36.420347,2.829998,511348,265000,Admin-1 capital
Bouïra,Algeria,DZA,36.380478,3.90001,110144,110144,Admin-1 capital
Médéa,Algeria,DZA,36.270408,2.770001,147707,144020,Admin-1 capital
Souk Ahras,Algeria,DZA,36.290381,7.949995,134947,134947,Populated place
Tébessa,Algeria,DZA,35.410434,8.120011,171742,171742,Admin-1 capital
Mostar,Bosnia and Herzegovina,BIH,43.350492,17.820039,163067,104518,Populated place
Khaskovo,Bulgaria,BGR,41.943782,25.563287,79699,65911,Admin-1 capital
Stara Zagora,Bulgaria,BGR,42.423133,25.622715,143431,113200,Admin-1 capital
Pleven,Bulgaria,BGR,43.423769,24.613371,118675,102216,Admin-1 capital
Turnovo,Bulgaria,BGR,43.086245,25.655529,53115,53115,Populated place
Kyustendil,Bulgaria,BGR,42.284278,22.691111,51067,48286,Admin-1 capital
Dobrich,Bulgaria,BGR,43.585052,27.839996,94831,52795,Admin-1 capital
Varna,Bulgaria,BGR,43.215643,27.895289,312770,178274,Admin-1 capital
Ruse,Bulgaria,BGR,43.853691,25.973339,184270,156238,Admin-1 capital
Graz,Austria,AUT,47.077758,15.410005,263234,222326,Admin-1 capital
Klagenfurt,Austria,AUT,46.620344,14.31002,90610,86566,Admin-1 capital
Linz,Austria,AUT,48.319233,14.288781,349161,181162,Admin-1 capital
Passau,Germany,DEU,48.575462,13.441179,50560,49440,Populated place
Salzburg,Austria,AUT,47.810478,13.04002,206279,150269,Admin-1 capital
Innsbruck,Austria,AUT,47.280407,11.409991,155214,112467,Admin-1 capital
Pinsk,Belarus,BLR,52.127863,26.094056,130777,110900,Populated place
Mazyr,Belarus,BLR,52.045956,29.272156,112137,89735,Populated place
Mahilyow,Belarus,BLR,53.898505,30.32465,369200,317854,Admin-1 capital
Babruysk,Belarus,BLR,53.126562,29.192781,220517,205126,Populated place
Orsha,Belarus,BLR,54.515315,30.421543,135206,125347,Populated place
Lida,Belarus,BLR,53.888479,25.284648,100216,98036,Populated place
Hrodna,Belarus,BLR,53.677872,23.83409,317365,254369,Admin-1 capital
Barysaw,Belarus,BLR,54.226004,28.492152,155389,100000,Populated place
Naxcivan,Azerbaijan,AZE,39.20922,45.412205,94788,64754,Admin-1 capital
Jashore,Bangladesh,BGD,23.170432,89.199971,243987,243987,Populated place
Barishal,Bangladesh,BGD,22.700409,90.37499,202242,202242,Admin-1 capital
Comilla,Bangladesh,BGD,23.470414,91.16998,389411,389411,Populated place
Lokhwabe,Botswana,BWA,-24.169598,21.830026,1473,1473,Populated place
Lehututu,Botswana,BWA,-23.969611,21.870024,1942,1942,Populated place
Tshabong,Botswana,BWA,-26.009486,22.400018,9679,9679,Admin-1 capital
Tsau,Botswana,BWA,-20.159611,22.459962,1409,1409,Populated place
Nokaneng,Botswana,BWA,-19.669615,22.27,1763,1763,Populated place
Mohembo,Botswana,BWA,-18.299569,21.800002,757,757,Populated place
Maun,Botswana,BWA,-19.989595,23.420007,49945,44173,Admin-1 capital
Kasane,Botswana,BWA,-17.809573,25.150031,9250,6299,Admin-1 capital
Nata,Botswana,BWA,-20.209478,26.190019,4794,191,Populated place
Mopipi,Botswana,BWA,-21.179548,24.880021,3301,3301,Populated place
Palapye,Botswana,BWA,-22.559619,27.130013,30650,23708,Populated place
Bururi,Burundi,BDI,-3.950729,29.61658,20393,19740,Admin-1 capital
Muyinga,Burundi,BDI,-2.852347,30.31726,71076,71076,Admin-1 capital
Lobatse,Botswana,BWA,-25.219612,25.680024,69804,30883,Admin-1 capital
Kanye,Botswana,BWA,-24.969601,25.339993,46831,44716,Admin-1 capital
Pine Creek,Australia,AUS,-13.816174,131.816698,665,345,Populated place
Adelaide River,Australia,AUS,-13.249541,131.099998,237,237,Populated place
McMinns Lagoon,Australia,AUS,-12.532893,131.050026,5025,5025,Populated place
Newcastle Waters,Australia,AUS,-17.552793,133.467243,10,10,Populated place
Ravensthorpe,Australia,AUS,-33.582874,120.033335,1101,177,Populated place
Wagin,Australia,AUS,-33.299584,117.349984,1598,477,Populated place
Roebourne,Australia,AUS,-20.782932,117.133305,19260,3303,Populated place
Pannawonica,Australia,AUS,-21.636575,116.325034,686,686,Populated place
Tom Price,Australia,AUS,-22.693461,117.793058,2723,921,Populated place
Kalbarri,Australia,AUS,-27.666181,114.166664,1537,1537,Populated place
Mount Magnet,Australia,AUS,-28.066208,117.816674,424,424,Populated place
Morawa,Australia,AUS,-29.216267,116.000041,259,259,Populated place
Port Denison,Australia,AUS,-29.282826,114.916644,1213,1213,Populated place
Merredin,Australia,AUS,-31.482847,118.266672,2668,1440,Populated place
Mount Barker,Australia,AUS,-34.632784,117.666606,1781,1762,Populated place
Katanning,Australia,AUS,-33.699559,117.550075,3934,2346,Populated place
Narrogin,Australia,AUS,-32.932888,117.166636,4238,3752,Populated place
Gingin,Australia,AUS,-31.349574,115.900047,1446,1446,Populated place
Bunbury,Australia,AUS,-33.344284,115.650243,26998,26369,Populated place
Kwinana,Australia,AUS,-32.23939,115.770236,20086,17549,Populated place
Southern Cross,Australia,AUS,-31.216145,119.316686,187,187,Populated place
Kaltukatjara,Australia,AUS,-25.788414,128.997335,355,355,Populated place
Queanbeyan,Australia,AUS,-35.3546,149.211347,32602,32214,Populated place
Tweed Heads,Australia,AUS,-28.182583,153.546638,33065,33065,Populated place
Ivanhoe,Australia,AUS,-32.899608,144.300019,265,265,Populated place
Wilcannia,Australia,AUS,-31.566201,143.38333,442,442,Populated place
Merimbula,Australia,AUS,-36.899622,149.900039,6367,848,Populated place
Echuca,Australia,AUS,-36.129592,144.750017,19457,7463,Populated place
Deniliquin,Australia,AUS,-35.529577,144.950005,8024,4015,Populated place
Nowra,Australia,AUS,-34.882846,150.600048,94781,27292,Populated place
Ulladulla,Australia,AUS,-35.349536,150.47003,9250,4372,Populated place
Batemans Bay,Australia,AUS,-35.689619,150.207307,10557,651,Populated place
Cooma,Australia,AUS,-36.239559,149.120035,6520,4803,Populated place
Tumut,Australia,AUS,-35.30959,148.220038,6526,3220,Populated place
Leeton,Australia,AUS,-34.544934,146.397307,7299,5255,Populated place
Young,Australia,AUS,-34.3096,148.290008,7501,5343,Populated place
Cowra,Australia,AUS,-33.829629,148.68001,6795,4664,Populated place
Forbes,Australia,AUS,-33.389604,148.019998,4838,3315,Populated place
Goulburn,Australia,AUS,-34.749573,149.710179,20940,11948,Populated place
Kiama,Australia,AUS,-34.709575,150.840033,10379,10379,Populated place
Katoomba,Australia,AUS,-33.706949,150.320013,22076,18593,Populated place
Richmond,Australia,AUS,-33.599514,150.739987,13880,5560,Populated place
Lithgow,Australia,AUS,-33.496109,150.152788,11128,9548,Populated place
Parkes,Australia,AUS,-33.129568,148.170015,11137,3183,Populated place
Bathurst,Australia,AUS,-33.419628,149.570033,6111,6111,Populated place
Maitland,Australia,AUS,-32.720963,151.555028,18625,1428,Populated place
Singleton,Australia,AUS,-32.569499,151.160013,13813,2868,Populated place
Mudgee,Australia,AUS,-32.589601,149.58011,5391,5391,Populated place
Muswellbrook,Australia,AUS,-32.269569,150.890004,11630,4712,Populated place
Taree,Australia,AUS,-31.897602,152.461846,44182,16081,Populated place
Kempsey,Australia,AUS,-31.087367,152.822031,11840,9522,Populated place
Gunnedah,Australia,AUS,-30.987012,150.26229,7148,5260,Populated place
Coffs Harbour,Australia,AUS,-30.307053,153.112297,62978,34944,Populated place
Narrabri,Australia,AUS,-30.33191,149.787436,7082,5129,Populated place
Inverell,Australia,AUS,-29.766776,151.112574,8561,5130,Populated place
Yamba,Australia,AUS,-29.422991,153.353312,1806,1806,Populated place
Ballina,Australia,AUS,-28.861353,153.56798,14242,13753,Populated place
Wagga Wagga,Australia,AUS,-35.12216,147.339988,55381,35717,Populated place
Scone,Australia,AUS,-32.079607,150.85011,4624,4624,Populated place
Byron Bay,Australia,AUS,-28.656508,153.612887,6764,3725,Populated place
Berri,Australia,AUS,-34.282935,140.600038,4716,4330,Populated place
Peterborough,Australia,AUS,-32.966167,138.833324,1689,1013,Populated place
Wallaroo,Australia,AUS,-33.932878,137.633294,2779,2105,Populated place
Clare,Australia,AUS,-33.832885,138.600005,3061,2397,Populated place
Meningie,Australia,AUS,-35.699541,139.333345,1501,199,Populated place
Kingston South East,Australia,AUS,-36.832805,139.850058,206,206,Populated place
Bordertown,Australia,AUS,-36.316196,140.766643,2583,1369,Populated place
Penola,Australia,AUS,-37.382952,140.816665,1514,1512,Populated place
Kingoonya,Australia,AUS,-30.899575,135.3,50,50,Populated place
Kimba,Australia,AUS,-33.149619,136.433367,636,636,Populated place
Streaky Bay,Australia,AUS,-32.811872,134.21493,1060,169,Populated place
Cowell,Australia,AUS,-33.682868,136.916645,537,537,Populated place
Tumby Bay,Australia,AUS,-34.382928,136.083311,1791,1791,Populated place
Andamooka,Australia,AUS,-30.430973,137.16557,528,528,Populated place
Woomera,Australia,AUS,-31.149586,136.800011,450,450,Populated place
Port Pirie,Australia,AUS,-33.191063,137.990016,12506,12328,Populated place
Gawler,Australia,AUS,-34.607359,138.726354,16362,14723,Populated place
Murray Bridge,Australia,AUS,-35.129601,139.260016,18194,10177,Populated place
Victor Harbor,Australia,AUS,-35.559601,138.617316,7760,7218,Populated place
Hamilton,Australia,AUS,-37.7312,142.023414,8869,5116,Populated place
Ouyen,Australia,AUS,-35.066194,142.316677,1400,424,Populated place
Colac,Australia,AUS,-38.339535,143.580011,9089,5811,Populated place
Stawell,Australia,AUS,-37.059613,142.760009,6991,2201,Populated place
Horsham,Australia,AUS,-36.709608,142.190018,12830,11141,Populated place
Ararat,Australia,AUS,-37.279548,142.909974,6110,4818,Populated place
Maryborough,Australia,AUS,-37.049587,143.729976,7046,4631,Populated place
Bairnsdale,Australia,AUS,-37.829592,147.609998,11005,7849,Populated place
Sale,Australia,AUS,-38.109574,147.060005,22486,12917,Populated place
Traralgon,Australia,AUS,-38.199595,146.530012,18226,15739,Populated place
Wonthaggi,Australia,AUS,-38.609492,145.590018,5985,2958,Populated place
Cranbourne,Australia,AUS,-38.099601,145.28337,460491,39419,Populated place
Ballarat,Australia,AUS,-37.559582,143.840047,85109,61699,Populated place
Melton,Australia,AUS,-37.689548,144.570028,32368,27132,Populated place
Seymour,Australia,AUS,-37.03424,145.127307,3693,3693,Populated place
Shepparton,Australia,AUS,-36.37459,145.391373,33550,33311,Populated place
Cobram,Australia,AUS,-35.919631,145.650014,4659,4659,Populated place
Swan Hill,Australia,AUS,-35.339614,143.540013,9276,8870,Populated place
Sunbury,Australia,AUS,-37.569607,144.71002,29925,7430,Populated place
Proserpine,Australia,AUS,-20.416236,148.583478,3976,3976,Populated place
Theodore,Australia,AUS,-24.949499,150.083335,246,246,Populated place
Eidsvold,Australia,AUS,-25.366218,151.133348,459,459,Populated place
Barcaldine,Australia,AUS,-23.566173,145.28337,1068,1068,Populated place
Winton,Australia,AUS,-22.399629,143.033274,1157,1157,Populated place
Longreach,Australia,AUS,-23.449591,144.250048,2894,2894,Populated place
Caboolture,Australia,AUS,-27.082961,152.949982,31513,21478,Populated place
Warwick,Australia,AUS,-28.229247,152.020323,12347,7701,Populated place
Kingaroy,Australia,AUS,-26.538963,151.840592,8573,6416,Populated place
Dalby,Australia,AUS,-27.193858,151.265743,9847,9790,Populated place
Bongaree,Australia,AUS,-27.078723,153.1509,13649,7006,Populated place
Gympie,Australia,AUS,-26.188597,152.670929,11649,11027,Populated place
Ingham,Australia,AUS,-18.649574,146.166623,6127,5866,Populated place
Birdsville,Australia,AUS,-25.899622,139.366625,283,283,Populated place
Bedourie,Australia,AUS,-24.349587,139.466619,142,142,Populated place
Boulia,Australia,AUS,-22.899598,139.900029,600,205,Populated place
Richmond,Australia,AUS,-20.716269,143.13332,296,296,Populated place
Burketown,Australia,AUS,-17.716091,139.566613,200,173,Populated place
Hervey Bay,Australia,AUS,-25.288703,152.840944,25114,25114,Populated place
Biloela,Australia,AUS,-24.393564,150.496075,6309,2424,Populated place
Yeppoon,Australia,AUS,-23.132918,150.756731,10769,2132,Populated place
Emerald,Australia,AUS,-23.512223,148.167328,9398,5580,Populated place
Moranbah,Australia,AUS,-22.001565,148.038033,10000,4714,Populated place
Charters Towers,Australia,AUS,-20.080907,146.258711,9573,7166,Populated place
Ayr,Australia,AUS,-19.570241,147.399468,9078,5254,Populated place
Atherton,Australia,AUS,-17.270278,145.469353,6959,5306,Populated place
Port Douglas,Australia,AUS,-16.484588,145.458722,3000,1009,Populated place
Smithton,Australia,AUS,-40.832922,145.116661,4202,2500,Populated place
Scottsdale,Australia,AUS,-41.149492,147.51667,2468,899,Populated place
Bicheno,Australia,AUS,-41.878388,148.288612,177,177,Populated place
Oatlands,Australia,AUS,-42.299603,147.366602,1157,1157,Populated place
Queenstown,Australia,AUS,-42.082924,145.55002,2352,964,Populated place
Kingston,Australia,AUS,-42.991137,147.308414,14371,10933,Populated place
Koudougou,Burkina Faso,BFA,12.250478,-2.369995,87347,83331,Admin-1 capital
Ouahigouya,Burkina Faso,BFA,13.570424,-2.419992,79504,61096,Admin-1 capital
Kaya,Burkina Faso,BFA,13.090375,-1.090047,40017,39229,Admin-1 capital
Tenkodogo,Burkina Faso,BFA,11.780404,-0.369704,38108,37658,Admin-1 capital
Banfora,Burkina Faso,BFA,10.630448,-4.760004,60288,31519,Admin-1 capital
Tuzla,Bosnia and Herzegovina,BIH,44.550471,18.680038,144334,142486,Populated place
Prijedor,Bosnia and Herzegovina,BIH,44.980393,16.700004,104858,36347,Populated place
Banja Luka,Bosnia and Herzegovina,BIH,44.780405,17.179974,221738,221106,Admin-0 region capital
Pabna,Bangladesh,BGD,24.000381,89.249994,137888,137888,Populated place
Nawabganj,Bangladesh,BGD,24.580398,88.349997,142361,142361,Populated place
Saidpur,Bangladesh,BGD,25.800427,88.999983,232209,232209,Populated place
Myingyan,Myanmar,MMR,21.461828,95.391428,163812,141713,Populated place
Letpadan,Myanmar,MMR,17.781898,95.741484,176571,38936,Populated place
Taungoo,Myanmar,MMR,18.948287,96.417928,106945,104236,Populated place
Thongwa,Myanmar,MMR,16.7547,96.519318,52496,19489,Populated place
Mudon,Myanmar,MMR,16.261836,97.721466,152300,89123,Populated place
Ye,Myanmar,MMR,15.253267,97.867866,50798,50798,Populated place
Mawlamyine,Myanmar,MMR,16.500426,97.670048,438861,361637,Admin-1 capital
Kyaukphyu,Myanmar,MMR,19.429013,93.549404,4261,4261,Populated place
Wakema,Myanmar,MMR,16.613287,95.182862,48405,42705,Populated place
Labutta,Myanmar,MMR,16.161893,94.701444,1667,1667,Populated place
Phyarpon,Myanmar,MMR,16.293255,95.682883,65601,60753,Populated place
Yandoon,Myanmar,MMR,17.043287,95.642885,36172,36172,Populated place
Hinthada,Myanmar,MMR,17.648263,95.467857,180728,134947,Populated place
Pathein,Myanmar,MMR,16.770409,94.749968,237089,194940,Admin-1 capital
Allanmyo,Myanmar,MMR,19.378312,95.227924,57897,38996,Populated place
Yaynangyoung,Myanmar,MMR,20.46145,94.880968,110553,98462,Populated place
Chauk,Myanmar,MMR,20.908477,94.823039,90870,79163,Populated place
Pakokku,Myanmar,MMR,21.332043,95.08664,126938,123773,Populated place
Namtu,Myanmar,MMR,23.083745,97.399987,48591,48591,Populated place
Dawei,Myanmar,MMR,14.097963,98.194978,146212,136783,Admin-1 capital
Shwebo,Myanmar,MMR,22.578272,95.692856,88914,74603,Populated place
Gitega,Burundi,BDI,-3.426007,29.843594,23167,23167,Admin-1 capital
Gardiz,Afghanistan,AFG,33.600054,69.214628,103601,61760,Admin-1 capital
Lemosos,Cyprus,CYP,34.675414,33.033322,154000,144972,Admin-1 capital
Pokhara,Nepal,NPL,28.263996,83.971999,200000,200000,Admin-1 capital
Bucheon,South Korea,KOR,37.500835,126.78111,866000,866000,Populated place
Songnam,South Korea,KOR,37.440557,127.135832,942000,1031935,Populated place
Goyang,South Korea,KOR,37.654682,126.835303,903000,903000,Populated place
Capitol Hill,Northern Mariana Islands,MNP,15.211254,145.750576,2500,1028,Admin-1 capital
Christiansted,United States Virgin Islands,VIR,17.750375,-64.749986,32543,32543,Populated place
Ponce,Puerto Rico,PRI,18.000386,-66.616642,160334,152634,Populated place
Mayagüez,Puerto Rico,PRI,18.20151,-67.139711,291339,78647,Populated place
Grytviken,South Georgia and the Islands,SGS,-54.280577,-36.507989,99,99,Admin-1 capital
Fox Bay,Falkland Islands,FLK,-51.95059,-60.086963,120,60,Populated place
George Town,Cayman Islands,CYM,19.280437,-81.329982,4268,1273,Admin-0 region capital
Grand Turk,Turks and Caicos Islands,TCA,21.466427,-71.135979,5801,3720,Admin-0 region capital
Douglas,Isle of Man,IMN,54.150427,-4.480021,35854,26218,Admin-0 region capital
Neiafu,Tonga,TON,-18.649574,-173.983293,7391,4320,Populated place
Arrecife,Spain,ESP,28.969049,-13.537833,52944,41421,Populated place
Boorama,Somaliland,SOL,9.940413,43.180041,67664,67664,Populated place
Burco,Somaliland,SOL,9.520387,45.54,106593,99270,Admin-1 capital
Maydh,Somaliland,SOL,10.980091,47.097528,30000,30000,Populated place
San Marino,San Marino,SMR,43.936096,12.44177,29579,29000,Admin-0 capital
Koror,Palau,PLW,7.345226,134.469501,11200,11200,Admin-1 capital
Willemstad,Curacao,CUW,12.20043,-69.019984,146813,146813,Admin-0 region capital
Oranjestad,Aruba,ABW,12.530384,-70.028992,68775,33000,Admin-0 region capital
Curepipe,Mauritius,MUS,-20.31619,57.516634,299975,84200,Populated place
Vaduz,Liechtenstein,LIE,47.133724,9.51667,36281,5342,Admin-0 capital
Nablus,Palestine,PSX,32.221482,35.254427,215981,130326,Populated place
Dzaoudzi,France,FRA,-12.787089,45.275004,32057,14141,Populated place
La Romana,Dominican Republic,DOM,18.417001,-68.966602,208437,196506,Admin-1 capital
Mindelo,Cape Verde,CPV,16.883761,-25.000009,70611,55313,Populated place
Trepassey,Canada,CAN,46.736978,-53.363291,398,398,Populated place
Capitan Arturo Prat Station,Antarctica,ATA,-62.499507,-59.683319,41,41,Scientific station
Marambio Base,Antarctica,ATA,-64.232889,-56.650015,150,55,Scientific station
Zucchelli Station,Antarctica,ATA,-74.619193,164.219027,80,40,Scientific station
Rothera Station,Antarctica,ATA,-67.564776,-68.123541,130,22,Scientific station
Palmer Station,Antarctica,ATA,-64.762413,-64.046876,46,15,Scientific station
Base Presidente Montalva,Antarctica,ATA,-62.182744,-58.907652,150,80,Scientific station
Carlini Base,Antarctica,ATA,-62.224144,-58.650476,60,20,Scientific station
King Sejong Station,Antarctica,ATA,-62.224853,-58.771599,90,17,Scientific station
Great Wall Station,Antarctica,ATA,-62.21632,-58.966696,40,12,Scientific station
Escudero Base,Antarctica,ATA,-62.194963,-58.952666,20,20,Scientific station
Elephant Island,Antarctica,ATA,-61.999589,-57.999985,6,0,Scientific station
Scott Base,Antarctica,ATA,-77.846938,166.749102,85,14,Scientific station
McMurdo Station,Antarctica,ATA,-77.732282,166.869416,1000,200,Scientific station
Zhongshan Station,Antarctica,ATA,-69.434063,76.339298,60,25,Scientific station
Vostok Station,Antarctica,ATA,-78.466284,106.800034,25,13,Scientific station
Peter I Island,Antarctica,ATA,-68.795161,-90.584203,1,0,Scientific station
Mirny Station,Antarctica,ATA,-66.57553,93.006289,169,60,Scientific station
Mawson Station,Antarctica,ATA,-67.61452,62.875001,60,20,Scientific station
Davis Station,Antarctica,ATA,-68.777674,78.140735,70,20,Scientific station
Concordia Research Station,Antarctica,ATA,-74.666309,124.167036,30,0,Scientific station
Casey Station,Antarctica,ATA,-66.286086,110.536214,200,50,Scientific station
Amundsen–Scott South Pole Station,Antarctica,ATA,-90.0,176.994452,200,50,Scientific station
Wasa Station,Antarctica,ATA,-73.049612,-13.416711,10,0,Scientific station
Troll Station,Antarctica,ATA,-72.01629,2.533323,44,7,Scientific station
Svea Station,Antarctica,ATA,-74.582904,-11.21669,10,0,Scientific station
Novolazarevskaya Station,Antarctica,ATA,-71.301235,-11.850213,70,0,Scientific station
Neumayer Station III,Antarctica,ATA,-70.890397,-7.838438,40,40,Scientific station
Maitri Station,Antarctica,ATA,-70.78218,11.730458,65,1,Scientific station
Halley Station,Antarctica,ATA,-76.092263,-26.474157,70,16,Scientific station
Belgrano II Base,Antarctica,ATA,-77.866321,-34.616683,100,14,Scientific station
Sobral Base,Antarctica,ATA,-81.179085,-40.501532,40,0,Scientific station
Aboa Station,Antarctica,ATA,-75.049594,-13.416711,18,12,Scientific station
San Martín Base,Antarctica,ATA,-68.116322,-67.099998,20,18,Scientific station
Gen. O'Higgins Base,Antarctica,ATA,-63.328418,-57.889594,44,16,Scientific station
Esperanza Base,Antarctica,ATA,-63.375329,-57.025902,250,55,Scientific station
Orcadas Station,Antarctica,ATA,-60.732896,-44.733301,45,14,Scientific station
Signy Research Station,Antarctica,ATA,-60.631308,-45.600703,8,0,Scientific station
Kullorsuaq,Greenland,GRL,74.578063,-57.224986,450,436,Populated place
Tasiusaq,Greenland,GRL,73.369002,-56.059814,250,248,Populated place
Kailua-Kona,United States of America,USA,19.652365,-155.983747,9870,9870,Populated place
Dumont d'Urville Station,Antarctica,ATA,-66.775051,139.963684,120,30,Scientific station
Showa Station,Antarctica,ATA,-69.030393,39.746083,60,40,Scientific station
Changhua,Taiwan,TWN,24.0734,120.513409,750000,236588,Admin-1 capital
Chiayi,Taiwan,TWN,23.475452,120.435067,500000,274212,Admin-1 capital
Hsinchu,Taiwan,TWN,24.816791,120.97674,750000,415557,Admin-1 capital
Miaoli,Taiwan,TWN,24.57,120.82,150000,90988,Admin-1 capital
Pingtung,Taiwan,TWN,22.681702,120.481679,503530,215975,Admin-1 capital
Upper Hutt,New Zealand,NZL,-41.135477,175.029041,39200,39200,Populated place
Masterton,New Zealand,NZL,-40.94392,175.645646,20200,20200,Populated place
Levin,New Zealand,NZL,-40.612361,175.277246,19550,19550,Populated place
Waitakere,New Zealand,NZL,-36.852449,174.554279,208100,208100,Populated place
North Shore,New Zealand,NZL,-36.791269,174.775839,205605,205605,Populated place
Whakatane,New Zealand,NZL,-37.957387,176.982758,18700,18700,Populated place
Ashburton,New Zealand,NZL,-43.898269,171.748642,17700,17700,Populated place
Kaiapoi,New Zealand,NZL,-43.381311,172.651036,10200,10200,Populated place
New Plymouth,New Zealand,NZL,-39.055639,174.074813,52500,52500,Admin-1 capital
Westport,New Zealand,NZL,-41.763842,171.602792,3900,3900,Populated place
Hokitika,New Zealand,NZL,-42.707239,171.009954,3078,3078,Populated place
Oamaru,New Zealand,NZL,-45.109197,170.99479,13000,13000,Populated place
San José de Mayo,Uruguay,URY,-34.349959,-56.709986,36529,36395,Admin-1 capital
Rocha,Uruguay,URY,-34.482974,-54.333025,26874,25515,Admin-1 capital
Butte,United States of America,USA,46.003896,-112.533839,34190,28766,Populated place
Grand Forks,United States of America,USA,47.925278,-97.032486,58566,48426,Populated place
Pocatello,United States of America,USA,42.871348,-112.444723,63998,50656,Populated place
Tacoma,United States of America,USA,47.211316,-122.515013,719868,200678,Populated place
Yuma,United States of America,USA,32.685278,-114.623608,92489,84316,Populated place
Prescott,United States of America,USA,34.590019,-112.447772,55038,40136,Populated place
Long Beach,United States of America,USA,33.786967,-118.158044,2036134,462257,Populated place
Grand Junction,United States of America,USA,39.093853,-108.55,104214,45938,Populated place
Ely,United States of America,USA,39.247022,-114.887675,4216,3606,Populated place
Carson City,United States of America,USA,39.163849,-119.766395,57341,50193,Admin-1 capital
Carlsbad,United States of America,USA,32.420565,-104.2283,25302,25178,Populated place
Alamogordo,United States of America,USA,32.899476,-105.959719,36058,31363,Populated place
Medford,United States of America,USA,42.326627,-122.874423,108525,69638,Populated place
Klamath Falls,United States of America,USA,42.225005,-121.780536,42978,19203,Populated place
St. George,United States of America,USA,37.104155,-113.583336,98638,61338,Populated place
Provo,United States of America,USA,40.248899,-111.63777,356712,105764,Populated place
Laramie,United States of America,USA,41.311366,-105.590568,26934,24241,Populated place
Little Rock,United States of America,USA,34.736083,-92.331093,270893,184217,Admin-1 capital
Wichita,United States of America,USA,37.719983,-97.329987,401843,355244,Populated place
Jefferson City,United States of America,USA,38.576623,-92.173325,55139,35883,Admin-1 capital
Rapid City,United States of America,USA,44.080551,-103.230557,73632,61888,Populated place
Lafayette,United States of America,USA,30.199977,-92.019949,158214,112197,Populated place
Galveston,United States of America,USA,29.301143,-94.79748,68612,56420,Populated place
Freeport,United States of America,USA,28.959484,-95.356878,74892,12632,Populated place
Victoria,United States of America,USA,28.804998,-97.00334,64209,62044,Populated place
Odessa,United States of America,USA,31.845561,-102.367225,106054,91256,Populated place
Wichita Falls,United States of America,USA,33.913626,-98.493069,101212,93646,Populated place
Waco,United States of America,USA,31.549171,-97.146381,167347,118967,Populated place
Lubbock,United States of America,USA,33.580003,-101.879968,213300,211387,Populated place
San Fernando de Apure,Venezuela,VEN,7.899995,-67.469949,122701,78779,Admin-1 capital
Barquisimeto,Venezuela,VEN,10.051938,-69.301913,1116000,809490,Admin-1 capital
Hartford,United States of America,USA,41.771966,-72.681913,913000,124019,Admin-1 capital
Providence,United States of America,USA,41.823048,-71.416926,1277000,50453,Admin-1 capital
Birmingham,United States of America,USA,33.530006,-86.824995,1128047,212237,Populated place
Mobile,United States of America,USA,30.680025,-88.049985,253466,190274,Populated place
Pensacola,United States of America,USA,30.421126,-87.216935,234384,56255,Populated place
St. Petersburg,United States of America,USA,27.770539,-82.679383,800313,246316,Populated place
Biloxi,United States of America,USA,30.395805,-88.885309,50644,37070,Populated place
Springfield,United States of America,USA,39.82001,-89.650017,134715,115975,Admin-1 capital
Frankfort,United States of America,USA,38.200807,-84.873357,36688,27741,Admin-1 capital
Greensboro,United States of America,USA,36.070006,-79.800023,388887,231769,Populated place
Dayton,United States of America,USA,39.752322,-84.201933,773000,159134,Populated place
Virginia Beach,United States of America,USA,36.85516,-75.980265,1491000,263951,Populated place
Madison,United States of America,USA,43.073016,-89.401117,327447,224625,Admin-1 capital
Green Bay,United States of America,USA,44.529981,-88.000014,198611,101012,Populated place
Trenton,United States of America,USA,40.216963,-74.743355,366513,84913,Admin-1 capital
Maturín,Venezuela,VEN,9.749959,-63.170031,410972,304443,Admin-1 capital
Cumaná,Venezuela,VEN,10.449994,-64.180021,317603,257783,Admin-1 capital
Lansing,United States of America,USA,42.733527,-84.546736,279952,117691,Admin-1 capital
Cádiz,Spain,ESP,36.534991,-6.225005,283157,24708,Populated place
Granada‎,Spain,ESP,37.164978,-3.585011,388290,238248,Populated place
Gibraltar,Gibraltar,GIB,36.132435,-5.378075,187083,26544,Admin-0 region capital
Gambell,United States of America,USA,63.77971,-171.731079,681,681,Populated place
Palmer,United States of America,USA,61.599714,-149.112692,13111,6585,Populated place
Seward,United States of America,USA,60.126161,-149.469983,2900,2900,Populated place
Jönköping,Sweden,SWE,57.771343,14.165016,89780,83202,Admin-1 capital
Örnsköldsvik,Sweden,SWE,63.318007,18.716676,27749,25063,Populated place
Zaporizhzhya,Ukraine,UKR,47.859243,35.174863,788000,413557,Admin-1 capital
Muynoq,Uzbekistan,UZB,43.768322,59.0214,13000,13000,Populated place
Termiz,Uzbekistan,UZB,37.232933,67.272937,177687,140385,Admin-1 capital
Fargona,Uzbekistan,UZB,40.389975,71.780001,750000,214000,Admin-1 capital
Namangan,Uzbekistan,UZB,41.000016,71.669982,750000,449200,Admin-1 capital
Khorugh,Tajikistan,TJK,37.487517,71.54756,30000,12035,Admin-1 capital
Khujand,Tajikistan,TJK,40.289981,69.619926,437684,144865,Admin-1 capital
Khon Kaen,Thailand,THA,16.420043,102.830044,251056,147579,Admin-1 capital
Thái Nguyên,Vietnam,VNM,21.599959,105.830015,500000,330000,Admin-1 capital
Thanh Hóa,Vietnam,VNM,19.820016,105.799991,197551,197551,Admin-1 capital
Nam Định,Vietnam,VNM,20.420031,106.200019,243186,243186,Populated place
Vinh,Vietnam,VNM,18.699981,105.679999,593645,435208,Admin-1 capital
Đồng Hới,Vietnam,VNM,17.483337,106.600046,189265,31040,Admin-1 capital
Lobamba,eSwatini,SWZ,-26.466668,31.199997,9782,4557,Admin-0 capital alt
La Ceiba,Honduras,HND,15.763106,-86.796987,145926,130218,Admin-1 capital
San Pedro Sula,Honduras,HND,15.500022,-88.029986,680091,489466,Admin-1 capital
Linden,Guyana,GUY,5.990008,-58.269968,44690,11393,Populated place
Höfn,Iceland,ISL,64.272315,-15.21386,1695,1695,Populated place
Murcia,Spain,ESP,37.979993,-1.129968,406807,329838,Admin-1 capital
Ceuta,Spain,ESP,35.888984,-5.306999,78674,78674,Admin-1 capital
La Coruña,Spain,ESP,43.329977,-8.419988,370610,242619,Populated place
Ourense,Spain,ESP,42.32996,-7.869995,118107,108083,Populated place
Cap-Haïtien,Haiti,HTI,19.759222,-72.212516,281487,134815,Admin-1 capital
Edinburgh,United Kingdom,GBR,55.948328,-3.219091,504966,435791,Admin-0 region capital
Newcastle,United Kingdom,GBR,55.002321,-1.601936,882000,192382,Populated place
Liverpool,United Kingdom,GBR,53.417948,-2.919944,811000,468945,Populated place
Cardiff,United Kingdom,GBR,51.499995,-3.225008,861400,346100,Admin-0 region capital
Adapazarı,Turkey,TUR,40.799976,30.415032,260109,260109,Populated place
Trabzon,Turkey,TUR,40.979991,39.719994,764714,230399,Admin-1 capital
Galle,Sri Lanka,LKA,6.030005,80.240001,99478,93118,Admin-1 capital
Suwon,South Korea,KOR,37.259735,127.008947,1078000,1078000,Admin-1 capital
Wick,United Kingdom,GBR,58.433293,-3.083363,7147,7147,Populated place
Leeds,United Kingdom,GBR,53.831953,-1.581963,1529000,455123,Populated place
Şanlıurfa,Turkey,TUR,37.169991,38.794986,449549,413266,Admin-1 capital
Kasese,Uganda,UGA,0.232478,29.988288,67269,67269,Admin-1 capital
Pamplona,Spain,ESP,42.820008,-1.649987,274545,193166,Admin-1 capital
Svolvær,Norway,NOR,68.233289,14.566697,4197,4197,Populated place
Mo i Rana,Norway,NOR,66.31661,14.16667,20409,17853,Populated place
Narvik,Norway,NOR,68.38315,17.289993,20000,18473,Populated place
Bodø,Norway,NOR,67.276435,14.429285,34073,28694,Admin-1 capital
Chiclayo,Peru,PER,-6.762909,-79.836585,596792,577375,Admin-1 capital
Juliaca,Peru,PER,-15.499998,-70.139967,245675,223181,Populated place
Cerro de Pasco,Peru,PER,-10.690008,-76.269981,137232,78910,Admin-1 capital
Tarapoto,Peru,PER,-6.509953,-76.479968,936,936,Populated place
Ayacucho,Peru,PER,-13.175024,-74.219951,166314,140033,Admin-1 capital
Callao,Peru,PER,-12.070027,-77.134967,876877,695586,Admin-1 capital
Concepción,Paraguay,PRY,-23.406389,-57.434412,59118,48123,Admin-1 capital
Villarrica,Paraguay,PRY,-25.750019,-56.43331,41157,41157,Admin-1 capital
Bilwi,Nicaragua,NIC,14.033341,-83.383371,43001,33635,Admin-1 capital
León,Nicaragua,NIC,12.435558,-86.879436,164441,144538,Admin-1 capital
Setúbal,Portugal,PRT,38.52996,-8.90001,117974,117110,Admin-1 capital
Porto,Portugal,PRT,41.151952,-8.621947,1337000,249633,Admin-1 capital
Al Qunfudhah,Saudi Arabia,SAU,19.126364,41.078877,157,157,Populated place
Longyearbyen,Svalbard and Jan Mayen Islands,SJM,78.216684,15.549996,1232,1232,Admin-0 region capital
Rotterdam,Netherlands,NLD,51.921915,4.478029,1005000,598199,Populated place
Luxembourg,Luxembourg,LUX,49.61166,6.130003,107260,76684,Admin-0 capital
Haugesund,Norway,NOR,59.411915,5.277497,40321,32118,Populated place
Stavanger,Norway,NOR,58.970004,5.680004,173132,100866,Admin-1 capital
Skien,Norway,NOR,59.19999,9.600024,73330,73330,Admin-1 capital
Namsos,Norway,NOR,64.483311,11.500011,9035,9035,Populated place
Liepaga,Latvia,LVA,56.509973,21.010025,85132,82807,Populated place
Alta,Norway,NOR,69.966645,23.241672,12077,12077,Populated place
Vadsø,Norway,NOR,70.096597,29.765749,5139,5139,Admin-1 capital
Hofuf,Saudi Arabia,SAU,25.348749,49.585593,637389,400000,Populated place
Chaman,Pakistan,PAK,30.925049,66.446321,88568,88568,Populated place
Turbat,Pakistan,PAK,25.991784,63.071799,147791,75694,Populated place
Faisalabad,Pakistan,PAK,31.411927,73.108051,2617000,2506595,Populated place
Rawalpindi,Pakistan,PAK,33.601922,73.038081,1858000,1743101,Populated place
Bahawalpur,Pakistan,PAK,29.389975,71.674994,552607,552607,Populated place
Mirpur Khas,Pakistan,PAK,25.531787,69.011798,356435,215657,Populated place
Sukkur,Pakistan,PAK,27.713566,68.848552,417767,417767,Populated place
Karakol,Kyrgyzstan,KGZ,42.492043,78.38182,70171,56652,Admin-1 capital
Saidu,Pakistan,PAK,34.750035,72.349992,1860310,1860310,Populated place
Johor Bahru,Malaysia,MYS,1.481971,103.728094,875000,802489,Admin-1 capital
Kelang,Malaysia,MYS,3.022316,101.548072,956000,879867,Admin-1 capital
Benoni,South Africa,ZAF,-26.147635,28.327994,2986000,605344,Populated place
Vereeniging,South Africa,ZAF,-26.647656,27.958042,1074000,474681,Populated place
Colón,Panama,PAN,9.365021,-79.87498,204000,136976,Admin-1 capital
Balboa,Panama,PAN,8.949982,-79.566653,62882,62882,Populated place
Kolpashevo,Russia,RUS,58.300407,82.995389,27876,27876,Populated place
Omolon,Russia,RUS,65.249982,160.500012,1050,1050,Populated place
Pevek,Russia,RUS,69.700822,170.313315,4837,4837,Populated place
Umba,Russia,RUS,66.681394,34.345542,6128,6128,Populated place
Kovda,Russia,RUS,66.690282,32.870231,20,20,Populated place
Velikiy Novgorod,Russia,RUS,58.499981,31.330015,218717,218717,Admin-1 capital
Velikiye Luki,Russia,RUS,56.319959,30.520039,103149,83337,Populated place
Belomorsk,Russia,RUS,64.52522,34.765826,12165,12165,Populated place
Kem,Russia,RUS,64.953592,34.56837,13829,13829,Populated place
Krasino,Russia,RUS,70.731448,54.420799,10,10,Populated place
Matočkin Šar,Russia,RUS,73.269992,56.449697,10,10,Populated place
Severodvinsk,Russia,RUS,64.570024,39.830013,194292,169863,Populated place
Kursk,Russia,RUS,51.73998,36.190028,409431,388053,Admin-1 capital
Tula,Russia,RUS,54.199959,37.629941,489486,468825,Admin-1 capital
Tambov,Russia,RUS,52.730023,41.430019,301482,290933,Admin-1 capital
Sterlitamak,Russia,RUS,53.629994,55.960036,267231,172849,Populated place
Kurgan,Russia,RUS,55.45996,65.344993,343129,315670,Admin-1 capital
Indiga,Russia,RUS,67.689754,49.016595,10,10,Populated place
Shoyna,Russia,RUS,67.866644,44.133368,300,300,Populated place
Novy Port,Russia,RUS,67.698334,72.928303,1790,1790,Populated place
Salekhard,Russia,RUS,66.53502,66.60998,38025,26829,Admin-1 capital
Gyda,Russia,RUS,70.881422,78.466104,10,10,Populated place
Tazovsky,Russia,RUS,67.466669,78.699992,5981,5981,Populated place
Novy Urengoy,Russia,RUS,66.083317,76.633245,94212,503,Populated place
Nadym,Russia,RUS,65.52981,72.514788,46339,7107,Populated place
Noyabrsk,Russia,RUS,63.166544,75.616511,110572,110572,Populated place
Syktyvkar,Russia,RUS,61.659995,50.819988,230910,230139,Admin-1 capital
Ukhta,Russia,RUS,63.559982,53.689994,102187,90606,Populated place
Serov,Russia,RUS,59.614977,60.584974,98438,85224,Populated place
Cheboksary,Russia,RUS,56.129971,47.250025,446781,441274,Admin-1 capital
Orsk,Russia,RUS,51.210012,58.627315,246836,71870,Populated place
Balakovo,Russia,RUS,52.029988,47.800018,199572,146071,Populated place
Igrim,Russia,RUS,63.193312,64.419417,9545,9545,Populated place
Nyagan,Russia,RUS,62.146528,65.381425,52137,40340,Populated place
Khanty Mansiysk,Russia,RUS,61.001534,69.001514,67800,28428,Admin-1 capital
Nizhenvartovsk,Russia,RUS,60.934974,76.580018,244937,27833,Populated place
Numto,Russia,RUS,63.66672,71.33331,10,10,Populated place
Tara,Russia,RUS,56.898244,74.37824,26986,21275,Populated place
Tobolsk,Russia,RUS,58.199793,68.264815,113800,61955,Populated place
Rubtsovsk,Russia,RUS,51.520019,81.21002,161065,157201,Populated place
Gorno Altaysk,Russia,RUS,51.961336,85.957688,59868,54917,Admin-1 capital
Prokopyevsk,Russia,RUS,53.899977,86.709994,275615,209479,Populated place
Salalah,Oman,OMN,17.025458,54.085215,203877,163140,Populated place
Makhachkala,Russia,RUS,42.980024,47.499984,554981,497959,Admin-1 capital
Suhar,Oman,OMN,24.361973,56.734419,151349,108274,Populated place
Seeb,Oman,OMN,23.680246,58.182536,237816,237816,Populated place
Pohang,South Korea,KOR,36.020862,129.371524,435266,435266,Populated place
Ulsan,South Korea,KOR,35.548677,129.315008,1061000,962865,Admin-1 capital
Daegu,South Korea,KOR,35.868735,128.605026,2460000,2460000,Admin-1 capital
Legazpi,Philippines,PHL,13.169983,123.750007,320081,320081,Populated place
Tuguegarao,Philippines,PHL,17.613097,121.726875,115105,115105,Populated place
Vigan,Philippines,PHL,17.574727,120.386905,48545,48545,Populated place
Tura,Russia,RUS,64.283297,100.250046,5444,5444,Admin-1 capital
Noginsk,Russia,RUS,64.483311,91.233335,229731,229731,Populated place
Yerema,Russia,RUS,60.380796,107.779406,745,745,Populated place
Tayshet,Russia,RUS,55.927709,97.987703,52184,37766,Populated place
Usolye Sibirskoye,Russia,RUS,52.764982,103.644981,85900,84124,Populated place
Slyudyanka,Russia,RUS,51.653836,103.698828,18809,11032,Populated place
Cheremkhovo,Russia,RUS,53.158808,103.073853,57395,45978,Populated place
Zima,Russia,RUS,53.93305,102.03309,60239,33323,Populated place
Tulun,Russia,RUS,54.565337,100.565376,51330,45484,Populated place
Nizhneudinsk,Russia,RUS,54.897669,99.027692,43326,38723,Populated place
Ust-Kut,Russia,RUS,56.764971,105.759994,25388,25388,Populated place
Bodaybo,Russia,RUS,57.964975,114.32898,15933,15933,Populated place
Komsa,Russia,RUS,61.868044,89.257745,10,10,Populated place
Kansk,Russia,RUS,56.190019,95.710013,101502,87339,Populated place
Achinsk,Russia,RUS,56.269988,90.499995,117634,107449,Populated place
Yeniseysk,Russia,RUS,58.451508,92.156535,19920,10895,Populated place
Lesosibirsk,Russia,RUS,58.243252,92.483285,65945,65313,Populated place
Turukhansk,Russia,RUS,65.838164,87.954983,4774,4774,Populated place
Vorontsovo,Russia,RUS,71.698323,83.564191,100,100,Populated place
Starorybnoye,Russia,RUS,72.766604,104.800001,10,10,Populated place
Mikhaylova,Russia,RUS,75.094989,86.982432,10,10,Populated place
Dudinka,Russia,RUS,69.418203,86.225011,23619,22207,Admin-1 capital
Teeli,Russia,RUS,51.033305,90.233293,3732,3732,Populated place
Novyy Uoyin,Russia,RUS,56.134983,111.733893,4184,4184,Populated place
Bagdarin,Russia,RUS,54.433304,113.600032,4676,4676,Populated place
Severobaykalsk,Russia,RUS,55.634006,109.312955,25800,25800,Populated place
Kyakhta,Russia,RUS,50.352675,106.452665,18431,6305,Populated place
Svobodnyy,Russia,RUS,51.406176,128.131187,63620,61017,Populated place
Zeya,Russia,RUS,53.750012,127.266588,26999,26999,Populated place
Magdagachi,Russia,RUS,53.449979,125.800011,11739,4402,Populated place
Shimanovsk,Russia,RUS,52.002445,127.697466,21466,11683,Populated place
Skovorodino,Russia,RUS,53.983306,123.916663,10007,2964,Populated place
Tynda,Russia,RUS,55.174267,124.707571,37335,29039,Populated place
Olovyannaya,Russia,RUS,50.949977,115.56663,8247,2316,Populated place
Mogocha,Russia,RUS,53.733321,119.766581,12647,8626,Populated place
Krasnokamensk,Russia,RUS,50.066491,118.02648,54316,50300,Populated place
Borzya,Russia,RUS,50.388564,116.518562,30421,28885,Populated place
Khilok,Russia,RUS,51.350004,110.450044,10627,2454,Populated place
Nakhodka,Russia,RUS,42.837449,132.887434,159551,146920,Populated place
Ussuriysk,Russia,RUS,43.800026,132.019993,157068,124279,Populated place
Lesozavodsk,Russia,RUS,45.474755,133.429778,41778,36705,Populated place
Kazachye,Russia,RUS,70.733291,136.216636,-99,-99,Populated place
Verkhoyansk,Russia,RUS,67.5447,133.384974,1388,1388,Populated place
Chersky,Russia,RUS,68.750053,161.330039,3707,3707,Populated place
Srednekolymsk,Russia,RUS,67.450003,153.710039,3459,3459,Populated place
Zyryanka,Russia,RUS,65.735973,150.890004,3627,3627,Populated place
Eldikan,Russia,RUS,60.800021,135.183314,1516,1516,Populated place
Chagda,Russia,RUS,60.100012,133.899982,10,10,Populated place
Khandyga,Russia,RUS,62.666006,135.600033,6796,6796,Populated place
Ust-Maya,Russia,RUS,60.45658,134.543302,3062,3062,Populated place
Neryungri,Russia,RUS,56.674046,124.710362,66320,408,Populated place
Chernyshevsky,Russia,RUS,63.012755,112.471419,5137,5137,Populated place
Terbyas,Russia,RUS,64.376082,120.546895,10,10,Populated place
Vilyuysk,Russia,RUS,63.755267,121.624762,9948,1139,Populated place
Sangar,Russia,RUS,63.924146,127.473914,4633,4633,Populated place
Menkere,Russia,RUS,67.988601,123.350496,10,10,Populated place
Saskylakh,Russia,RUS,71.91663,114.08331,1920,1920,Populated place
Govorovo,Russia,RUS,70.211359,125.993281,943,943,Populated place
Sagastyr,Russia,RUS,73.377933,126.592352,10,10,Populated place
Ust-Olenyok,Russia,RUS,72.997783,119.77293,10,10,Populated place
Suntar,Russia,RUS,62.14441,117.631931,8639,793,Populated place
Olenyok,Russia,RUS,68.525002,112.450025,10,10,Populated place
Udachny,Russia,RUS,66.423167,112.39654,15266,15266,Populated place
Birobidzhan,Russia,RUS,48.797421,132.950789,76146,73899,Admin-1 capital
Khakhar,Russia,RUS,57.666595,135.430018,10,10,Populated place
De-Kastri,Russia,RUS,51.466586,140.783334,3615,3615,Populated place
Chumikan,Russia,RUS,54.711395,135.314514,1305,1305,Populated place
Komsomolsk na Amure,Russia,RUS,50.554988,137.019998,275908,252840,Admin-1 capital
Ayan,Russia,RUS,56.454241,138.167331,1286,1286,Populated place
Nikolayevsk na Amure,Russia,RUS,53.149636,140.730004,27152,27074,Populated place
Sovetskaya Gavan,Russia,RUS,48.969891,140.27489,29740,26024,Populated place
Evensk,Russia,RUS,61.949977,159.233319,2024,2024,Populated place
Palatka,Russia,RUS,60.100012,150.899978,21452,4534,Populated place
Omsukchan,Russia,RUS,62.533275,155.80004,4201,4201,Populated place
Susuman,Russia,RUS,62.783337,148.166759,7367,7367,Populated place
Nogliki,Russia,RUS,51.833282,143.166703,10098,10098,Populated place
Aleksandrovsk Sakhalinskiy,Russia,RUS,50.897499,142.156119,12024,6503,Populated place
Korsakov,Russia,RUS,46.642436,142.777476,35091,31240,Populated place
Ensenada,Mexico,MEX,31.869979,-116.619998,256565,220937,Populated place
Saltillo,Mexico,MEX,25.421905,-101.006928,754000,604573,Admin-1 capital
Ciudad Juárez,Mexico,MEX,31.692323,-106.491994,1343000,1343000,Populated place
Delicias,Mexico,MEX,28.19997,-105.499979,114783,102969,Populated place
Durango,Mexico,MEX,24.031103,-104.67003,457140,455597,Admin-1 capital
Los Mochis,Mexico,MEX,25.789988,-108.999998,249047,214601,Populated place
Ciudad Victoria,Mexico,MEX,23.719959,-99.129981,274900,269923,Admin-1 capital
Aguascalientes,Mexico,MEX,21.881406,-102.292359,869000,658179,Admin-1 capital
Manzanillo,Mexico,MEX,19.049587,-104.323085,110735,59738,Populated place
Tehuantepec,Mexico,MEX,16.329997,-95.229986,42776,37389,Populated place
Villahermosa,Mexico,MEX,17.999972,-92.899973,428564,362401,Admin-1 capital
Cuernavaca,Mexico,MEX,18.921105,-99.24,834001,349102,Admin-1 capital
Querétaro,Mexico,MEX,20.631964,-100.381928,961000,611785,Admin-1 capital
Tapachula,Mexico,MEX,14.899981,-92.269986,221521,197961,Populated place
Chetumal,Mexico,MEX,18.500019,-88.299996,154517,134412,Admin-1 capital
Progreso,Mexico,MEX,21.283312,-89.666579,47124,20661,Populated place
Savannakhet,Laos,LAO,16.537581,104.772974,84898,66553,Admin-1 capital
Buyant-Uhaa,Mongolia,MNG,44.866601,110.15001,8776,8776,Admin-1 capital
Nampo,North Korea,PRK,38.768867,125.450488,1127000,455000,Admin-1 capital
Chongjin,North Korea,PRK,41.784619,129.79,672614,327000,Admin-1 capital
Kimchaek,North Korea,PRK,40.672309,129.202749,187270,187270,Populated place
Hamhung,North Korea,PRK,39.912002,127.543488,773000,418341,Admin-1 capital
Öndörkhaan,Mongolia,MNG,47.316684,110.650031,14723,10144,Admin-1 capital
Bayankhongor,Mongolia,MNG,46.300002,100.983335,26252,26252,Admin-1 capital
Uliastay,Mongolia,MNG,47.750017,96.816716,8056,8056,Admin-1 capital
Altai,Mongolia,MNG,46.39612,95.845044,32488,32488,Admin-1 capital
Mörön,Mongolia,MNG,49.645276,100.154445,27690,21527,Admin-1 capital
Ulaangom,Mongolia,MNG,49.983317,92.066618,35796,28085,Admin-1 capital
Bulgan,Mongolia,MNG,48.810598,103.531706,17348,17348,Admin-1 capital
Mandalgovi,Mongolia,MNG,45.749984,106.26601,2984,2984,Admin-1 capital
Darkhan,Mongolia,MNG,49.616699,106.350035,74738,74738,Populated place
Züünkharaa,Mongolia,MNG,48.86659,106.466617,18830,13318,Populated place
Arvaikheer,Mongolia,MNG,46.249979,102.766585,28053,28053,Admin-1 capital
Baruun-Urt,Mongolia,MNG,46.699978,113.283307,15805,15805,Admin-1 capital
Manily,Russia,RUS,62.549992,165.300029,10,10,Populated place
Oktyabrsky,Russia,RUS,52.663593,156.238722,1534,1534,Populated place
Klyuchi,Russia,RUS,56.29996,160.850016,1089,1089,Populated place
Ust-Kamchatsk,Russia,RUS,56.213506,162.434984,4939,4939,Populated place
Cork,Ireland,IRL,51.898601,-8.495771,188907,136797,Admin-1 capital
Sassari,Italy,ITA,40.730006,8.570009,120729,84916,Populated place
Turin,Italy,ITA,45.072333,7.668015,1652000,865263,Admin-1 region capital
Jyekundo,China,CHN,33.016627,96.73331,23000,10000,Populated place
Liuzhou,China,CHN,24.281948,109.248068,1497000,1375061,Populated place
Xingyi,China,CHN,25.092364,104.888075,816000,263072,Populated place
Anshun,China,CHN,26.252345,105.928064,849000,351936,Populated place
Zunyi,China,CHN,27.701972,106.918081,849000,466292,Populated place
Wanzhou,China,CHN,30.819991,108.400039,1680000,1680000,Populated place
Huaibei,China,CHN,33.952314,116.748075,913000,903039,Populated place
Wuhu,China,CHN,31.35237,118.368028,810000,507524,Populated place
Luan,China,CHN,31.752293,116.478066,1690000,1126455,Populated place
Bengbu,China,CHN,32.951936,117.328091,894000,576648,Populated place
Anqing,China,CHN,30.499959,117.050002,580497,358661,Populated place
Foshan,China,CHN,23.031999,113.118064,943000,627348,Populated place
Bontang,Indonesia,IDN,0.133259,117.500001,101691,101691,Populated place
Denpasar,Indonesia,IDN,-8.650029,115.219985,732344,405923,Admin-1 capital
Nouméa,New Caledonia,NCL,-22.262528,166.444285,93060,86425,Admin-0 region capital
Portoviejo,Ecuador,ECU,-1.060001,-80.459983,213601,170326,Admin-1 capital
Bello,Colombia,COL,6.329987,-75.569997,519670,392939,Populated place
Montería,Colombia,COL,8.757539,-75.890004,275198,272420,Admin-1 capital
Bucaramanga,Colombia,COL,7.132039,-73.127829,1009000,571820,Admin-1 capital
Pinar del Rio,Cuba,CUB,22.417506,-83.69808,186990,159618,Admin-1 capital
Camagüey,Cuba,CUB,21.380825,-77.916934,347562,295605,Admin-1 capital
Guantánamo,Cuba,CUB,20.145294,-75.206144,272801,217338,Admin-1 capital
Holguín,Cuba,CUB,20.887238,-76.263056,319102,300177,Admin-1 capital
Montego Bay,Jamaica,JAM,18.466688,-77.916676,126008,82867,Admin-1 capital
Ibagué,Colombia,COL,4.438914,-75.232214,421685,408627,Admin-1 capital
Popayán,Colombia,COL,2.419993,-76.610011,258750,258750,Admin-1 capital
Santa Marta,Colombia,COL,11.247206,-74.201657,431781,402641,Admin-1 capital
Cúcuta,Colombia,COL,7.920019,-72.519977,722146,721398,Admin-1 capital
Villavicencio,Colombia,COL,4.153324,-73.634999,374763,321717,Admin-1 capital
Santa Clara,Cuba,CUB,22.400014,-79.966654,250512,219288,Admin-1 capital
Tórshavn,Faroe Islands,FRO,62.030024,-6.820034,14398,14398,Admin-1 capital
Giza,Egypt,EGY,30.009989,31.190024,2681863,2681863,Populated place
Stuttgart,Germany,DEU,48.77998,9.199996,2944700,606588,Admin-1 capital
Bremen,Germany,DEU,53.080002,8.800021,724909,546501,Admin-1 capital
Nürnberg,Germany,DEU,49.449991,11.079985,737304,499237,Populated place
Nagchu,China,CHN,31.480002,92.05003,2500,2000,Populated place
Nyingchi,China,CHN,29.533299,94.416707,100,10,Populated place
Chamdo,China,CHN,31.166688,97.233279,100000,86280,Populated place
Korla,China,CHN,41.729997,86.150028,613000,179465,Populated place
Kuqa,China,CHN,41.727749,82.936374,470600,68105,Populated place
Tacheng,China,CHN,46.750026,82.950017,49796,49796,Populated place
Shihezi,China,CHN,44.299969,86.029932,640000,572772,Populated place
Karamay,China,CHN,45.589942,84.859926,261445,108769,Populated place
Aksu,China,CHN,41.150006,80.250026,695000,279389,Populated place
Sanya,China,CHN,18.259105,109.504032,362689,144753,Populated place
Haikou,China,CHN,20.050002,110.320026,2046189,1167428,Admin-1 capital
Hanzhong,China,CHN,33.129979,107.029994,145986,145986,Populated place
Baoji,China,CHN,34.380006,107.149987,800000,800000,Populated place
Tongchuan,China,CHN,35.079989,109.029975,282258,223603,Populated place
Linfen,China,CHN,36.082288,111.518058,834000,232566,Populated place
Yuci,China,CHN,37.682345,112.728062,840000,235929,Populated place
Datong,China,CHN,40.081966,113.298053,1873000,1052678,Populated place
Jianmen,China,CHN,30.651999,113.158061,1708000,167750,Populated place
Yichang,China,CHN,30.701918,111.278073,875000,476725,Populated place
Xiantao,China,CHN,30.372352,113.438096,1556000,239406,Populated place
Macheng,China,CHN,31.179995,115.030022,126366,126366,Populated place
Huangshi,China,CHN,30.220002,115.099992,688090,688090,Populated place
Zhuzhou,China,CHN,27.831938,113.148088,1080000,709358,Populated place
Yongzhou,China,CHN,26.23232,111.618052,1000000,400361,Populated place
Yiyang,China,CHN,28.602356,112.328086,1352000,202608,Populated place
Changde,China,CHN,29.031943,111.6781,1469000,517780,Populated place
Shaoyang,China,CHN,26.999992,111.200075,45617,45617,Populated place
Leshan,China,CHN,29.569042,103.731402,1157000,154477,Populated place
Panzhihua,China,CHN,26.549993,101.730007,461513,431083,Populated place
Fulin,China,CHN,29.350003,102.716717,1049,1049,Populated place
Guangyuan,China,CHN,32.429996,105.870013,437435,213365,Populated place
Luzhou,China,CHN,28.881926,105.378071,1537000,1537000,Populated place
Yibin,China,CHN,28.771933,104.568095,902000,242111,Populated place
Zhaotang,China,CHN,27.322331,103.718069,809000,109400,Admin-1 capital
Lijiang,China,CHN,26.800004,100.266582,18445,18445,Populated place
Yuxi,China,CHN,24.379996,102.570008,396325,103829,Populated place
Dali,China,CHN,25.700019,100.179973,156685,134040,Populated place
Qinhuangdao,China,CHN,39.932311,119.618081,1003000,759718,Populated place
Langfang,China,CHN,39.52231,116.678053,810000,578931,Populated place
Zhangjiakou,China,CHN,40.831946,114.928031,1046000,559641,Populated place
Tangshan,China,CHN,39.626283,118.192431,1879000,1596949,Populated place
Anyang,China,CHN,36.081926,114.348066,887000,781129,Populated place
Jiaozuo,China,CHN,35.251951,113.218058,857000,517540,Populated place
Kaifeng,China,CHN,34.851949,114.348066,872000,872000,Populated place
Shangqiu,China,CHN,34.452361,115.64809,1753000,181218,Populated place
Pingdingshan,China,CHN,33.732353,113.298053,849000,849000,Populated place
Xinyang,China,CHN,32.132322,114.068032,1541000,1282888,Populated place
Xinxiang,China,CHN,35.322386,113.868044,903000,743601,Populated place
Luoyang,China,CHN,34.681934,112.468129,1715000,1390581,Populated place
Liaoyang,China,CHN,41.281944,123.17807,794000,687890,Populated place
Dandong,China,CHN,40.145554,124.391639,870000,631973,Populated place
Yingkow,China,CHN,40.672292,122.278073,795000,591159,Populated place
Jinzhou,China,CHN,41.122316,121.098094,956000,604269,Populated place
Fuxin,China,CHN,42.012417,121.658059,770000,689050,Populated place
Benxi,China,CHN,41.332329,123.748061,1012000,835866,Populated place
Fushun,China,CHN,41.867335,123.868054,1470000,1400646,Admin-1 capital
Jining,China,CHN,35.402355,116.548087,1186000,450327,Populated place
Weifang,China,CHN,36.722352,119.098164,1553000,394732,Populated place
Taian,China,CHN,36.201944,117.11813,1629000,1629000,Populated place
Heze,China,CHN,35.231926,115.448103,1338000,254602,Populated place
Laiyang,China,CHN,36.968401,120.708435,250000,169594,Populated place
Xinyu,China,CHN,27.801966,114.928031,913000,97480,Populated place
Ganzhou,China,CHN,25.91998,114.950027,1500000,932269,Populated place
Jiujiang,China,CHN,29.72998,115.980042,545616,545616,Populated place
Changzhou,China,CHN,31.78193,119.968033,1327000,949018,Populated place
Zhenjiang,China,CHN,32.221929,119.428066,854000,632552,Populated place
Nantong,China,CHN,32.032328,120.823072,947000,666251,Populated place
Jiaxing,China,CHN,30.772353,120.748037,988000,466101,Populated place
Huzhou,China,CHN,30.872321,120.098051,1231000,158320,Populated place
Shaoxing,China,CHN,30.002323,120.5681,777000,421283,Populated place
Jinhua,China,CHN,29.120043,119.649999,1092852,142206,Populated place
Liaoyuan,China,CHN,42.899977,125.129974,506548,465249,Populated place
Tumen,China,CHN,42.969999,129.820076,99721,78719,Populated place
Siping,China,CHN,43.170012,124.330023,555609,502013,Populated place
Baicheng,China,CHN,45.620018,122.820038,386861,316970,Populated place
Kagoshima,Japan,JPN,31.585965,130.561064,555352,516833,Admin-1 capital
Matsuyama,Japan,JPN,33.845543,132.765839,533541,516637,Admin-1 region capital
Wuhai,China,CHN,39.664697,106.812229,218427,218427,Populated place
Erenhot,China,CHN,43.661559,111.965455,22287,16427,Populated place
Jining,China,CHN,41.029988,113.080012,281716,258757,Populated place
Arxan,China,CHN,47.183307,119.96662,32023,32023,Populated place
Manzhouli,China,CHN,49.599982,117.429979,93620,54808,Populated place
Xilinhot,China,CHN,43.944332,116.044327,120965,111348,Populated place
Heihe,China,CHN,50.250019,127.446009,109427,419,Populated place
Qitaihe,China,CHN,45.799981,130.850039,450617,345033,Populated place
Yichun,China,CHN,47.701888,128.898031,777000,109223,Populated place
Hegang,China,CHN,47.400012,130.370016,743307,572360,Populated place
Nenjiang,China,CHN,49.179981,125.23002,87236,72134,Populated place
Nehe,China,CHN,48.489998,124.880015,108253,41622,Populated place
Mudangiang,China,CHN,44.576963,129.588066,1244000,665915,Populated place
Kanazawa,Japan,JPN,36.560002,136.640021,551249,458937,Admin-1 capital
Muroran,Japan,JPN,42.349959,140.980015,155676,96197,Populated place
Asahikawa,Japan,JPN,43.755015,142.379981,356612,325547,Populated place
Kōbe,Japan,JPN,34.679988,135.169982,1528478,1528478,Admin-1 capital
Yokohama,Japan,JPN,35.430656,139.602021,3697894,3697894,Admin-1 capital
Akita,Japan,JPN,39.709991,140.089991,320069,281856,Populated place
Aomori,Japan,JPN,40.825039,140.710005,298394,264749,Admin-1 capital
Hirosaki,Japan,JPN,40.56999,140.47002,174972,168429,Populated place
Hachinohe,Japan,JPN,40.509994,141.540032,239046,212104,Populated place
Fukushima,Japan,JPN,37.740008,140.47002,294237,263686,Admin-1 capital
Morioka,Japan,JPN,39.720016,141.130031,295172,294393,Admin-1 capital
Niigata,Japan,JPN,37.919997,139.04003,569797,505272,Admin-1 capital
Sorong,Indonesia,IDN,-0.855414,131.284999,125535,125535,Populated place
Puerto Barrios,Guatemala,GTM,15.717495,-88.592652,56605,53150,Admin-1 capital
Kakinada,India,IND,16.967477,82.237502,292923,292923,Populated place
Warangal,India,IND,18.009998,79.57999,1203853,865527,Populated place
Brahmapur,India,IND,19.319995,84.799981,324726,324726,Populated place
Vijayapura,India,IND,16.835418,75.709993,271064,270870,Populated place
Bhiwandi,India,IND,19.351965,73.12805,795000,707035,Populated place
Latur,India,IND,18.400413,76.569993,374394,348967,Populated place
Ahmednagar,India,IND,19.110421,74.75,391760,367140,Populated place
Chandrapur,India,IND,19.969981,79.300007,595118,328351,Populated place
Amravati,India,IND,20.949973,77.770023,734451,603837,Populated place
Dhule,India,IND,20.899976,74.769999,479073,366980,Populated place
Dibrugarh,India,IND,27.483321,94.899985,166366,122155,Populated place
Imphal,India,IND,24.799971,93.950017,264986,223523,Admin-1 capital
Labasa,Fiji,FJI,-16.416583,179.383304,24187,24187,Populated place
Rennes,France,FRA,48.100021,-1.670012,209375,199284,Admin-1 region capital
Nice,France,FRA,43.716964,7.263078,927000,338620,Populated place
Toulouse,France,FRA,43.621905,1.447981,847000,433055,Admin-1 region capital
Limoges,France,FRA,45.829979,1.249991,152199,141176,Admin-1 region capital
Lille,France,FRA,50.651915,3.078062,1044000,228328,Admin-1 region capital
Strasbourg,France,FRA,48.579966,7.750007,439972,274845,Admin-1 region capital
Puerto Aisén,Chile,CHL,-45.39993,-72.700018,8067,8067,Admin-1 capital
Puerto Natales,Chile,CHL,-51.718304,-72.511683,20000,786,Populated place
Puerto Williams,Chile,CHL,-54.933302,-67.61671,2500,2262,Populated place
Temuco,Chile,CHL,-38.730002,-72.579999,265901,238129,Admin-1 capital
Kulusuk,Greenland,GRL,65.566578,-37.183322,286,286,Populated place
Paamiut,Greenland,GRL,62.004102,-49.63507,1862,1862,Populated place
Ittoqqortoormiit,Greenland,GRL,70.483358,-21.966654,469,469,Populated place
Timmiarmiut,Greenland,GRL,62.533275,-42.21671,10,10,Populated place
Qaqortoq,Greenland,GRL,60.72891,-46.036412,3224,3224,Populated place
Kangerlussuaq,Greenland,GRL,67.014123,-50.709909,556,556,Populated place
Nord,Greenland,GRL,81.716626,-17.800035,10,10,Populated place
Qeqertasuaq,Greenland,GRL,69.244164,-53.565239,10,5,Populated place
Nuussuaq,Greenland,GRL,74.120969,-57.067361,204,204,Populated place
Ilulissat,Greenland,GRL,69.216665,-51.099967,4413,4413,Populated place
Patra,Greece,GRC,38.230004,21.729981,163360,155799,Admin-1 capital
Batumi,Georgia,GEO,41.600005,41.630007,155542,121806,Admin-0 region capital
Irbil,Iraq,IRQ,36.18099,44.006675,926000,665740,Admin-1 capital
Kemijärvi,Finland,FIN,66.666666,27.416662,8883,8883,Populated place
Kokkola,Finland,FIN,63.833299,23.116666,46714,46714,Populated place
Lahti,Finland,FIN,60.99386,25.664934,98826,96190,Populated place
Joensuu,Finland,FIN,62.599989,29.766648,53388,53388,Populated place
Turku,Finland,FIN,60.453867,22.254962,175945,174940,Admin-1 capital
Khromtau,Kazakhstan,KAZ,50.269941,58.449962,23715,19513,Populated place
Arqalyq,Kazakhstan,KAZ,50.241803,66.897611,55521,42000,Populated place
Oostanay,Kazakhstan,KAZ,53.220897,63.628302,236901,210000,Admin-1 capital
Baykonur,Kazakhstan,KAZ,45.691357,63.241349,36175,36175,Populated place
Balyqshy,Kazakhstan,KAZ,47.066596,51.866591,31624,19260,Populated place
Atbasar,Kazakhstan,KAZ,51.821887,68.347704,35819,34797,Populated place
Kokshetau,Kazakhstan,KAZ,53.299988,69.41999,128873,124444,Admin-1 capital
Temirtau,Kazakhstan,KAZ,50.065018,72.964993,170600,163787,Populated place
Zhezqazghan,Kazakhstan,KAZ,47.779989,67.770013,104357,104357,Admin-1 capital
Qarqaraly,Kazakhstan,KAZ,49.424902,75.464892,8195,1603,Populated place
Balqash,Kazakhstan,KAZ,46.853224,74.950247,81364,79808,Populated place
Petropavlovsk,Kazakhstan,KAZ,54.879995,69.220002,228238,200920,Admin-1 capital
Ayakoz,Kazakhstan,KAZ,47.964733,80.429705,45861,33479,Populated place
Taldyqorghan,Kazakhstan,KAZ,45.000004,78.40001,88380,88380,Admin-1 capital
Kashmar,Iran,IRN,35.18143,58.45146,157135,96151,Populated place
Bam,Iran,IRN,29.107692,58.361957,99268,99268,Populated place
Kerman,Iran,IRN,30.299997,57.08002,577514,535522,Admin-1 capital
Udaipur,India,IND,24.599983,73.730011,469737,422784,Populated place
Turkistan,Kazakhstan,KAZ,43.301555,68.254893,97360,76127,Populated place
Gorakhpur,India,IND,26.750394,83.380016,674246,674246,Populated place
Barddhaman,India,IND,23.250375,87.864962,301725,301725,Populated place
Krishnanagar,India,IND,23.380342,88.530038,145926,145926,Populated place
Gaya,India,IND,24.799971,85.000021,423692,423692,Populated place
Porbandar,India,IND,21.669981,69.67,234684,138872,Populated place
Paysandú,Uruguay,URY,-32.329979,-58.07998,79016,73249,Admin-1 capital
Salto,Uruguay,URY,-31.390346,-57.968695,105690,99823,Admin-1 capital
Duluth,United States of America,USA,46.783332,-92.106378,84800,79253,Populated place
Bemidji,United States of America,USA,47.473574,-94.880188,14796,13331,Populated place
Havre,United States of America,USA,48.54524,-109.677683,11154,9379,Populated place
Kalispell,United States of America,USA,48.197767,-114.315979,32062,18018,Populated place
Idaho Falls,United States of America,USA,43.466687,-112.033301,79399,52175,Populated place
Lewiston,United States of America,USA,46.41661,-117.016589,49289,30904,Populated place
Yakima,United States of America,USA,46.602232,-120.504697,99287,88405,Populated place
Wenatchee,United States of America,USA,47.423629,-120.309024,62625,29159,Populated place
Douglas,United States of America,USA,31.35864,-109.548363,30185,16692,Populated place
Bakersfield,United States of America,USA,35.369972,-119.019981,443129,291389,Populated place
Oakland,United States of America,USA,37.768921,-122.221103,1510271,395817,Populated place
Lancaster,United States of America,USA,34.698049,-118.135823,225799,225799,Populated place
Chico,United States of America,USA,39.72862,-121.836398,95888,70565,Populated place
Monterey,United States of America,USA,36.600258,-121.893578,124288,30307,Populated place
Salinas,United States of America,USA,36.682217,-121.641656,156784,148691,Populated place
Los Alamos,United States of America,USA,35.891103,-106.297708,12233,11761,Populated place
Eugene,United States of America,USA,44.05001,-123.100016,245158,145208,Populated place
Coos Bay,United States of America,USA,43.366615,-124.216589,31976,15394,Populated place
Bend,United States of America,USA,44.071921,-121.309996,75441,65756,Populated place
Cody,United States of America,USA,44.523211,-109.057101,9161,8792,Populated place
Cedar Rapids,United States of America,USA,41.969982,-91.660023,170621,128056,Populated place
Springfield,United States of America,USA,37.180016,-93.319999,210939,150443,Populated place
Lincoln,United States of America,USA,40.819975,-96.680001,246220,242072,Admin-1 capital
Alexandria,United States of America,USA,31.311098,-92.445014,76565,45187,Populated place
Abilene,United States of America,USA,32.448625,-99.732786,114247,101769,Populated place
Brownsville,United States of America,USA,25.91998,-97.500003,181399,168015,Populated place
Tyler,United States of America,USA,32.351086,-95.300783,112245,90878,Populated place
Coro,Venezuela,VEN,11.420012,-69.679995,195227,172969,Admin-1 capital
Punto Fijo,Venezuela,VEN,11.719994,-70.210015,234736,131784,Populated place
Concord,United States of America,USA,43.208072,-71.538047,44606,40687,Admin-1 capital
Huntsville,United States of America,USA,34.71996,-86.609995,212733,158216,Populated place
Key West,United States of America,USA,24.555231,-81.782745,29377,24646,Populated place
West Palm Beach,United States of America,USA,26.74502,-80.123621,1250000,101043,Populated place
Sarasota,United States of America,USA,27.336121,-82.530787,589959,52488,Populated place
Daytona Beach,United States of America,USA,29.210554,-81.023075,216890,64661,Populated place
Gainesville,United States of America,USA,29.65138,-82.325037,191097,125684,Populated place
Ft. Myers,United States of America,USA,26.640298,-81.860492,188606,53015,Populated place
Brunswick,United States of America,USA,31.149687,-81.491652,47085,16486,Populated place
Augusta,United States of America,USA,33.460812,-81.984981,262332,43459,Populated place
Vicksburg,United States of America,USA,32.352481,-90.877745,25701,23638,Populated place
Myrtle Beach,United States of America,USA,33.688911,-78.886978,49357,25310,Populated place
Charleston,United States of America,USA,32.792377,-79.992105,411940,96650,Populated place
Peoria,United States of America,USA,40.699982,-89.670041,172308,112936,Populated place
Evansville,United States of America,USA,37.974696,-87.555829,174102,115474,Populated place
Louisville,United States of America,USA,38.226963,-85.75065,948000,243639,Populated place
Lexington,United States of America,USA,38.050015,-84.500021,264578,225366,Populated place
Charlotte,United States of America,USA,35.20694,-80.831984,995000,892149,Populated place
Youngstown,United States of America,USA,41.099699,-80.649739,311990,77540,Populated place
Canton,United States of America,USA,40.798865,-81.378635,258660,78160,Populated place
Toledo,United States of America,USA,41.670026,-83.579974,469924,306974,Populated place
Columbus,United States of America,USA,39.98192,-82.991956,1270000,736836,Admin-1 capital
Chattanooga,United States of America,USA,35.06999,-85.250001,257589,155554,Populated place
Charlottesville,United States of America,USA,38.029189,-78.476926,87925,34703,Populated place
Lynchburg,United States of America,USA,37.413619,-79.142467,103893,65269,Populated place
Wausau,United States of America,USA,44.959154,-89.629992,75422,36779,Populated place
Albany,United States of America,USA,42.670017,-73.819949,870716,97856,Admin-1 capital
Ithaca,United States of America,USA,42.440574,-76.496943,59930,31159,Populated place
Harrisburg,United States of America,USA,40.2736,-76.884749,528892,49528,Admin-1 capital
La Esmeralda,Venezuela,VEN,3.173823,-65.546604,150,149,Populated place
Ciudad Bolívar,Venezuela,VEN,8.099982,-63.600005,338000,297943,Admin-1 capital
El Dorado,Venezuela,VEN,6.733296,-61.633329,2383,2383,Populated place
Maracay,Venezuela,VEN,10.248826,-67.597753,1007000,1007000,Populated place
Bangor,United States of America,USA,44.801153,-68.778345,50213,31473,Populated place
Portland,United States of America,USA,43.672162,-70.245527,135866,63142,Populated place
Saginaw,United States of America,USA,43.41948,-83.95083,121379,57536,Populated place
Sfax,Tunisia,TUN,34.750035,10.720007,453050,277278,Populated place
Sadah,Yemen,YEM,16.939779,43.849768,105542,105542,Admin-1 capital
Al Hudaydah,Yemen,YEM,14.799891,42.951029,780000,475221,Admin-1 capital
Ketchikan,United States of America,USA,55.356219,-131.66399,9070,7172,Populated place
Unalaska,United States of America,USA,53.868584,-166.531603,3571,306,Populated place
Togiak,United States of America,USA,59.070361,-160.378323,236,236,Populated place
Red Devil,United States of America,USA,61.760996,-157.312527,25,23,Populated place
Hooper Bay,United States of America,USA,61.531088,-166.096565,1079,167,Populated place
Wainwright,United States of America,USA,70.636889,-160.038304,174,174,Populated place
Galena,United States of America,USA,64.733296,-156.926995,500,470,Populated place
Kaktovik,United States of America,USA,70.087856,-143.602913,101,101,Populated place
Skagway,United States of America,USA,59.45832,-135.313896,955,955,Populated place
Cordova,United States of America,USA,60.542776,-145.757496,2257,988,Populated place
Kenai,United States of America,USA,60.554352,-151.258013,7610,5551,Populated place
Fort Yukon,United States of America,USA,66.564682,-145.273779,833,833,Populated place
Yalta,Russia,RUS,44.499311,34.159403,79509,74120,Populated place
Chernobyl,Ukraine,UKR,51.389407,30.098876,0,0,Historic place
Sumy,Ukraine,UKR,50.924293,34.780864,294456,285146,Admin-1 capital
Mariupol,Ukraine,UKR,47.096181,37.556198,481626,351244,Populated place
Sayhut al Ghamirah,Yemen,YEM,15.210504,51.24544,189,189,Populated place
Al Mukalla,Yemen,YEM,14.541165,49.125931,258132,130029,Admin-1 capital
Daşoguz,Turkmenistan,TKM,41.83999,59.96496,201424,166500,Admin-1 capital
Urgentch,Uzbekistan,UZB,41.559981,60.640009,150110,102843,Admin-1 capital
Phuket,Thailand,THA,7.876533,98.38153,141618,75573,Admin-1 capital
Play Ku,Vietnam,VNM,13.983293,108.000012,142900,114225,Admin-1 capital
Nha Trang,Vietnam,VNM,12.250039,109.170018,411556,283441,Admin-1 capital
Cam Ranh,Vietnam,VNM,11.902024,109.220661,146771,23883,Populated place
Qui Nhon,Vietnam,VNM,13.779972,109.180044,805290,280900,Admin-1 capital
Hue,Vietnam,VNM,16.469988,107.580038,950000,340000,Admin-1 capital
Biên Hòa,Vietnam,VNM,10.970014,106.830058,652646,652646,Admin-1 capital
Can Tho,Vietnam,VNM,10.049993,105.770019,1121000,259598,Admin-1 capital
Mansa,Zambia,ZMB,-11.200002,28.890009,42277,20437,Admin-1 capital
Mpika,Zambia,ZMB,-11.830042,31.459981,28445,6040,Populated place
Mbala,Zambia,ZMB,-8.840043,31.370013,20570,16198,Populated place
Luanshya,Zambia,ZMB,-13.133321,28.400013,151993,113365,Populated place
Ndola,Zambia,ZMB,-12.999944,28.650024,396339,394518,Admin-1 capital
Zambezi,Zambia,ZMB,-13.540015,23.109948,7074,2901,Populated place
Kafue,Zambia,ZMB,-15.780033,28.180026,47554,3897,Populated place
Mazabuka,Zambia,ZMB,-15.860028,27.76,64006,51743,Populated place
Hwange,Zimbabwe,ZWE,-18.370004,26.500026,33989,33210,Populated place
Gweru,Zimbabwe,ZWE,-19.450042,29.82003,183358,146073,Admin-1 capital
Mutare,Zimbabwe,ZWE,-18.970019,32.650038,249365,184205,Admin-1 capital
Kadoma,Zimbabwe,ZWE,-18.330007,29.909947,79174,33626,Populated place
Bacabal,Brazil,BRA,-4.229989,-44.799989,72372,42221,Populated place
Bragança,Brazil,BRA,-1.050028,-46.769998,57163,56566,Populated place
Óbidos,Brazil,BRA,-1.910027,-55.520007,27587,24970,Populated place
Guajara-Miram,Brazil,BRA,-10.800027,-65.349949,69586,34119,Populated place
Porto Nacional,Brazil,BRA,-10.700033,-48.419949,9129,9129,Populated place
Dourados,Brazil,BRA,-22.230027,-54.809998,162202,127285,Populated place
Governador Valadares,Brazil,BRA,-18.870025,-41.970007,250878,151756,Populated place
Pirapora,Brazil,BRA,-17.330016,-44.929981,60164,51656,Populated place
Juiz de Fora,Brazil,BRA,-21.770003,-43.374986,470193,459336,Populated place
Santa Maria,Brazil,BRA,-29.683319,-53.800008,249219,229204,Populated place
Passo Fundo,Brazil,BRA,-28.250021,-52.419989,179529,148565,Populated place
Xapeco,Brazil,BRA,-27.100014,-52.640028,160157,149431,Populated place
Joinville,Brazil,BRA,-26.318012,-48.841895,988000,433475,Populated place
Juazeiro do Norte,Brazil,BRA,-7.210013,-39.320014,225230,220492,Populated place
Nova Viçosa,Brazil,BRA,-17.880008,-39.370011,55980,4520,Populated place
Alagoinhas,Brazil,BRA,-12.139997,-38.429991,124070,122688,Populated place
Juazeiro,Brazil,BRA,-9.420008,-40.499968,95132,95132,Populated place
Vitória,Brazil,BRA,-20.322047,-40.367942,1704000,312656,Admin-1 capital
João Pessoa,Brazil,BRA,-7.099189,-34.878017,956000,650883,Admin-1 capital
Campina Grande,Brazil,BRA,-7.230012,-35.880017,417261,348936,Populated place
Nova Friburgo,Brazil,BRA,-22.259999,-42.54005,171991,153361,Populated place
Brochet,Canada,CAN,57.883223,-101.666596,278,278,Populated place
Lynn Lake,Canada,CAN,56.85003,-101.049967,482,482,Populated place
Gillam,Canada,CAN,56.349983,-94.699967,1281,1281,Populated place
North Battleford,Canada,CAN,52.766636,-108.283349,19440,12003,Populated place
Prince Albert,Canada,CAN,53.20002,-105.74999,34609,24678,Populated place
Courtenay,Canada,CAN,49.683336,-124.999978,32793,25099,Populated place
Kelowna,Canada,CAN,49.899989,-119.483312,125109,95306,Populated place
Pangnirtung,Canada,CAN,66.133313,-65.750028,1320,1320,Populated place
Holman,Canada,CAN,70.733369,-117.749981,500,398,Populated place
Mabaruma,Guyana,GUY,8.199976,-59.779979,2972,2972,Populated place
New Amsterdam,Guyana,GUY,6.250018,-57.529987,46874,35039,Populated place
Dryden,Canada,CAN,49.78333,-92.833336,7862,7862,Populated place
Attawapiskat,Canada,CAN,52.916627,-82.433325,1802,1802,Populated place
Hamilton,Canada,CAN,43.249982,-79.829996,721053,519949,Populated place
Windsor,Canada,CAN,42.315457,-83.036853,319246,210891,Populated place
Trois-Rivières,Canada,CAN,46.349973,-72.549949,119693,116409,Populated place
Sept-Îles,Canada,CAN,50.316088,-66.360017,25686,25686,Populated place
Corner Brook,Canada,CAN,48.949995,-57.933348,20791,18693,Populated place
Ísafjörður,Iceland,ISL,66.083317,-23.149967,2534,1365,Admin-1 capital
Akureyri,Iceland,ISL,65.666572,-18.100017,16563,12945,Admin-1 capital
Keflavík,Iceland,ISL,64.016647,-22.566592,7930,6824,Admin-1 capital
Esquel,Argentina,ARG,-42.900031,-71.316614,20048,20048,Populated place
Zapala,Argentina,ARG,-38.900017,-70.066664,19152,19152,Populated place
Cochabamba,Bolivia,BOL,-17.410011,-66.169977,1000000,608276,Admin-1 capital
Olavarría,Argentina,ARG,-36.900036,-60.329997,86320,43798,Populated place
Tandil,Argentina,ARG,-37.32001,-59.150044,104325,65274,Populated place
Viedma,Argentina,ARG,-40.799953,-63.000015,59122,48940,Admin-1 capital
San Luis,Argentina,ARG,-33.299997,-66.350018,432310,183982,Admin-1 capital
Río Cuarto,Argentina,ARG,-33.130033,-64.349985,153757,118162,Populated place
San Salvador de Jujuy,Argentina,ARG,-24.183344,-65.30003,305891,211587,Admin-1 capital
San Ramón de la Nueva Orán,Argentina,ARG,-23.139997,-64.320012,74059,64864,Populated place
Goya,Argentina,ARG,-29.139993,-59.269985,72304,70245,Populated place
Araçatuba,Brazil,BRA,-21.209986,-50.450006,170024,162586,Populated place
Antwerpen,Belgium,BEL,51.222319,4.413071,920000,459805,Admin-1 capital
Bamian,Afghanistan,AFG,34.821065,67.521036,61863,61863,Admin-1 capital
Baghlan,Afghanistan,AFG,36.13933,68.699259,218748,108449,Admin-1 capital
Oruro,Bolivia,BOL,-17.97995,-67.129996,246501,208684,Admin-1 capital
Camiri,Bolivia,BOL,-20.050005,-63.519984,27961,10464,Populated place
Eskişehir,Turkey,TUR,39.794999,30.529961,514869,466420,Admin-1 capital
Antalya,Turkey,TUR,36.891928,30.69803,783000,623937,Admin-1 capital
Kayseri,Turkey,TUR,38.73496,35.49002,592840,531591,Admin-1 capital
Homyel,Belarus,BLR,52.430016,31.000009,480951,463724,Admin-1 capital
Tennant Creek,Australia,AUS,-19.650029,134.200015,3889,3092,Populated place
Yulara,Australia,AUS,-25.240541,130.988893,930,930,Populated place
Erldunda,Australia,AUS,-25.233306,133.199973,10,10,Populated place
Norseman,Australia,AUS,-32.200013,121.766614,1004,1004,Populated place
Halls Creek,Australia,AUS,-18.266703,127.766713,1209,1209,Populated place
Kununurra,Australia,AUS,-15.766597,128.73332,5679,4780,Populated place
Derby,Australia,AUS,-17.299992,123.966635,3199,3199,Populated place
Onslow,Australia,AUS,-21.657594,115.096296,573,573,Populated place
Exmouth,Australia,AUS,-21.9311,114.123347,1085,1085,Populated place
Carnarvon,Australia,AUS,-24.899838,113.650107,7392,7392,Populated place
Newman,Australia,AUS,-23.366598,119.733301,5138,218,Populated place
Meekatharra,Australia,AUS,-26.599993,118.4833,654,654,Populated place
Three Springs,Australia,AUS,-29.533302,115.749978,190,190,Populated place
Manjimup,Australia,AUS,-34.233325,116.150006,4240,3793,Populated place
Northam,Australia,AUS,-31.656583,116.653386,5855,4805,Populated place
Esperance,Australia,AUS,-33.857307,121.888897,7888,6522,Populated place
Leonara,Australia,AUS,-28.881507,121.328036,227,227,Populated place
Laverton,Australia,AUS,-28.627001,122.404043,316,316,Populated place
Wyndham,Australia,AUS,-15.37396,128.360061,800,669,Populated place
Albury,Australia,AUS,-36.060035,146.920014,104258,32810,Populated place
Forster-Tuncurry,Australia,AUS,-32.19314,152.526648,17591,8960,Populated place
Port Macquarie,Australia,AUS,-31.44502,152.918666,48547,35593,Populated place
Tamworth,Australia,AUS,-31.102612,150.917134,38551,31609,Populated place
Grafton,Australia,AUS,-29.711999,152.937683,9955,5788,Populated place
Moree,Australia,AUS,-29.469895,149.830069,8203,7921,Populated place
Goondiwindi,Australia,AUS,-28.554809,150.325284,4251,4251,Populated place
Lismore,Australia,AUS,-28.816653,153.293113,31430,24701,Populated place
Wollongong,Australia,AUS,-34.415381,150.890004,260914,141725,Populated place
Ceduna,Australia,AUS,-32.099135,133.662267,1586,919,Populated place
Mount Gambier,Australia,AUS,-37.831349,140.765041,23209,20428,Populated place
Port Augusta,Australia,AUS,-32.490021,137.77003,13897,8476,Populated place
Warrnambool,Australia,AUS,-38.379997,142.470001,29928,29836,Populated place
Mildura,Australia,AUS,-34.185008,142.151364,47867,18782,Populated place
Geelong,Australia,AUS,-38.167495,144.395634,160991,137681,Populated place
Camooweal,Australia,AUS,-19.916731,138.116675,187,187,Populated place
Quilpie,Australia,AUS,-26.616633,144.250048,560,560,Populated place
Charleville,Australia,AUS,-26.400005,146.250029,1900,1900,Populated place
Hughenden,Australia,AUS,-20.850008,144.200025,421,421,Populated place
Caloundra,Australia,AUS,-26.800032,153.13333,38706,28768,Populated place
Roma,Australia,AUS,-26.559375,148.790701,5496,3625,Populated place
Toowoomba,Australia,AUS,-27.564533,151.95552,92800,80622,Populated place
Georgetown,Australia,AUS,-18.300034,143.533296,818,818,Populated place
Thargomindah,Australia,AUS,-27.999959,143.816689,203,203,Populated place
Weipa,Australia,AUS,-12.666631,141.866627,2830,2830,Populated place
Karumba,Australia,AUS,-17.48334,140.833409,173,173,Populated place
Cloncurry,Australia,AUS,-20.699991,140.499992,1202,1202,Populated place
Maryborough,Australia,AUS,-25.549101,152.7209,20678,17163,Populated place
Bundaberg,Australia,AUS,-24.879064,152.350897,52472,39652,Populated place
Gladstone,Australia,AUS,-23.853339,151.246726,30489,27621,Populated place
Bowen,Australia,AUS,-20.001326,148.208669,10983,10983,Populated place
Innisfail,Australia,AUS,-17.531347,146.038672,10143,9271,Populated place
Mackay,Australia,AUS,-21.143892,149.150007,75922,56185,Populated place
Burnie,Australia,AUS,-41.066603,145.916664,19972,17009,Populated place
Launceston,Australia,AUS,-41.449836,147.130182,72458,57755,Populated place
Lerwick,United Kingdom,GBR,60.150035,-1.149992,6594,4614,Populated place
Gaziantep,Turkey,TUR,37.07693,37.383048,1044000,842524,Admin-1 capital
Rangpur,Bangladesh,BGD,25.750016,89.280018,285564,285564,Populated place
Bago,Myanmar,MMR,17.320014,96.514977,284318,244376,Admin-1 capital
Pyu,Myanmar,MMR,18.477876,96.437876,40386,34918,Populated place
Pyay,Myanmar,MMR,18.81646,95.211439,135308,114359,Populated place
Magway,Myanmar,MMR,20.144544,94.91957,125973,96954,Admin-1 capital
Myitkyina,Myanmar,MMR,25.359627,97.392753,139100,90894,Admin-1 capital
Monywa,Myanmar,MMR,22.104993,95.149996,226222,182011,Populated place
Valladolid,Spain,ESP,41.650002,-4.750031,322304,276443,Admin-1 capital
Dosso,Niger,NER,13.050016,3.200001,49750,43213,Admin-1 capital
Homs,Syria,SYR,34.731905,36.718076,1005000,775404,Populated place
Aweil,South Sudan,SSD,8.766557,27.400022,46705,38745,Admin-1 capital
Tokar,Sudan,SDN,18.433331,37.733293,73202,22250,Populated place
Linköping,Sweden,SWE,58.410012,15.62994,96732,91491,Admin-1 capital
Östersund,Sweden,SWE,63.183313,14.65,46178,42940,Admin-1 capital
Kiruna,Sweden,SWE,67.850005,20.216637,18154,8450,Populated place
Umeå,Sweden,SWE,63.829992,20.239994,78197,74005,Admin-1 capital
Uppsala,Sweden,SWE,59.860053,17.639998,133117,127734,Admin-1 capital
Cluj-Napoca,Romania,ROU,46.788422,23.598446,316748,282141,Admin-1 capital
Nakhon Si Thammarat,Thailand,THA,8.39999,99.970011,232335,120836,Admin-1 capital
Songkhla,Thailand,THA,7.209959,100.560001,48616,48616,Admin-1 capital
Hat Yai,Thailand,THA,6.996432,100.471428,317954,191696,Populated place
Nakhon Sawan,Thailand,THA,15.700035,100.070005,111915,111915,Admin-1 capital
Ubon Ratchathani,Thailand,THA,15.249959,104.830025,273893,122533,Admin-1 capital
Paita,Peru,PER,-5.089988,-81.12002,56151,39632,Populated place
Talara,Peru,PER,-4.579993,-81.279985,99074,50447,Populated place
Tumbes,Peru,PER,-3.570029,-80.459983,109223,102343,Admin-1 capital
Puerto Maldonado,Peru,PER,-12.60002,-69.183333,67155,37543,Admin-1 capital
Ilo,Peru,PER,-17.640023,-71.340023,53476,52908,Populated place
Moquegua,Peru,PER,-17.189973,-70.939996,54517,22703,Admin-1 capital
Huaraz,Peru,PER,-9.530027,-77.530007,86934,63039,Admin-1 capital
Cajamarca,Peru,PER,-7.150017,-78.530023,142665,135000,Admin-1 capital
Huánuco,Peru,PER,-9.920029,-76.240008,158145,147959,Admin-1 capital
Pacasmayo,Peru,PER,-7.400648,-79.570606,39282,29165,Populated place
Salaverry,Peru,PER,-8.220029,-78.989995,10066,4390,Populated place
Gueppi,Peru,PER,-0.116596,-75.229967,10,10,Populated place
Contamana,Peru,PER,-7.340031,-75.019979,18921,13885,Populated place
Huancavelica,Peru,PER,-12.790035,-74.990007,44388,41576,Admin-1 capital
Pisco,Peru,PER,-13.71003,-76.219984,81207,61869,Populated place
Nasca,Peru,PER,-14.830013,-74.94001,23556,23218,Populated place
Filadelfia,Paraguay,PRY,-22.339994,-60.02999,10470,8048,Populated place
Bluefields,Nicaragua,NIC,11.999977,-83.764949,44373,35693,Admin-1 capital
Melilla,Spain,ESP,35.300002,-2.950011,141308,73460,Admin-1 capital
Funchal,Portugal,PRT,32.649983,-16.88004,204767,100847,Admin-0 region capital
Bo,Sierra Leone,SLE,7.970016,-11.740018,174354,167027,Admin-1 capital
Ziguinchor,Senegal,SEN,12.589993,-16.289998,191716,159778,Admin-1 capital
Arlit,Niger,NER,18.819974,7.329981,100000,80000,Populated place
Djado,Niger,NER,21.014982,12.307507,10,10,Populated place
Palma,Spain,ESP,39.574263,2.654246,375773,264129,Admin-1 capital
Al Wajh,Saudi Arabia,SAU,26.232416,36.463552,43237,26636,Populated place
Rumbek,South Sudan,SSD,6.80001,29.683294,32083,3462,Admin-1 capital
Yambio,South Sudan,SSD,4.570534,28.416343,40382,8459,Admin-1 capital
Bor,South Sudan,SSD,6.207204,31.559148,26782,26782,Admin-1 capital
Medani,Sudan,SDN,14.39996,33.520011,332714,284367,Admin-1 capital
Gedaref,Sudan,SDN,14.039982,35.38,201282,201282,Admin-1 capital
Ad-Damir,Sudan,SDN,17.589972,33.959984,103941,84856,Admin-1 capital
Atbarah,Sudan,SDN,17.70999,33.979983,168612,107930,Populated place
Wadi Halfa,Sudan,SDN,21.800025,31.349962,17121,17121,Populated place
Merowe,Sudan,SDN,18.483302,31.816652,10234,4576,Populated place
Kosti,Sudan,SDN,13.169983,32.660011,345068,203858,Admin-1 capital
Sennar,Sudan,SDN,13.54996,33.600006,130122,76494,Populated place
El Fasher,Sudan,SDN,13.629981,25.350018,252609,189203,Admin-1 region capital
Kadugli,Sudan,SDN,11.00996,29.700037,176931,87666,Admin-1 capital
Abha,Saudi Arabia,SAU,18.230088,42.500134,210886,204719,Admin-1 capital
Jizan,Saudi Arabia,SAU,16.906551,42.556565,105198,95596,Admin-1 capital
Nimule,South Sudan,SSD,3.599999,32.050023,242,242,Populated place
Molde,Norway,NOR,62.7483,7.183324,18594,13749,Admin-1 capital
Lillehammer,Norway,NOR,61.133283,10.50002,19542,19096,Admin-1 capital
Kirkenes,Norway,NOR,69.725006,30.051643,3282,2174,Populated place
As Sulayyil,Saudi Arabia,SAU,20.462251,45.572247,24097,17620,Populated place
De Aar,South Africa,ZAF,-30.649978,24.000023,32318,5021,Populated place
Alexander Bay,South Africa,ZAF,-28.608346,16.503323,1500,1452,Populated place
Kimberley,South Africa,ZAF,-28.746838,24.770002,165264,142089,Admin-1 capital
Oudtshoorn,South Africa,ZAF,-33.580032,22.190004,76708,47998,Populated place
Vanhynsdorp,South Africa,ZAF,-31.616637,18.733316,3331,3331,Populated place
Saldanha,South Africa,ZAF,-33.010041,17.930006,68284,6654,Populated place
Mossel Bay,South Africa,ZAF,-34.170022,22.130008,16743,16743,Populated place
Chimoio,Mozambique,MOZ,-19.120036,33.470039,256936,228141,Admin-1 capital
Lichinga,Mozambique,MOZ,-13.300029,35.240009,109839,78828,Admin-1 capital
Angoche,Mozambique,MOZ,-16.230031,39.910008,57835,57835,Populated place
Mocambique,Mozambique,MOZ,-15.039899,40.682184,54315,27086,Populated place
Vryburg,South Africa,ZAF,-26.960022,24.730004,49588,13590,Populated place
Rustenburg,South Africa,ZAF,-25.650025,27.240032,165976,124064,Populated place
Mmabatho,South Africa,ZAF,-25.830014,25.610002,104428,76754,Admin-1 capital
Klerksdorp,South Africa,ZAF,-26.880027,26.620018,178921,147804,Populated place
Kroonstad,South Africa,ZAF,-27.660031,27.210008,103992,72835,Populated place
Polokwane,South Africa,ZAF,-23.890029,29.450026,220045,123749,Admin-1 capital
Thohoyandou,South Africa,ZAF,-22.950035,30.480041,269707,44046,Populated place
Musina,South Africa,ZAF,-22.339994,30.029991,20191,3505,Populated place
Vryheid,South Africa,ZAF,-27.760025,30.789996,150012,66717,Populated place
Pietermaritzburg,South Africa,ZAF,-29.610042,30.390021,750845,490951,Admin-1 capital
Wewak,Papua New Guinea,PNG,-3.553492,143.6367,25143,18230,Admin-1 capital
Madang,Papua New Guinea,PNG,-5.224812,145.785251,62023,27419,Admin-1 capital
Kavieng,Papua New Guinea,PNG,-2.581284,150.812977,19728,14490,Admin-1 capital
Puerto Armuelles,Panama,PAN,8.280023,-82.870017,27147,18795,Populated place
Tangier,Morocco,MAR,35.747287,-5.832704,750060,688356,Admin-1 capital
Agadir,Morocco,MAR,30.439988,-9.620044,825467,678596,Admin-1 capital
Inhambane,Mozambique,MOZ,-23.85804,35.339818,115776,73884,Admin-1 capital
Umtata,South Africa,ZAF,-31.579999,28.790015,137772,78663,Populated place
Graaff Reinet,South Africa,ZAF,-32.300007,24.540042,62896,3021,Populated place
Bhisho,South Africa,ZAF,-32.869998,27.389997,160997,137287,Admin-1 capital
Baydhabo,Somalia,SOM,3.119976,43.649987,129839,127821,Admin-1 capital
Marka,Somalia,SOM,1.77657,44.853272,1958,1958,Admin-1 capital
Provideniya,Russia,RUS,64.423495,-173.225794,2536,957,Populated place
Uelen,Russia,RUS,66.154139,-169.810584,776,776,Populated place
Kandalaksha,Russia,RUS,67.164336,32.414393,38126,35654,Populated place
Vyborg,Russia,RUS,60.703877,28.754927,117201,78633,Populated place
Kondopoga,Russia,RUS,62.208721,34.288698,34360,29544,Populated place
Rusanovo,Russia,RUS,70.598074,56.372291,10,10,Populated place
Mezen,Russia,RUS,65.85222,44.240028,3672,1249,Populated place
Velsk,Russia,RUS,61.067395,42.09742,26300,25158,Populated place
Kotlas,Russia,RUS,61.263068,46.663084,59879,59180,Populated place
Onega,Russia,RUS,63.927143,38.077148,22693,18202,Populated place
Ivanovo,Russia,RUS,57.01002,41.009993,420839,414215,Admin-1 capital
Kostroma,Russia,RUS,57.770026,40.940023,277656,236255,Admin-1 capital
Velikiy Ustyug,Russia,RUS,60.768706,46.298662,33237,32642,Populated place
Lipetsk,Russia,RUS,52.620004,39.639999,515655,488633,Admin-1 capital
Orel,Russia,RUS,52.969957,36.069984,334552,324200,Admin-1 capital
Volgodonsk,Russia,RUS,47.50998,42.159948,167731,77138,Populated place
Belgorod,Russia,RUS,50.629996,36.599926,345289,310720,Admin-1 capital
Novorossiysk,Russia,RUS,44.729969,37.769932,241856,217998,Populated place
Vladimir,Russia,RUS,56.129971,40.409926,318648,310024,Admin-1 capital
Birsk,Russia,RUS,55.424381,55.544351,41014,26792,Populated place
Zlatoust,Russia,RUS,55.17499,59.649992,191366,161204,Populated place
Amderma,Russia,RUS,69.763014,61.667698,282,282,Populated place
Naryan Mar,Russia,RUS,67.647407,53.057423,21658,18041,Admin-1 capital
Inta,Russia,RUS,66.037428,60.167428,22921,1900,Populated place
Usinsk,Russia,RUS,65.923042,57.402997,45000,40827,Populated place
Pechora,Russia,RUS,65.158748,57.208746,46113,45801,Populated place
Pervouralsk,Russia,RUS,56.910026,59.955038,133600,120872,Populated place
Izhevsk,Russia,RUS,56.85003,53.230022,631038,591422,Admin-1 capital
Akhtubinsk,Russia,RUS,48.278719,46.168696,44551,31807,Populated place
Elista,Russia,RUS,46.328657,44.208712,106971,92485,Admin-1 capital
Krasnoarmeysk,Russia,RUS,51.017389,45.697407,25841,15410,Populated place
Nizwa,Oman,OMN,22.92639,57.531413,72076,68783,Populated place
Sur,Oman,OMN,22.575817,59.534805,71152,66324,Populated place
Mereeg,Somalia,SOM,3.766578,47.299996,548,548,Populated place
Beledweyne,Somalia,SOM,4.739981,45.200021,62945,55410,Admin-1 capital
Boosaaso,Somalia,SOM,11.280021,49.179985,46969,46969,Admin-1 capital
Bandarbeyla,Somalia,SOM,9.483309,50.816681,13753,13753,Populated place
Gaalkacyo,Somalia,SOM,6.76996,47.430014,61200,53501,Admin-1 capital
Eyl,Somalia,SOM,7.983349,49.833278,18904,369,Populated place
Garoowe,Somalia,SOM,8.39999,48.500026,2568,2568,Admin-1 capital
Anuradhapura,Sri Lanka,LKA,8.349993,80.3833,118302,60943,Admin-1 capital
Jaffna,Sri Lanka,LKA,9.675003,80.005028,250000,88138,Populated place
Bacolod,Philippines,PHL,10.631688,122.981682,949354,511820,Populated place
Roxas,Philippines,PHL,11.585274,122.751101,102688,81073,Populated place
Puerto Princesa,Philippines,PHL,9.754268,118.744384,157144,138620,Populated place
Naga,Philippines,PHL,13.619155,123.181359,741635,174931,Populated place
Angeles,Philippines,PHL,15.145056,120.545086,314493,314493,Populated place
Batangas,Philippines,PHL,13.781677,121.021698,424508,237370,Populated place
Cotabato,Philippines,PHL,7.21691,124.248426,279519,179433,Populated place
Calbayog,Philippines,PHL,12.067182,124.604167,67921,42109,Populated place
Cagayan de Oro,Philippines,PHL,8.45084,124.685299,1121561,602088,Populated place
Jamaame,Somalia,SOM,0.072178,42.750558,185270,128577,Populated place
Kismaayo,Somalia,SOM,-0.356633,42.518324,234852,134951,Admin-1 capital
Cabo San Lucas,Mexico,MEX,22.892756,-109.904516,42601,36384,Populated place
Monclova,Mexico,MEX,26.899998,-101.419996,236244,195764,Populated place
Ometepec,Mexico,MEX,16.680053,-98.420024,30271,17801,Populated place
Cozumel,Mexico,MEX,20.51,-86.95,73934,61334,Populated place
Saint-Louis,Mauritania,MRT,16.01999,-16.510011,220792,176000,Admin-1 capital
Tidjikdja,Mauritania,MRT,18.550016,-11.416601,19981,19981,Admin-1 capital
Ilorin,Nigeria,NGA,8.491956,4.54805,771000,632484,Admin-1 capital
Minna,Nigeria,NGA,9.619993,6.550029,291905,206171,Admin-1 capital
Zaria,Nigeria,NGA,11.081927,7.708064,889000,620673,Populated place
Jos,Nigeria,NGA,9.929974,8.890041,816824,657313,Admin-1 capital
Yola,Nigeria,NGA,9.209992,12.480003,96006,88500,Admin-1 capital
Łódź,Poland,POL,51.776937,19.449414,758000,758000,Admin-1 capital
Berezniki,Russia,RUS,59.420002,56.759987,167748,138862,Populated place
Keetmanshoop,Namibia,NAM,-26.573896,18.129994,18039,15608,Admin-1 region capital
Maltahöhe,Namibia,NAM,-24.839997,16.939989,2329,2329,Admin-1 capital
Swakopmund,Namibia,NAM,-22.668863,14.53502,29491,25047,Admin-1 region capital
Ongwediva,Namibia,NAM,-17.780014,15.770035,25032,9654,Populated place
Rundu,Namibia,NAM,-17.920006,19.749947,58172,28798,Populated place
Tsumeb,Namibia,NAM,-19.240029,17.71002,14959,12190,Admin-1 capital
Tabora,Tanzania,TZA,-5.020018,32.800003,146495,145292,Admin-1 capital
Lindi,Tanzania,TZA,-10.000024,39.699995,41912,13995,Admin-1 capital
Songea,Tanzania,TZA,-10.680034,35.65001,126449,115397,Admin-1 capital
Tanga,Tanzania,TZA,-5.070041,39.090007,224876,209435,Admin-1 capital
Zaragoza,Spain,ESP,41.650002,-0.889982,649404,448507,Admin-1 capital
Göteborg,Sweden,SWE,57.750001,12.000032,537797,504084,Admin-1 capital
Goulimine,Morocco,MAR,28.979974,-10.070016,115267,98229,Admin-1 capital
Smara,Morocco,MAR,26.733289,-11.683329,48149,48149,Populated place
Ad Dakhla,Morocco,MAR,23.714056,-15.936811,89292,75000,Admin-1 capital
Babanusa,Sudan,SDN,11.333351,27.799998,19700,19700,Populated place
Sibolga,Indonesia,IDN,1.749982,98.800005,217312,79714,Populated place
Pematangsiantar,Indonesia,IDN,2.961433,99.061488,341200,209614,Populated place
Pekanbaru,Indonesia,IDN,0.56691,101.423067,799000,611436,Admin-1 capital
Manado,Indonesia,IDN,1.480025,124.849991,451893,447102,Admin-1 capital
Yogyakarta,Indonesia,IDN,-7.779953,110.375009,636660,636660,Admin-1 capital
Kendari,Indonesia,IDN,-3.955328,122.597312,165377,165377,Admin-1 capital
Palu,Indonesia,IDN,-0.907039,119.833037,612445,335297,Admin-1 capital
Nabire,Indonesia,IDN,-3.351541,135.513423,43898,13771,Populated place
Merauke,Indonesia,IDN,-8.493191,140.401807,34412,34412,Populated place
Limerick,Ireland,IRL,52.664704,-8.62305,90054,78078,Admin-1 capital
Greenville,Liberia,LBR,5.011127,-9.038813,10374,10374,Admin-1 capital
Buchanan,Liberia,LBR,5.916085,-10.052472,48315,25731,Admin-1 capital
Robertsport,Liberia,LBR,6.75332,-11.368593,11969,3933,Admin-1 capital
Berbérati,Central African Republic,CAF,4.249959,15.780008,61815,59395,Admin-1 capital
Genoa,Italy,ITA,44.409988,8.930039,647497,601951,Admin-1 region capital
Bria,Central African Republic,CAF,6.533308,21.983299,29027,20944,Admin-1 capital
Marsabit,Kenya,KEN,2.329999,37.979997,16460,15361,Populated place
Moyale,Kenya,KEN,3.519978,39.050009,24837,16243,Populated place
Nakuru,Kenya,KEN,-0.279997,36.069984,364727,259903,Admin-1 capital
Daugavpils,Latvia,LVA,55.87996,26.509999,111564,108375,Populated place
Lhokseumawe,Indonesia,IDN,5.1914,97.14145,140322,88974,Populated place
Taiping,Malaysia,MYS,4.86496,100.719991,237095,217647,Populated place
Ipoh,Malaysia,MYS,4.599989,101.064983,673318,639136,Admin-1 capital
Kota Baharu,Malaysia,MYS,6.119974,102.229977,505583,279316,Admin-1 capital
Malacca,Malaysia,MYS,2.206414,102.246462,788706,503127,Admin-1 capital
Kuantan,Malaysia,MYS,3.829959,103.320039,366229,274695,Admin-1 capital
Xuanzhou,China,CHN,30.954446,118.753332,866000,866000,Populated place
Zhuhai,China,CHN,22.27889,113.565832,1023000,1023000,Populated place
Samarinda,Indonesia,IDN,-0.500035,117.149996,592228,355160,Admin-1 capital
Tawau,Malaysia,MYS,4.270965,117.895997,306462,289531,Populated place
Sandakan,Malaysia,MYS,5.842963,118.107974,392288,291289,Populated place
Kota Kinabalu,Malaysia,MYS,5.979983,116.110008,527671,457326,Admin-1 capital
Sibu,Malaysia,MYS,2.302972,111.843033,203832,198239,Populated place
Lamu,Kenya,KEN,-2.262044,40.919666,24525,10345,Populated place
Malindi,Kenya,KEN,-3.209999,40.100022,94016,68304,Populated place
Kisumu,Kenya,KEN,-0.090035,34.750013,395615,216479,Admin-1 capital
Antsirabe,Madagascar,MDG,-19.850017,47.033294,307921,307921,Populated place
Antalaha,Madagascar,MDG,-14.883344,50.283328,47224,34112,Populated place
Andoany,Madagascar,MDG,-13.400023,48.266604,22680,18391,Populated place
Farafangana,Madagascar,MDG,-22.816606,47.833245,24764,5221,Populated place
Mananjary,Madagascar,MDG,-21.216652,48.333318,27686,11996,Populated place
Maintirano,Madagascar,MDG,-18.066612,44.016683,5925,5925,Populated place
Toamasina,Madagascar,MDG,-18.181799,49.404984,210226,206373,Admin-1 capital
Maroantsetra,Madagascar,MDG,-15.433336,49.733336,38046,23859,Populated place
Tôlanaro,Madagascar,MDG,-25.026807,46.990041,16818,16818,Populated place
Morombe,Madagascar,MDG,-21.739139,43.365678,16727,16727,Populated place
Androka,Madagascar,MDG,-25.021946,44.074947,174,174,Populated place
Morondava,Madagascar,MDG,-20.283272,44.283333,36803,3234,Populated place
Cirebon,Indonesia,IDN,-6.733298,108.566644,254298,254298,Populated place
Tasikmalaya,Indonesia,IDN,-7.325407,108.214676,271143,271143,Populated place
Bogor,Indonesia,IDN,-6.568055,106.748065,918000,800000,Populated place
Bengkulu,Indonesia,IDN,-3.800041,102.269974,426673,309712,Admin-1 capital
Pontianak,Indonesia,IDN,-0.029987,109.319983,607311,550304,Admin-1 capital
Kotabumi,Indonesia,IDN,-4.833311,104.899995,42366,42366,Populated place
Lahat,Indonesia,IDN,-3.800041,103.533308,65906,35033,Populated place
Pangkalpinang,Indonesia,IDN,-2.080042,106.150048,125933,73638,Populated place
Jember,Indonesia,IDN,-8.172694,113.687314,298585,298585,Populated place
Martapura,Indonesia,IDN,-3.413501,114.836494,198239,131449,Populated place
Ruteng,Indonesia,IDN,-8.61184,120.469845,53976,34569,Populated place
Machala,Ecuador,ECU,-3.260022,-79.959988,213034,198123,Admin-1 capital
Loja,Ecuador,ECU,-3.990003,-79.210008,126368,117796,Admin-1 capital
Manta,Ecuador,ECU,-0.980006,-80.729967,183166,170716,Populated place
Riobamba,Ecuador,ECU,-1.670042,-78.650042,172464,124478,Admin-1 capital
San Juan,Dominican Republic,DOM,18.808949,-71.230942,72950,72950,Admin-1 capital
Tumaco,Colombia,COL,1.809979,-78.809981,86713,86713,Populated place
Lisala,Congo (Kinshasa),COD,2.14001,21.509994,70087,58453,Populated place
Gemena,Congo (Kinshasa),COD,3.260019,19.769997,198056,117639,Populated place
Fada,Chad,TCD,17.184725,21.590248,448,448,Populated place
Faya Largeau,Chad,TCD,17.91667,19.116704,13400,13400,Admin-1 capital
Mao,Chad,TCD,14.119434,15.313318,18031,12049,Admin-1 capital
Bata,Equatorial Guinea,GNQ,1.870001,9.769987,173046,98841,Admin-1 capital
Biltine,Chad,TCD,14.533259,20.916697,11000,2365,Admin-1 capital
Sarh,Chad,TCD,9.14997,18.39003,169196,102528,Admin-1 capital
Am Timan,Chad,TCD,11.033292,20.283299,30443,28885,Admin-1 capital
Siwa,Egypt,EGY,29.200012,25.516675,23080,23080,Populated place
El Minya,Egypt,EGY,28.090003,30.749999,500000,227150,Admin-1 capital
Kom Ombo,Egypt,EGY,24.469991,32.95002,303962,59787,Populated place
El Kharga,Egypt,EGY,25.440009,30.550011,49991,49991,Admin-1 capital
Hurghada,Egypt,EGY,27.230003,33.830018,157204,157204,Admin-1 capital
Buta,Congo (Kinshasa),COD,2.819995,24.74003,45677,42713,Populated place
Watsa,Congo (Kinshasa),COD,3.040007,29.52997,24516,10927,Populated place
Isiro,Congo (Kinshasa),COD,2.759972,27.620009,157196,127076,Populated place
Bondo,Congo (Kinshasa),COD,3.80996,23.670018,23517,17860,Populated place
Cologne,Germany,DEU,50.93195,6.948059,1004000,963395,Populated place
Tartu,Estonia,EST,58.383942,26.709884,101092,78975,Admin-1 capital
Xianyang,China,CHN,34.347502,108.712776,1126000,1126000,Populated place
Xiangyang,China,CHN,32.021941,112.128099,1069000,462956,Populated place
Suining,China,CHN,30.535279,105.531387,1425000,1425000,Populated place
Lingyuan,China,CHN,41.241946,119.399165,806000,806000,Populated place
Weihai,China,CHN,37.499971,122.099978,560255,152595,Populated place
Yichun,China,CHN,27.835279,114.398054,982000,982000,Populated place
Yancheng,China,CHN,33.387502,120.123332,839000,839000,Populated place
Fuyang,China,CHN,30.055279,119.949999,771000,771000,Populated place
Inongo,Congo (Kinshasa),COD,-1.939999,18.280011,40113,20249,Populated place
Tshikapa,Congo (Kinshasa),COD,-6.409959,20.770039,267462,135051,Populated place
Boma,Congo (Kinshasa),COD,-5.829994,13.049994,178638,178638,Populated place
Bukavu,Congo (Kinshasa),COD,-2.50999,28.840038,436779,225389,Admin-1 capital
Uvira,Congo (Kinshasa),COD,-3.369989,29.14002,170391,158315,Admin-1 capital
Kindu,Congo (Kinshasa),COD,-2.963916,25.909984,262914,135698,Admin-1 capital
Mwene-Ditu,Congo (Kinshasa),COD,-7.0,23.440006,189177,117480,Admin-1 capital
Likasi,Congo (Kinshasa),COD,-10.970042,26.780009,434408,422414,Populated place
Manono,Congo (Kinshasa),COD,-7.300034,27.449993,46111,46111,Populated place
Kamina,Congo (Kinshasa),COD,-8.730024,25.009987,128803,73557,Populated place
Chiromo,Malawi,MWI,-16.550012,35.133245,25235,25235,Populated place
Zomba,Malawi,MWI,-15.390031,35.310031,80932,80932,Admin-1 capital
Jambi,Indonesia,IDN,-1.589995,103.610048,457090,420323,Admin-1 capital
Manokwari,Indonesia,IDN,-0.871124,134.069274,74504,53190,Populated place
Kourou,France,FRA,5.159981,-52.649949,24029,20822,Populated place
Kumasi,Ghana,GHA,6.691937,-1.63196,1646000,1291151,Admin-1 capital
Sekondi,Ghana,GHA,4.943276,-1.704015,286248,138872,Admin-1 capital
Oyem,Gabon,GAB,1.616631,11.583313,43423,30870,Admin-1 capital
Pärnu,Estonia,EST,58.374743,24.513584,44192,36320,Admin-1 capital
Nellore,India,IND,14.439983,79.989939,678004,404158,Populated place
Kurnool,India,IND,15.830001,78.030007,424920,278124,Populated place
Guntur,India,IND,16.329997,80.450014,530577,530577,Populated place
Tumakuru,India,IND,13.329973,77.100038,399606,307359,Populated place
Davangere,India,IND,14.470007,75.920007,503564,435125,Populated place
Ballari,India,IND,15.150043,76.915036,445388,336681,Populated place
Belagavi,India,IND,15.865012,74.505002,608756,610189,Populated place
Mayumba,Gabon,GAB,-3.416602,10.650037,3996,3996,Populated place
Gamba,Gabon,GAB,-2.650033,9.999999,9928,4533,Populated place
La Rochelle,France,FRA,46.166651,-1.149992,76997,76810,Populated place
Taoudenni,Mali,MLI,22.666587,-3.983359,3019,3019,Populated place
Araouane,Mali,MLI,18.900021,-3.52995,4026,4026,Populated place
Tessalit,Mali,MLI,20.201388,1.088812,6000,5739,Populated place
Ménaka,Mali,MLI,15.916663,2.399998,9110,9110,Populated place
Tocopilla,Chile,CHL,-22.090035,-70.18999,24460,20251,Populated place
Calama,Chile,CHL,-22.450013,-68.91999,143084,125589,Populated place
Mejillones,Chile,CHL,-23.1,-70.45,2041,2041,Populated place
Taltal,Chile,CHL,-25.400014,-70.470025,10018,7877,Populated place
Vallenar,Chile,CHL,-28.570002,-70.760007,44895,30858,Populated place
Chañaral,Chile,CHL,-26.3481,-70.62147,13543,13543,Populated place
Ovalle,Chile,CHL,-30.590033,-71.200057,77138,68830,Populated place
Chillán,Chile,CHL,-36.600002,-72.105997,150396,149352,Populated place
Rancagua,Chile,CHL,-34.170022,-70.739982,233268,212695,Admin-1 capital
Osorno,Chile,CHL,-40.569993,-73.160015,154131,135773,Populated place
Ancud,Chile,CHL,-41.869965,-73.829974,28020,20462,Populated place
Talca,Chile,CHL,-35.455008,-71.670003,197479,175088,Admin-1 capital
Curicó,Chile,CHL,-34.979998,-71.240029,113711,102438,Populated place
Bir Mogrein,Mauritania,MRT,25.233303,-11.583309,10,10,Populated place
Rosso,Mauritania,MRT,16.524016,-15.812663,47203,47203,Admin-1 capital
Kiffa,Mauritania,MRT,16.619979,-11.399987,73930,73930,Admin-1 capital
Nara,Mali,MLI,15.180015,-7.27998,18459,18459,Populated place
Koulikoro,Mali,MLI,12.883308,-7.549989,23919,2898,Admin-1 capital
Mopti,Mali,MLI,14.48998,-4.18004,108456,78083,Admin-1 capital
Ouésso,Congo (Brazzaville),COG,1.609991,16.050018,28320,23915,Admin-1 capital
Ghadamis,Libya,LBY,30.133289,9.50003,6623,6623,Populated place
Kalamata,Greece,GRC,37.038914,22.114195,71823,51108,Admin-1 capital
Hun,Libya,LBY,29.116658,15.933332,18878,15826,Admin-1 capital
Birak,Libya,LBY,27.533318,14.283355,45421,39444,Populated place
Ghat,Libya,LBY,24.964741,10.172754,24347,19665,Populated place
Marzuq,Libya,LBY,25.904399,13.897229,55071,43732,Admin-1 capital
Ajdabiya,Libya,LBY,30.769994,20.219996,143833,134358,Admin-1 capital
Awjilah,Libya,LBY,29.108028,21.286907,6610,6610,Populated place
Surt,Libya,LBY,31.209993,16.590036,128123,93390,Populated place
Darnah,Libya,LBY,32.764811,22.639139,127974,78782,Admin-1 capital
Tubruq,Libya,LBY,32.079992,23.960026,263527,121052,Populated place
Iraklio,Greece,GRC,35.325013,25.130497,137154,131654,Admin-1 capital
Sukhumi,Georgia,GEO,43.020021,41.020018,81546,70892,Admin-0 region capital
Ṭarābulus,Lebanon,LBN,34.42195,35.86805,530000,192572,Admin-1 capital
Debre Markos,Ethiopia,ETH,10.339975,37.720013,70758,59920,Admin-1 capital
Dese,Ethiopia,ETH,11.129978,39.630025,183802,136056,Admin-1 capital
Sodo,Ethiopia,ETH,6.900004,37.749985,65737,65737,Populated place
Arba Minch,Ethiopia,ETH,6.040005,37.549997,69622,39065,Admin-1 capital
Harar,Ethiopia,ETH,9.31996,42.150026,174994,147306,Admin-1 capital
Goba,Ethiopia,ETH,7.010023,39.970004,34369,32025,Admin-1 capital
Jima,Ethiopia,ETH,7.679982,36.830041,128306,128306,Admin-1 capital
Nazret,Ethiopia,ETH,8.549981,39.269996,476892,213995,Populated place
Negele Boran,Ethiopia,ETH,5.316612,39.58331,11772,11772,Populated place
Gode,Ethiopia,ETH,5.95001,43.449999,75000,68342,Populated place
Dolo Bay,Ethiopia,ETH,4.183348,42.083312,11810,11810,Populated place
Kemi,Finland,FIN,65.733312,24.581693,22641,11479,Populated place
Oulu,Finland,FIN,64.999998,25.470011,136752,128618,Admin-1 capital
Shalqar,Kazakhstan,KAZ,47.836291,59.614077,27256,27256,Populated place
Qazaly,Kazakhstan,KAZ,45.7628,62.107516,6582,290,Populated place
Aral,Kazakhstan,KAZ,46.799972,61.666613,33017,27353,Populated place
Qulsary,Kazakhstan,KAZ,46.983268,54.016537,37103,37103,Populated place
Oral,Kazakhstan,KAZ,51.27112,51.334996,209788,200000,Admin-1 capital
Bandar-e Bushehr,Iran,IRN,28.919978,50.830013,169060,165377,Admin-1 capital
Abadan,Iran,IRN,30.330744,48.279678,370180,260078,Populated place
Ardabil,Iran,IRN,38.250003,48.300039,414603,410753,Admin-1 capital
Qom,Iran,IRN,34.651961,50.94806,973000,893956,Admin-1 capital
Qazvin,Iran,IRN,36.27002,49.999987,464551,333635,Admin-1 capital
Beyneu,Kazakhstan,KAZ,45.183352,55.100037,32452,32452,Populated place
Aqtau,Kazakhstan,KAZ,43.623189,51.2365,4479,4479,Populated place
Kermanshah,Iran,IRN,34.381952,47.058065,828313,828313,Admin-1 capital
Rasht,Iran,IRN,37.299983,49.629983,594590,494885,Admin-1 capital
Birjand,Iran,IRN,32.88002,59.219941,324703,196982,Admin-1 capital
Sabzewar,Iran,IRN,36.220023,57.630012,226183,205638,Populated place
Zabol,Iran,IRN,31.021451,61.481456,233968,121989,Populated place
Zahedan,Iran,IRN,29.499994,60.830023,598887,551980,Admin-1 capital
Tuticorin,India,IND,8.81999,78.130001,436094,436094,Populated place
Dindigul,India,IND,10.379972,78.000035,200797,200797,Populated place
Århus,Denmark,DNK,56.157204,10.210684,237551,227100,Populated place
Korhogo,Ivory Coast,CIV,9.459977,-5.639951,177711,167359,Admin-1 capital
Labé,Guinea,GIN,11.319993,-12.300009,140575,58649,Admin-1 capital
Boké,Guinea,GIN,10.93999,-14.299991,116270,116270,Admin-1 capital
Kindia,Guinea,GIN,10.060018,-12.869974,117062,69960,Admin-1 capital
Daloa,Ivory Coast,CIV,6.889979,-6.450005,255168,215652,Admin-1 capital
Mafetang,Lesotho,LSO,-29.816644,27.250006,57059,52358,Admin-1 capital
Cobija,Bolivia,BOL,-11.02052,-68.768827,44437,26585,Admin-1 capital
Sena Madureira,Brazil,BRA,-9.070003,-68.669979,26192,20516,Populated place
Fonte Boa,Brazil,BRA,-2.513814,-66.09161,16060,11889,Populated place
Eirunepé,Brazil,BRA,-6.660021,-69.873808,21750,17175,Populated place
Manicoré,Brazil,BRA,-5.812166,-61.297484,21549,14055,Populated place
Barcelos,Brazil,BRA,-0.974994,-62.923896,12584,7353,Populated place
Tonantins,Brazil,BRA,-2.872707,-67.801893,4561,883,Populated place
Tefé,Brazil,BRA,-3.360016,-64.699989,51437,44942,Populated place
Coari,Brazil,BRA,-4.079972,-63.129982,53305,50490,Populated place
São Gabriel da Cachoeira,Brazil,BRA,-0.133236,-67.083306,15231,15231,Populated place
Novo Airão,Brazil,BRA,-2.620785,-60.943784,9049,9049,Populated place
Itacoatiara,Brazil,BRA,-3.140029,-58.439984,51509,51509,Populated place
Parintins,Brazil,BRA,-2.610036,-56.74001,64428,64428,Populated place
Natal,Brazil,BRA,-6.983826,-60.269949,980588,980588,Populated place
Crato,Brazil,BRA,-7.4639,-63.039961,273883,54416,Populated place
Imperatriz,Brazil,BRA,-5.520039,-47.490006,218106,188573,Populated place
Balsas,Brazil,BRA,-7.52002,-46.049991,68056,11467,Populated place
Breves,Brazil,BRA,-1.680015,-50.490004,47164,46473,Populated place
Jacareacanga,Brazil,BRA,-6.266609,-57.650006,31661,31661,Populated place
Tucuruí,Brazil,BRA,-3.679996,-49.719999,76337,607,Populated place
Itaituba,Brazil,BRA,-4.258617,-55.925021,92308,64756,Populated place
Conceição do Araguaia,Brazil,BRA,-8.250002,-49.290025,27115,27115,Populated place
Abaetetuba,Brazil,BRA,-1.724531,-48.88488,79420,78050,Populated place
Principe da Beira,Brazil,BRA,-12.416672,-64.416647,956,956,Populated place
Araguaína,Brazil,BRA,-7.190015,-48.210014,50444,50444,Populated place
Palmas,Brazil,BRA,-10.237736,-48.287787,235315,196272,Admin-1 capital
Teófilo Otoni,Brazil,BRA,-17.870035,-41.50001,101170,72560,Populated place
Uberaba,Brazil,BRA,-19.779996,-47.950004,260843,208771,Populated place
Januária,Brazil,BRA,-15.48,-44.36999,34811,16695,Populated place
Santissima Trindade,Brazil,BRA,-15.000029,-59.950021,16271,16271,Populated place
Aripuanã,Brazil,BRA,-10.17666,-59.44387,26983,26983,Populated place
Sinop,Brazil,BRA,-11.849989,-55.459985,8961,8961,Populated place
Jaguarão,Brazil,BRA,-32.560042,-53.369983,29613,22427,Populated place
Bagé,Brazil,BRA,-31.320015,-54.100016,106098,98940,Populated place
Londrina,Brazil,BRA,-23.300039,-51.179987,520238,471832,Populated place
Criciúma,Brazil,BRA,-28.680021,-49.389968,204217,161954,Populated place
Aracati,Brazil,BRA,-4.559994,-37.770031,44293,11960,Populated place
Icó,Brazil,BRA,-6.400037,-38.849991,28323,3317,Populated place
Parnaíba,Brazil,BRA,-2.910018,-41.769968,138008,113390,Populated place
Picos,Brazil,BRA,-7.079996,-41.439988,57495,37894,Populated place
Arapiraca,Brazil,BRA,-9.750013,-36.669995,187668,166562,Populated place
Jequié,Brazil,BRA,-13.850022,-40.079993,135574,127475,Populated place
Ilhéus,Brazil,BRA,-14.780042,-39.050004,230622,155499,Populated place
Canavieiras,Brazil,BRA,-15.640042,-38.96001,26375,26375,Populated place
Santa Maria da Vitória,Brazil,BRA,-13.389998,-44.210025,23488,2864,Populated place
Irecê,Brazil,BRA,-11.299996,-41.870013,63626,32533,Populated place
Xique-Xique,Brazil,BRA,-10.820026,-42.730012,35433,1833,Populated place
Linhares,Brazil,BRA,-19.389994,-40.050021,105075,67751,Populated place
Campos,Brazil,BRA,-21.749953,-41.320021,387417,370469,Populated place
Mossoró,Brazil,BRA,-5.190033,-37.340005,202583,202005,Populated place
Aracaju,Brazil,BRA,-10.900021,-37.119967,685356,490175,Admin-1 capital
Norway House,Canada,CAN,53.966588,-97.83329,6000,5000,Populated place
Flin Flon,Canada,CAN,54.766591,-101.883301,6393,6002,Populated place
Dauphin,Canada,CAN,51.150016,-100.04995,9077,8418,Populated place
The Pas,Canada,CAN,53.816623,-101.233315,6055,3802,Populated place
Uranium City,Canada,CAN,59.566557,-108.616585,89,89,Populated place
Moose Jaw,Canada,CAN,50.399984,-105.550002,32166,30707,Populated place
Jasper,Canada,CAN,52.883321,-118.083371,3907,3102,Populated place
Medicine Hat,Canada,CAN,50.033314,-110.683332,63138,53626,Populated place
Red Deer,Canada,CAN,52.26664,-113.800041,74857,73593,Populated place
Banff,Canada,CAN,51.177999,-115.571923,7502,6292,Populated place
Grand Prairie,Canada,CAN,55.166644,-118.799994,41462,40845,Populated place
Smithers,Canada,CAN,54.766591,-127.16659,6245,5438,Populated place
Kamloops,Canada,CAN,50.666661,-120.333286,68714,68628,Populated place
Williams Lake,Canada,CAN,52.11665,-122.149997,14168,10554,Populated place
Prince George,Canada,CAN,53.916669,-122.766652,65558,62707,Populated place
Fort Nelson,Canada,CAN,58.816706,-122.532971,6315,6315,Populated place
Pond Inlet,Canada,CAN,72.684981,-78.000056,1549,1549,Populated place
Cape Dorset,Canada,CAN,64.31252,-76.538579,1326,1326,Populated place
Kimmirut,Canada,CAN,62.850026,-69.883316,385,385,Populated place
Gjoa Haven,Canada,CAN,68.63329,-95.916662,1109,1109,Populated place
Grise Fiord,Canada,CAN,76.441651,-82.949986,23,23,Populated place
Alert,Canada,CAN,82.483323,-62.249984,125,70,Populated place
Ennadai,Canada,CAN,61.133283,-100.883336,0,0,Historic place
Rankin Inlet,Canada,CAN,62.816668,-92.09532,2472,2334,Populated place
Fort Resolution,Canada,CAN,61.166588,-113.682994,448,448,Populated place
Fort Simpson,Canada,CAN,61.849983,-121.333276,283,283,Populated place
Inuvik,Canada,CAN,68.349974,-133.699989,3022,3022,Populated place
Tuktoyaktuk,Canada,CAN,69.454775,-133.049201,929,870,Populated place
Watson Lake,Canada,CAN,60.116626,-128.80003,802,802,Populated place
Laranjal do Jari,Brazil,BRA,-0.85004,-52.480011,45000,41688,Populated place
Amapá,Brazil,BRA,2.04999,-50.800011,1947,1947,Populated place
Vila Velha,Brazil,BRA,3.216663,-51.216652,1209091,275736,Populated place
Lansdowne House,Canada,CAN,52.216644,-87.883329,120,120,Populated place
Moosonee,Canada,CAN,51.280602,-80.657981,1725,1725,Populated place
Sudbury,Canada,CAN,46.49999,-80.966645,157857,80507,Populated place
Kenora,Canada,CAN,49.76669,-94.466648,10852,10852,Populated place
Gaspé,Canada,CAN,48.837315,-64.493361,3677,3331,Populated place
Mingan,Canada,CAN,50.301759,-64.017265,588,588,Populated place
Dolbeau,Canada,CAN,48.86659,-72.233328,13337,12916,Populated place
Val d'Or,Canada,CAN,48.116635,-77.766633,20625,20625,Populated place
Ivugivik,Canada,CAN,62.416641,-77.899984,156,156,Populated place
Inukjuak,Canada,CAN,58.470009,-78.135991,1597,1597,Populated place
Chicoutimi,Canada,CAN,48.433309,-71.066706,53940,53940,Populated place
Moncton,Canada,CAN,46.083349,-64.766678,90635,87467,Populated place
Fredericton,Canada,CAN,45.949998,-66.633308,52337,36713,Admin-1 capital
Bathurst,Canada,CAN,47.599974,-65.649983,6111,4496,Populated place
Yarmouth,Canada,CAN,43.830795,-66.112581,7500,7366,Populated place
Gander,Canada,CAN,48.949995,-54.549988,3345,3345,Populated place
Cartwright,Canada,CAN,53.701407,-57.012141,505,505,Populated place
Rigolet,Canada,CAN,54.176601,-58.447322,124,124,Populated place
Port Burwell,Canada,CAN,60.266462,-64.741098,2762,2762,Populated place
Bouar,Central African Republic,CAF,5.95001,15.599967,34372,28581,Admin-1 capital
Puerto San Julián,Argentina,ARG,-49.300002,-67.716653,2347,2347,Populated place
Perito Moreno,Argentina,ARG,-46.600012,-70.933355,3766,3766,Populated place
Rio Grande,Argentina,ARG,-53.791446,-67.698995,31095,31095,Populated place
Ushuaia,Argentina,ARG,-54.790003,-68.310001,58028,42939,Admin-1 capital
Sarmiento,Argentina,ARG,-45.600022,-69.083313,5185,5185,Populated place
San Rafael,Argentina,ARG,-34.600021,-68.333333,109163,49884,Populated place
Necochea,Argentina,ARG,-38.559986,-58.749991,80478,60646,Populated place
Río Colorado,Argentina,ARG,-38.966576,-64.083283,11499,11499,Populated place
Catamarca,Argentina,ARG,-28.470008,-65.780001,188812,136360,Admin-1 capital
La Rioja,Argentina,ARG,-29.40995,-66.849961,162620,131640,Admin-1 capital
Santiago del Estero,Argentina,ARG,-27.783331,-64.266656,354692,280407,Admin-1 capital
Resistencia,Argentina,ARG,-27.459992,-58.990028,387158,349753,Admin-1 capital
Gualeguaychú,Argentina,ARG,-33.020014,-58.520005,78676,33045,Populated place
Santos,Brazil,BRA,-23.951778,-46.334889,1709000,411403,Populated place
Bauru,Brazil,BRA,-22.330021,-49.080012,335024,280835,Populated place
Iguape,Brazil,BRA,-24.720004,-47.569949,23784,23421,Populated place
Franca,Brazil,BRA,-20.530027,-47.390012,305041,257258,Populated place
Garanhuns,Brazil,BRA,-8.890014,-36.500031,110085,104145,Populated place
Caruaru,Brazil,BRA,-8.280026,-35.980011,242094,235371,Populated place
Farah,Afghanistan,AFG,32.39173,62.096819,73647,43561,Admin-1 capital
Dundo,Angola,AGO,-7.380029,20.829984,11985,11985,Populated place
Ambriz,Angola,AGO,-7.854987,13.125028,17000,17000,Populated place
Dondo,Angola,AGO,-9.690017,14.430013,2353,2353,Populated place
Sumbe,Angola,AGO,-11.210028,13.849997,33277,26000,Admin-1 capital
Uíge,Angola,AGO,-7.620014,15.049975,60008,53567,Admin-1 capital
Kuito,Angola,AGO,-12.380034,16.939989,114286,113624,Admin-1 capital
Lobito,Angola,AGO,-12.370009,13.54123,207932,133534,Populated place
Xangongo,Angola,AGO,-16.740026,14.96998,447,447,Populated place
Luena,Angola,AGO,-11.790044,19.900015,21115,13438,Admin-1 capital
Tômbua,Angola,AGO,-15.800032,11.859989,40000,40000,Populated place
San Matias,Bolivia,BOL,-16.359998,-58.420011,6352,6352,Populated place
San Jose,Bolivia,BOL,-17.850036,-60.779996,9211,9211,Populated place
Adrar,Algeria,DZA,27.86999,-0.289967,56910,56910,Admin-1 capital
Reggane,Algeria,DZA,26.699984,0.166646,32974,11729,Populated place
Béchar,Algeria,DZA,31.611105,-2.230004,143382,141449,Admin-1 capital
Tindouf,Algeria,DZA,27.674188,-8.147782,18270,18270,Populated place
Illizi,Algeria,DZA,26.483356,8.466604,7957,6629,Populated place
Arak,Algeria,DZA,25.279993,3.749993,423251,423251,Populated place
I-n-Salah,Algeria,DZA,27.216645,2.466609,49223,8041,Populated place
El Goléa,Algeria,DZA,30.566621,2.883328,32049,32049,Populated place
Laghouat,Algeria,DZA,33.809989,2.88002,113872,102686,Admin-1 capital
Touggourt,Algeria,DZA,33.099981,6.059981,133954,49044,Populated place
Ouargla,Algeria,DZA,31.969972,5.340025,176271,176271,Admin-1 capital
Biskra,Algeria,DZA,34.859977,5.730027,202103,202103,Admin-1 capital
Djelfa,Algeria,DZA,34.679988,3.250024,170901,170901,Admin-1 capital
Sétif,Algeria,DZA,36.180026,5.39997,274744,274744,Admin-1 capital
Batna,Algeria,DZA,35.569959,6.17,280798,258136,Admin-1 capital
Burgas,Bulgaria,BGR,42.5146,27.474643,195966,152542,Admin-1 capital
Vitsyebsk,Belarus,BLR,55.18871,30.18533,342700,323937,Admin-1 capital
Molepolole,Botswana,BWA,-24.399972,25.510009,63248,52178,Admin-1 capital
Myeik,Myanmar,MMR,12.454084,98.61149,266720,173298,Populated place
Palikir,Federated States of Micronesia,FSM,6.916644,158.149974,4645,4645,Admin-0 capital
Majuro,Marshall Islands,MHL,7.103004,171.38,25400,20500,Admin-0 capital
Agana,Guam,GUM,13.470016,144.750017,122411,1100,Admin-0 region capital
Arecibo,Puerto Rico,PRI,18.440023,-66.729994,69307,49318,Populated place
Funafuti,Tuvalu,TUV,-8.516652,179.216647,4749,4749,Admin-0 capital
Melekeok,Palau,PLW,7.487396,134.626549,7026,7026,Admin-0 capital
Bir Lehlou,Western Sahara,SAH,26.119167,-9.652522,500,200,Admin-0 capital alt
Monaco,Monaco,MCO,43.739646,7.406913,36371,36371,Admin-0 capital
Tarawa,Kiribati,KIR,1.338188,173.017571,28802,22534,Admin-0 capital
Tasiilaq,Greenland,GRL,65.601869,-37.633737,1829,1829,Admin-1 capital
Moroni,Comoros,COM,-11.704158,43.240244,128698,42872,Admin-0 capital
Macau,Macau S.A.R,MAC,22.202998,113.545048,568700,568700,Admin-0 region capital
Andorra,Andorra,AND,42.500001,1.516486,53998,22256,Admin-0 capital
Savissivik,Greenland,GRL,76.019476,-65.112481,66,66,Populated place
Kangersuatsiaq,Greenland,GRL,72.37964,-55.549119,200,186,Populated place
Uummannaq,Greenland,GRL,70.675023,-52.122934,1299,1299,Populated place
Santa Cruz de Tenerife,Spain,ESP,28.469979,-16.250001,336061,222190,Admin-1 capital
Avarua,Cook Islands,COK,-21.196226,-159.785437,5445,2525,Admin-1 capital
Santa Cruz,United States of America,USA,36.971946,-122.02639,148444,54617,Populated place
Hualien,Taiwan,TWN,23.983742,121.600009,350468,108658,Admin-1 capital
New Taipei,Taiwan,TWN,25.012778,121.465,3893740,1750000,Admin-1 capital
Tainan,Taiwan,TWN,23.000003,120.200043,1876312,762000,Admin-1 capital
Taitung,Taiwan,TWN,22.755393,121.140037,175000,109584,Admin-1 capital
Palmerston North,New Zealand,NZL,-40.352691,175.607211,82400,82400,Populated place
Whanganui,New Zealand,NZL,-39.932626,175.0393,43200,43200,Admin-1 capital
Hastings,New Zealand,NZL,-39.638203,176.8368,66100,66100,Admin-1 capital
Gisborne,New Zealand,NZL,-38.663333,178.018081,34300,34300,Admin-1 capital
Rotorua,New Zealand,NZL,-38.131738,176.248263,56200,56200,Populated place
Taupo,New Zealand,NZL,-38.693011,176.077053,22600,22600,Populated place
Tauranga,New Zealand,NZL,-37.696416,176.153629,121500,121500,Admin-1 capital
Timaru,New Zealand,NZL,-44.397154,171.242469,27200,27200,Populated place
Nelson,New Zealand,NZL,-41.292592,173.247448,60800,60800,Admin-1 capital
Whangarei,New Zealand,NZL,-35.725571,174.322971,52200,52200,Admin-1 capital
Queenstown,New Zealand,NZL,-45.022672,168.725081,16600,16600,Populated place
Invercargill,New Zealand,NZL,-46.409437,168.365006,49200,49200,Admin-1 capital
San Bernardino,United States of America,USA,34.12233,-117.30198,1745000,202381,Populated place
Bridgeport,United States of America,USA,41.181925,-73.201907,1018000,139090,Populated place
Rochester,United States of America,USA,43.172372,-77.621896,755000,211354,Populated place
Manchester,United Kingdom,GBR,53.502361,-2.249933,2230000,395515,Populated place
Gujranwala,Pakistan,PAK,32.162372,74.183076,1513000,1384471,Populated place
Incheon,South Korea,KOR,37.478094,126.640288,2550000,2550000,Admin-1 capital
Benin City,Nigeria,NGA,6.342423,5.618062,1190000,668026,Admin-1 capital
Xiamen,China,CHN,24.451938,118.078071,2519000,578337,Populated place
Nanchong,China,CHN,30.782378,106.128051,2174000,2174000,Populated place
Neijiang,China,CHN,29.582323,105.048066,1466000,546854,Populated place
Nanyang,China,CHN,33.002346,112.528074,1944000,251532,Populated place
Jinxi,China,CHN,40.752287,120.828033,2426000,313247,Populated place
Yantai,China,CHN,37.532354,121.398075,2116000,719332,Populated place
Zaozhuang,China,CHN,34.881947,117.568077,2145000,183665,Populated place
Suzhou,China,CHN,31.302424,120.618071,1650000,1343091,Populated place
Xuzhou,China,CHN,34.281958,117.178074,2091000,1199193,Populated place
Wuxi,China,CHN,31.581942,120.298039,1749000,1108647,Populated place
Jilin,China,CHN,43.851917,126.548097,2396000,1881977,Populated place
Chandigarh,India,IND,30.721943,76.77806,979000,914371,Admin-1 capital
Jammu,India,IND,32.713733,74.844793,791000,465567,Populated place
Sholapur,India,IND,17.672352,75.898062,1057000,961112,Populated place
Aurangabad,India,IND,19.897642,75.318356,1113000,1016441,Populated place
Nasik,India,IND,20.002365,73.778036,1473000,1289497,Populated place
Dispur,India,IND,26.144023,91.766636,16140,16140,Admin-1 capital
Jullundur,India,IND,31.336867,75.567074,855000,785178,Populated place
Allahabad,India,IND,25.456941,81.838061,1201000,1073438,Populated place
Moradabad,India,IND,28.843737,78.754838,787000,721139,Populated place
Ghaziabad,India,IND,28.662327,77.406445,1341000,1199191,Populated place
Agra,India,IND,27.172366,78.013075,1592000,1430055,Populated place
Aligarh,India,IND,27.894157,78.059842,805000,753207,Populated place
Meerut,India,IND,29.002358,77.698055,1398000,1223184,Populated place
Dhanbad,India,IND,23.802339,86.41804,1246000,219636,Populated place
Gwalior,India,IND,26.231933,78.178129,978000,882458,Populated place
Vadodara,India,IND,22.311965,73.178073,1756000,1409476,Populated place
Rajkot,India,IND,22.311965,70.798063,1260000,1099882,Populated place
Durazno,Uruguay,URY,-33.410016,-56.51005,34037,33926,Admin-1 capital
International Falls,United States of America,USA,48.601128,-93.410846,15240,6424,Populated place
St.  Paul,United States of America,USA,44.943987,-93.084975,734854,285068,Admin-1 capital
Billings,United States of America,USA,45.788302,-108.54,104552,99751,Populated place
Great Falls,United States of America,USA,47.500291,-111.299987,66558,56075,Populated place
Missoula,United States of America,USA,46.872241,-113.993053,72856,63164,Populated place
Minot,United States of America,USA,48.232494,-101.295817,39439,34885,Populated place
Fargo,United States of America,USA,46.877228,-96.789426,162842,92103,Populated place
Hilo,United States of America,USA,19.699998,-155.090027,52391,43050,Populated place
Olympia,United States of America,USA,47.038045,-122.899434,156984,44916,Admin-1 capital
Spokane,United States of America,USA,47.669996,-117.419949,347705,197262,Populated place
Vancouver,United States of America,USA,45.630301,-122.639993,525802,161791,Populated place
Flagstaff,United States of America,USA,35.198096,-111.650508,63993,57566,Populated place
Tucson,United States of America,USA,32.206943,-110.891932,823000,518907,Populated place
Santa Barbara,United States of America,USA,34.43499,-119.71999,181632,88410,Populated place
Fresno,United States of America,USA,36.747717,-119.772984,616353,465183,Populated place
Eureka,United States of America,USA,40.802224,-124.147497,42398,25626,Populated place
Colorado Springs,United States of America,USA,38.862963,-104.791986,493654,360890,Populated place
Reno,United States of America,USA,39.529976,-119.82001,328585,202142,Populated place
Elko,United States of America,USA,40.832506,-115.761989,19252,15822,Populated place
Albuquerque,United States of America,USA,35.104975,-106.641331,898642,552804,Populated place
Salem,United States of America,USA,44.92807,-123.023897,229010,146922,Admin-1 capital
Casper,United States of America,USA,42.86662,-106.312488,60791,51507,Populated place
Topeka,United States of America,USA,39.050005,-95.669985,132091,121570,Admin-1 capital
Kansas City,United States of America,USA,39.109034,-94.60604,1469000,441545,Populated place
Tulsa,United States of America,USA,36.120003,-95.930021,946962,391906,Populated place
Sioux Falls,United States of America,USA,43.549989,-96.729998,155724,140336,Populated place
Shreveport,United States of America,USA,32.500018,-93.770023,248053,200145,Populated place
Baton Rouge,United States of America,USA,30.457946,-91.140158,422072,223349,Admin-1 capital
Ft.  Worth,United States of America,USA,32.739977,-97.340038,1440454,741206,Populated place
Corpus Christi,United States of America,USA,27.742814,-97.401895,277454,222501,Populated place
Austin,United States of America,USA,30.268896,-97.744724,1161000,678368,Admin-1 capital
Amarillo,United States of America,USA,35.22998,-101.829997,181766,175286,Populated place
El Paso,United States of America,USA,31.78193,-106.511941,753000,563662,Populated place
Laredo,United States of America,USA,27.506136,-99.507219,434768,210769,Populated place
Mérida,Venezuela,VEN,8.39999,-71.13001,345489,204879,Admin-1 capital
Burlington,United States of America,USA,44.475798,-73.212467,93807,38601,Populated place
Montgomery,United States of America,USA,32.361602,-86.279189,198325,190658,Admin-1 capital
Tallahassee,United States of America,USA,30.449988,-84.280034,221222,153583,Admin-1 capital
Orlando,United States of America,USA,28.511923,-81.381976,1350000,207970,Populated place
Jacksonville,United States of America,USA,30.331967,-81.671933,988000,821907,Populated place
Savannah,United States of America,USA,32.021106,-81.109995,180187,131510,Populated place
Columbia,United States of America,USA,34.039975,-80.899982,398093,116278,Admin-1 capital
Indianapolis,United States of America,USA,39.751934,-86.171994,1436000,773283,Admin-1 capital
Wilmington,United States of America,USA,34.225519,-77.94502,161560,92424,Populated place
Knoxville,United States of America,USA,35.970012,-83.92003,655400,178874,Populated place
Richmond,United States of America,USA,37.551965,-77.451932,912000,190886,Admin-1 capital
Charleston,United States of America,USA,38.349738,-81.632728,123799,50427,Admin-1 capital
Baltimore,United States of America,USA,39.301936,-76.621931,2255000,610892,Populated place
Syracuse,United States of America,USA,43.049994,-76.150014,662577,145170,Populated place
Puerto Ayacucho,Venezuela,VEN,5.663904,-67.623609,52526,50719,Admin-1 capital
Port-of-Spain,Trinidad and Tobago,TTO,10.651997,-61.517031,294934,49031,Admin-0 capital
Augusta,United States of America,USA,44.310563,-69.779989,24042,18560,Admin-1 capital
Sault Ste. Marie,United States of America,USA,46.495262,-84.345276,83805,16542,Populated place
Atakpamé,Togo,TGO,7.530043,1.120024,80683,68831,Admin-1 capital
Sousse,Tunisia,TUN,35.829995,10.625026,327004,164123,Admin-1 capital
Taizz,Yemen,YEM,13.606398,44.037474,751000,615222,Admin-1 capital
Sitka,United States of America,USA,57.060398,-135.327549,8931,7289,Populated place
Lviv,Ukraine,UKR,49.83498,24.029996,803880,717803,Admin-1 capital
Odessa,Ukraine,UKR,46.491962,30.708055,991000,704001,Admin-1 capital
Zhytomyr,Ukraine,UKR,50.245575,28.662168,282192,274970,Admin-1 capital
Dnipro,Ukraine,UKR,48.481918,34.998078,1050000,848849,Admin-1 capital
Donetsk,Ukraine,UKR,48.001948,37.828034,988000,760275,Admin-1 capital
Kharkiv,Ukraine,UKR,50.001929,36.248079,1461000,1215127,Admin-1 capital
Türkmenbaşy,Turkmenistan,TKM,40.023047,52.969676,68292,65152,Admin-1 capital
Bukhara,Uzbekistan,UZB,39.780012,64.43001,319476,247644,Admin-1 capital
Nukus,Uzbekistan,UZB,42.470003,59.615007,230006,226416,Admin-1 capital
Türkmenabat,Turkmenistan,TKM,39.110002,63.580036,234817,228514,Admin-1 capital
Mary,Turkmenistan,TKM,37.600016,61.833321,178708,114680,Admin-1 capital
Andijan,Uzbekistan,UZB,40.790003,72.339967,650000,323900,Admin-1 capital
Haiphong,Vietnam,VNM,20.831952,106.678147,1969000,602695,Admin-1 capital
Da Nang,Vietnam,VNM,16.060039,108.249971,1000000,887069,Admin-1 capital
Kabwe,Zambia,ZMB,-14.440011,28.449984,188979,188355,Admin-1 capital
Mufulira,Zambia,ZMB,-12.549998,28.25997,153624,120500,Populated place
Kitwe,Zambia,ZMB,-12.810033,28.220024,404901,400914,Populated place
Livingstone,Zambia,ZMB,-17.860009,25.860013,165480,109203,Admin-1 capital
Chitungwiza,Zimbabwe,ZWE,-18.000001,31.100003,340360,321782,Populated place
Douala,Cameroon,CMR,4.062356,9.708045,1906000,1338082,Admin-1 capital
Birmingham,United Kingdom,GBR,52.47692,-1.921943,2285000,984333,Populated place
Belfast,United Kingdom,GBR,54.600012,-5.960034,450406,274770,Admin-0 region capital
İzmir,Turkey,TUR,38.438096,27.149848,2587000,2322818,Admin-1 capital
Bursa,Turkey,TUR,40.201933,29.068052,1492000,1359089,Admin-1 capital
Samsun,Turkey,TUR,41.279998,36.343663,609339,538106,Admin-1 capital
Konya,Turkey,TUR,37.876958,32.473064,919000,518360,Admin-1 capital
Adana,Turkey,TUR,36.996935,35.318058,1293000,1197890,Admin-1 capital
Gulu,Uganda,UGA,2.779997,32.280035,146858,142003,Admin-1 region capital
Kigali,Rwanda,RWA,-1.951644,30.058586,860000,745261,Admin-0 capital
Cottica,Suriname,SUR,3.850009,-54.233289,29210,20000,Populated place
Córdoba,Spain,ESP,37.879999,-4.770004,321376,279648,Populated place
Niamey,Niger,NER,13.491643,7.096404,232555,163487,Admin-1 capital
Tahoua,Niger,NER,14.899981,5.259927,115956,80425,Admin-1 capital
Constanța,Romania,ROU,44.202662,28.609974,303399,266826,Admin-1 capital
Luleå,Sweden,SWE,65.596635,22.158378,48638,45551,Admin-1 capital
Sundsvall,Sweden,SWE,62.400053,17.316659,73389,48463,Populated place
Iași,Romania,ROU,47.168347,27.574947,325914,325914,Admin-1 capital
Surat Thani,Thailand,THA,9.150099,99.340127,157627,127201,Admin-1 capital
Chiang Mai,Thailand,THA,18.799975,98.980046,397211,200952,Admin-1 capital
Nakhon Ratchasima,Thailand,THA,15.000026,102.100011,334984,208781,Admin-1 capital
Mbabane,eSwatini,SWZ,-26.316651,31.133335,90138,76218,Admin-0 capital
Piura,Peru,PER,-5.210032,-80.629973,396932,325466,Admin-1 capital
Arequipa,Peru,PER,-16.418048,-71.531957,815000,736570,Admin-1 capital
Chimbote,Peru,PER,-9.070003,-78.569995,349846,316966,Populated place
Pucallpa,Peru,PER,-8.368909,-74.534996,310750,299084,Admin-1 capital
Iquitos,Peru,PER,-3.750018,-73.25001,458729,437620,Admin-1 capital
Huancayo,Peru,PER,-12.08,-75.20002,412733,376657,Admin-1 capital
Ciudad del Este,Paraguay,PRY,-25.5167,-54.616057,320872,320872,Admin-1 capital
Ponta Delgada,Portugal,PRT,37.748302,-25.666584,61526,20056,Admin-0 region capital
Vigo,Spain,ESP,42.220019,-8.729995,378952,292745,Populated place
Bilbao,Spain,ESP,43.249982,-2.929987,875552,353187,Populated place
Kaolack,Senegal,SEN,14.149975,-16.10001,277812,277812,Admin-1 capital
Kaédi,Senegal,SEN,16.150008,-13.499988,21656,21656,Admin-1 capital
Geneina,Sudan,SDN,13.450018,22.440015,162981,159310,Admin-1 capital
Medina,Saudi Arabia,SAU,24.501935,39.578057,1010000,1010000,Admin-1 capital
Tabuk,Saudi Arabia,SAU,28.383835,36.554967,547957,455450,Admin-1 capital
Juba,South Sudan,SSD,4.829975,31.580026,111975,111975,Admin-0 capital
Malakal,South Sudan,SSD,9.536897,31.65599,160765,160765,Admin-1 region capital
Omdurman,Sudan,SDN,15.616681,32.480022,2395159,2183698,Admin-1 capital
Al-Ubayyid,Sudan,SDN,13.18329,30.216698,393311,269424,Admin-1 capital
The Hague,Netherlands,NLD,52.080037,4.269961,1406000,501725,Admin-0 capital alt
Kristiansand,Norway,NOR,58.166642,8.000018,63814,52770,Admin-1 capital
Ljubljana,Slovenia,SVN,46.055288,14.514969,314807,255115,Admin-0 capital
Bratislava,Slovakia,SVK,48.150018,17.116981,423737,373687,Admin-0 capital
Hammerfest,Norway,NOR,70.66128,23.688001,10000,9934,Populated place
Doha,Qatar,QAT,25.286556,51.532968,1450000,731310,Admin-0 capital
Quetta,Pakistan,PAK,30.221948,67.023048,768000,733675,Admin-1 capital
Larkana,Pakistan,PAK,27.561766,68.206782,364033,364033,Populated place
Springbok,South Africa,ZAF,-29.666731,17.883291,10438,2809,Populated place
Upington,South Africa,ZAF,-28.460034,21.230011,71373,52799,Populated place
Worcester,South Africa,ZAF,-33.640028,19.43994,127597,90803,Populated place
George,South Africa,ZAF,-33.950035,22.45004,174582,113248,Populated place
Tete,Mozambique,MOZ,-16.170035,33.580007,129316,115050,Admin-1 capital
Pemba,Mozambique,MOZ,-12.983046,40.532347,110643,108737,Admin-1 capital
Nampula,Mozambique,MOZ,-15.136041,39.293043,388526,383845,Admin-1 capital
Welkom,South Africa,ZAF,-27.969987,26.729986,431944,126079,Populated place
Xai-Xai,Mozambique,MOZ,-25.039985,33.640003,128805,127366,Admin-1 capital
Goroka,Papua New Guinea,PNG,-6.083312,145.385482,39699,18503,Admin-1 capital
Mt.  Hagen,Papua New Guinea,PNG,-5.863222,144.21682,59064,33623,Admin-1 capital
Rabaul,Papua New Guinea,PNG,-4.20549,152.143431,8074,3714,Admin-1 capital
Lae,Papua New Guinea,PNG,-6.732988,146.990035,131052,76255,Admin-1 capital
David,Panama,PAN,8.433321,-82.433325,110037,82859,Admin-1 capital
Oujda,Morocco,MAR,34.690013,-1.909972,409391,405253,Admin-1 capital
Safi,Morocco,MAR,32.319977,-9.239989,353476,288163,Admin-1 capital
Podgorica,Montenegro,MNE,42.465973,19.266307,145850,136473,Admin-0 capital
Quelimane,Mozambique,MOZ,-17.880008,36.889986,188964,169101,Admin-1 capital
East London,South Africa,ZAF,-32.970043,27.87002,338627,338627,Populated place
Middelburg,South Africa,ZAF,-31.500004,25.009987,18164,3764,Populated place
Nalchik,Russia,RUS,43.498106,43.617947,307866,272800,Admin-1 capital
Stavropol,Russia,RUS,45.050001,41.980011,363064,338527,Admin-1 capital
Ugolnye Kopi,Russia,RUS,64.733296,177.699996,3367,3367,Populated place
Kaliningrad,Russia,RUS,54.700006,20.497343,434954,371499,Admin-1 capital
Pskov,Russia,RUS,57.829996,28.32994,201990,177969,Admin-1 capital
Bryansk,Russia,RUS,53.259991,34.429981,427236,425784,Admin-1 capital
Smolensk,Russia,RUS,54.782688,32.047336,320991,302918,Admin-1 capital
Petrozavodsk,Russia,RUS,61.849983,34.280016,265025,231676,Admin-1 capital
Tver,Russia,RUS,56.859978,35.889995,400212,363874,Admin-1 capital
Vologda,Russia,RUS,59.209989,39.919982,294889,208495,Admin-1 capital
Yaroslavl,Russia,RUS,57.619983,39.870011,606730,535578,Admin-1 capital
Rostov,Russia,RUS,47.236594,39.71071,1052000,1013134,Admin-1 capital
Sochi,Russia,RUS,43.590012,39.729967,327608,325670,Populated place
Krasnodar,Russia,RUS,45.019977,39.000038,649851,552532,Admin-1 capital
Penza,Russia,RUS,53.180021,44.999982,512602,471284,Admin-1 capital
Ryazan,Russia,RUS,54.619959,39.719994,520173,484573,Admin-1 capital
Voronezh,Russia,RUS,51.731927,39.26805,844000,295469,Admin-1 capital
Magnitogorsk,Russia,RUS,53.422694,58.980007,413351,204098,Populated place
Chelyabinsk,Russia,RUS,55.156937,61.436722,1091000,946604,Admin-1 capital
Vorkuta,Russia,RUS,67.5,64.009984,80039,62484,Populated place
Kirov,Russia,RUS,58.590053,49.669981,457437,457383,Admin-1 capital
Nizhny Tagil,Russia,RUS,57.920016,59.974985,381116,367571,Populated place
Astrakhan,Russia,RUS,46.348655,48.054989,502533,484194,Admin-1 capital
Orenburg,Russia,RUS,51.779978,55.110011,550204,511437,Admin-1 capital
Saratov,Russia,RUS,51.581936,46.02805,843000,786173,Admin-1 capital
Ulyanovsk,Russia,RUS,54.329977,48.410006,640680,502427,Admin-1 capital
Omsk,Russia,RUS,54.991934,73.398008,1135000,1043403,Admin-1 capital
Tyumen,Russia,RUS,57.140012,65.529995,519119,402785,Admin-1 capital
Novokuznetsk,Russia,RUS,53.750012,87.114982,539616,521035,Populated place
Kemerovo,Russia,RUS,55.339967,86.08998,477090,464279,Admin-1 capital
Grozny,Russia,RUS,43.318685,45.698699,226100,216375,Admin-1 capital
Kandy,Sri Lanka,LKA,7.279981,80.670001,111701,111701,Admin-1 capital
Sri Jayawardenepura Kotte,Sri Lanka,LKA,6.900004,79.949993,115826,115826,Admin-0 capital alt
Daejeon,South Korea,KOR,36.337492,127.423082,1468000,1448330,Admin-1 capital
Gwangju,South Korea,KOR,35.172912,126.908488,1440000,1416938,Admin-1 capital
Busan,South Korea,KOR,35.096999,129.008102,3480000,3480000,Admin-1 capital
Zamboanga,Philippines,PHL,6.921923,122.078085,773000,457623,Populated place
Laoag,Philippines,PHL,18.198849,120.59361,207048,102105,Populated place
Baguio,Philippines,PHL,16.429991,120.569943,447824,272714,Admin-0 capital alt
General Santos,Philippines,PHL,6.110827,125.174726,950530,538086,Populated place
Ust-Ilimsk,Russia,RUS,57.98996,102.633311,100271,37353,Populated place
Angarsk,Russia,RUS,52.560008,103.920003,243158,220280,Populated place
Abakan,Russia,RUS,53.703685,91.445002,167289,155465,Admin-1 capital
Norilsk,Russia,RUS,69.340017,88.224992,165873,140800,Populated place
Khatanga,Russia,RUS,72.041144,102.465001,3205,3205,Populated place
Kyzyl,Russia,RUS,51.706701,94.383066,108240,104381,Admin-1 capital
Ulan-Ude,Russia,RUS,51.824988,107.624996,360278,347976,Admin-1 capital
Blagoveshchensk,Russia,RUS,50.266608,127.533342,221296,192126,Admin-1 capital
Bukachacha,Russia,RUS,52.983341,116.916626,3372,497,Populated place
Dalnegorsk,Russia,RUS,44.537216,135.517247,8123,8123,Populated place
Ambarchik,Russia,RUS,69.651006,162.333595,0,0,Historic place
Batagay,Russia,RUS,67.655985,134.635027,4266,4266,Populated place
Chokurdakh,Russia,RUS,70.618311,147.89458,2506,2506,Populated place
Ust-Nera,Russia,RUS,64.566587,143.199983,9148,9148,Populated place
Lensk,Russia,RUS,60.725271,114.94703,25589,23694,Populated place
Aldan,Russia,RUS,58.602998,125.38939,24426,12717,Populated place
Mirny,Russia,RUS,62.540019,113.961354,40308,20763,Populated place
Zhigansk,Russia,RUS,66.769709,123.371115,3237,3237,Populated place
Okhotsk,Russia,RUS,59.383002,143.217036,5570,5570,Populated place
Khabarovsk,Russia,RUS,48.454987,135.120011,579000,546411,Admin-1 capital
Okha,Russia,RUS,53.573899,142.947853,26560,24362,Populated place
Yuzhno Sakhalinsk,Russia,RUS,46.964974,142.740011,176484,172886,Admin-1 capital
Mexicali,Mexico,MEX,32.651928,-115.481962,885000,587277,Admin-1 capital
La Paz,Mexico,MEX,24.139959,-110.319995,189767,171485,Admin-1 capital
Torreón,Mexico,MEX,25.571999,-103.421949,1144000,524066,Populated place
Culiacán,Mexico,MEX,24.831941,-107.381914,809000,582469,Admin-1 capital
Nogales,Mexico,MEX,31.305,-110.944996,178097,20707,Populated place
Hermosillo,Mexico,MEX,29.098881,-110.954065,595811,512935,Admin-1 capital
Guaymas,Mexico,MEX,27.930012,-110.889986,103449,65544,Populated place
San Luis Potosí,Mexico,MEX,22.171922,-101.001941,992000,677704,Admin-1 capital
Matamoros,Mexico,MEX,25.879982,-97.500003,538785,364004,Populated place
Nuevo Laredo,Mexico,MEX,27.499987,-99.550007,349550,160755,Populated place
Colima,Mexico,MEX,19.229975,-103.72001,223287,127235,Admin-1 capital
Campeche,Mexico,MEX,19.82999,-90.499991,205212,202885,Admin-1 capital
Oaxaca,Mexico,MEX,17.08269,-96.66995,530728,262566,Admin-1 capital
León,Mexico,MEX,21.151933,-101.701976,1488000,1114626,Populated place
Maiduguri,Nigeria,NGA,11.851906,13.158067,896000,512460,Admin-1 capital
Port Harcourt,Nigeria,NGA,4.811948,7.008055,1020000,1020000,Admin-1 capital
Makurdi,Nigeria,NGA,7.729979,8.530011,292645,198090,Admin-1 capital
Ibadan,Nigeria,NGA,7.381972,3.928036,2628000,1814570,Admin-1 capital
Ogbomosho,Nigeria,NGA,8.131952,4.238043,951000,239127,Populated place
Warri,Nigeria,NGA,5.519959,5.76,830106,536023,Populated place
Kaduna,Nigeria,NGA,10.521961,7.438055,1442000,940593,Admin-1 capital
Gdańsk,Poland,POL,54.359975,18.64004,740000,455830,Admin-1 capital
Kraków,Poland,POL,50.061925,19.958066,756000,755050,Admin-1 capital
Dalandzadgad,Mongolia,MNG,43.583553,104.440281,15093,11889,Admin-1 capital
Wonsan,North Korea,PRK,39.16049,127.430816,329207,315643,Admin-1 capital
Sinuiju,North Korea,PRK,40.085859,124.421284,288112,46356,Admin-1 capital
Dund-Us,Mongolia,MNG,48.016642,91.633259,30500,22693,Admin-1 capital
Choibalsan,Mongolia,MNG,48.066587,114.506023,33376,33376,Admin-1 capital
Lüderitz,Namibia,NAM,-26.648,15.159426,15137,13295,Admin-1 capital
Walvis Bay,Namibia,NAM,-22.957528,14.505306,52058,46951,Populated place
Mwanza,Tanzania,TZA,-2.520015,32.930021,493944,436801,Admin-1 capital
Morogoro,Tanzania,TZA,-6.820011,37.660016,250902,234535,Admin-1 capital
Dodoma,Tanzania,TZA,-6.183306,35.750004,218269,180541,Admin-0 capital alt
Arusha,Tanzania,TZA,-3.360016,36.669999,341136,320074,Admin-1 capital
Bern,Switzerland,CHE,46.916683,7.466976,275329,121631,Admin-0 capital
Malmö,Sweden,SWE,55.583337,13.033302,269349,261548,Admin-1 capital
Laayoune,Morocco,MAR,27.149982,-13.200006,188084,176365,Admin-0 capital alt
Ternate,Indonesia,IDN,0.792961,127.363016,187521,101731,Populated place
Ambon,Indonesia,IDN,-3.716687,128.20002,355596,99526,Admin-1 capital
Raba,Indonesia,IDN,-8.449989,118.766642,106101,106101,Populated place
Jayapura,Indonesia,IDN,-2.532986,140.69998,169341,134895,Admin-1 capital
Florence,Italy,ITA,43.780001,11.25,1500000,371517,Admin-1 region capital
Catania,Italy,ITA,37.499971,15.079999,674542,291274,Populated place
Pristina,Kosovo,KOS,42.66671,21.165984,465186,198214,Admin-0 capital
Meru,Kenya,KEN,0.059982,37.640018,47226,47226,Populated place
Eldoret,Kenya,KEN,0.520006,35.269981,353381,218446,Populated place
Banda Aceh,Indonesia,IDN,5.549983,95.320011,513698,174433,Admin-1 capital
George Town,Malaysia,MYS,5.413613,100.329368,2500000,720202,Admin-1 capital
Zhangye,China,CHN,38.929987,100.450034,230728,96228,Populated place
Wuwei,China,CHN,37.928007,102.641011,493092,493092,Populated place
Dunhuang,China,CHN,40.142678,94.662015,140094,138356,Populated place
Tianshui,China,CHN,34.601964,105.918038,1225000,74767,Populated place
Dulan,China,CHN,36.16659,98.266601,100,0,Populated place
Golmud,China,CHN,36.416626,94.883345,107092,107092,Populated place
Yulin,China,CHN,22.63192,110.148064,1127000,148485,Populated place
Bose,China,CHN,23.899716,106.613327,175282,90603,Populated place
Wuzhou,China,CHN,23.480026,111.320016,442315,265846,Populated place
Liupanshui,China,CHN,26.596381,104.831386,1221000,551512,Populated place
Quanzhou,China,CHN,24.901962,118.578041,1463000,184143,Populated place
Hefei,China,CHN,31.851977,117.278068,2035000,1388904,Admin-1 capital
Suzhou,China,CHN,33.638057,116.976943,1964000,1964000,Populated place
Zhanjiang,China,CHN,21.20193,110.378076,1590000,637790,Populated place
Shaoguan,China,CHN,24.799971,113.579982,720266,628749,Populated place
Balikpapan,Indonesia,IDN,-1.250015,116.830016,445905,433866,Populated place
Kuching,Malaysia,MYS,1.52997,110.329999,570407,504963,Admin-1 capital
Antsiranana,Madagascar,MDG,-12.276502,49.311526,82937,69687,Admin-1 capital
Fianarantsoa,Madagascar,MDG,-21.433331,47.083265,184184,167227,Admin-1 capital
Mahajanga,Madagascar,MDG,-15.670014,46.345016,154657,135660,Admin-1 capital
Toliara,Madagascar,MDG,-23.356831,43.689984,115319,97237,Admin-1 capital
Surakarta,Indonesia,IDN,-7.564979,110.825008,555308,555308,Populated place
Bandar Lampung,Indonesia,IDN,-5.428073,105.268052,865000,726514,Admin-1 capital
Tanjung Pandan,Indonesia,IDN,-2.750027,107.650008,62374,60808,Populated place
Malang,Indonesia,IDN,-7.978046,112.608069,805000,746716,Populated place
Kupang,Indonesia,IDN,-10.178669,123.582989,282396,259200,Admin-1 capital
Parepare,Indonesia,IDN,-4.016668,119.633307,87776,87776,Populated place
Cuenca,Ecuador,ECU,-2.899992,-78.999995,286878,276964,Admin-1 capital
Santa Cruz,Ecuador,ECU,-0.533315,-90.35,11262,5033,Populated place
Limón,Costa Rica,CRI,10.000021,-83.03334,85001,63081,Admin-1 capital
Santiago de Cuba,Cuba,CUB,20.025017,-75.821326,555865,446063,Admin-1 capital
Santiago,Dominican Republic,DOM,19.50001,-70.670012,1550753,1391262,Admin-1 capital
Manizales,Colombia,COL,5.059987,-75.52,375848,357814,Admin-1 capital
Pasto,Colombia,COL,1.213607,-77.281107,382236,360041,Admin-1 capital
Barranquilla,Colombia,COL,10.961935,-74.801913,1798000,1244491,Admin-1 capital
Roseau,Dominica,DMA,15.301016,-61.387013,23336,16571,Admin-0 capital
Mbandaka,Congo (Kinshasa),COD,0.040035,18.260012,274996,184185,Admin-1 capital
Moundou,Chad,TCD,8.549981,16.090015,156705,135167,Admin-1 capital
Suez,Egypt,EGY,30.004976,32.549941,508335,488125,Populated place
Bur Said,Egypt,EGY,31.25999,32.290008,623864,500000,Admin-1 capital
El Faiyum,Egypt,EGY,29.310031,30.839967,316772,306393,Admin-1 capital
Aswan,Egypt,EGY,24.087508,32.898912,313442,241261,Admin-1 capital
Asyut,Egypt,EGY,27.18998,31.179947,420585,420585,Admin-1 capital
Kisangani,Congo (Kinshasa),COD,0.520006,25.22,578470,539158,Admin-1 capital
Assab,Eritrea,ERI,13.010019,42.729991,105496,105496,Admin-1 capital
Djibouti,Djibouti,DJI,11.595015,43.148002,923000,604013,Admin-0 capital
Dresden,Germany,DEU,51.049971,13.750003,617515,486854,Admin-1 capital
Xigaze,China,CHN,29.250009,88.88335,80000,38629,Populated place
Shache,China,CHN,38.426142,77.250003,851374,191291,Populated place
Yining,China,CHN,43.900019,81.350011,542507,403489,Populated place
Altay,China,CHN,47.866599,88.116626,142000,139341,Populated place
Putrajaya,Malaysia,MYS,2.91402,101.701947,67964,50000,Admin-0 capital alt
Shizuishan,China,CHN,39.233276,106.769028,136570,83078,Populated place
Yulin,China,CHN,38.283308,109.733291,155960,90870,Populated place
Ankang,China,CHN,32.679981,109.020002,1100000,950000,Populated place
Houma,China,CHN,35.619982,111.209997,102400,102400,Populated place
Yueyang,China,CHN,29.381999,113.098065,826000,826000,Populated place
Hengyang,China,CHN,26.881971,112.58807,1016000,759602,Populated place
Mianyang,China,CHN,31.471923,104.768031,1396000,264136,Populated place
Xichang,China,CHN,27.880015,102.299998,379993,126787,Populated place
Baoshan,China,CHN,25.119977,99.15001,1000000,850000,Populated place
Gejiu,China,CHN,23.37998,103.150076,149105,136135,Populated place
Shijiazhuang,China,CHN,38.051961,114.478033,2417000,1992474,Admin-1 capital
Handan,China,CHN,36.581921,114.478033,1631000,1358318,Populated place
Anshan,China,CHN,41.116967,122.938085,1639000,1199275,Populated place
Dalian,China,CHN,38.924784,121.627885,3167000,2035307,Populated place
Qingdao,China,CHN,36.091925,120.328063,2866000,1642245,Populated place
Linyi,China,CHN,35.081935,118.32803,2082000,270669,Populated place
Huaiyin,China,CHN,33.581949,119.028039,1264000,555230,Populated place
Wenzhou,China,CHN,28.021927,120.648147,2350000,865672,Populated place
Ningbo,China,CHN,29.881917,121.548092,1923000,719867,Populated place
Fukuoka,Japan,JPN,33.596961,130.408068,2792000,1392289,Admin-1 region capital
Miyazaki,Japan,JPN,31.918244,131.418376,324384,311203,Admin-1 capital
Naha,Japan,JPN,26.207172,127.672972,905238,317906,Admin-1 region capital
Kōchi,Japan,JPN,33.562433,133.537523,335570,310620,Admin-1 capital
Gorontalo,Indonesia,IDN,0.549978,123.070048,365497,144195,Populated place
Tongliao,China,CHN,43.621905,122.268048,884000,261110,Populated place
Hohhot,China,CHN,40.821921,111.65805,1726000,774477,Admin-1 capital
Chifeng,China,CHN,42.271961,118.948044,1277000,346654,Populated place
Ulan Hot,China,CHN,46.080016,122.080031,241894,165846,Populated place
Hailar,China,CHN,49.19998,119.700022,231171,211066,Populated place
Jiamusi,China,CHN,46.831967,130.348072,1020000,549549,Populated place
Bei'an,China,CHN,48.239005,126.482037,154936,154936,Populated place
Daqing,China,CHN,46.581905,124.998062,1693000,203488,Populated place
Jixi,China,CHN,45.301906,130.968085,965000,403759,Populated place
Nagoya,Japan,JPN,35.156943,136.913046,3230000,2191279,Admin-1 region capital
Nagano,Japan,JPN,36.649997,138.170005,594311,360176,Admin-1 capital
Kushiro,Japan,JPN,42.97496,144.374691,198566,183612,Populated place
Hakodate,Japan,JPN,41.79498,140.739978,302984,275730,Populated place
Kyoto,Japan,JPN,35.031938,135.748052,1805000,1459640,Admin-0 capital alt
Sendai,Japan,JPN,38.289052,141.019772,2250000,1037562,Admin-1 region capital
Sakata,Japan,JPN,38.920039,139.850058,100446,72569,Populated place
Bandundu,Congo (Kinshasa),COD,-3.309993,17.379962,118211,97784,Admin-1 capital
Kananga,Congo (Kinshasa),COD,-5.888096,22.398072,765000,463546,Admin-1 capital
Kasongo,Congo (Kinshasa),COD,-4.450027,26.660016,63000,55118,Populated place
Mbuji-Mayi,Congo (Kinshasa),COD,-6.148081,23.59805,1295000,874761,Admin-1 capital
Kalemie,Congo (Kinshasa),COD,-5.933296,29.200016,206257,146974,Populated place
Butembo,Congo (Kinshasa),COD,0.130004,29.280011,286403,154621,Populated place
Goma,Congo (Kinshasa),COD,-1.678799,29.221787,144124,144124,Admin-1 capital
Mzuzu,Malawi,MWI,-11.459987,34.01998,110201,110201,Admin-1 region capital
Blantyre,Malawi,MWI,-15.790007,34.989947,584877,584877,Admin-1 region capital
Quetzaltenango,Guatemala,GTM,14.829959,-91.520006,575263,224703,Admin-1 capital
Banjul,The Gambia,GMB,13.453877,-16.591702,43094,34589,Admin-0 capital
Faridabad,India,IND,28.435279,77.314721,1394000,1394000,Populated place
Srinagar,India,IND,34.101917,74.813064,1140000,975857,Admin-1 capital
Vijayawada,India,IND,16.521905,80.628057,1137000,874587,Populated place
Thiruvananthapuram,India,IND,8.50193,76.948075,954000,784153,Admin-1 capital
Kochi,India,IND,10.016953,76.22197,1519000,604696,Populated place
Cuttack,India,IND,20.470003,85.889941,580000,580000,Populated place
Hubballi,India,IND,15.361924,75.12307,890000,792804,Populated place
Mangaluru,India,IND,12.900025,74.849994,776632,417387,Populated place
Mysuru,India,IND,12.31193,76.658067,887000,868313,Populated place
Kalaburagi,India,IND,17.34996,76.820003,483615,481478,Populated place
Kolhapur,India,IND,16.7,74.220007,750000,561841,Populated place
Nanded,India,IND,19.169979,77.300026,623708,550564,Populated place
Akola,India,IND,20.709988,77.010018,503502,428857,Populated place
Guwahati,India,IND,26.161963,91.768049,983000,17516,Populated place
Kayes,Congo (Brazzaville),COG,-4.180018,13.280006,62521,58737,Populated place
Franceville,Gabon,GAB,-1.6333,13.583295,42967,39145,Admin-1 capital
Bordeaux,France,FRA,44.851959,-0.596959,803000,231844,Admin-1 region capital
Marseille,France,FRA,43.291925,5.373064,1400000,794811,Admin-1 region capital
Le Havre,France,FRA,49.504974,0.10497,242124,185972,Populated place
Gao,Mali,MLI,16.26659,-0.050008,116967,57978,Admin-1 capital
Coihaique,Chile,CHL,-45.569998,-72.070004,45787,40655,Admin-1 capital
Arica,Chile,CHL,-18.500022,-70.289984,185999,170894,Admin-1 capital
Copiapó,Chile,CHL,-27.359998,-70.339981,129280,105353,Admin-1 capital
La Serena,Chile,CHL,-29.899998,-71.249977,154521,148059,Admin-1 capital
Los Angeles,Chile,CHL,-37.460002,-72.359987,145239,125430,Populated place
Narsarsuaq,Greenland,GRL,61.166588,-45.416618,145,145,Populated place
Sisimiut,Greenland,GRL,66.950008,-53.666606,5227,5227,Populated place
Upernavik,Greenland,GRL,72.709367,-56.141675,1129,1129,Populated place
Qaanaaq,Greenland,GRL,77.483473,-69.332239,616,258,Admin-1 capital
Nouadhibou,Mauritania,MRT,20.900002,-17.056024,86738,86738,Admin-1 capital
Kayes,Mali,MLI,14.449982,-11.44001,77207,77207,Admin-1 capital
Ayoun el Atrous,Mauritania,MRT,16.666591,-9.616659,1423,1423,Admin-1 capital
Ségou,Mali,MLI,13.439992,-6.260016,122952,92552,Admin-1 capital
Skopje,North Macedonia,MKD,42.000006,21.433462,494087,474889,Admin-0 capital
Al Jawf,Libya,LBY,24.199982,23.289989,24132,24132,Populated place
Tmassa,Libya,LBY,26.366645,15.800007,500,200,Populated place
Misrata,Libya,LBY,32.379973,15.099998,386120,216200,Admin-1 capital
Zuwara,Libya,LBY,32.93441,12.079149,180310,67386,Populated place
Kirkuk,Iraq,IRQ,35.472239,44.392267,601433,508672,Admin-1 capital
Mosul,Iraq,IRQ,36.346948,43.143059,1316000,1140934,Admin-1 capital
Najaf,Iraq,IRQ,32.000332,44.335371,665552,560000,Admin-1 capital
Bahir Dar,Ethiopia,ETH,11.600053,37.383289,206748,168899,Populated place
Mekele,Ethiopia,ETH,13.499989,39.469983,95856,95856,Admin-1 capital
Dire Dawa,Ethiopia,ETH,9.589995,41.860018,252279,248372,Populated place
Rovaniemi,Finland,FIN,66.500035,25.715939,34781,25389,Admin-1 capital
Vaasa,Finland,FIN,63.099984,21.600015,57014,40846,Admin-1 capital
Tampere,Finland,FIN,61.500005,23.750013,259279,202687,Populated place
Aqtobe,Kazakhstan,KAZ,50.280018,57.169988,262457,258529,Admin-1 capital
Rudniy,Kazakhstan,KAZ,52.952697,63.130038,124000,84471,Populated place
Qyzylorda,Kazakhstan,KAZ,44.800016,65.464986,300000,126519,Admin-1 capital
Atyrau,Kazakhstan,KAZ,47.112692,51.920024,182753,158413,Admin-1 capital
Ekibastuz,Kazakhstan,KAZ,51.729981,75.31994,127868,121470,Populated place
Pavlodar,Kazakhstan,KAZ,52.299998,76.950021,329002,303506,Admin-1 capital
Semey,Kazakhstan,KAZ,50.434995,80.275038,311353,292780,Admin-1 capital
Oskemen,Kazakhstan,KAZ,49.990035,82.614947,319067,249634,Admin-1 capital
Yazd,Iran,IRN,31.920053,54.370004,477905,425942,Admin-1 capital
Ahvaz,Iran,IRN,31.281935,48.718067,996000,841145,Admin-1 capital
Basra,Iraq,IRQ,30.51547,47.811611,870000,870000,Admin-1 capital
Bandar-e-Abbas,Iran,IRN,27.20406,56.272136,461499,367508,Admin-1 capital
Hamadan,Iran,IRN,34.796027,48.515013,528256,330,Admin-1 capital
Tabriz,Iran,IRN,38.088237,46.2993,1413000,1196426,Admin-1 capital
Ludhiana,India,IND,30.929708,75.870312,1649000,1545368,Populated place
Kota,India,IND,25.181945,75.833053,827000,763088,Populated place
Jodhpur,India,IND,26.293712,73.014827,995000,921476,Populated place
Shymkent,Kazakhstan,KAZ,42.320012,69.595018,465392,414032,Admin-1 capital
Taraz,Kazakhstan,KAZ,42.899977,71.364987,358153,307294,Admin-1 capital
Lucknow,India,IND,26.856985,80.913053,2695000,2472011,Admin-1 capital
Saharanpur,India,IND,29.970017,77.550036,484873,484873,Populated place
Ranchi,India,IND,23.371952,85.328081,1044000,846454,Admin-1 capital
Bhagalpur,India,IND,25.229996,86.980003,361548,361548,Populated place
Raipur,India,IND,21.23694,81.633061,875000,679995,Admin-1 capital
Jabalpur,India,IND,23.177003,79.953112,1285000,1030168,Populated place
Indore,India,IND,22.717005,75.863077,2026000,1837041,Populated place
Puducherry,India,IND,11.934994,79.83,227411,227411,Admin-1 capital
Salem,India,IND,11.671943,78.178129,873000,778396,Populated place
Tiruchirappalli,India,IND,10.811944,78.688021,951000,775484,Populated place
Pointe-Noire,Congo (Brazzaville),COG,-4.770007,11.880039,659084,545797,Admin-1 capital
Kankan,Guinea,GIN,10.389998,-9.310011,114009,106906,Admin-1 capital
Nzérékoré,Guinea,GIN,7.760003,-8.829988,168121,132728,Admin-1 capital
Bouaké,Ivory Coast,CIV,7.689982,-5.030014,567481,454821,Admin-1 capital
St.-Denis,France,FRA,-20.878895,55.448078,190047,137195,Admin-1 capital
Rio Branco,Brazil,BRA,-9.966589,-67.800007,257642,257642,Admin-1 capital
São Luís,Brazil,BRA,-2.514039,-44.267937,1038000,11385,Admin-1 capital
Porto Velho,Brazil,BRA,-8.750023,-63.900012,306180,272889,Admin-1 capital
Alvorada,Brazil,BRA,-12.470002,-49.082002,10232,8314,Populated place
Corumbá,Brazil,BRA,-19.016011,-57.650006,96520,43551,Populated place
Belo Horizonte,Brazil,BRA,-19.91308,-43.91695,5575000,2373224,Admin-1 capital
Montes Claros,Brazil,BRA,-16.720027,-43.860021,332379,267665,Populated place
Uberlândia,Brazil,BRA,-18.899998,-48.279984,563536,406188,Populated place
Colíder,Brazil,BRA,-10.817287,-55.45058,27139,27139,Populated place
Alta Floresta,Brazil,BRA,-9.90003,-55.909983,40466,40466,Populated place
Cuiabá,Brazil,BRA,-15.567661,-56.086931,806000,400287,Admin-1 capital
Pelotas,Brazil,BRA,-31.750014,-52.330021,320674,277866,Populated place
Caxias do Sul,Brazil,BRA,-29.17999,-51.17004,381270,373891,Populated place
Ponta Grossa,Brazil,BRA,-25.090007,-50.16005,292177,250466,Populated place
Teresina,Brazil,BRA,-5.093055,-42.781955,907000,586721,Admin-1 capital
Maceió,Brazil,BRA,-9.61805,-35.73192,1186000,814431,Admin-1 capital
Vitória da Conquista,Brazil,BRA,-14.850012,-40.839998,308204,236437,Populated place
Barreiras,Brazil,BRA,-12.139997,-45.000003,158292,14199,Populated place
Vila Velha,Brazil,BRA,-20.367608,-40.317989,1209091,275736,Populated place
Natal,Brazil,BRA,-5.778077,-35.24195,1088000,763043,Admin-1 capital
Thompson,Canada,CAN,55.749942,-97.866621,13727,12467,Populated place
Brandon,Canada,CAN,49.833275,-99.949982,28418,26234,Populated place
Fort Smith,Canada,CAN,60.000019,-111.883336,518,518,Populated place
Fort McMurray,Canada,CAN,56.733319,-111.383315,21863,21863,Populated place
Peace River,Canada,CAN,56.233323,-117.283291,5340,4689,Populated place
Fort St. John,Canada,CAN,56.249989,-120.833281,18776,17402,Populated place
Iqaluit,Canada,CAN,63.750459,-68.500192,6124,6124,Admin-1 capital
Cambridge Bay,Canada,CAN,69.116956,-105.033315,1477,1477,Populated place
Kugluktuk,Canada,CAN,67.798663,-115.12535,1302,1302,Populated place
Chesterfield Inlet,Canada,CAN,63.33829,-90.700082,374,374,Populated place
Arviat,Canada,CAN,61.108592,-94.058607,1868,1868,Populated place
Taloyoak,Canada,CAN,69.533313,-93.53332,774,774,Populated place
Igloolik,Canada,CAN,69.256535,-81.793592,1612,1612,Populated place
Dawson City,Canada,CAN,64.066644,-139.416669,1319,1319,Populated place
Timmins,Canada,CAN,48.466588,-81.333315,34974,32901,Populated place
North Bay,Canada,CAN,46.300002,-79.449993,50170,41807,Populated place
Kuujjuarapik,Canada,CAN,55.281495,-77.765832,1243,1243,Populated place
Kuujjuaq,Canada,CAN,58.100005,-68.399996,1273,1273,Populated place
Sydney,Canada,CAN,46.066115,-60.179981,37538,37538,Populated place
Labrador City,Canada,CAN,52.941431,-66.915875,10313,7367,Populated place
Ebolowa,Cameroon,CMR,2.900016,11.150007,87875,79500,Admin-1 capital
Bambari,Central African Republic,CAF,5.76196,20.667203,62098,32547,Admin-1 capital
Venice,Italy,ITA,45.438659,12.334999,270816,270816,Admin-1 region capital
El Calafate,Argentina,ARG,-50.333324,-72.300016,8000,4658,Populated place
San Juan,Argentina,ARG,-31.550026,-68.519988,447048,420736,Admin-1 capital
Rawson,Argentina,ARG,-43.300007,-65.099991,26335,23790,Admin-1 capital
Neuquén,Argentina,ARG,-38.95004,-68.059991,242092,185555,Admin-1 capital
Trinidad,Bolivia,BOL,-14.833372,-64.899977,84259,54408,Admin-1 capital
Santa Rosa,Argentina,ARG,-36.620001,-64.299988,111424,83963,Admin-1 capital
Bariloche,Argentina,ARG,-41.149957,-71.3,95394,88512,Populated place
Salta,Argentina,ARG,-24.783359,-65.416638,512686,456606,Admin-1 capital
Tucumán,Argentina,ARG,-26.814054,-65.21857,830000,527607,Admin-1 capital
Formosa,Argentina,ARG,-26.172835,-58.182816,221383,183161,Admin-1 capital
Santa Fe,Argentina,ARG,-31.623872,-60.690001,489505,297503,Admin-1 capital
Rosario,Argentina,ARG,-32.949184,-60.668254,1203000,986569,Populated place
Campinas,Brazil,BRA,-22.898066,-47.101976,2791000,1031554,Populated place
Sorocaba,Brazil,BRA,-23.490002,-47.469981,563281,558862,Populated place
Ribeirão Preto,Brazil,BRA,-21.17004,-47.829985,551267,490281,Populated place
Petrolina,Brazil,BRA,-9.38001,-40.509967,260985,194650,Populated place
Bamenda,Cameroon,CMR,5.959984,10.150016,445299,393835,Admin-1 capital
Garoua,Cameroon,CMR,9.300012,13.390025,436899,293974,Admin-1 capital
Herat,Afghanistan,AFG,34.330009,62.169993,481009,397456,Admin-1 capital
Mazar-i-Sharif,Afghanistan,AFG,36.699994,67.100028,458151,272714,Admin-1 capital
Battambang,Cambodia,KHM,13.100013,103.200047,154773,150444,Admin-1 capital
Siem Reap,Cambodia,KHM,13.366638,103.850033,109398,85000,Admin-1 capital
Malanje,Angola,AGO,-9.54,16.340026,125856,87046,Admin-1 capital
Benguela,Angola,AGO,-12.578265,13.407233,151226,132808,Admin-1 capital
Lubango,Angola,AGO,-14.910009,13.490019,125632,102541,Admin-1 capital
Moçâmedes,Angola,AGO,-15.190043,12.160022,132900,123361,Admin-1 capital
Tarija,Bolivia,BOL,-21.516685,-64.749986,159269,151757,Admin-1 capital
Bridgetown,Barbados,BRB,13.102003,-59.616527,191152,96578,Admin-0 capital
Annaba,Algeria,DZA,36.920006,7.759981,503524,206570,Admin-1 capital
Parakou,Benin,BEN,9.34001,2.620036,188853,163753,Admin-1 capital
Porto-Novo,Benin,BEN,6.483311,2.616626,300000,234168,Admin-0 capital alt
Constantine,Algeria,DZA,36.359989,6.599948,605179,450097,Admin-1 capital
Brest,Belarus,BLR,52.099984,23.69999,300715,232835,Admin-1 capital
Khulna,Bangladesh,BGD,22.841933,89.558055,1553000,1342339,Admin-1 capital
Francistown,Botswana,BWA,-21.17004,27.500016,89979,88380,Admin-1 capital
Mahalapye,Botswana,BWA,-23.1,26.820006,50744,44471,Populated place
Serowe,Botswana,BWA,-22.390017,26.710039,48573,47419,Admin-1 capital
Katherine,Australia,AUS,-14.466625,132.266593,10141,6202,Populated place
Busselton,Australia,AUS,-33.65641,115.348659,10214,8976,Populated place
Mandurah,Australia,AUS,-32.523483,115.747057,73356,32376,Populated place
Broome,Australia,AUS,-17.961771,122.230768,13218,10563,Populated place
Kalgoorlie,Australia,AUS,-30.735399,121.460018,36852,27264,Populated place
Albany,Australia,AUS,-35.016947,117.891605,26445,23913,Populated place
Port Hedland,Australia,AUS,-20.310402,118.606032,14288,3706,Populated place
Karratha,Australia,AUS,-20.730377,116.870013,16796,16476,Populated place
Geraldton,Australia,AUS,-28.76663,114.599971,27258,26872,Populated place
Griffith,Australia,AUS,-34.290014,146.040016,15455,7874,Populated place
Orange,Australia,AUS,-33.279998,149.099984,39329,34087,Populated place
Dubbo,Australia,AUS,-32.259957,148.597327,31574,29361,Populated place
Armidale,Australia,AUS,-30.512312,151.667476,22673,20914,Populated place
Broken Hill,Australia,AUS,-31.94995,141.433114,17395,17070,Populated place
Port Lincoln,Australia,AUS,-34.733243,135.86658,13630,11247,Populated place
Whyalla,Australia,AUS,-33.025027,137.561412,22559,19645,Populated place
Portland,Australia,AUS,-38.34,141.590003,11808,8841,Populated place
Bendigo,Australia,AUS,-36.759993,144.28002,81657,55923,Populated place
Wangaratta,Australia,AUS,-36.360017,146.3,14022,8717,Populated place
Windorah,Australia,AUS,-25.433242,142.650197,158,158,Populated place
Mount Isa,Australia,AUS,-20.723866,139.490028,33200,21992,Populated place
Rockhampton,Australia,AUS,-23.363911,150.520001,65850,52199,Populated place
Cairns,Australia,AUS,-16.88784,145.763331,154225,109989,Populated place
Gold Coast,Australia,AUS,-28.081504,153.448246,527660,332249,Populated place
Devonport,Australia,AUS,-41.192668,146.331102,19317,16548,Populated place
Bobo Dioulasso,Burkina Faso,BFA,11.179975,-4.289981,360106,331964,Admin-1 capital
Rajshahi,Bangladesh,BGD,24.37693,88.603074,810000,700133,Admin-1 capital
Mandalay,Myanmar,MMR,21.971934,96.083083,1300000,1034000,Admin-1 capital
Sittwe,Myanmar,MMR,20.139997,92.880005,179032,177743,Admin-1 capital
Bujumbura,Burundi,BDI,-3.376087,29.360006,331700,331700,Admin-0 capital
Pago Pago,American Samoa,ASM,-14.276611,-170.706645,12576,11500,Admin-0 region capital
Kingstown,Saint Vincent and the Grenadines,VCT,13.148279,-61.212062,49485,24518,Admin-0 capital
Castries,Saint Lucia,LCA,14.001974,-61.000008,37963,10634,Admin-0 capital
Basseterre,Saint Kitts and Nevis,KNA,17.302031,-62.717009,21887,15500,Admin-0 capital
Las Palmas,Spain,ESP,28.099976,-15.429999,378495,350941,Admin-1 capital
Berbera,Somaliland,SOL,10.43555,45.016415,242344,114470,Populated place
Port Louis,Mauritius,MUS,-20.166639,57.499994,595491,148416,Admin-0 capital
Gaza City,Palestine,PSX,31.529999,34.445019,505700,449221,Admin-0 region capital
Saint George's,Grenada,GRD,12.052633,-61.741643,33734,27343,Admin-0 capital
Papeete,French Polynesia,PYF,-17.533363,-149.566669,131695,26017,Admin-0 region capital
Manama,Bahrain,BHR,26.236136,50.583052,563920,157474,Admin-0 capital
Freeport,The Bahamas,BHS,26.533276,-78.700013,25383,25383,Populated place
Saint John's,Antigua and Barbuda,ATG,17.118037,-61.850034,35499,24226,Admin-0 capital
Magong,Taiwan,TWN,23.566667,119.583333,56435,56435,Admin-1 capital
Taichung,Taiwan,TWN,24.152078,120.681667,2629323,1040725,Admin-1 capital
Napier,New Zealand,NZL,-39.490001,176.926451,57800,57800,Admin-1 capital
Manukau,New Zealand,NZL,-36.99997,174.884971,375600,375600,Populated place
Hamilton,New Zealand,NZL,-37.778269,175.289578,148200,148200,Admin-1 capital
Blenheim,New Zealand,NZL,-41.513517,173.954958,30300,30300,Populated place
Dunedin,New Zealand,NZL,-45.885423,170.491016,117700,117700,Admin-1 capital
Leh,India,IND,34.161559,77.572291,30870,30870,Admin-1 capital
Amaravati,India,IND,16.533658,80.52432,5800000,103000,Admin-1 capital
Kozhikode,India,IND,11.252382,75.768044,953000,439922,Populated place
Bhubaneswar,India,IND,20.272374,85.825415,844000,762243,Admin-1 capital
Jamshedpur,India,IND,22.789481,86.195573,1300000,616338,Populated place
Montevideo,Uruguay,URY,-34.856096,-56.172998,1513000,5324,Admin-0 capital
Helena,United States of America,USA,46.592749,-112.035291,38725,27340,Admin-1 capital
Bismarck,United States of America,USA,46.808317,-100.783316,63871,56706,Admin-1 capital
Boise,United States of America,USA,43.60859,-116.22749,338071,145987,Admin-1 capital
San Jose,United States of America,USA,37.301929,-121.851935,1668000,894943,Populated place
Sacramento,United States of America,USA,38.576967,-121.471984,1604000,467898,Admin-1 capital
Las Vegas,United States of America,USA,36.211944,-115.221952,1823000,478434,Populated place
Santa Fe,United States of America,USA,35.686929,-105.937239,92681,69205,Admin-1 capital
Portland,United States of America,USA,45.52197,-122.681936,1875000,540513,Populated place
Salt Lake City,United States of America,USA,40.776962,-111.931998,966000,178026,Admin-1 capital
Cheyenne,United States of America,USA,41.140007,-104.819711,72927,55443,Admin-1 capital
Des Moines,United States of America,USA,41.57998,-93.619981,380655,193180,Admin-1 capital
Omaha,United States of America,USA,41.240001,-96.00999,877110,408958,Populated place
Oklahoma City,United States of America,USA,35.471989,-97.520629,788000,532950,Admin-1 capital
Pierre,United States of America,USA,44.368337,-100.350552,13879,13590,Admin-1 capital
San Antonio,United States of America,USA,29.489279,-98.509251,1473000,1256810,Populated place
San Cristóbal,Venezuela,VEN,7.770003,-72.249968,438798,246583,Admin-1 capital
Valencia,Venezuela,VEN,10.231927,-67.981967,1770000,1369053,Admin-1 capital
Jackson,United States of America,USA,32.298815,-90.184997,250902,176696,Admin-1 capital
Raleigh,United States of America,USA,35.818781,-78.644693,1163515,416468,Admin-1 capital
Cleveland,United States of America,USA,41.471933,-81.696944,1890000,449514,Populated place
Cincinnati,United States of America,USA,39.163831,-84.458869,1636000,306382,Populated place
Nashville,United States of America,USA,36.17192,-86.781931,877000,530852,Admin-1 capital
Memphis,United States of America,USA,35.121933,-90.001941,1081000,426687,Populated place
Norfolk,United States of America,USA,36.849959,-76.280006,1047869,242803,Populated place
Milwaukee,United States of America,USA,43.054601,-87.921913,1388000,579180,Populated place
Buffalo,United States of America,USA,42.881924,-78.881948,1016000,279557,Populated place
Pittsburgh,United States of America,USA,40.431945,-80.001931,1838000,1232535,Populated place
Ciudad Guayana,Venezuela,VEN,8.370018,-62.619987,746535,522100,Populated place
Lomé,Togo,TGO,6.133883,1.220811,1452000,749700,Admin-0 capital
Tunis,Tunisia,TUN,36.802778,10.179678,2412500,728453,Admin-0 capital
Kodiak,United States of America,USA,57.789998,-152.406987,9461,6148,Populated place
Cold Bay,United States of America,USA,55.200001,-162.715092,200,108,Populated place
Bethel,United States of America,USA,60.793303,-161.755796,6228,4653,Populated place
Point Hope,United States of America,USA,68.347726,-166.80802,461,461,Populated place
Utqiaġvik,United States of America,USA,71.29057,-156.78858,4336,2488,Populated place
Nome,United States of America,USA,64.5061,-165.406374,3485,2557,Populated place
Valdez,United States of America,USA,61.135996,-146.348287,4036,2530,Populated place
Juneau,United States of America,USA,58.314127,-134.419997,30711,21633,Admin-1 capital
Fairbanks,United States of America,USA,64.836984,-147.710659,56993,30224,Populated place
Prudhoe Bay,United States of America,USA,70.292181,-148.66936,2500,2174,Populated place
Sevastopol,Russia,RUS,44.599977,33.464975,379200,314465,Admin-1 capital
Abu Dhabi,United Arab Emirates,ARE,24.466684,54.366593,603492,560230,Admin-0 capital
Ashgabat,Turkmenistan,TKM,37.949995,58.383299,727700,577982,Admin-0 capital
Samarkand,Uzbekistan,UZB,39.670019,66.944999,708000,596300,Admin-1 capital
Lusaka,Zambia,ZMB,-15.414698,28.281382,1328000,1267440,Admin-0 capital
Harare,Zimbabwe,ZWE,-17.815844,31.042764,1572000,1542813,Admin-0 capital
Bulawayo,Zimbabwe,ZWE,-20.169998,28.580002,699385,694807,Admin-1 capital
Dili,East Timor,TLS,-8.559388,125.579456,234331,193563,Admin-0 capital
Port Vila,Vanuatu,VUT,-17.73335,168.316641,44040,35901,Admin-0 capital
Tegucigalpa,Honduras,HND,14.103991,-87.219475,946000,850848,Admin-0 capital
Georgetown,Guyana,GUY,6.801974,-58.167029,264350,235017,Admin-0 capital
Reykjavík,Iceland,ISL,64.150024,-21.950015,166212,113906,Admin-0 capital
Port-au-Prince,Haiti,HTI,18.542971,-72.33798,1998000,1234742,Admin-0 capital
Glasgow,United Kingdom,GBR,55.876351,-4.252653,1160000,610268,Populated place
Kampala,Uganda,UGA,0.318605,32.581378,1420000,1353189,Admin-0 capital
Aden,Yemen,YEM,12.779723,45.00949,1000000,550602,Admin-1 capital
Paramaribo,Suriname,SUR,5.83503,-55.167031,254169,223757,Admin-0 capital
Seville,Spain,ESP,37.405015,-5.980007,1212045,703021,Admin-1 capital
Zinder,Niger,NER,13.799996,8.983317,230358,191424,Admin-1 capital
Niamey,Niger,NER,13.518652,2.11471,915000,742791,Admin-0 capital
Port Sudan,Sudan,SDN,19.615791,37.216426,489725,489725,Admin-1 capital
Dushanbe,Tajikistan,TJK,38.560035,68.773879,1086244,679400,Admin-0 capital
Cusco,Peru,PER,-13.525029,-71.972155,361182,312140,Admin-1 capital
Tacna,Peru,PER,-18.000001,-70.250012,280098,241987,Admin-1 capital
Trujillo,Peru,PER,-8.120035,-79.019968,765171,276921,Admin-1 capital
Ica,Peru,PER,-14.067993,-75.725492,279420,246844,Admin-1 capital
Asunción,Paraguay,PRY,-25.294457,-57.643451,1870000,11693,Admin-0 capital
Managua,Nicaragua,NIC,12.154962,-86.270438,920000,920000,Admin-0 capital
Freetown,Sierra Leone,SLE,8.471957,-13.236162,827000,13768,Admin-0 capital
Agadez,Niger,NER,16.995873,7.98281,117770,88561,Admin-1 capital
Nyala,Sudan,SDN,12.059973,24.889995,392373,392373,Admin-1 capital
Wau,South Sudan,SSD,7.699981,27.989961,127384,70932,Admin-1 region capital
Dongola,Sudan,SDN,19.166594,30.483297,26404,26404,Admin-1 region capital
Kassala,Sudan,SDN,15.459972,36.390016,401477,339521,Admin-1 capital
Tromsø,Norway,NOR,69.635076,18.992025,52436,45365,Admin-1 capital
Trondheim,Norway,NOR,63.416658,10.416666,147139,141533,Admin-1 capital
Bergen,Norway,NOR,60.391002,5.324522,213585,187194,Admin-1 capital
Islamabad,Pakistan,PAK,33.701942,73.164689,780000,601600,Admin-0 capital
Multan,Pakistan,PAK,30.201923,71.453062,1522000,1437230,Populated place
Hyderabad,Pakistan,PAK,25.381933,68.373043,1459000,1386330,Populated place
Peshawar,Pakistan,PAK,34.006962,71.533057,1303000,1218773,Admin-1 capital
Kathmandu,Nepal,NPL,27.718638,85.314696,895000,895000,Admin-0 capital
Nacala,Mozambique,MOZ,-14.518611,40.715024,224795,199630,Populated place
Bloemfontein,South Africa,ZAF,-29.119994,26.229913,463064,456669,Admin-0 capital
Pretoria,South Africa,ZAF,-25.704975,28.227483,1338000,1338000,Admin-0 capital
Port Moresby,Papua New Guinea,PNG,-9.464708,147.192504,283733,251136,Admin-0 capital
Honiara,Solomon Islands,SLB,-9.437994,159.949766,76328,56298,Admin-0 capital
Panama City,Panama,PAN,8.969963,-79.534983,1281000,408168,Admin-0 capital
Fez,Morocco,MAR,34.056546,-5.002323,1002000,964891,Admin-1 capital
Rabat,Morocco,MAR,34.025307,-6.836408,1705000,1655753,Admin-0 capital
Marrakesh,Morocco,MAR,31.631939,-8.001933,872000,839296,Admin-1 capital
Chișinău,Moldova,MDA,47.005024,28.857711,688134,635994,Admin-0 capital
Beira,Mozambique,MOZ,-19.820045,34.870006,530604,483789,Admin-1 capital
Port Elizabeth,South Africa,ZAF,-33.968088,25.598083,1021000,640054,Populated place
Maputo,Mozambique,MOZ,-25.953332,32.587217,1446000,1191613,Admin-0 capital
Tomsk,Russia,RUS,56.494987,84.975009,535479,408421,Admin-1 capital
Anadyr,Russia,RUS,64.73699,177.474996,10332,10332,Admin-1 capital
Murmansk,Russia,RUS,68.969988,33.100036,319263,224253,Admin-1 capital
Archangel,Russia,RUS,64.574959,40.545008,356051,234322,Admin-1 capital
Nizhny Novgorod,Russia,RUS,56.334953,43.998149,1278000,1214926,Admin-1 capital
Volgograd,Russia,RUS,48.711956,44.498015,984000,619655,Admin-1 capital
Ufa,Russia,RUS,54.791921,56.038085,1018000,920756,Admin-1 capital
Yekaterinburg,Russia,RUS,56.851976,60.598014,1313000,1227976,Admin-1 capital
Samara,Russia,RUS,53.196953,50.149349,1137000,856190,Admin-1 capital
Kazan,Russia,RUS,55.751888,49.124399,1115000,912270,Admin-1 capital
Surgut,Russia,RUS,61.259942,73.425017,400000,306703,Populated place
Barnaul,Russia,RUS,53.354998,83.745007,599579,539843,Admin-1 capital
Novosibirsk,Russia,RUS,55.031906,82.958096,1389000,1037201,Admin-1 capital
Mogadishu,Somalia,SOM,2.068627,45.364732,1100000,875388,Admin-0 capital
Muscat,Oman,OMN,23.613325,58.593312,734697,586861,Admin-0 capital
Colombo,Sri Lanka,LKA,6.931966,79.857751,217000,217000,Admin-0 capital
Cebu,Philippines,PHL,10.321922,123.898129,815000,798634,Populated place
Iloilo,Philippines,PHL,10.705043,122.545016,387681,387681,Populated place
Davao,Philippines,PHL,7.111963,125.62805,1402000,1212504,Populated place
Bratsk,Russia,RUS,56.156997,101.615027,246348,21462,Populated place
Irkutsk,Russia,RUS,52.319971,104.245048,586695,557955,Admin-1 capital
Krasnoyarsk,Russia,RUS,56.015929,92.864055,925000,302210,Admin-1 capital
Dikson,Russia,RUS,73.506972,80.545099,1113,1113,Populated place
Chita,Russia,RUS,52.055026,113.465002,308500,277807,Admin-1 capital
Vladivostok,Russia,RUS,43.130015,131.910026,587022,586212,Admin-1 capital
Nizhneyansk,Russia,RUS,71.433326,136.066619,400,391,Populated place
Yakutsk,Russia,RUS,62.034959,129.735016,235600,206026,Admin-1 capital
Tiksi,Russia,RUS,71.626886,128.834967,5700,5700,Populated place
Magadan,Russia,RUS,59.57498,150.810009,95282,87161,Admin-1 capital
Tijuana,Mexico,MEX,32.501963,-117.081942,1553000,1376457,Populated place
Chihuahua,Mexico,MEX,28.646927,-106.086928,793000,708267,Admin-1 capital
Mazatlán,Mexico,MEX,23.221101,-106.420001,368204,354717,Populated place
Tampico,Mexico,MEX,22.30002,-97.870006,859419,297284,Populated place
Acapulco,Mexico,MEX,16.849991,-99.915979,715584,652136,Populated place
Veracruz,Mexico,MEX,19.177342,-96.159981,578963,568313,Populated place
Tuxtla Gutiérrez,Mexico,MEX,16.749997,-93.15001,481128,466310,Admin-1 capital
Cancún,Mexico,MEX,21.16996,-86.830008,542043,436862,Populated place
Mérida,Mexico,MEX,20.968585,-89.618579,965000,717175,Admin-1 capital
Enugu,Nigeria,NGA,6.450031,7.499997,688862,688862,Admin-1 capital
Sokoto,Nigeria,NGA,13.060016,5.240031,732178,563861,Admin-1 capital
Perm,Russia,RUS,58.001906,56.248047,997000,851308,Admin-1 capital
Erdenet,Mongolia,MNG,49.053297,104.118337,79647,79647,Admin-1 capital
Ulaanbaatar,Mongolia,MNG,47.918619,106.91467,885000,769612,Admin-0 capital
Mbeya,Tanzania,TZA,-8.890014,33.430042,291649,232062,Admin-1 capital
Windhoek,Namibia,NAM,-22.570006,17.083546,268132,262796,Admin-0 capital
Grootfontein,Namibia,NAM,-19.566624,18.116558,24099,14200,Populated place
Zanzibar,Tanzania,TZA,-6.16,39.200026,403658,373220,Admin-1 capital
Valencia,Spain,ESP,39.486963,-0.401958,808000,805304,Admin-1 capital
Palana,Russia,RUS,59.084002,159.95002,3671,3671,Admin-1 capital
Petropavlovsk-Kamchatsky,Russia,RUS,53.061992,158.62302,187282,177259,Admin-1 capital
Abuja,Nigeria,NGA,9.085279,7.531382,1576000,162135,Admin-0 capital
Padang,Indonesia,IDN,-0.958061,100.358068,855000,840352,Admin-1 capital
Bissau,Guinea Bissau,GNB,11.865024,-15.598361,403339,388028,Admin-0 capital
Palermo,Italy,ITA,38.126969,13.348081,863000,672175,Admin-1 region capital
Amman,Jordan,JOR,31.951971,35.931354,1060000,1060000,Admin-0 capital
Vilnius,Lithuania,LTU,54.683366,25.316635,542366,507029,Admin-0 capital
Riga,Latvia,LVA,56.950024,24.099965,742572,705033,Admin-0 capital
Bishkek,Kyrgyzstan,KGZ,42.875025,74.583258,837000,804212,Admin-0 capital
Jiayuguan,China,CHN,39.82001,98.299984,148279,122396,Populated place
Xining,China,CHN,36.621945,101.768059,1048000,767531,Admin-1 capital
Guilin,China,CHN,25.281939,110.278082,987000,649352,Populated place
Huainan,China,CHN,32.63193,116.978035,1451000,1027655,Populated place
Shantou,China,CHN,23.371952,116.66808,1601000,1333973,Populated place
Tarakan,Indonesia,IDN,3.300017,117.633016,193069,97478,Populated place
Mombasa,Kenya,KEN,-4.03808,39.687972,882000,799668,Admin-1 capital
Maseru,Lesotho,LSO,-29.316674,27.483273,361324,118355,Admin-0 capital
Antananarivo,Madagascar,MDG,-18.914692,47.514678,1697000,1391433,Admin-0 capital
Semarang,Indonesia,IDN,-6.964672,110.418074,1396000,1288084,Admin-1 capital
Palembang,Indonesia,IDN,-2.978093,104.748084,1749000,1441500,Admin-1 capital
Bandjarmasin,Indonesia,IDN,-3.329992,114.580076,603576,572837,Admin-1 capital
Makassar,Indonesia,IDN,-5.138013,119.430082,1262000,1262000,Admin-1 capital
Lyon,France,FRA,45.771954,4.828085,1423000,472317,Admin-1 region capital
Quito,Ecuador,ECU,-0.213042,-78.501997,1701000,1399814,Admin-0 capital
San José,Costa Rica,CRI,9.936958,-84.085997,1284000,1724,Admin-0 capital
San Salvador,El Salvador,SLV,13.711948,-89.204987,1433000,2807,Admin-0 capital
Kingston,Jamaica,JAM,17.977077,-76.767434,937700,664973,Admin-0 capital
Cartagena,Colombia,COL,10.401684,-75.516339,887000,887000,Admin-1 capital
Mitú,Colombia,COL,1.198311,-70.173608,5917,5917,Admin-1 capital
Bumba,Congo (Kinshasa),COD,2.189981,22.459962,160539,95520,Populated place
N'Djamena,Chad,TCD,12.115042,15.047203,989000,681387,Admin-0 capital
Abéché,Chad,TCD,13.839994,20.829984,158317,74188,Admin-1 capital
Malabo,Equatorial Guinea,GNQ,3.750015,8.783278,155963,155963,Admin-0 capital
Luxor,Egypt,EGY,25.700019,32.650038,609248,487896,Populated place
Asmara,Eritrea,ERI,15.333339,38.933324,620802,563930,Admin-0 capital
Zagreb,Croatia,HRV,45.800007,15.999995,722526,698966,Admin-0 capital
Tallinn,Estonia,EST,59.433877,24.728041,394024,340027,Admin-0 capital
Lhasa,China,CHN,29.645024,91.10001,219599,118721,Admin-1 capital
Hami,China,CHN,42.826984,93.515005,580000,137072,Populated place
Hotan,China,CHN,37.099711,79.926945,408894,114000,Populated place
Kashgar,China,CHN,39.476336,75.969926,506640,400225,Populated place
Yinchuan,China,CHN,38.46992,106.271092,991000,324228,Admin-1 capital
Pingxiang,China,CHN,27.621951,113.848097,961000,372123,Populated place
Nagasaki,Japan,JPN,32.764988,129.885033,435455,410204,Admin-1 capital
Qiqihar,China,CHN,47.346923,123.988046,1641000,882364,Populated place
Kikwit,Congo (Kinshasa),COD,-5.030043,18.850002,637736,294210,Populated place
Matadi,Congo (Kinshasa),COD,-5.81661,13.450021,245862,180109,Admin-1 capital
Kolwezi,Congo (Kinshasa),COD,-10.716724,25.47244,418000,418000,Admin-1 capital
Lubumbashi,Congo (Kinshasa),COD,-11.678079,27.478072,1352000,876634,Admin-1 capital
Lilongwe,Malawi,MWI,-13.983295,33.783302,646750,646750,Admin-0 capital
Guatemala City,Guatemala,GTM,14.623081,-90.528911,1024000,994938,Admin-0 capital
Cayenne,France,FRA,4.932992,-52.330021,61550,52809,Admin-1 capital
Libreville,Gabon,GAB,0.385389,9.457965,578156,483355,Admin-0 capital
Vishakhapatnam,India,IND,17.731961,83.303036,1529000,1063178,Populated place
Suva,Fiji,FJI,-18.133016,178.441707,175399,88271,Admin-0 capital
Port-Gentil,Gabon,GAB,-0.720022,8.780022,116836,109163,Admin-1 capital
Timbuktu,Mali,MLI,16.766585,-3.016597,68872,68872,Admin-1 capital
Punta Arenas,Chile,CHL,-53.164986,-70.939996,117430,95162,Admin-1 capital
Iquique,Chile,CHL,-20.249993,-70.129968,227499,218525,Admin-1 capital
Antofagasta,Chile,CHL,-23.649992,-70.400003,309832,281246,Admin-1 capital
Valparaíso,Chile,CHL,-33.045819,-71.62296,854000,15938,Admin-0 capital alt
Valdivia,Chile,CHL,-39.795001,-73.245023,159599,133419,Admin-1 capital
Concepción,Chile,CHL,-36.830014,-73.050022,889725,212003,Admin-1 capital
Puerto Montt,Chile,CHL,-41.469989,-72.929978,174629,160054,Admin-1 capital
Nuuk,Greenland,GRL,64.198282,-51.732659,14798,14798,Admin-0 region capital
Nouakchott,Mauritania,MRT,18.086427,-15.97534,742144,661400,Admin-0 capital
Bamako,Mali,MLI,12.651961,-8.001985,1494000,1297281,Admin-0 capital
Atar,Mauritania,MRT,20.51664,-13.049989,44265,44265,Admin-1 capital
Djenné,Mali,MLI,13.89999,-4.549991,32944,22382,Populated place
Sabha,Libya,LBY,27.033271,14.43332,100249,100249,Admin-1 capital
Banghazi,Libya,LBY,32.118679,20.064777,1180000,582374,Admin-1 capital
Thessaloniki,Greece,GRC,40.698052,22.883055,828000,354290,Admin-1 capital
Beirut,Lebanon,LBN,33.873921,35.507762,1846000,1712125,Admin-0 capital
Tbilisi,Georgia,GEO,41.726956,44.78885,1100000,1005257,Admin-0 capital
Gondar,Ethiopia,ETH,12.610043,37.460028,156230,153914,Admin-1 capital
Nur-Sultan,Kazakhstan,KAZ,51.181125,71.427774,345604,325021,Admin-0 capital
Qaraghandy,Kazakhstan,KAZ,49.884977,73.11501,451800,304747,Admin-1 capital
Almaty,Kazakhstan,KAZ,43.326936,76.91309,1209000,983512,Admin-1 capital
Isfahan,Iran,IRN,32.701951,51.698092,1628000,1517766,Admin-1 capital
Shiraz,Iran,IRN,29.631906,52.568065,1240000,1240000,Admin-1 capital
Amritsar,India,IND,31.641938,74.868047,1212000,1092450,Populated place
Varanasi,India,IND,25.331936,82.998094,1352000,1164404,Populated place
Asansol,India,IND,23.685279,86.981387,1328000,1328000,Populated place
Bhilai,India,IND,21.218613,81.431387,1097000,1097000,Populated place
Bhopal,India,IND,23.251934,77.408047,1727000,1599914,Admin-1 capital
Madurai,India,IND,9.921972,78.118081,1294000,909908,Populated place
Coimbatore,India,IND,11.001906,76.948075,1696000,959823,Populated place
Vientiane,Laos,LAO,17.966693,102.59998,754000,570348,Admin-0 capital
Brazzaville,Congo (Brazzaville),COG,-4.25724,15.282744,1355000,1163890,Admin-0 capital
Conakry,Guinea,GIN,9.533469,-13.682181,1494000,1494000,Admin-0 capital
Yamoussoukro,Ivory Coast,CIV,6.818381,-5.275503,206499,194530,Admin-0 capital
Cruzeiro do Sul,Brazil,BRA,-7.629988,-72.669968,56862,56862,Populated place
Leticia,Colombia,COL,-4.201207,-69.955261,59575,32450,Admin-1 capital
Manaus,Brazil,BRA,-3.098086,-60.001963,1753000,1520244,Admin-1 capital
Caxias,Brazil,BRA,-4.833001,-43.350026,134640,134640,Populated place
Santarém,Brazil,BRA,-2.433251,-54.699979,230428,189047,Populated place
Marabá,Brazil,BRA,-5.349972,-49.115979,166182,166182,Populated place
Vilhena,Brazil,BRA,-12.716602,-60.1166,63231,63231,Populated place
Ji-Paraná,Brazil,BRA,-10.833307,-61.967003,65016,65016,Populated place
Campo Grande,Brazil,BRA,-20.448086,-54.618571,778000,597446,Admin-1 capital
Florianópolis,Brazil,BRA,-27.578039,-48.521966,1023000,114566,Admin-1 capital
Feira de Santana,Brazil,BRA,-12.250016,-38.970009,481911,416478,Populated place
Winnipeg,Canada,CAN,49.882988,-97.165992,632063,575313,Admin-1 capital
Churchill,Canada,CAN,58.765985,-94.165994,1000,923,Populated place
Regina,Canada,CAN,50.450033,-104.61701,176183,176183,Admin-1 capital
Saskatoon,Canada,CAN,52.170031,-106.669985,198958,189193,Populated place
Calgary,Canada,CAN,51.084938,-114.081944,1110000,915322,Populated place
Prince Rupert,Canada,CAN,54.31667,-130.329988,14708,14708,Populated place
Victoria,Canada,CAN,48.433283,-123.350001,289625,251358,Admin-1 capital
Arctic Bay,Canada,CAN,73.033306,-85.166621,604,604,Populated place
Resolute,Canada,CAN,74.683334,-94.900006,250,229,Populated place
Naujaat,Canada,CAN,66.529467,-86.282935,1000,748,Populated place
Yellowknife,Canada,CAN,62.442014,-114.396981,19234,18083,Admin-1 capital
Fort Good Hope,Canada,CAN,66.266613,-128.633322,597,597,Populated place
Whitehorse,Canada,CAN,60.716719,-135.049984,23276,23272,Admin-1 capital
Boa Vista,Brazil,BRA,2.816093,-60.665998,235150,169449,Admin-1 capital
Macapá,Brazil,BRA,0.033007,-51.050021,499166,368397,Admin-1 capital
Ottawa,Canada,CAN,45.418643,-75.701961,1145000,812129,Admin-0 capital
Fort Severn,Canada,CAN,55.983339,-87.649984,125,125,Populated place
Thunder Bay,Canada,CAN,48.44615,-89.274975,99334,97374,Populated place
Québec,Canada,CAN,46.839969,-71.24561,624177,528595,Admin-1 capital
Halifax,Canada,CAN,44.650025,-63.600005,359111,222874,Admin-1 capital
St. John's,Canada,CAN,47.584988,-52.681007,131469,99182,Admin-1 capital
Nain,Canada,CAN,56.547352,-61.686045,1151,1151,Populated place
Charlottetown,Canada,CAN,46.249282,-63.131325,42402,31293,Admin-1 capital
N'Délé,Central African Republic,CAF,8.409137,20.653044,11764,2947,Admin-1 capital
Belgrade,Serbia,SRB,44.820591,20.466045,1099000,1099000,Admin-0 capital
Obo,Central African Republic,CAF,5.399992,26.500026,12887,12787,Admin-1 capital
Bandar Seri Begawan,Brunei,BRN,4.883331,114.933284,296500,140000,Admin-0 capital
Puerto Deseado,Argentina,ARG,-47.75002,-65.899968,3305,3305,Populated place
Río Gallegos,Argentina,ARG,-51.633297,-69.216587,85700,68666,Admin-1 capital
Comodoro Rivadavia,Argentina,ARG,-45.870031,-67.499999,140850,105732,Populated place
Mendoza,Argentina,ARG,-32.881384,-68.818557,893000,762630,Admin-1 capital
Sucre,Bolivia,BOL,-19.040971,-65.259516,224838,221736,Admin-0 capital
Riberalta,Bolivia,BOL,-10.983013,-66.100007,74014,74014,Populated place
Bahía Blanca,Argentina,ARG,-38.740027,-62.265021,281536,276546,Populated place
Mar del Plata,Argentina,ARG,-38.00002,-57.579984,555897,553935,Populated place
Córdoba,Argentina,ARG,-31.398012,-64.18424,1452000,1296935,Admin-1 capital
Posadas,Argentina,ARG,-27.357832,-55.885107,357119,312060,Admin-1 capital
Belmopan,Belize,BLZ,17.252034,-88.767073,15220,13381,Admin-0 capital
Bangui,Central African Republic,CAF,4.366644,18.558288,831925,622771,Admin-0 capital
Maroua,Cameroon,CMR,10.595566,14.324696,319941,201371,Admin-1 capital
Yaoundé,Cameroon,CMR,3.868647,11.514705,1611000,1060587,Admin-0 capital
Tirana,Albania,ALB,41.327541,19.818883,895350,421286,Admin-0 capital
Yerevan,Armenia,ARM,40.183097,44.511606,1102000,1093485,Admin-0 capital
Baku,Azerbaijan,AZE,40.397218,49.860271,2122300,1892000,Admin-0 capital
Kandahar,Afghanistan,AFG,31.61002,65.694946,715542,512200,Admin-1 capital
Phnom Penh,Cambodia,KHM,11.551976,104.914689,1466000,1466000,Admin-0 capital
Menongue,Angola,AGO,-14.666613,17.699994,13030,13030,Admin-1 capital
Huambo,Angola,AGO,-12.74804,15.758064,1100000,872000,Admin-1 capital
La Paz,Bolivia,BOL,-16.496028,-68.151931,1590000,812799,Admin-0 capital
Santa Cruz,Bolivia,BOL,-17.751972,-63.227942,2102998,1616063,Admin-1 capital
Oran,Algeria,DZA,35.711948,-0.621919,798000,645984,Populated place
Cotonou,Benin,BEN,6.401954,2.518045,762000,690584,Admin-0 capital
Tamanrasset,Algeria,DZA,22.785003,5.522805,76000,67616,Admin-1 capital
Ghardaia,Algeria,DZA,32.489992,3.669998,125480,125480,Populated place
Sofia,Bulgaria,BGR,42.685295,23.314708,1185000,874827,Admin-0 capital
Minsk,Belarus,BLR,53.901923,27.564681,1805000,1577138,Admin-0 capital
Thimphu,Bhutan,BTN,27.472986,89.639014,98676,79185,Admin-0 capital
Gaborone,Botswana,BWA,-24.646314,25.911948,208411,159243,Admin-0 capital
Darwin,Australia,AUS,-12.425354,130.850039,93080,72866,Admin-1 capital
Alice Springs,Australia,AUS,-23.700997,133.880035,27710,26188,Populated place
Canberra,Australia,AUS,-35.283029,149.129026,327700,234032,Admin-0 capital
Newcastle,Australia,AUS,-32.845348,151.815012,540796,322278,Populated place
Adelaide,Australia,AUS,-34.933042,138.598059,1145000,836354,Admin-1 capital
Townsville,Australia,AUS,-19.24995,146.769997,138954,119470,Populated place
Brisbane,Australia,AUS,-27.453085,153.033147,1860000,926353,Admin-1 capital
Hobart,Australia,AUS,-42.850009,147.29503,80870,47700,Admin-1 capital
Ouagadougou,Burkina Faso,BFA,12.372262,-1.52667,1149000,835457,Admin-0 capital
Sarajevo,Bosnia and Herzegovina,BIH,43.850022,18.383002,696731,628902,Admin-0 capital
Naypyidaw,Myanmar,MMR,19.768503,96.116673,930000,194824,Admin-0 capital
San Juan,Puerto Rico,PRI,18.440023,-66.129979,2478905,395326,Admin-1 capital
Stanley,Falkland Islands,FLK,-51.700011,-57.849968,2213,2213,Admin-0 region capital
Hamilton,Bermuda,BMU,32.29419,-64.783937,52320,13500,Admin-0 region capital
Nuku'alofa,Tonga,TON,-21.138512,-175.220565,42620,23658,Admin-0 capital
Hargeisa,Somaliland,SOL,9.560022,44.06531,477876,247018,Admin-0 capital
Victoria,Seychelles,SYC,-4.616632,55.44999,33576,22881,Admin-0 capital
São Tomé,Sao Tome and Principe,STP,0.333402,6.733325,88219,56166,Admin-0 capital
Apia,Samoa,WSM,-13.841545,-171.738642,61916,37708,Admin-0 capital
Valletta,Malta,MLT,35.899733,14.514711,368250,6966,Admin-0 capital
Malé,Maldives,MDV,4.166708,73.499948,112927,103693,Admin-0 capital
Jerusalem,Israel,ISR,31.778408,35.206626,1029300,801000,Admin-0 capital
Praia,Cape Verde,CPV,14.916698,-23.516689,113364,88859,Admin-0 capital
Nassau,The Bahamas,BHS,25.08339,-77.350044,227940,160966,Admin-0 capital
Nicosia,Cyprus,CYP,35.166677,33.366635,224300,200452,Admin-0 capital
Kaohsiung,Taiwan,TWN,22.633307,120.266602,2769072,1519711,Admin-1 capital
Wellington,New Zealand,NZL,-41.299988,174.783266,393400,393400,Admin-0 capital
Christchurch,New Zealand,NZL,-43.535022,172.630023,363200,363200,Admin-1 capital
Shenzhen,China,CHN,22.554316,114.120177,7581000,1002592,Populated place
Zibo,China,CHN,36.801934,118.048047,3061000,669770,Populated place
Minneapolis,United States of America,USA,44.981925,-93.253732,2616000,367773,Populated place
Honolulu,United States of America,USA,21.308822,-157.859944,786000,371657,Admin-1 capital
Seattle,United States of America,USA,47.571948,-122.341931,3074000,569369,Populated place
Phoenix,United States of America,USA,33.541926,-112.071938,3551000,1321045,Admin-1 capital
San Diego,United States of America,USA,32.82197,-117.181936,2916000,961141,Populated place
St. Louis,United States of America,USA,38.636964,-90.241926,2199000,320916,Populated place
New Orleans,United States of America,USA,29.996948,-90.041913,785000,269857,Populated place
Dallas,United States of America,USA,32.82197,-96.841963,4798000,1211704,Populated place
Maracaibo,Venezuela,VEN,10.731923,-71.661924,2072000,1457300,Admin-1 capital
Boston,United States of America,USA,42.331906,-71.07196,4467000,589141,Admin-1 capital
Tampa,United States of America,USA,27.948934,-82.460567,2314000,324465,Populated place
Philadelphia,United States of America,USA,40.001919,-75.171942,5492000,1517550,Populated place
Detroit,United States of America,USA,42.331906,-83.082002,4101000,951270,Populated place
Anchorage,United States of America,USA,61.21997,-149.900215,260283,243853,Populated place
Hanoi,Vietnam,VNM,21.035273,105.848068,4378000,1431270,Admin-0 capital
Ho Chi Minh City,Vietnam,VNM,10.781971,106.693081,5314000,3467331,Admin-1 capital
Ankara,Turkey,TUR,39.929184,32.862446,3716000,3307379,Admin-0 capital
Budapest,Hungary,HUN,47.501952,19.081375,1679000,1679000,Admin-0 capital
Sanaa,Yemen,YEM,15.356679,44.204648,2008000,1835853,Admin-0 capital
Barcelona,Spain,ESP,41.385245,2.181425,4920000,1581595,Admin-1 capital
Bucharest,Romania,ROU,44.435318,26.098001,1942000,1742194,Admin-0 capital
Aleppo,Syria,SYR,36.231917,37.168074,2738000,1602264,Populated place
Damascus,Syria,SYR,33.50198,36.29805,2466000,2466000,Admin-0 capital
Zürich,Switzerland,CHE,47.381934,8.548064,1108000,341730,Admin-1 capital
Lisbon,Portugal,PRT,38.724669,-9.146812,2812000,517802,Admin-0 capital
Khartoum,Sudan,SDN,15.590024,32.532233,4754000,1974647,Admin-0 capital
Jeddah,Saudi Arabia,SAU,21.518835,39.217252,3012000,2867446,Populated place
Makkah,Saudi Arabia,SAU,21.431967,39.818094,1385000,1323624,Populated place
Oslo,Norway,NOR,59.918636,10.748033,835000,580000,Admin-0 capital
Lahore,Pakistan,PAK,31.561917,74.348079,6577000,6310888,Admin-1 capital
Karachi,Pakistan,PAK,24.871938,66.988063,12130000,11624219,Admin-1 capital
Durban,South Africa,ZAF,-29.863067,30.978065,2729000,2729000,Populated place
St.  Petersburg,Russia,RUS,59.94096,30.314074,4553000,3493212,Admin-1 capital
Guadalajara,Mexico,MEX,20.671962,-103.33198,4198000,1640589,Admin-1 capital
Puebla,Mexico,MEX,19.051906,-98.201983,2195000,1392099,Admin-1 capital
Kano,Nigeria,NGA,12.001923,8.518092,3140000,3140000,Admin-1 capital
Warsaw,Poland,POL,52.251947,20.998054,1707000,1702139,Admin-0 capital
Pyongyang,North Korea,PRK,39.021385,125.752745,3300000,2498797,Admin-0 capital
Dar es Salaam,Tanzania,TZA,-6.798067,39.266396,2930000,2698652,Admin-0 capital
Medan,Indonesia,IDN,3.58192,98.648094,2115000,1750971,Admin-1 capital
Dublin,Ireland,IRL,53.335007,-6.250852,1059000,968976,Admin-0 capital
Monrovia,Liberia,LBR,6.314582,-10.79966,1041000,785662,Admin-0 capital
Naples,Italy,ITA,40.841971,14.243066,2250000,988972,Admin-1 region capital
Milan,Italy,ITA,45.471921,9.203063,2945000,1306661,Admin-1 region capital
Kuala Lumpur,Malaysia,MYS,3.168612,101.698037,1448000,1448000,Admin-0 capital
Lanzhou,China,CHN,36.057974,103.790054,2561000,2004218,Admin-1 capital
Nanning,China,CHN,22.821934,108.318099,2167000,803788,Admin-1 capital
Guiyang,China,CHN,26.581989,106.718093,3662000,1171633,Admin-1 capital
Chongqing,China,CHN,29.566923,106.593036,6461000,3967028,Admin-1 capital
Fuzhou,China,CHN,26.081942,119.2981,2606000,1179720,Admin-1 capital
Guangzhou,China,CHN,23.146927,113.323064,8829000,3152825,Admin-1 capital
Dongguan,China,CHN,23.050835,113.742776,4528000,4528000,Populated place
Bandung,Indonesia,IDN,-6.948083,107.568067,2394000,1699719,Admin-1 capital
Surabaya,Indonesia,IDN,-7.24729,112.748887,2845000,2374658,Admin-1 capital
Guayaquil,Ecuador,ECU,-2.218088,-79.921988,2514000,1952029,Admin-1 capital
Medellín,Colombia,COL,6.276949,-75.576956,3297000,1999979,Admin-1 capital
Cali,Colombia,COL,3.401905,-76.501912,2254000,2178836,Admin-1 capital
Havana,Cuba,CUB,23.133905,-82.366128,2174000,1990917,Admin-0 capital
Alexandria,Egypt,EGY,31.201965,29.94805,4165000,3811516,Populated place
Frankfurt,Germany,DEU,50.099977,8.675015,2895000,679664,Populated place
Hamburg,Germany,DEU,53.551971,9.998053,1757000,1739117,Admin-1 capital
Munich,Germany,DEU,48.131888,11.573048,1275000,1260391,Admin-1 capital
Prague,Czechia,CZE,50.085283,14.464034,1162000,2087,Admin-0 capital
Kuwait City,Kuwait,KWT,29.371664,47.976355,2063000,60064,Admin-0 capital
Xian,China,CHN,34.276971,108.89305,4009000,3225812,Admin-1 capital
Taiyuan,China,CHN,37.876958,112.543112,2913000,2722475,Admin-1 capital
Wuhan,China,CHN,30.581977,114.268071,7243000,4184206,Admin-1 capital
Changsha,China,CHN,28.201916,112.968047,2604000,2073938,Admin-1 capital
Kunming,China,CHN,25.071926,102.678029,2931000,1023674,Admin-1 capital
Zhengzhou,China,CHN,34.756942,113.663147,2636000,2014125,Admin-1 capital
Shenyeng,China,CHN,41.806925,123.448028,4787000,3512192,Admin-1 capital
Jinan,China,CHN,36.676928,116.993073,2798000,2069266,Admin-1 capital
Tianjin,China,CHN,39.131972,117.198073,7180000,3766207,Admin-1 capital
Nanchang,China,CHN,28.681938,115.87805,2350000,1871351,Admin-1 capital
Nanjing,China,CHN,32.051965,118.778029,3679000,3087010,Admin-1 capital
Hangzhou,China,CHN,30.25192,120.168073,3007000,1878129,Admin-1 capital
Hiroshima,Japan,JPN,34.389781,132.440967,2045000,1143841,Admin-1 region capital
Changchun,China,CHN,43.866954,125.338042,3183000,2537421,Admin-1 capital
Baotou,China,CHN,40.654153,109.820074,2036000,423329,Populated place
Harbin,China,CHN,45.75193,126.648039,3621000,3229883,Admin-1 capital
Sapporo,Japan,JPN,43.076925,141.338099,2544000,1861786,Admin-1 region capital
Santo Domingo,Dominican Republic,DOM,18.472019,-69.902031,2154000,2873,Admin-0 capital
Accra,Ghana,GHA,5.551981,-0.218662,2121000,1963264,Admin-0 capital
Delhi,India,IND,28.671939,77.228058,15926000,7633213,Populated place
Hyderabad,India,IND,17.401929,78.478008,6376000,3597816,Admin-1 capital
Pune,India,IND,18.531963,73.848058,4672000,2935744,Populated place
Nagpur,India,IND,21.171906,79.088048,2454000,2228018,Populated place
Tripoli,Libya,LBY,32.8925,13.180012,2189000,229398,Admin-0 capital
Tel Aviv,Israel,ISR,32.081937,34.768066,3112000,378358,Admin-0 capital alt
Helsinki,Finland,FIN,60.177509,24.932181,1115000,558457,Admin-0 capital
Mashhad,Iran,IRN,36.271966,59.568051,2469000,2167253,Admin-1 capital
Jaipur,India,IND,26.923079,75.808042,2917000,2711758,Admin-1 capital
Kanpur,India,IND,26.461945,80.31805,3162000,2823249,Populated place
Patna,India,IND,25.626905,85.128093,2158000,1599920,Admin-1 capital
Chennai,India,IND,13.091934,80.278053,7163000,4328063,Admin-1 capital
Ahmedabad,India,IND,23.031999,72.578058,5375000,3719710,Populated place
Surat,India,IND,21.20193,72.838094,3842000,2894504,Populated place
København,Denmark,DNK,55.68051,12.56154,1085000,1085000,Admin-0 capital
Abidjan,Ivory Coast,CIV,5.321943,-4.041994,3802000,3190395,Admin-0 capital
Belém,Brazil,BRA,-1.448057,-48.481969,2167000,1407737,Admin-1 capital
Brasília,Brazil,BRA,-15.781394,-47.917998,3716996,2562963,Admin-0 capital
Porto Alegre,Brazil,BRA,-30.048069,-51.201958,3917000,1372741,Admin-1 capital
Curitiba,Brazil,BRA,-25.418067,-49.321944,3084000,1498860,Admin-1 capital
Fortaleza,Brazil,BRA,-3.748072,-38.581927,3602319,2315116,Admin-1 capital
Salvador,Brazil,BRA,-12.968026,-38.481933,3484000,2678845,Admin-1 capital
Edmonton,Canada,CAN,53.551971,-113.501928,1058000,712391,Admin-1 capital
Montréal,Canada,CAN,45.501945,-73.585243,3678000,2356556,Populated place
Goiânia,Brazil,BRA,-16.718081,-49.301971,2022000,1171195,Admin-1 capital
Recife,Brazil,BRA,-8.0737,-34.917551,3651000,1478098,Admin-1 capital
Brussels,Belgium,BEL,50.835263,4.331371,1743000,1019022,Admin-0 capital
Dhaka,Bangladesh,BGD,23.725006,90.406634,12797394,7000940,Admin-0 capital
Luanda,Angola,AGO,-8.83634,13.232481,5172900,1951272,Admin-0 capital
Algiers,Algeria,DZA,36.765011,3.048607,3354000,1977663,Admin-0 capital
Chattogram,Bangladesh,BGD,22.331938,91.798022,4529000,3920222,Admin-1 capital
Perth,Australia,AUS,-31.953069,115.838053,1532000,880216,Admin-1 capital
Yangon,Myanmar,MMR,16.7853,96.164732,4088000,3301820,Admin-0 capital
San Francisco,United States of America,USA,37.769196,-122.417169,3450000,732072,Populated place
Denver,United States of America,USA,39.741134,-104.985962,2313000,1548599,Admin-1 capital
Houston,United States of America,USA,29.82192,-95.341925,4459000,3647574,Populated place
Miami,United States of America,USA,25.789557,-80.226052,5585000,382894,Populated place
Atlanta,United States of America,USA,33.83196,-84.401895,4506000,422908,Admin-1 capital
Chicago,United States of America,USA,41.831937,-87.752001,8990000,2841952,Populated place
Caracas,Venezuela,VEN,10.502944,-66.918983,2985000,1815679,Admin-0 capital
Kyiv,Ukraine,UKR,50.435313,30.514682,2709000,1662508,Admin-0 capital
Dubai,United Arab Emirates,ARE,25.231942,55.278029,1379000,1137347,Admin-1 capital
Tashkent,Uzbekistan,UZB,41.313648,69.292987,2184000,1978028,Admin-0 capital
Madrid,Spain,ESP,40.401972,-3.685298,5567000,50437,Admin-0 capital
Geneva,Switzerland,CHE,46.210008,6.140028,1240000,192385,Admin-1 capital
Stockholm,Sweden,SWE,59.352706,18.095389,1264000,1253309,Admin-0 capital
Bangkok,Thailand,THA,13.751945,100.514699,6704000,5104476,Admin-0 capital
Lima,Peru,PER,-12.046067,-77.052008,8012000,6758234,Admin-0 capital
Dakar,Senegal,SEN,14.717778,-17.475076,2604000,2476400,Admin-0 capital
Johannesburg,South Africa,ZAF,-26.168099,28.028064,3435000,2026469,Admin-0 capital
Amsterdam,Netherlands,NLD,52.351915,4.914694,1031000,741636,Admin-0 capital
Casablanca,Morocco,MAR,33.601922,-7.618313,3181000,3144909,Admin-1 capital
Seoul,South Korea,KOR,37.568295,126.997785,9796000,9796000,Admin-0 capital
Manila,Philippines,PHL,14.606105,120.980271,11100000,3077575,Admin-0 capital
Monterrey,Mexico,MEX,25.671941,-100.331931,3712000,1122874,Admin-1 capital
Berlin,Germany,DEU,52.523765,13.399603,3406000,3094014,Admin-0 capital
Ürümqi,China,CHN,43.806958,87.57306,3575000,1508225,Admin-1 capital
Chengdu,China,CHN,30.671946,104.068074,4123000,3950437,Admin-1 capital
Ōsaka,Japan,JPN,34.751981,135.458199,11294000,2592413,Admin-1 region capital
Kinshasa,Congo (Kinshasa),COD,-4.327778,15.313026,7843000,5565703,Admin-0 capital
New Delhi,India,IND,28.600023,77.19998,317797,317797,Admin-0 capital
Bengaluru,India,IND,12.971941,77.558064,6787000,5104047,Admin-1 capital
Athens,Greece,GRC,37.985272,23.731375,3242000,729137,Admin-0 capital
Baghdad,Iraq,IRQ,33.340594,44.391923,5054000,5054000,Admin-0 capital
Addis Ababa,Ethiopia,ETH,9.035256,38.698059,3100000,2757729,Admin-0 capital
Tehran,Iran,IRN,35.673889,51.422398,7873000,7153309,Admin-0 capital
Vancouver,Canada,CAN,49.275362,-123.12359,2313328,603502,Populated place
Toronto,Canada,CAN,43.701926,-79.421967,5213000,3934421,Admin-1 capital
Buenos Aires,Argentina,ARG,-34.600556,-58.399477,12795000,10929146,Admin-0 capital
Kabul,Afghanistan,AFG,34.518636,69.181314,3277000,3043532,Admin-0 capital
Vienna,Austria,AUT,48.201961,16.364693,2400000,1731000,Admin-0 capital
Melbourne,Australia,AUS,-37.818086,144.97307,4170000,93625,Admin-1 capital
Taipei,Taiwan,TWN,25.035833,121.568333,6900273,2618772,Admin-0 capital
Auckland,New Zealand,NZL,-36.848055,174.763027,1377200,395982,Admin-1 capital
Los Angeles,United States of America,USA,33.991924,-118.181926,12500000,3694820,Populated place
"Washington,  D.C.",United States of America,USA,38.901495,-77.011364,4338000,552433,Admin-0 capital
New York,United States of America,USA,40.751925,-73.981963,19040000,8008278,Populated place
London,United Kingdom,GBR,51.501941,-0.118668,8567000,7421209,Admin-0 capital
Istanbul,Turkey,TUR,41.106942,29.008056,10061000,9945610,Admin-1 capital
Riyadh,Saudi Arabia,SAU,24.642779,46.770796,4465000,4205961,Admin-0 capital
Cape Town,South Africa,ZAF,-33.918065,18.433042,3215000,2432858,Admin-0 capital
Moscow,Russia,RUS,55.75411,37.613577,10452000,10452000,Admin-0 capital
Mexico City,Mexico,MEX,19.444388,-99.132934,19028000,10811002,Admin-0 capital
Lagos,Nigeria,NGA,6.445208,3.389585,9466000,1536,Admin-0 capital alt
Rome,Italy,ITA,41.897902,12.481313,3339000,35452,Admin-0 capital
Beijing,China,CHN,39.930838,116.38634,11106000,7480601,Admin-0 capital
Nairobi,Kenya,KEN,-1.281401,36.814711,3010000,2750547,Admin-0 capital
Jakarta,Indonesia,IDN,-6.172472,106.827492,9125000,8540121,Admin-0 capital
Bogota,Colombia,COL,4.598369,-74.08529,7772000,6333661,Admin-0 capital
Cairo,Egypt,EGY,30.051906,31.248022,11893000,7734614,Admin-0 capital
Shanghai,China,CHN,31.218398,121.434559,14987000,14608512,Admin-1 capital
Tokyo,Japan,JPN,35.686963,139.749462,35676000,8336599,Admin-0 capital
Mumbai,India,IND,19.018936,72.855043,18978000,12691836,Admin-1 capital
Paris,France,FRA,48.868639,2.33139,9904000,11177,Admin-0 capital
Santiago,Chile,CHL,-33.448068,-70.668987,5720000,46611,Admin-0 capital
Kolkata,India,IND,22.496915,88.32273,14787000,4631392,Admin-1 capital
Rio de Janeiro,Brazil,BRA,-22.923077,-43.226967,11748000,2010175,Admin-1 capital
São Paulo,Brazil,BRA,-23.556734,-46.626966,18845000,10021295,Admin-1 capital
Sydney,Australia,AUS,-33.918065,151.183234,4630000,3641422,Admin-1 capital
Singapore,Singapore,SGP,1.294979,103.853875,5183700,3289529,Admin-0 capital
Hong Kong,Hong Kong S.A.R.,HKG,22.306927,114.183064,7206000,4551579,Admin-0 region capital
