lat_center,lon_center,population
77.500,-70.500,60
77.500,-69.500,524
77.500,14.500,106
77.500,15.500,136
77.500,16.500,2237
77.500,104.500,111
76.500,-82.500,154
76.500,-68.500,122
76.500,-65.500,54
76.500,24.500,17
76.500,25.500,91
76.500,68.500,80
76.500,107.500,17
75.500,112.500,6
74.500,-94.500,253
74.500,-57.500,619
74.500,18.500,247
74.500,19.500,103
74.500,56.500,9
74.500,110.500,32
74.500,112.500,63
73.500,-85.500,973
73.500,-84.500,11
73.500,-56.500,416
73.500,-55.500,46
73.500,53.500,53
73.500,54.500,607
73.500,56.500,16
73.500,70.500,26
73.500,80.500,6150
73.500,81.500,30
73.500,86.500,5
73.500,90.500,5
73.500,108.500,110
73.500,109.500,10
73.500,110.500,719
73.500,111.500,3
73.500,113.500,4
73.500,126.500,16
73.500,127.500,2
73.500,128.500,9
72.500,-77.500,1831
72.500,-56.500,1053
72.500,-55.500,514
72.500,52.500,16
72.500,55.500,5
72.500,68.500,5
72.500,72.500,2
72.500,75.500,2
72.500,76.500,2
72.500,78.500,2
72.500,83.500,6
72.500,102.500,82
72.500,105.500,2
72.500,112.500,2
72.500,113.500,3920
72.500,114.500,4
72.500,119.500,31
72.500,120.500,5
72.500,121.500,308
72.500,122.500,1
72.500,125.500,2
72.500,126.500,38
72.500,127.500,1
72.500,128.500,147
72.500,129.500,929
71.500,-177.500,13
71.500,-156.500,4681
71.500,-125.500,116
71.500,-53.500,130
71.500,-51.500,123
71.500,23.500,3
71.500,24.500,319
71.500,25.500,345
71.500,27.500,772
71.500,28.500,75
71.500,52.500,1428
71.500,53.500,21
71.500,66.500,340
71.500,71.500,310
71.500,72.500,3920
71.500,81.500,124
71.500,82.500,50
71.500,83.500,111
71.500,89.500,2
71.500,92.500,163
71.500,95.500,1
71.500,99.500,331
71.500,101.500,101
71.500,102.500,2790
71.500,103.500,58
71.500,110.500,12
71.500,114.500,422
71.500,123.500,17
71.500,127.500,24
71.500,128.500,6695
71.500,129.500,9
71.500,132.500,117
71.500,135.500,3
71.500,136.500,258
71.500,137.500,30
71.500,138.500,18
71.500,139.500,21
71.500,141.500,56
71.500,149.500,220
71.500,150.500,162
71.500,156.500,2
70.500,-160.500,614
70.500,-159.500,4
70.500,-157.500,259
70.500,-156.500,4
70.500,-151.500,288
70.500,-150.500,281
70.500,-149.500,574
70.500,-148.500,1962
70.500,-147.500,155
70.500,-146.500,37
70.500,-143.500,266
70.500,-117.500,416
70.500,-68.500,1104
70.500,-53.500,50
70.500,-52.500,1355
70.500,-51.500,611
70.500,-21.500,402
70.500,-8.500,40
70.500,18.500,44
70.500,19.500,956
70.500,20.500,2955
70.500,21.500,381
70.500,22.500,1879
70.500,23.500,11396
70.500,24.500,4077
70.500,25.500,3231
70.500,26.500,358
70.500,27.500,1507
70.500,28.500,3467
70.500,29.500,9033
70.500,30.500,414
70.500,31.500,1771
70.500,53.500,20
70.500,54.500,5
70.500,57.500,3
70.500,68.500,3083
70.500,69.500,2
70.500,72.500,1224
70.500,74.500,25
70.500,78.500,191
70.500,82.500,471
70.500,83.500,226
70.500,88.500,19
70.500,94.500,402
70.500,112.500,77
70.500,113.500,218
70.500,121.500,5
70.500,126.500,56
70.500,127.500,380
70.500,129.500,13
70.500,130.500,171
70.500,133.500,38
70.500,134.500,921
70.500,135.500,656
70.500,136.500,34
70.500,140.500,111
70.500,141.500,66
70.500,144.500,59
70.500,147.500,2293
70.500,148.500,51
70.500,150.500,33
70.500,151.500,160
70.500,153.500,33
70.500,154.500,3
70.500,158.500,1
70.500,159.500,3
70.500,161.500,1
70.500,170.500,122
69.500,-163.500,210
69.500,-147.500,2
69.500,-133.500,883
69.500,-132.500,1
69.500,-124.500,324
69.500,-105.500,1952
69.500,-93.500,1091
69.500,-81.500,1719
69.500,-53.500,858
69.500,-51.500,4584
69.500,15.500,771
69.500,16.500,4217
69.500,17.500,9048
69.500,18.500,78491
69.500,19.500,20590
69.500,20.500,8352
69.500,21.500,3630
69.500,22.500,1104
69.500,23.500,21832
69.500,24.500,216
69.500,25.500,3408
69.500,26.500,139
69.500,27.500,904
69.500,28.500,129
69.500,29.500,3187
69.500,30.500,35240
69.500,31.500,6088
69.500,32.500,17706
69.500,33.500,136521
69.500,34.500,80
69.500,35.500,997
69.500,36.500,450
69.500,49.500,30
69.500,50.500,2
69.500,60.500,12
69.500,61.500,1175
69.500,62.500,3
69.500,64.500,22
69.500,66.500,3
69.500,68.500,8
69.500,70.500,4
69.500,76.500,941
69.500,81.500,850
69.500,82.500,8
69.500,83.500,6
69.500,84.500,2717
69.500,85.500,35
69.500,86.500,17920
69.500,87.500,10213
69.500,88.500,102433
69.500,90.500,14
69.500,91.500,18
69.500,122.500,245
69.500,125.500,70
69.500,132.500,272
69.500,134.500,5
69.500,135.500,125
69.500,139.500,5648
69.500,140.500,7
69.500,141.500,187
69.500,143.500,5
69.500,145.500,7
69.500,146.500,58
69.500,147.500,198
69.500,149.500,3
69.500,151.500,22
69.500,152.500,2
69.500,153.500,4
69.500,154.500,64
69.500,155.500,84
69.500,156.500,2
69.500,157.500,3
69.500,159.500,80
69.500,160.500,112
69.500,161.500,184
69.500,162.500,26
69.500,163.500,226
69.500,165.500,153
69.500,167.500,46
69.500,168.500,9
69.500,170.500,3537
69.500,171.500,369
69.500,172.500,541
69.500,174.500,9
69.500,175.500,382
69.500,178.500,3816
68.500,-177.500,2
68.500,-166.500,753
68.500,-162.500,322
68.500,-151.500,360
68.500,-148.500,22
68.500,-146.500,1
68.500,-145.500,149
68.500,-144.500,1
68.500,-143.500,1
68.500,-135.500,653
68.500,-134.500,2
68.500,-133.500,3584
68.500,-95.500,1553
68.500,-89.500,936
68.500,-81.500,645
68.500,-53.500,756
68.500,-52.500,2984
68.500,-51.500,1151
68.500,13.500,12226
68.500,14.500,19734
68.500,15.500,18482
68.500,16.500,37547
68.500,17.500,24438
68.500,18.500,4791
68.500,19.500,137
68.500,20.500,19
68.500,21.500,112
68.500,22.500,1149
68.500,23.500,1831
68.500,24.500,291
68.500,25.500,44
68.500,26.500,394
68.500,27.500,5850
68.500,28.500,163
68.500,30.500,9
68.500,31.500,885
68.500,32.500,12993
68.500,33.500,301517
68.500,34.500,247
68.500,35.500,3159
68.500,36.500,202
68.500,37.500,458
68.500,38.500,864
68.500,39.500,1721
68.500,43.500,19
68.500,49.500,22
68.500,50.500,1
68.500,52.500,4
68.500,53.500,15
68.500,54.500,41
68.500,55.500,925
68.500,56.500,22
68.500,57.500,332
68.500,58.500,1100
68.500,59.500,11
68.500,61.500,117
68.500,64.500,2
68.500,65.500,40
68.500,66.500,23
68.500,68.500,3
68.500,69.500,14
68.500,73.500,1428
68.500,74.500,12
68.500,75.500,473
68.500,76.500,115
68.500,77.500,60
68.500,78.500,424
68.500,83.500,149
68.500,87.500,1274
68.500,89.500,22
68.500,90.500,82
68.500,102.500,17
68.500,112.500,3013
68.500,113.500,7
68.500,123.500,13
68.500,124.500,33
68.500,129.500,34
68.500,131.500,184
68.500,132.500,447
68.500,134.500,22
68.500,135.500,42
68.500,138.500,85
68.500,139.500,37
68.500,142.500,34
68.500,143.500,510
68.500,144.500,2
68.500,145.500,665
68.500,146.500,3108
68.500,147.500,1
68.500,150.500,37
68.500,151.500,394
68.500,152.500,14
68.500,153.500,215
68.500,154.500,67
68.500,156.500,1
68.500,157.500,1
68.500,158.500,124
68.500,161.500,4174
68.500,163.500,68
68.500,164.500,223
68.500,165.500,281
68.500,166.500,4402
68.500,168.500,269
68.500,170.500,174
68.500,171.500,13
68.500,173.500,39
68.500,175.500,5
68.500,176.500,5
68.500,177.500,69
68.500,178.500,276
68.500,179.500,7
67.500,-177.500,178
67.500,-176.500,20
67.500,-175.500,299
67.500,-174.500,238
67.500,-172.500,25
67.500,-164.500,406
67.500,-163.500,71
67.500,-162.500,474
67.500,-157.500,268
67.500,-151.500,1
67.500,-150.500,40
67.500,-149.500,5
67.500,-148.500,6
67.500,-147.500,1
67.500,-146.500,147
67.500,-139.500,307
67.500,-136.500,1
67.500,-134.500,820
67.500,-133.500,148
67.500,-126.500,149
67.500,-115.500,1760
67.500,-107.500,6
67.500,-64.500,608
67.500,-63.500,7
67.500,-53.500,199
67.500,-50.500,584
67.500,12.500,1516
67.500,13.500,1075
67.500,14.500,52727
67.500,15.500,17779
67.500,16.500,191
67.500,17.500,15
67.500,18.500,53
67.500,19.500,118
67.500,20.500,34958
67.500,21.500,2756
67.500,22.500,2237
67.500,23.500,6016
67.500,24.500,8707
67.500,25.500,1108
67.500,26.500,7370
67.500,27.500,1564
67.500,28.500,929
67.500,29.500,317
67.500,30.500,17958
67.500,31.500,1406
67.500,32.500,91975
67.500,33.500,81212
67.500,34.500,7145
67.500,35.500,85
67.500,37.500,293
67.500,39.500,20
67.500,40.500,79
67.500,41.500,291
67.500,43.500,46
67.500,44.500,55
67.500,47.500,19
67.500,49.500,42
67.500,51.500,453
67.500,52.500,4607
67.500,53.500,24970
67.500,54.500,96
67.500,55.500,52
67.500,56.500,2526
67.500,57.500,1078
67.500,58.500,309
67.500,59.500,11
67.500,60.500,117
67.500,63.500,14425
67.500,64.500,69162
67.500,65.500,117
67.500,66.500,5
67.500,67.500,26
67.500,68.500,357
67.500,69.500,5
67.500,71.500,10
67.500,72.500,1919
67.500,73.500,19
67.500,74.500,3851
67.500,75.500,3109
67.500,76.500,3267
67.500,77.500,2249
67.500,78.500,3697
67.500,79.500,607
67.500,80.500,361
67.500,83.500,3844
67.500,86.500,3545
67.500,100.500,4
67.500,112.500,18
67.500,123.500,105
67.500,130.500,2145
67.500,132.500,75
67.500,133.500,1779
67.500,134.500,9431
67.500,135.500,416
67.500,136.500,20
67.500,138.500,38
67.500,144.500,218
67.500,146.500,2
67.500,152.500,8
67.500,153.500,7358
67.500,154.500,110
67.500,156.500,13
67.500,159.500,160
67.500,160.500,149
67.500,166.500,258
67.500,167.500,507
67.500,168.500,19
67.500,169.500,7
67.500,172.500,6
67.500,175.500,2
67.500,176.500,7
67.500,178.500,4
67.500,179.500,2
66.500,-177.500,1
66.500,-175.500,1
66.500,-171.500,527
66.500,-169.500,291
66.500,-166.500,584
66.500,-162.500,3458
66.500,-161.500,713
66.500,-160.500,1206
66.500,-159.500,45
66.500,-158.500,2
66.500,-157.500,273
66.500,-156.500,157
66.500,-154.500,76
66.500,-152.500,203
66.500,-151.500,27
66.500,-149.500,77
66.500,-147.500,82
66.500,-146.500,17
66.500,-145.500,602
66.500,-143.500,67
66.500,-136.500,7
66.500,-128.500,515
66.500,-86.500,1116
66.500,-65.500,1685
66.500,-53.500,5555
66.500,-52.500,127
66.500,-23.500,4181
66.500,-22.500,194
66.500,-21.500,34
66.500,-20.500,36
66.500,-19.500,202
66.500,-18.500,2086
66.500,-17.500,1537
66.500,-16.500,722
66.500,-15.500,912
66.500,-14.500,83
66.500,11.500,1
66.500,12.500,11704
66.500,13.500,15491
66.500,14.500,26574
66.500,15.500,918
66.500,16.500,48
66.500,17.500,2681
66.500,18.500,165
66.500,19.500,3975
66.500,20.500,2009
66.500,21.500,1988
66.500,22.500,4701
66.500,23.500,11673
66.500,24.500,5408
66.500,25.500,58241
66.500,26.500,2553
66.500,27.500,7952
66.500,28.500,5909
66.500,29.500,4515
66.500,30.500,3638
66.500,31.500,554
66.500,32.500,7981
66.500,33.500,6762
66.500,34.500,4781
66.500,36.500,613
66.500,37.500,85
66.500,38.500,153
66.500,40.500,5
66.500,41.500,267
66.500,42.500,319
66.500,43.500,791
66.500,44.500,394
66.500,45.500,46
66.500,46.500,115
66.500,47.500,459
66.500,52.500,1162
66.500,54.500,10
66.500,55.500,360
66.500,56.500,1708
66.500,57.500,18134
66.500,58.500,361
66.500,59.500,1118
66.500,60.500,27260
66.500,61.500,487
66.500,62.500,1726
66.500,65.500,4650
66.500,66.500,118173
66.500,67.500,6843
66.500,68.500,1326
66.500,69.500,769
66.500,70.500,6189
66.500,71.500,175
66.500,72.500,1651
66.500,73.500,1915
66.500,74.500,75
66.500,75.500,1489
66.500,76.500,110289
66.500,77.500,3649
66.500,78.500,2323
66.500,79.500,4180
66.500,81.500,1
66.500,82.500,332
66.500,83.500,58
66.500,85.500,4
66.500,86.500,7
66.500,87.500,61
66.500,88.500,1858
66.500,110.500,4
66.500,111.500,545
66.500,112.500,4532
66.500,117.500,250
66.500,121.500,20
66.500,123.500,4258
66.500,128.500,46
66.500,129.500,137
66.500,131.500,239
66.500,132.500,499
66.500,135.500,119
66.500,136.500,628
66.500,137.500,5
66.500,138.500,38
66.500,142.500,30
66.500,143.500,3435
66.500,146.500,10
66.500,148.500,21
66.500,150.500,182
66.500,152.500,2
66.500,163.500,72
66.500,164.500,419
66.500,165.500,17
66.500,166.500,86
66.500,167.500,3
66.500,168.500,4
66.500,169.500,35
66.500,173.500,2
66.500,174.500,7
66.500,175.500,1
66.500,177.500,134
66.500,178.500,9
65.500,-175.500,585
65.500,-173.500,3
65.500,-171.500,2897
65.500,-170.500,886
65.500,-168.500,271
65.500,-167.500,2
65.500,-166.500,665
65.500,-161.500,433
65.500,-156.500,269
65.500,-152.500,237
65.500,-151.500,3
65.500,-150.500,58
65.500,-149.500,205
65.500,-148.500,31
65.500,-147.500,603
65.500,-146.500,28
65.500,-145.500,8
65.500,-144.500,201
65.500,-143.500,2
65.500,-141.500,1
65.500,-138.500,7
65.500,-126.500,727
65.500,-123.500,472
65.500,-53.500,291
65.500,-52.500,2530
65.500,-38.500,81
65.500,-37.500,2686
65.500,-36.500,221
65.500,-24.500,202
65.500,-23.500,1428
65.500,-22.500,1544
65.500,-21.500,1384
65.500,-20.500,2647
65.500,-19.500,4183
65.500,-18.500,24514
65.500,-17.500,1279
65.500,-16.500,303
65.500,-15.500,158
65.500,-14.500,8019
65.500,-13.500,1360
65.500,10.500,2
65.500,11.500,1765
65.500,12.500,14463
65.500,13.500,15891
65.500,14.500,573
65.500,15.500,1887
65.500,16.500,801
65.500,17.500,6137
65.500,18.500,4176
65.500,19.500,6919
65.500,20.500,9015
65.500,21.500,77549
65.500,22.500,65956
65.500,23.500,14611
65.500,24.500,60166
65.500,25.500,165620
65.500,26.500,8721
65.500,27.500,5374
65.500,28.500,4890
65.500,29.500,11731
65.500,30.500,92
65.500,31.500,9004
65.500,32.500,206
65.500,33.500,2129
65.500,34.500,487
65.500,35.500,575
65.500,36.500,17
65.500,37.500,17
65.500,39.500,7
65.500,40.500,163
65.500,41.500,144
65.500,43.500,918
65.500,44.500,6107
65.500,45.500,1129
65.500,46.500,125
65.500,47.500,266
65.500,50.500,82
65.500,51.500,2638
65.500,52.500,7854
65.500,53.500,12971
65.500,54.500,920
65.500,55.500,183
65.500,56.500,5310
65.500,57.500,55928
65.500,58.500,1137
65.500,59.500,282
65.500,60.500,1932
65.500,63.500,8
65.500,64.500,6088
65.500,65.500,3029
65.500,69.500,45
65.500,70.500,28
65.500,71.500,20
65.500,72.500,33606
65.500,73.500,1337
65.500,74.500,9740
65.500,75.500,661
65.500,76.500,333
65.500,77.500,4312
65.500,78.500,11147
65.500,80.500,556
65.500,81.500,249
65.500,82.500,2841
65.500,86.500,46
65.500,87.500,5453
65.500,88.500,1
65.500,105.500,24
65.500,111.500,11517
65.500,116.500,19
65.500,117.500,1219
65.500,119.500,6
65.500,121.500,1
65.500,124.500,52
65.500,130.500,125
65.500,131.500,15
65.500,132.500,8
65.500,137.500,68
65.500,138.500,41
65.500,139.500,203
65.500,140.500,12
65.500,141.500,343
65.500,142.500,8
65.500,143.500,245
65.500,147.500,675
65.500,149.500,519
65.500,150.500,4093
65.500,151.500,63
65.500,153.500,42
65.500,156.500,20
65.500,160.500,326
65.500,161.500,8
65.500,162.500,1
65.500,167.500,8
65.500,168.500,19
65.500,172.500,146
65.500,173.500,200
65.500,174.500,2
65.500,176.500,227
65.500,177.500,14
65.500,179.500,2
64.500,-175.500,448
64.500,-174.500,22
64.500,-173.500,1372
64.500,-172.500,1321
64.500,-165.500,3900
64.500,-164.500,6
64.500,-163.500,359
64.500,-162.500,342
64.500,-161.500,605
64.500,-158.500,444
64.500,-157.500,94
64.500,-156.500,459
64.500,-155.500,167
64.500,-154.500,3
64.500,-151.500,12
64.500,-150.500,73
64.500,-149.500,1077
64.500,-148.500,3501
64.500,-147.500,100032
64.500,-146.500,1525
64.500,-145.500,3938
64.500,-144.500,7
64.500,-142.500,1
64.500,-141.500,207
64.500,-140.500,17
64.500,-139.500,1957
64.500,-138.500,20
64.500,-136.500,7
64.500,-135.500,24
64.500,-134.500,3
64.500,-125.500,478
64.500,-117.500,264
64.500,-114.500,147
64.500,-96.500,1938
64.500,-95.500,273
64.500,-83.500,985
64.500,-76.500,1611
64.500,-52.500,172
64.500,-51.500,18397
64.500,-50.500,79
64.500,-23.500,2519
64.500,-22.500,24300
64.500,-21.500,234488
64.500,-20.500,2893
64.500,-19.500,130
64.500,-18.500,25
64.500,-17.500,141
64.500,-16.500,140
64.500,-15.500,2149
64.500,-14.500,1122
64.500,-13.500,160
64.500,9.500,19
64.500,10.500,3408
64.500,11.500,43919
64.500,12.500,7388
64.500,13.500,2665
64.500,14.500,879
64.500,15.500,1085
64.500,16.500,10153
64.500,17.500,2329
64.500,18.500,12404
64.500,19.500,10092
64.500,20.500,52313
64.500,21.500,26832
64.500,23.500,12023
64.500,24.500,59732
64.500,25.500,105035
64.500,26.500,14271
64.500,27.500,40366
64.500,28.500,14713
64.500,29.500,8800
64.500,30.500,26313
64.500,31.500,486
64.500,32.500,3778
64.500,33.500,98
64.500,34.500,29890
64.500,35.500,1020
64.500,36.500,709
64.500,37.500,430
64.500,38.500,1790
64.500,39.500,174279
64.500,40.500,395555
64.500,41.500,12780
64.500,42.500,1673
64.500,43.500,4143
64.500,44.500,7055
64.500,45.500,4560
64.500,46.500,2274
64.500,47.500,1563
64.500,48.500,1539
64.500,49.500,17
64.500,51.500,442
64.500,53.500,2541
64.500,54.500,1081
64.500,55.500,6201
64.500,56.500,2084
64.500,57.500,3482
64.500,58.500,28
64.500,59.500,29
64.500,60.500,2835
64.500,61.500,14
64.500,63.500,308
64.500,64.500,55
64.500,65.500,342
64.500,66.500,128
64.500,67.500,26
64.500,68.500,81
64.500,69.500,4305
64.500,70.500,1639
64.500,71.500,2748
64.500,72.500,1953
64.500,73.500,27
64.500,74.500,347
64.500,75.500,1835
64.500,76.500,24008
64.500,77.500,23283
64.500,78.500,731
64.500,79.500,743
64.500,80.500,7
64.500,81.500,31
64.500,82.500,1230
64.500,87.500,184
64.500,89.500,7
64.500,90.500,148
64.500,91.500,8
64.500,93.500,18
64.500,94.500,9
64.500,95.500,5
64.500,96.500,8
64.500,98.500,2
64.500,99.500,22
64.500,100.500,4386
64.500,105.500,8
64.500,109.500,31
64.500,112.500,79
64.500,114.500,2
64.500,119.500,193
64.500,120.500,476
64.500,121.500,5
64.500,122.500,217
64.500,123.500,7
64.500,125.500,4
64.500,126.500,168
64.500,127.500,28
64.500,128.500,119
64.500,129.500,132
64.500,130.500,520
64.500,131.500,83
64.500,132.500,15
64.500,133.500,49
64.500,134.500,13
64.500,135.500,300
64.500,136.500,26
64.500,140.500,41
64.500,141.500,231
64.500,142.500,758
64.500,143.500,6394
64.500,144.500,108
64.500,145.500,1315
64.500,146.500,47
64.500,147.500,17
64.500,148.500,5
64.500,149.500,24
64.500,150.500,21
64.500,152.500,18
64.500,153.500,348
64.500,154.500,7
64.500,158.500,14
64.500,159.500,1
64.500,161.500,47
64.500,163.500,88
64.500,164.500,16
64.500,165.500,100
64.500,166.500,9
64.500,167.500,25
64.500,168.500,2
64.500,169.500,11
64.500,170.500,421
64.500,171.500,109
64.500,172.500,2
64.500,173.500,1
64.500,174.500,59
64.500,176.500,5
64.500,177.500,18672
64.500,178.500,35
63.500,-171.500,706
63.500,-170.500,696
63.500,-163.500,604
63.500,-162.500,992
63.500,-160.500,713
63.500,-156.500,6
63.500,-155.500,7
63.500,-154.500,92
63.500,-153.500,3
63.500,-152.500,14
63.500,-149.500,816
63.500,-148.500,558
63.500,-147.500,5
63.500,-146.500,4
63.500,-145.500,1121
63.500,-144.500,272
63.500,-143.500,993
63.500,-142.500,701
63.500,-141.500,52
63.500,-140.500,23
63.500,-139.500,16
63.500,-138.500,179
63.500,-136.500,40
63.500,-135.500,493
63.500,-134.500,5
63.500,-133.500,46
63.500,-132.500,19
63.500,-131.500,1
63.500,-123.500,136
63.500,-117.500,514
63.500,-90.500,370
63.500,-68.500,7919
63.500,-50.500,234
63.500,-22.500,18357
63.500,-21.500,9009
63.500,-20.500,12716
63.500,-19.500,954
63.500,-18.500,230
63.500,-17.500,261
63.500,-16.500,68
63.500,7.500,31643
63.500,8.500,16522
63.500,9.500,43117
63.500,10.500,278785
63.500,11.500,57983
63.500,12.500,2886
63.500,13.500,8821
63.500,14.500,73470
63.500,15.500,9732
63.500,16.500,10930
63.500,17.500,19496
63.500,18.500,52293
63.500,19.500,26078
63.500,20.500,111462
63.500,21.500,80914
63.500,22.500,65015
63.500,23.500,86694
63.500,24.500,29330
63.500,25.500,31142
63.500,26.500,20719
63.500,27.500,57551
63.500,28.500,21153
63.500,29.500,15456
63.500,30.500,9255
63.500,31.500,3246
63.500,32.500,5560
63.500,33.500,2559
63.500,34.500,35583
63.500,35.500,1200
63.500,36.500,2122
63.500,37.500,3304
63.500,38.500,23024
63.500,39.500,3450
63.500,40.500,8748
63.500,41.500,9767
63.500,42.500,3240
63.500,43.500,834
63.500,44.500,6470
63.500,45.500,4953
63.500,46.500,1742
63.500,47.500,2163
63.500,48.500,11710
63.500,49.500,581
63.500,50.500,708
63.500,52.500,3395
63.500,53.500,132738
63.500,54.500,9678
63.500,55.500,1227
63.500,56.500,6579
63.500,57.500,8095
63.500,58.500,39
63.500,59.500,2175
63.500,60.500,7
63.500,61.500,96
63.500,62.500,1819
63.500,63.500,39
63.500,64.500,19661
63.500,65.500,25448
63.500,66.500,26638
63.500,67.500,4181
63.500,68.500,221
63.500,69.500,45
63.500,70.500,1012
63.500,71.500,2
63.500,72.500,787
63.500,73.500,1304
63.500,74.500,21141
63.500,75.500,99882
63.500,76.500,3157
63.500,77.500,641
63.500,78.500,296
63.500,79.500,633
63.500,80.500,228
63.500,81.500,86
63.500,82.500,783
63.500,83.500,385
63.500,87.500,139
63.500,90.500,6
63.500,95.500,6
63.500,96.500,2
63.500,98.500,7
63.500,99.500,2
63.500,100.500,15
63.500,101.500,2
63.500,103.500,18
63.500,104.500,4
63.500,105.500,101
63.500,109.500,14
63.500,112.500,4459
63.500,113.500,1759
63.500,116.500,42
63.500,117.500,737
63.500,118.500,23322
63.500,119.500,1254
63.500,120.500,21814
63.500,121.500,19063
63.500,122.500,6674
63.500,123.500,1172
63.500,124.500,705
63.500,125.500,1139
63.500,126.500,3088
63.500,127.500,6786
63.500,128.500,377
63.500,129.500,1273
63.500,130.500,226
63.500,132.500,71
63.500,133.500,1257
63.500,135.500,68
63.500,137.500,105
63.500,138.500,312
63.500,139.500,56
63.500,140.500,88
63.500,141.500,14
63.500,142.500,118
63.500,143.500,1064
63.500,144.500,92
63.500,145.500,30
63.500,146.500,417
63.500,147.500,2665
63.500,148.500,566
63.500,149.500,44
63.500,150.500,17
63.500,151.500,12
63.500,152.500,15
63.500,154.500,35
63.500,155.500,94
63.500,156.500,1
63.500,157.500,63
63.500,158.500,40
63.500,159.500,89
63.500,160.500,9
63.500,161.500,23
63.500,162.500,24
63.500,163.500,28
63.500,165.500,16
63.500,166.500,30
63.500,167.500,213
63.500,168.500,1
63.500,169.500,15
63.500,171.500,2
63.500,176.500,2
63.500,179.500,915
62.500,-165.500,2
62.500,-164.500,1701
62.500,-163.500,1495
62.500,-161.500,2
62.500,-160.500,273
62.500,-159.500,255
62.500,-158.500,10
62.500,-156.500,42
62.500,-155.500,349
62.500,-154.500,1
62.500,-153.500,2
62.500,-152.500,4
62.500,-151.500,13
62.500,-150.500,2411
62.500,-149.500,531
62.500,-147.500,8
62.500,-146.500,159
62.500,-145.500,1302
62.500,-144.500,98
62.500,-143.500,270
62.500,-142.500,1
62.500,-141.500,245
62.500,-140.500,129
62.500,-136.500,1060
62.500,-135.500,2
62.500,-133.500,432
62.500,-132.500,2
62.500,-131.500,2
62.500,-116.500,1999
62.500,-115.500,13
62.500,-114.500,20286
62.500,-111.500,20
62.500,-110.500,305
62.500,-109.500,5
62.500,-106.500,6
62.500,-105.500,4
62.500,-92.500,3157
62.500,-77.500,420
62.500,-75.500,1530
62.500,-69.500,538
62.500,-49.500,36
62.500,-7.500,7415
62.500,-6.500,36415
62.500,4.500,65
62.500,5.500,27295
62.500,6.500,127368
62.500,7.500,55857
62.500,8.500,20634
62.500,9.500,12723
62.500,10.500,13942
62.500,11.500,11690
62.500,12.500,2302
62.500,13.500,3406
62.500,14.500,12001
62.500,15.500,11440
62.500,16.500,13442
62.500,17.500,146073
62.500,18.500,2775
62.500,20.500,2
62.500,21.500,41559
62.500,22.500,116214
62.500,23.500,48263
62.500,24.500,36507
62.500,25.500,197511
62.500,26.500,27759
62.500,27.500,162659
62.500,28.500,20666
62.500,29.500,101557
62.500,30.500,30695
62.500,31.500,1166
62.500,32.500,11662
62.500,33.500,6072
62.500,34.500,55630
62.500,35.500,5438
62.500,36.500,916
62.500,37.500,424
62.500,38.500,2325
62.500,39.500,11414
62.500,40.500,52557
62.500,41.500,896
62.500,42.500,20223
62.500,43.500,4188
62.500,44.500,4676
62.500,45.500,7479
62.500,46.500,2725
62.500,47.500,8
62.500,48.500,608
62.500,49.500,21706
62.500,50.500,25122
62.500,51.500,3295
62.500,52.500,3610
62.500,53.500,297
62.500,54.500,5638
62.500,55.500,924
62.500,56.500,9285
62.500,57.500,252
62.500,58.500,3
62.500,60.500,976
62.500,61.500,1945
62.500,62.500,102
62.500,63.500,1059
62.500,64.500,3718
62.500,65.500,104459
62.500,66.500,7390
62.500,67.500,4447
62.500,68.500,7
62.500,69.500,20
62.500,70.500,2311
62.500,71.500,6594
62.500,72.500,2063
62.500,73.500,3939
62.500,74.500,39604
62.500,75.500,6265
62.500,76.500,7625
62.500,77.500,48139
62.500,78.500,1298
62.500,79.500,4463
62.500,80.500,2318
62.500,82.500,5
62.500,84.500,40
62.500,86.500,107
62.500,88.500,31
62.500,89.500,132
62.500,96.500,1
62.500,97.500,9
62.500,98.500,3
62.500,99.500,1
62.500,103.500,9
62.500,104.500,29
62.500,105.500,39
62.500,107.500,16
62.500,113.500,51035
62.500,114.500,4904
62.500,115.500,924
62.500,116.500,1941
62.500,117.500,22441
62.500,118.500,659
62.500,119.500,12
62.500,120.500,54
62.500,124.500,24
62.500,125.500,94
62.500,126.500,11119
62.500,127.500,317
62.500,128.500,748
62.500,129.500,247664
62.500,130.500,6327
62.500,131.500,21138
62.500,132.500,7282
62.500,133.500,14743
62.500,134.500,778
62.500,135.500,12565
62.500,136.500,408
62.500,137.500,19
62.500,138.500,92
62.500,139.500,221
62.500,140.500,19
62.500,142.500,46
62.500,143.500,30
62.500,144.500,28
62.500,145.500,56
62.500,146.500,243
62.500,147.500,738
62.500,148.500,3902
62.500,149.500,2865
62.500,150.500,3303
62.500,151.500,2006
62.500,152.500,2211
62.500,153.500,26
62.500,154.500,27
62.500,155.500,4459
62.500,157.500,184
62.500,158.500,120
62.500,159.500,113
62.500,160.500,20
62.500,161.500,7
62.500,162.500,12
62.500,163.500,6
62.500,164.500,91
62.500,165.500,940
62.500,166.500,306
62.500,167.500,9
62.500,168.500,26
62.500,169.500,89
62.500,175.500,689
62.500,177.500,183
62.500,179.500,11
61.500,-166.500,1144
61.500,-165.500,1484
61.500,-162.500,1030
61.500,-161.500,340
61.500,-160.500,909
61.500,-159.500,654
61.500,-158.500,104
61.500,-157.500,125
61.500,-156.500,58
61.500,-155.500,30
61.500,-154.500,2
61.500,-153.500,26
61.500,-152.500,7
61.500,-151.500,362
61.500,-150.500,2906
61.500,-149.500,404066
61.500,-148.500,2040
61.500,-147.500,286
61.500,-146.500,3959
61.500,-145.500,756
61.500,-144.500,432
61.500,-143.500,25
61.500,-142.500,30
61.500,-140.500,13
61.500,-139.500,96
61.500,-138.500,97
61.500,-136.500,9
61.500,-135.500,149
61.500,-134.500,14
61.500,-133.500,2
61.500,-132.500,461
61.500,-131.500,2
61.500,-130.500,29
61.500,-129.500,3
61.500,-128.500,1
61.500,-123.500,56
61.500,-121.500,1263
61.500,-120.500,66
61.500,-117.500,748
61.500,-113.500,484
61.500,-112.500,54
61.500,-111.500,67
61.500,-109.500,36
61.500,-107.500,68
61.500,-106.500,44
61.500,-94.500,2737
61.500,-71.500,791
61.500,-69.500,427
61.500,-49.500,1288
61.500,-48.500,285
61.500,-45.500,230
61.500,-7.500,1
61.500,-6.500,8584
61.500,4.500,4679
61.500,5.500,51313
61.500,6.500,26163
61.500,7.500,21242
61.500,8.500,8451
61.500,9.500,24085
61.500,10.500,48247
61.500,11.500,9906
61.500,12.500,9026
61.500,13.500,5001
61.500,14.500,23310
61.500,15.500,15050
61.500,16.500,61161
61.500,17.500,50862
61.500,21.500,150663
61.500,22.500,87953
61.500,23.500,409794
61.500,24.500,103569
61.500,25.500,71558
61.500,26.500,42570
61.500,27.500,62582
61.500,28.500,141242
61.500,29.500,29775
61.500,30.500,54546
61.500,31.500,21524
61.500,32.500,6525
61.500,33.500,12462
61.500,34.500,276315
61.500,35.500,8209
61.500,36.500,27992
61.500,37.500,1435
61.500,38.500,14364
61.500,39.500,2810
61.500,40.500,30780
61.500,41.500,5430
61.500,42.500,47077
61.500,43.500,21175
61.500,44.500,5100
61.500,45.500,12379
61.500,46.500,85271
61.500,47.500,45733
61.500,48.500,12012
61.500,49.500,290
61.500,50.500,245953
61.500,51.500,13383
61.500,52.500,3937
61.500,53.500,11037
61.500,54.500,3880
61.500,55.500,4206
61.500,56.500,1670
61.500,57.500,220
61.500,58.500,29
61.500,59.500,20
61.500,60.500,430
61.500,61.500,3548
61.500,62.500,18313
61.500,63.500,131117
61.500,64.500,13919
61.500,65.500,5152
61.500,66.500,5611
61.500,67.500,2500
61.500,68.500,7714
61.500,69.500,61485
61.500,70.500,4824
61.500,71.500,10053
61.500,72.500,141507
61.500,73.500,272410
61.500,74.500,7897
61.500,75.500,60197
61.500,76.500,79985
61.500,77.500,6339
61.500,78.500,357
61.500,79.500,3584
61.500,80.500,3100
61.500,82.500,723
61.500,86.500,52
61.500,87.500,39
61.500,88.500,92
61.500,89.500,1110
61.500,90.500,1271
61.500,91.500,7
61.500,95.500,6
61.500,96.500,2668
61.500,97.500,10
61.500,98.500,6
61.500,99.500,25
61.500,100.500,20
61.500,101.500,7
61.500,102.500,21
61.500,103.500,9
61.500,104.500,26
61.500,105.500,3
61.500,108.500,1600
61.500,109.500,59
61.500,110.500,28
61.500,112.500,86
61.500,113.500,360
61.500,114.500,195
61.500,116.500,4
61.500,117.500,93
61.500,119.500,5
61.500,121.500,17
61.500,122.500,25
61.500,124.500,5
61.500,125.500,15
61.500,126.500,545
61.500,127.500,625
61.500,128.500,10686
61.500,129.500,71972
61.500,130.500,13713
61.500,131.500,1258
61.500,132.500,14713
61.500,133.500,273
61.500,135.500,10
61.500,136.500,139
61.500,137.500,76
61.500,138.500,870
61.500,139.500,118
61.500,140.500,25
61.500,141.500,4
61.500,142.500,75
61.500,143.500,30
61.500,144.500,18
61.500,145.500,39
61.500,147.500,1606
61.500,148.500,78
61.500,149.500,2310
61.500,150.500,13
61.500,151.500,70
61.500,152.500,847
61.500,153.500,44
61.500,155.500,140
61.500,156.500,30
61.500,157.500,74
61.500,158.500,127
61.500,159.500,1172
61.500,160.500,210
61.500,161.500,74
61.500,162.500,20
61.500,163.500,37
61.500,164.500,57
61.500,165.500,62
61.500,166.500,145
61.500,167.500,20
61.500,168.500,8
61.500,169.500,95
61.500,170.500,22
61.500,174.500,21
60.500,-166.500,200
60.500,-165.500,959
60.500,-164.500,1100
60.500,-162.500,2140
60.500,-161.500,9001
60.500,-155.500,2
60.500,-154.500,165
60.500,-152.500,4
60.500,-151.500,31663
60.500,-150.500,7082
60.500,-149.500,8654
60.500,-148.500,336
60.500,-147.500,9
60.500,-146.500,98
60.500,-145.500,2276
60.500,-139.500,24
60.500,-138.500,3
60.500,-137.500,866
60.500,-136.500,196
60.500,-135.500,28981
60.500,-134.500,4575
60.500,-133.500,74
60.500,-132.500,471
60.500,-131.500,17
60.500,-130.500,2
60.500,-129.500,17
60.500,-128.500,1529
60.500,-127.500,4
60.500,-123.500,595
60.500,-121.500,98
60.500,-117.500,46
60.500,-116.500,108
60.500,-115.500,4017
60.500,-114.500,6
60.500,-113.500,15
60.500,-112.500,82
60.500,-111.500,2085
60.500,-110.500,1
60.500,-108.500,1
60.500,-106.500,8
60.500,-78.500,699
60.500,-77.500,1922
60.500,-70.500,616
60.500,-69.500,8
60.500,-47.500,25
60.500,-46.500,4722
60.500,-45.500,1616
60.500,-44.500,255
60.500,-2.500,50
60.500,-1.500,20615
60.500,-0.500,1189
60.500,4.500,13839
60.500,5.500,429632
60.500,6.500,37522
60.500,7.500,3195
60.500,8.500,19863
60.500,9.500,24656
60.500,10.500,179916
60.500,11.500,226094
60.500,12.500,29749
60.500,13.500,25582
60.500,14.500,31313
60.500,15.500,193006
60.500,16.500,93656
60.500,17.500,141980
60.500,18.500,28782
60.500,19.500,24840
60.500,20.500,7151
60.500,21.500,45638
60.500,22.500,359720
60.500,23.500,140423
60.500,24.500,1122464
60.500,25.500,698191
60.500,26.500,158582
60.500,27.500,36335
60.500,28.500,116802
60.500,29.500,175942
60.500,30.500,1512588
60.500,31.500,14296
60.500,32.500,49767
60.500,33.500,38244
60.500,34.500,29097
60.500,35.500,2468
60.500,36.500,6967
60.500,37.500,24439
60.500,38.500,1727
60.500,39.500,2158
60.500,40.500,34557
60.500,41.500,13688
60.500,42.500,11688
60.500,43.500,15373
60.500,44.500,8709
60.500,45.500,3065
60.500,46.500,56773
60.500,47.500,30008
60.500,48.500,2569
60.500,49.500,14434
60.500,50.500,6136
60.500,51.500,2806
60.500,52.500,2229
60.500,53.500,1560
60.500,54.500,7701
60.500,55.500,2717
60.500,56.500,22323
60.500,57.500,21187
60.500,58.500,119
60.500,59.500,42971
60.500,60.500,19429
60.500,61.500,5285
60.500,62.500,30
60.500,63.500,5060
60.500,64.500,58874
60.500,65.500,3237
60.500,66.500,720
60.500,67.500,9
60.500,68.500,2227
60.500,69.500,30764
60.500,70.500,4232
60.500,71.500,15701
60.500,72.500,68449
60.500,73.500,3245
60.500,74.500,6166
60.500,75.500,1155
60.500,76.500,243904
60.500,77.500,51833
60.500,78.500,3587
60.500,79.500,219
60.500,80.500,117
60.500,81.500,2
60.500,82.500,17
60.500,83.500,148
60.500,84.500,11
60.500,85.500,167
60.500,86.500,2
60.500,87.500,53
60.500,89.500,423
60.500,90.500,1758
60.500,91.500,2
60.500,92.500,661
60.500,93.500,7329
60.500,95.500,5
60.500,96.500,1407
60.500,97.500,583
60.500,98.500,73
60.500,100.500,32
60.500,102.500,6118
60.500,107.500,47
60.500,108.500,232
60.500,109.500,1048
60.500,110.500,51
60.500,111.500,173
60.500,112.500,88
60.500,113.500,320
60.500,114.500,26600
60.500,115.500,3827
60.500,116.500,691
60.500,117.500,147
60.500,118.500,3
60.500,119.500,614
60.500,120.500,24679
60.500,121.500,62
60.500,122.500,87
60.500,123.500,64
60.500,124.500,803
60.500,125.500,68
60.500,127.500,283
60.500,128.500,20
60.500,130.500,2
60.500,131.500,14869
60.500,132.500,1146
60.500,134.500,3876
60.500,135.500,1660
60.500,137.500,1175
60.500,139.500,36
60.500,140.500,8
60.500,141.500,3
60.500,142.500,211
60.500,143.500,3
60.500,144.500,11
60.500,145.500,7
60.500,147.500,11
60.500,148.500,12
60.500,149.500,15
60.500,150.500,5362
60.500,151.500,612
60.500,152.500,119
60.500,154.500,155
60.500,155.500,38
60.500,159.500,2
60.500,160.500,19
60.500,161.500,6
60.500,162.500,29
60.500,163.500,27
60.500,164.500,31
60.500,165.500,192
60.500,166.500,2989
60.500,167.500,146
60.500,168.500,36
60.500,169.500,903
60.500,170.500,5
59.500,-164.500,668
59.500,-163.500,336
59.500,-162.500,459
59.500,-161.500,1017
59.500,-160.500,910
59.500,-158.500,2632
59.500,-157.500,852
59.500,-156.500,73
59.500,-155.500,49
59.500,-154.500,675
59.500,-153.500,1
59.500,-151.500,13760
59.500,-150.500,2
59.500,-149.500,21
59.500,-148.500,10
59.500,-139.500,637
59.500,-137.500,3
59.500,-136.500,326
59.500,-135.500,3410
59.500,-133.500,428
59.500,-129.500,68
59.500,-128.500,181
59.500,-126.500,8
59.500,-125.500,29
59.500,-124.500,4
59.500,-122.500,20
59.500,-121.500,9
59.500,-120.500,9
59.500,-118.500,110
59.500,-117.500,347
59.500,-111.500,42
59.500,-109.500,11
59.500,-108.500,92
59.500,-107.500,1030
59.500,-106.500,11
59.500,-105.500,1541
59.500,-69.500,222
59.500,-5.500,19
59.500,-4.500,7
59.500,-3.500,4228
59.500,-2.500,2378
59.500,-1.500,1910
59.500,4.500,234
59.500,5.500,184894
59.500,6.500,22907
59.500,7.500,5275
59.500,8.500,20239
59.500,9.500,211158
59.500,10.500,1582362
59.500,11.500,271251
59.500,12.500,76976
59.500,13.500,154300
59.500,14.500,106237
59.500,15.500,259612
59.500,16.500,352136
59.500,17.500,1415992
59.500,18.500,1355511
59.500,19.500,1884
59.500,20.500,374
59.500,21.500,282
59.500,22.500,7836
59.500,23.500,17691
59.500,24.500,631422
59.500,25.500,52438
59.500,26.500,47337
59.500,27.500,62288
59.500,28.500,189651
59.500,29.500,346492
59.500,30.500,4576725
59.500,31.500,134270
59.500,32.500,118973
59.500,33.500,93407
59.500,34.500,39466
59.500,35.500,32520
59.500,36.500,5106
59.500,37.500,328411
59.500,38.500,69495
59.500,39.500,350368
59.500,40.500,70318
59.500,41.500,5146
59.500,42.500,30163
59.500,43.500,10041
59.500,44.500,4078
59.500,45.500,35776
59.500,46.500,6544
59.500,47.500,4603
59.500,48.500,17619
59.500,49.500,18006
59.500,50.500,10426
59.500,51.500,2751
59.500,52.500,31667
59.500,53.500,3105
59.500,54.500,69776
59.500,55.500,7999
59.500,56.500,267584
59.500,57.500,58767
59.500,58.500,137
59.500,59.500,16848
59.500,60.500,211617
59.500,61.500,12221
59.500,62.500,4393
59.500,63.500,426
59.500,64.500,868
59.500,65.500,17245
59.500,66.500,3709
59.500,67.500,7830
59.500,68.500,7811
59.500,69.500,6263
59.500,70.500,1458
59.500,71.500,1222
59.500,72.500,1
59.500,73.500,716
59.500,74.500,1089
59.500,75.500,701
59.500,76.500,1796
59.500,77.500,117
59.500,78.500,883
59.500,79.500,533
59.500,80.500,10345
59.500,81.500,415
59.500,82.500,8
59.500,84.500,4
59.500,85.500,32
59.500,88.500,59
59.500,89.500,33
59.500,90.500,4113
59.500,91.500,40
59.500,92.500,1883
59.500,93.500,907
59.500,94.500,8
59.500,95.500,2
59.500,97.500,4
59.500,98.500,40
59.500,99.500,157
59.500,100.500,3
59.500,101.500,171
59.500,102.500,1
59.500,103.500,21
59.500,104.500,2
59.500,106.500,42
59.500,107.500,14
59.500,108.500,100
59.500,109.500,2
59.500,110.500,479
59.500,111.500,135
59.500,112.500,9006
59.500,114.500,34
59.500,115.500,56
59.500,116.500,510
59.500,117.500,254
59.500,118.500,355
59.500,119.500,561
59.500,121.500,21
59.500,122.500,106
59.500,123.500,309
59.500,124.500,12
59.500,125.500,131
59.500,126.500,94
59.500,127.500,602
59.500,131.500,451
59.500,132.500,28
59.500,133.500,383
59.500,135.500,56
59.500,137.500,515
59.500,138.500,6
59.500,139.500,2
59.500,140.500,9
59.500,142.500,263
59.500,143.500,6528
59.500,144.500,418
59.500,146.500,4
59.500,147.500,2
59.500,148.500,495
59.500,149.500,366
59.500,150.500,86002
59.500,151.500,7400
59.500,152.500,28
59.500,159.500,2861
59.500,160.500,109
59.500,161.500,36
59.500,162.500,35
59.500,163.500,2105
59.500,164.500,233
59.500,170.500,5
58.500,-162.500,7
58.500,-159.500,287
58.500,-158.500,265
58.500,-157.500,259
58.500,-156.500,800
58.500,-154.500,2
58.500,-153.500,11
58.500,-152.500,116
58.500,-136.500,99
58.500,-135.500,1213
58.500,-134.500,32292
58.500,-133.500,14
58.500,-130.500,227
58.500,-129.500,196
58.500,-125.500,22
58.500,-123.500,2
58.500,-122.500,5745
58.500,-121.500,17
58.500,-120.500,3
58.500,-119.500,1033
58.500,-118.500,1126
58.500,-117.500,5338
58.500,-116.500,11316
58.500,-115.500,2557
58.500,-114.500,2276
58.500,-113.500,794
58.500,-111.500,1403
58.500,-110.500,7
58.500,-108.500,3
58.500,-104.500,10
58.500,-103.500,1459
58.500,-101.500,917
58.500,-98.500,361
58.500,-94.500,913
58.500,-78.500,1815
58.500,-69.500,344
58.500,-68.500,2699
58.500,-66.500,4
58.500,-65.500,989
58.500,-7.500,246
58.500,-6.500,19773
58.500,-5.500,1921
58.500,-4.500,3208
58.500,-3.500,36193
58.500,-2.500,11719
58.500,5.500,332198
58.500,6.500,50623
58.500,7.500,126478
58.500,8.500,139852
58.500,9.500,30565
58.500,10.500,2576
58.500,11.500,170300
58.500,12.500,173670
58.500,13.500,203823
58.500,14.500,101360
58.500,15.500,279527
58.500,16.500,221871
58.500,17.500,81708
58.500,18.500,1073
58.500,19.500,13
58.500,21.500,189
58.500,22.500,38223
58.500,23.500,22543
58.500,24.500,94069
58.500,25.500,73619
58.500,26.500,173806
58.500,27.500,32432
58.500,28.500,10315
58.500,29.500,64936
58.500,30.500,46376
58.500,31.500,264098
58.500,32.500,30473
58.500,33.500,93000
58.500,34.500,23779
58.500,35.500,29008
58.500,36.500,29381
58.500,37.500,33373
58.500,38.500,34873
58.500,39.500,18445
58.500,40.500,65276
58.500,41.500,48429
58.500,42.500,34857
58.500,43.500,24152
58.500,44.500,28153
58.500,45.500,52857
58.500,46.500,19868
58.500,47.500,29880
58.500,48.500,52648
58.500,49.500,543569
58.500,50.500,122330
58.500,51.500,31108
58.500,52.500,159911
58.500,53.500,21165
58.500,54.500,99270
58.500,55.500,129859
58.500,56.500,231149
58.500,57.500,194214
58.500,58.500,24548
58.500,59.500,176415
58.500,60.500,107702
58.500,61.500,14005
58.500,62.500,2645
58.500,63.500,24961
58.500,64.500,5143
58.500,65.500,41693
58.500,66.500,19
58.500,67.500,1318
58.500,68.500,119508
58.500,69.500,5506
58.500,70.500,2
58.500,71.500,2
58.500,73.500,2522
58.500,74.500,1090
58.500,75.500,1859
58.500,76.500,2375
58.500,77.500,527
58.500,78.500,2442
58.500,79.500,325
58.500,80.500,755
58.500,81.500,10063
58.500,82.500,40851
58.500,83.500,1715
58.500,84.500,316
58.500,85.500,17149
58.500,86.500,451
58.500,87.500,567
58.500,90.500,70
58.500,91.500,594
58.500,92.500,97704
58.500,93.500,5667
58.500,94.500,11990
58.500,95.500,1663
58.500,96.500,3175
58.500,97.500,32449
58.500,98.500,5148
58.500,99.500,17201
58.500,100.500,1287
58.500,101.500,264
58.500,102.500,20971
58.500,103.500,21
58.500,106.500,217
58.500,107.500,191
58.500,108.500,826
58.500,109.500,109
58.500,110.500,12
58.500,112.500,4013
58.500,113.500,662
58.500,114.500,947
58.500,115.500,1093
58.500,116.500,138
58.500,117.500,106
58.500,119.500,88
58.500,121.500,13
58.500,124.500,73
58.500,125.500,32791
58.500,126.500,9586
58.500,130.500,143
58.500,134.500,42
58.500,135.500,11
58.500,136.500,6
58.500,137.500,39
58.500,139.500,17
58.500,140.500,28
58.500,141.500,13
58.500,151.500,5
58.500,152.500,41
58.500,159.500,139
58.500,160.500,11
58.500,161.500,215
58.500,162.500,572
58.500,163.500,170
58.500,164.500,60
57.500,-170.500,494
57.500,-157.500,79
57.500,-154.500,38
57.500,-153.500,335
57.500,-152.500,13250
57.500,-136.500,101
57.500,-135.500,9201
57.500,-134.500,466
57.500,-133.500,2
57.500,-132.500,1
57.500,-131.500,299
57.500,-130.500,4
57.500,-129.500,361
57.500,-125.500,284
57.500,-122.500,99
57.500,-121.500,68
57.500,-120.500,81
57.500,-119.500,4
57.500,-118.500,5
57.500,-117.500,1223
57.500,-116.500,646
57.500,-115.500,267
57.500,-111.500,1068
57.500,-110.500,403
57.500,-109.500,9
57.500,-102.500,50
57.500,-101.500,620
57.500,-8.500,15
57.500,-7.500,5564
57.500,-6.500,9872
57.500,-5.500,13136
57.500,-4.500,140022
57.500,-3.500,109721
57.500,-2.500,454348
57.500,-1.500,35309
57.500,6.500,36
57.500,7.500,520
57.500,8.500,9562
57.500,9.500,231042
57.500,10.500,138303
57.500,11.500,526854
57.500,12.500,673238
57.500,13.500,130774
57.500,14.500,253962
57.500,15.500,74803
57.500,16.500,76773
57.500,17.500,960
57.500,18.500,55336
57.500,19.500,1454
57.500,21.500,44552
57.500,22.500,46474
57.500,23.500,9305
57.500,24.500,153495
57.500,25.500,110483
57.500,26.500,68488
57.500,27.500,75023
57.500,28.500,251659
57.500,29.500,50318
57.500,30.500,11927
57.500,31.500,53552
57.500,32.500,18333
57.500,33.500,74007
57.500,34.500,167617
57.500,35.500,85793
57.500,36.500,47161
57.500,37.500,62980
57.500,38.500,266880
57.500,39.500,776807
57.500,40.500,509055
57.500,41.500,293003
57.500,42.500,131172
57.500,43.500,61232
57.500,44.500,14505
57.500,45.500,69966
57.500,46.500,60832
57.500,47.500,54816
57.500,48.500,55100
57.500,49.500,44858
57.500,50.500,28285
57.500,51.500,23984
57.500,52.500,52592
57.500,53.500,176104
57.500,54.500,107986
57.500,55.500,321413
57.500,56.500,731968
57.500,57.500,61635
57.500,58.500,24165
57.500,59.500,216261
57.500,60.500,368232
57.500,61.500,253370
57.500,62.500,32355
57.500,63.500,109288
57.500,64.500,34790
57.500,65.500,895642
57.500,66.500,25373
57.500,67.500,20221
57.500,68.500,5209
57.500,69.500,20324
57.500,70.500,3799
57.500,71.500,11685
57.500,72.500,14076
57.500,73.500,12726
57.500,74.500,3379
57.500,75.500,1315
57.500,76.500,1111
57.500,77.500,224
57.500,78.500,532
57.500,79.500,5297
57.500,80.500,12
57.500,81.500,1121
57.500,82.500,23683
57.500,83.500,24768
57.500,84.500,3864
57.500,85.500,3318
57.500,86.500,31337
57.500,87.500,2096
57.500,88.500,4771
57.500,89.500,522
57.500,90.500,1108
57.500,91.500,4618
57.500,92.500,6994
57.500,93.500,12446
57.500,94.500,12708
57.500,95.500,694
57.500,96.500,1452
57.500,97.500,9031
57.500,98.500,403
57.500,99.500,296
57.500,100.500,280
57.500,101.500,339
57.500,102.500,76510
57.500,103.500,26992
57.500,104.500,1
57.500,105.500,51
57.500,106.500,546
57.500,107.500,2347
57.500,108.500,17854
57.500,111.500,257
57.500,112.500,293
57.500,113.500,67
57.500,114.500,19231
57.500,115.500,13
57.500,116.500,20
57.500,118.500,250
57.500,119.500,29
57.500,120.500,457
57.500,124.500,818
57.500,125.500,222
57.500,126.500,7
57.500,132.500,175
57.500,133.500,85
57.500,134.500,108
57.500,135.500,117
57.500,136.500,641
57.500,137.500,4
57.500,139.500,179
57.500,156.500,1411
57.500,157.500,52
57.500,158.500,1788
57.500,159.500,2
57.500,160.500,8
57.500,161.500,287
57.500,162.500,237
57.500,163.500,2
56.500,-169.500,105
56.500,-161.500,53
56.500,-158.500,341
56.500,-154.500,93
56.500,-135.500,18
56.500,-134.500,77
56.500,-133.500,703
56.500,-132.500,5704
56.500,-131.500,1
56.500,-130.500,13
56.500,-129.500,9
56.500,-124.500,116
56.500,-122.500,401
56.500,-121.500,5486
56.500,-120.500,32379
56.500,-119.500,2381
56.500,-118.500,7581
56.500,-117.500,20944
56.500,-116.500,1864
56.500,-115.500,1018
56.500,-114.500,898
56.500,-113.500,487
56.500,-111.500,86025
56.500,-110.500,298
56.500,-109.500,4179
56.500,-108.500,525
56.500,-103.500,1136
56.500,-102.500,17
56.500,-101.500,469
56.500,-100.500,599
56.500,-98.500,861
56.500,-96.500,2913
56.500,-95.500,161
56.500,-94.500,1736
56.500,-87.500,2
56.500,-79.500,960
56.500,-76.500,504
56.500,-61.500,1319
56.500,-7.500,1018
56.500,-6.500,3322
56.500,-5.500,40519
56.500,-4.500,53328
56.500,-3.500,753274
56.500,-2.500,317701
56.500,8.500,273603
56.500,9.500,482501
56.500,10.500,570714
56.500,11.500,2831
56.500,12.500,479665
56.500,13.500,171360
56.500,14.500,277506
56.500,15.500,144301
56.500,16.500,97508
56.500,18.500,411
56.500,20.500,5316
56.500,21.500,148740
56.500,22.500,139631
56.500,23.500,248593
56.500,24.500,749626
56.500,25.500,93926
56.500,26.500,75378
56.500,27.500,92080
56.500,28.500,48256
56.500,29.500,35666
56.500,30.500,131007
56.500,31.500,26423
56.500,32.500,57206
56.500,33.500,25116
56.500,34.500,103841
56.500,35.500,509687
56.500,36.500,297974
56.500,37.500,760199
56.500,38.500,496968
56.500,39.500,134202
56.500,40.500,624090
56.500,41.500,409948
56.500,42.500,139058
56.500,43.500,1595860
56.500,44.500,473297
56.500,45.500,69907
56.500,46.500,90457
56.500,47.500,1018089
56.500,48.500,123530
56.500,49.500,149160
56.500,50.500,145611
56.500,51.500,113979
56.500,52.500,182877
56.500,53.500,873040
56.500,54.500,338241
56.500,55.500,90365
56.500,56.500,87824
56.500,57.500,100506
56.500,58.500,48099
56.500,59.500,240440
56.500,60.500,1832679
56.500,61.500,295174
56.500,62.500,174409
56.500,63.500,116571
56.500,64.500,28844
56.500,65.500,71565
56.500,66.500,116982
56.500,67.500,35267
56.500,68.500,43658
56.500,69.500,107489
56.500,70.500,39305
56.500,71.500,12853
56.500,72.500,10563
56.500,73.500,13110
56.500,74.500,67974
56.500,75.500,28375
56.500,76.500,13061
56.500,77.500,2080
56.500,78.500,10209
56.500,79.500,126
56.500,81.500,489
56.500,82.500,78
56.500,83.500,23531
56.500,84.500,560570
56.500,85.500,260190
56.500,86.500,135642
56.500,87.500,64043
56.500,88.500,25791
56.500,89.500,38272
56.500,90.500,184334
56.500,91.500,14554
56.500,92.500,714882
56.500,93.500,279483
56.500,94.500,66651
56.500,95.500,135276
56.500,96.500,61459
56.500,97.500,21748
56.500,98.500,3695
56.500,99.500,33443
56.500,100.500,1788
56.500,101.500,259599
56.500,102.500,2590
56.500,103.500,3955
56.500,104.500,21950
56.500,105.500,46816
56.500,106.500,2347
56.500,107.500,10526
56.500,108.500,3
56.500,110.500,688
56.500,111.500,8216
56.500,112.500,330
56.500,113.500,4298
56.500,114.500,7080
56.500,115.500,528
56.500,116.500,4224
56.500,117.500,44
56.500,118.500,4299
56.500,119.500,658
56.500,120.500,8
56.500,121.500,1476
56.500,122.500,298
56.500,123.500,8
56.500,124.500,82189
56.500,125.500,310
56.500,127.500,15
56.500,128.500,2
56.500,129.500,34
56.500,130.500,26
56.500,132.500,3
56.500,133.500,1
56.500,134.500,43
56.500,135.500,7
56.500,136.500,5
56.500,137.500,8
56.500,138.500,567
56.500,155.500,134
56.500,156.500,23
56.500,157.500,7
56.500,158.500,306
56.500,159.500,825
56.500,160.500,3740
56.500,161.500,116
56.500,162.500,5641
56.500,163.500,10
55.500,-162.500,1128
55.500,-161.500,3
55.500,-160.500,1058
55.500,-159.500,119
55.500,-133.500,2428
55.500,-132.500,1244
55.500,-131.500,15092
55.500,-130.500,94
55.500,-129.500,2204
55.500,-128.500,1294
55.500,-127.500,5237
55.500,-126.500,117
55.500,-125.500,207
55.500,-124.500,31
55.500,-123.500,3924
55.500,-122.500,146
55.500,-121.500,7582
55.500,-120.500,21741
55.500,-119.500,16183
55.500,-118.500,94528
55.500,-117.500,11300
55.500,-116.500,10362
55.500,-115.500,5634
55.500,-114.500,9779
55.500,-113.500,5162
55.500,-112.500,414
55.500,-111.500,476
55.500,-110.500,580
55.500,-109.500,32
55.500,-108.500,3877
55.500,-107.500,3303
55.500,-106.500,1141
55.500,-105.500,8121
55.500,-104.500,2839
55.500,-102.500,4590
55.500,-101.500,2145
55.500,-100.500,7
55.500,-98.500,3164
55.500,-97.500,14897
55.500,-92.500,1121
55.500,-87.500,341
55.500,-77.500,1740
55.500,-61.500,987
55.500,-60.500,617
55.500,-59.500,401
55.500,-8.500,12264
55.500,-7.500,123024
55.500,-6.500,123480
55.500,-5.500,22061
55.500,-4.500,1941585
55.500,-3.500,1260021
55.500,-2.500,195596
55.500,-1.500,514458
55.500,8.500,242883
55.500,9.500,606021
55.500,10.500,473699
55.500,11.500,474160
55.500,12.500,2183191
55.500,13.500,694416
55.500,14.500,84221
55.500,15.500,8892
55.500,20.500,1980
55.500,21.500,387637
55.500,22.500,172149
55.500,23.500,245275
55.500,24.500,245047
55.500,25.500,117049
55.500,26.500,195930
55.500,27.500,108113
55.500,28.500,313812
55.500,29.500,56563
55.500,30.500,480366
55.500,31.500,28756
55.500,32.500,81856
55.500,33.500,72112
55.500,34.500,130451
55.500,35.500,85682
55.500,36.500,699705
55.500,37.500,16308573
55.500,38.500,1865869
55.500,39.500,334581
55.500,40.500,168521
55.500,41.500,106179
55.500,42.500,281862
55.500,43.500,291962
55.500,44.500,125330
55.500,45.500,112676
55.500,46.500,176123
55.500,47.500,306311
55.500,48.500,396833
55.500,49.500,1308190
55.500,50.500,163995
55.500,51.500,376499
55.500,52.500,759251
55.500,53.500,121724
55.500,54.500,158535
55.500,55.500,200382
55.500,56.500,64863
55.500,57.500,40714
55.500,58.500,156584
55.500,59.500,224642
55.500,60.500,346128
55.500,61.500,1382167
55.500,62.500,38131
55.500,63.500,47327
55.500,64.500,53562
55.500,65.500,363177
55.500,66.500,29539
55.500,67.500,43361
55.500,68.500,22230
55.500,69.500,36950
55.500,70.500,17844
55.500,71.500,27813
55.500,72.500,63238
55.500,73.500,467052
55.500,74.500,79497
55.500,75.500,45242
55.500,76.500,48966
55.500,77.500,9095
55.500,78.500,98690
55.500,79.500,18534
55.500,80.500,33874
55.500,81.500,3697
55.500,82.500,852476
55.500,83.500,187401
55.500,84.500,163982
55.500,85.500,131171
55.500,86.500,591223
55.500,87.500,6007
55.500,88.500,26148
55.500,89.500,102168
55.500,90.500,40953
55.500,91.500,25452
55.500,92.500,249825
55.500,93.500,46595
55.500,94.500,84683
55.500,95.500,19789
55.500,96.500,893
55.500,97.500,29682
55.500,98.500,33976
55.500,99.500,1056
55.500,100.500,3612
55.500,101.500,9634
55.500,102.500,1064
55.500,103.500,1046
55.500,104.500,10
55.500,105.500,134
55.500,106.500,284
55.500,107.500,7662
55.500,108.500,21
55.500,109.500,29110
55.500,110.500,1485
55.500,111.500,163
55.500,112.500,60
55.500,113.500,284
55.500,114.500,79
55.500,115.500,1706
55.500,116.500,2
55.500,117.500,17
55.500,118.500,3
55.500,119.500,37
55.500,120.500,10
55.500,122.500,389
55.500,123.500,810
55.500,124.500,38141
55.500,125.500,944
55.500,126.500,1575
55.500,127.500,477
55.500,128.500,379
55.500,129.500,925
55.500,132.500,6
55.500,134.500,92
55.500,135.500,191
55.500,136.500,15
55.500,155.500,614
55.500,156.500,11
55.500,157.500,118
55.500,158.500,1866
55.500,159.500,1328
55.500,160.500,43
55.500,161.500,14
55.500,165.500,278
55.500,166.500,239
54.500,-165.500,1108
54.500,-163.500,38
54.500,-133.500,11
54.500,-132.500,1676
54.500,-131.500,5
54.500,-130.500,15014
54.500,-129.500,468
54.500,-128.500,29705
54.500,-127.500,12816
54.500,-126.500,6347
54.500,-125.500,6337
54.500,-124.500,12432
54.500,-123.500,3132
54.500,-122.500,6306
54.500,-121.500,61
54.500,-120.500,3
54.500,-119.500,429
54.500,-118.500,391
54.500,-117.500,888
54.500,-116.500,2416
54.500,-115.500,17525
54.500,-114.500,14684
54.500,-113.500,26172
54.500,-112.500,14770
54.500,-111.500,14422
54.500,-110.500,38141
54.500,-109.500,5164
54.500,-108.500,11020
54.500,-107.500,645
54.500,-106.500,6
54.500,-105.500,1594
54.500,-104.500,346
54.500,-103.500,1420
54.500,-102.500,800
54.500,-101.500,9475
54.500,-100.500,1103
54.500,-99.500,44
54.500,-98.500,627
54.500,-97.500,6480
54.500,-95.500,2453
54.500,-94.500,2304
54.500,-93.500,890
54.500,-85.500,244
54.500,-66.500,1504
54.500,-65.500,9
54.500,-64.500,14
54.500,-63.500,5
54.500,-59.500,229
54.500,-58.500,340
54.500,-10.500,2003
54.500,-9.500,37107
54.500,-8.500,120679
54.500,-7.500,327420
54.500,-6.500,842955
54.500,-5.500,762246
54.500,-4.500,106362
54.500,-3.500,295730
54.500,-2.500,432552
54.500,-1.500,2322528
54.500,-0.500,250840
54.500,7.500,1426
54.500,8.500,130330
54.500,9.500,813825
54.500,10.500,641090
54.500,11.500,168546
54.500,12.500,336176
54.500,13.500,246936
54.500,14.500,10769
54.500,15.500,133413
54.500,16.500,287096
54.500,17.500,350523
54.500,18.500,1384927
54.500,19.500,346145
54.500,20.500,786392
54.500,21.500,255028
54.500,22.500,258049
54.500,23.500,517130
54.500,24.500,237925
54.500,25.500,770189
54.500,26.500,219559
54.500,27.500,129771
54.500,28.500,357659
54.500,29.500,96624
54.500,30.500,224852
54.500,31.500,105421
54.500,32.500,375956
54.500,33.500,86781
54.500,34.500,76060
54.500,35.500,154971
54.500,36.500,507086
54.500,37.500,910214
54.500,38.500,460583
54.500,39.500,713775
54.500,40.500,82496
54.500,41.500,133949
54.500,42.500,100572
54.500,43.500,235142
54.500,44.500,120430
54.500,45.500,470603
54.500,46.500,146170
54.500,47.500,109689
54.500,48.500,806792
54.500,49.500,193504
54.500,50.500,129493
54.500,51.500,85292
54.500,52.500,435086
54.500,53.500,361310
54.500,54.500,212883
54.500,55.500,762989
54.500,56.500,709419
54.500,57.500,61630
54.500,58.500,112992
54.500,59.500,92131
54.500,60.500,160238
54.500,61.500,305032
54.500,62.500,41657
54.500,63.500,29005
54.500,64.500,41953
54.500,65.500,34387
54.500,66.500,11805
54.500,67.500,20839
54.500,68.500,38084
54.500,69.500,212278
54.500,70.500,26661
54.500,71.500,82519
54.500,72.500,68793
54.500,73.500,824937
54.500,74.500,66716
54.500,75.500,18602
54.500,76.500,23563
54.500,77.500,39537
54.500,78.500,23996
54.500,79.500,26846
54.500,80.500,20470
54.500,81.500,34940
54.500,82.500,607655
54.500,83.500,539910
54.500,84.500,30057
54.500,85.500,119327
54.500,86.500,373920
54.500,87.500,8223
54.500,88.500,159
54.500,89.500,32265
54.500,90.500,28036
54.500,91.500,21610
54.500,92.500,18213
54.500,93.500,3196
54.500,94.500,313
54.500,95.500,8
54.500,96.500,26
54.500,98.500,1925
54.500,99.500,60459
54.500,100.500,68604
54.500,101.500,32337
54.500,102.500,44784
54.500,103.500,16266
54.500,104.500,749
54.500,105.500,8473
54.500,106.500,730
54.500,107.500,7
54.500,108.500,2
54.500,109.500,32
54.500,110.500,14971
54.500,111.500,379
54.500,112.500,23
54.500,113.500,8507
54.500,114.500,116
54.500,116.500,49
54.500,119.500,1361
54.500,120.500,33
54.500,121.500,159
54.500,122.500,2070
54.500,123.500,1966
54.500,124.500,5293
54.500,125.500,35
54.500,126.500,1566
54.500,127.500,3350
54.500,128.500,2853
54.500,129.500,70
54.500,134.500,12
54.500,135.500,1924
54.500,136.500,1
54.500,139.500,15
54.500,140.500,3
54.500,142.500,3
54.500,155.500,1649
54.500,156.500,53
54.500,157.500,26
54.500,158.500,8239
54.500,159.500,17
54.500,160.500,18
54.500,161.500,35
54.500,167.500,96
53.500,-166.500,4517
53.500,-132.500,1689
53.500,-131.500,1387
53.500,-130.500,470
53.500,-129.500,140
53.500,-128.500,564
53.500,-126.500,116
53.500,-125.500,682
53.500,-124.500,1133
53.500,-123.500,3153
53.500,-122.500,91624
53.500,-121.500,380
53.500,-120.500,1563
53.500,-119.500,5406
53.500,-118.500,13
53.500,-117.500,12550
53.500,-116.500,15851
53.500,-115.500,12247
53.500,-114.500,66706
53.500,-113.500,1454501
53.500,-112.500,54652
53.500,-111.500,20684
53.500,-110.500,48866
53.500,-109.500,21692
53.500,-108.500,9085
53.500,-107.500,8953
53.500,-106.500,11697
53.500,-105.500,56266
53.500,-104.500,10317
53.500,-103.500,4983
53.500,-102.500,4057
53.500,-101.500,10989
53.500,-100.500,1432
53.500,-99.500,2329
53.500,-97.500,4658
53.500,-95.500,3
53.500,-94.500,8073
53.500,-93.500,1913
53.500,-92.500,308
53.500,-91.500,274
53.500,-89.500,1307
53.500,-79.500,9
53.500,-78.500,6491
53.500,-77.500,307
53.500,-66.500,3
53.500,-64.500,628
53.500,-63.500,34
53.500,-60.500,10047
53.500,-58.500,2
53.500,-57.500,397
53.500,-56.500,161
53.500,-55.500,183
53.500,-10.500,6538
53.500,-9.500,190751
53.500,-8.500,242320
53.500,-7.500,356860
53.500,-6.500,2029636
53.500,-4.500,134783
53.500,-3.500,1074682
53.500,-2.500,6466410
53.500,-1.500,5062181
53.500,-0.500,1379813
53.500,0.500,106565
53.500,4.500,14347
53.500,5.500,337497
53.500,6.500,776200
53.500,7.500,719648
53.500,8.500,1620630
53.500,9.500,2121324
53.500,10.500,2100321
53.500,11.500,459993
53.500,12.500,257591
53.500,13.500,316546
53.500,14.500,817728
53.500,15.500,350288
53.500,16.500,367927
53.500,17.500,587816
53.500,18.500,1085490
53.500,19.500,501630
53.500,20.500,535138
53.500,21.500,337123
53.500,22.500,399881
53.500,23.500,951746
53.500,24.500,177503
53.500,25.500,318864
53.500,26.500,296640
53.500,27.500,2348536
53.500,28.500,137733
53.500,29.500,281623
53.500,30.500,569406
53.500,31.500,93298
53.500,32.500,153829
53.500,33.500,93829
53.500,34.500,638337
53.500,35.500,68227
53.500,36.500,182364
53.500,37.500,158003
53.500,38.500,298098
53.500,39.500,178271
53.500,40.500,126959
53.500,41.500,114580
53.500,42.500,58243
53.500,43.500,146766
53.500,44.500,354706
53.500,45.500,453709
53.500,46.500,212065
53.500,47.500,107562
53.500,48.500,283859
53.500,49.500,953293
53.500,50.500,1384778
53.500,51.500,198721
53.500,52.500,133873
53.500,53.500,64420
53.500,54.500,80326
53.500,55.500,531479
53.500,56.500,135003
53.500,57.500,22624
53.500,58.500,416413
53.500,59.500,223257
53.500,60.500,96196
53.500,61.500,17697
53.500,62.500,43281
53.500,63.500,322462
53.500,64.500,33320
53.500,65.500,23929
53.500,66.500,27216
53.500,67.500,25027
53.500,68.500,33136
53.500,69.500,210677
53.500,70.500,27091
53.500,71.500,15950
53.500,72.500,12440
53.500,73.500,16266
53.500,74.500,12675
53.500,75.500,33598
53.500,76.500,19950
53.500,77.500,14026
53.500,78.500,82823
53.500,79.500,48343
53.500,80.500,28748
53.500,81.500,77418
53.500,82.500,76180
53.500,83.500,815383
53.500,84.500,89639
53.500,85.500,48095
53.500,86.500,255956
53.500,87.500,703009
53.500,88.500,89647
53.500,89.500,7709
53.500,90.500,54049
53.500,91.500,503861
53.500,92.500,80644
53.500,93.500,2234
53.500,94.500,51
53.500,96.500,721
53.500,97.500,15
53.500,98.500,25
53.500,99.500,6
53.500,101.500,3661
53.500,102.500,93644
53.500,103.500,107865
53.500,104.500,4675
53.500,105.500,18171
53.500,106.500,6608
53.500,107.500,2567
53.500,108.500,550
53.500,109.500,21856
53.500,110.500,1719
53.500,111.500,179
53.500,112.500,2222
53.500,113.500,171
53.500,114.500,17
53.500,115.500,1076
53.500,116.500,111
53.500,117.500,2731
53.500,118.500,4889
53.500,119.500,17868
53.500,120.500,2573
53.500,121.500,4154
53.500,122.500,17639
53.500,123.500,14258
53.500,124.500,6680
53.500,125.500,12608
53.500,126.500,7688
53.500,127.500,25388
53.500,128.500,649
53.500,129.500,1125
53.500,130.500,595
53.500,132.500,2505
53.500,133.500,2
53.500,136.500,15
53.500,137.500,2
53.500,138.500,86
53.500,139.500,2382
53.500,140.500,27569
53.500,141.500,661
53.500,142.500,22077
53.500,143.500,765
53.500,155.500,81
53.500,156.500,150
53.500,157.500,930
53.500,158.500,213751
53.500,159.500,198
53.500,160.500,45
52.500,-174.500,63
52.500,-168.500,19
52.500,-131.500,3
52.500,-128.500,1682
52.500,-127.500,7
52.500,-126.500,2148
52.500,-125.500,690
52.500,-124.500,93
52.500,-123.500,1109
52.500,-122.500,40379
52.500,-121.500,4861
52.500,-120.500,18
52.500,-119.500,2002
52.500,-118.500,4875
52.500,-117.500,30
52.500,-116.500,332
52.500,-115.500,3630
52.500,-114.500,59524
52.500,-113.500,214845
52.500,-112.500,26334
52.500,-111.500,12655
52.500,-110.500,17914
52.500,-109.500,11330
52.500,-108.500,29634
52.500,-107.500,10445
52.500,-106.500,332812
52.500,-105.500,19717
52.500,-104.500,22287
52.500,-103.500,8004
52.500,-102.500,4482
52.500,-101.500,8741
52.500,-100.500,2703
52.500,-99.500,11
52.500,-97.500,1434
52.500,-96.500,696
52.500,-95.500,1411
52.500,-94.500,787
52.500,-93.500,69
52.500,-92.500,249
52.500,-91.500,2
52.500,-81.500,2127
52.500,-78.500,1033
52.500,-67.500,3175
52.500,-66.500,9793
52.500,-56.500,795
52.500,-55.500,799
52.500,-10.500,8775
52.500,-9.500,195763
52.500,-8.500,395435
52.500,-7.500,341140
52.500,-6.500,310105
52.500,-5.500,1004
52.500,-4.500,128389
52.500,-3.500,211784
52.500,-2.500,2389742
52.500,-1.500,5349509
52.500,-0.500,2048180
52.500,0.500,1082826
52.500,1.500,1040864
52.500,4.500,4238384
52.500,5.500,2841691
52.500,6.500,1953187
52.500,7.500,1200802
52.500,8.500,1821584
52.500,9.500,1952615
52.500,10.500,1315201
52.500,11.500,699946
52.500,12.500,422736
52.500,13.500,4705362
52.500,14.500,426626
52.500,15.500,486851
52.500,16.500,1244898
52.500,17.500,755478
52.500,18.500,755931
52.500,19.500,738934
52.500,20.500,1758357
52.500,21.500,1938817
52.500,22.500,459304
52.500,23.500,670030
52.500,24.500,190784
52.500,25.500,154174
52.500,26.500,282419
52.500,27.500,255868
52.500,28.500,68465
52.500,29.500,248142
52.500,30.500,630215
52.500,31.500,413218
52.500,32.500,212813
52.500,33.500,134165
52.500,34.500,104590
52.500,35.500,227615
52.500,36.500,379681
52.500,37.500,157528
52.500,38.500,242593
52.500,39.500,713455
52.500,40.500,207085
52.500,41.500,518940
52.500,42.500,118346
52.500,43.500,116645
52.500,44.500,108749
52.500,45.500,91091
52.500,46.500,92252
52.500,47.500,272740
52.500,48.500,114134
52.500,49.500,148500
52.500,50.500,77944
52.500,51.500,49044
52.500,52.500,155517
52.500,53.500,84818
52.500,54.500,37878
52.500,55.500,187232
52.500,56.500,77431
52.500,57.500,22377
52.500,58.500,144427
52.500,59.500,21854
52.500,60.500,31794
52.500,61.500,54050
52.500,62.500,35216
52.500,63.500,82892
52.500,64.500,37637
52.500,65.500,21932
52.500,66.500,17624
52.500,67.500,12827
52.500,68.500,29803
52.500,69.500,32830
52.500,70.500,100757
52.500,71.500,17273
52.500,72.500,4890
52.500,73.500,8358
52.500,74.500,1450
52.500,75.500,10267
52.500,76.500,356804
52.500,77.500,102218
52.500,78.500,86525
52.500,79.500,46968
52.500,80.500,54055
52.500,81.500,50784
52.500,82.500,74269
52.500,83.500,55260
52.500,84.500,56914
52.500,85.500,300773
52.500,86.500,23327
52.500,87.500,52410
52.500,88.500,1143
52.500,89.500,13842
52.500,90.500,27342
52.500,91.500,3971
52.500,93.500,10697
52.500,94.500,589
52.500,95.500,400
52.500,96.500,5107
52.500,98.500,45
52.500,99.500,4583
52.500,100.500,243
52.500,101.500,706
52.500,102.500,2398
52.500,103.500,372646
52.500,104.500,795473
52.500,105.500,4025
52.500,106.500,43716
52.500,107.500,24304
52.500,108.500,7837
52.500,109.500,15066
52.500,110.500,4694
52.500,111.500,11219
52.500,112.500,2554
52.500,113.500,335597
52.500,114.500,87
52.500,115.500,12123
52.500,116.500,9544
52.500,117.500,45500
52.500,118.500,3932
52.500,119.500,460
52.500,120.500,72
52.500,121.500,3
52.500,122.500,58752
52.500,123.500,59658
52.500,124.500,65763
52.500,125.500,37628
52.500,126.500,8819
52.500,127.500,11454
52.500,128.500,986
52.500,129.500,1153
52.500,130.500,5186
52.500,131.500,539
52.500,132.500,520
52.500,133.500,1700
52.500,134.500,168
52.500,135.500,533
52.500,136.500,3037
52.500,137.500,286
52.500,138.500,929
52.500,139.500,1073
52.500,140.500,7146
52.500,141.500,1268
52.500,142.500,883
52.500,143.500,2744
52.500,156.500,4349
52.500,157.500,855
52.500,158.500,44991
52.500,173.500,22
52.500,174.500,184
51.500,-176.500,337
51.500,-131.500,1
51.500,-130.500,1
51.500,-128.500,17
51.500,-127.500,86
51.500,-126.500,13
51.500,-125.500,24
51.500,-124.500,289
51.500,-123.500,660
51.500,-122.500,1412
51.500,-121.500,14383
51.500,-120.500,9110
51.500,-119.500,1696
51.500,-118.500,2836
51.500,-117.500,636
51.500,-116.500,8101
51.500,-115.500,25791
51.500,-114.500,906041
51.500,-113.500,344679
51.500,-112.500,16838
51.500,-111.500,4826
51.500,-110.500,3493
51.500,-109.500,10740
51.500,-108.500,5739
51.500,-107.500,11509
51.500,-106.500,12381
51.500,-105.500,11837
51.500,-104.500,10787
51.500,-103.500,9551
51.500,-102.500,32967
51.500,-101.500,11021
51.500,-100.500,16544
51.500,-99.500,7631
51.500,-98.500,5678
51.500,-97.500,7188
51.500,-96.500,2538
51.500,-95.500,152
51.500,-93.500,4275
51.500,-92.500,3
51.500,-91.500,714
51.500,-90.500,1040
51.500,-85.500,195
51.500,-81.500,2
51.500,-80.500,4186
51.500,-78.500,2509
51.500,-76.500,809
51.500,-75.500,3
51.500,-59.500,3
51.500,-58.500,864
51.500,-57.500,2432
51.500,-56.500,4720
51.500,-55.500,4497
51.500,-10.500,7465
51.500,-9.500,56192
51.500,-8.500,379884
51.500,-7.500,15783
51.500,-5.500,28675
51.500,-4.500,429048
51.500,-3.500,1927030
51.500,-2.500,2406775
51.500,-1.500,1663966
51.500,-0.500,11779695
51.500,0.500,5135839
51.500,1.500,695033
51.500,2.500,375860
51.500,3.500,1299690
51.500,4.500,4902552
51.500,5.500,3677594
51.500,6.500,5632347
51.500,7.500,5862207
51.500,8.500,1592368
51.500,9.500,1307046
51.500,10.500,804648
51.500,11.500,1087527
51.500,12.500,1542084
51.500,13.500,1243849
51.500,14.500,776278
51.500,15.500,777693
51.500,16.500,1052031
51.500,17.500,1219044
51.500,18.500,684903
51.500,19.500,1556579
51.500,20.500,669169
51.500,21.500,897846
51.500,22.500,975793
51.500,23.500,272388
51.500,24.500,314883
51.500,25.500,192812
51.500,26.500,272845
51.500,27.500,101218
51.500,28.500,106730
51.500,29.500,87046
51.500,30.500,91593
51.500,31.500,486870
51.500,32.500,161822
51.500,33.500,365191
51.500,34.500,142705
51.500,35.500,186037
51.500,36.500,607408
51.500,37.500,433126
51.500,38.500,141055
51.500,39.500,1277936
51.500,40.500,176180
51.500,41.500,140481
51.500,42.500,182118
51.500,43.500,157821
51.500,44.500,77525
51.500,45.500,661493
51.500,46.500,692784
51.500,47.500,82901
51.500,48.500,78947
51.500,49.500,27231
51.500,50.500,47679
51.500,51.500,321384
51.500,52.500,44414
51.500,53.500,63609
51.500,54.500,90261
51.500,55.500,646431
51.500,56.500,53683
51.500,57.500,75673
51.500,58.500,406860
51.500,59.500,54942
51.500,60.500,11822
51.500,61.500,15774
51.500,62.500,4569
51.500,63.500,3552
51.500,64.500,7950
51.500,65.500,4657
51.500,66.500,30561
51.500,67.500,17481
51.500,68.500,48488
51.500,69.500,30841
51.500,70.500,60672
51.500,71.500,1213322
51.500,72.500,15530
51.500,73.500,15790
51.500,74.500,8425
51.500,75.500,148586
51.500,76.500,8027
51.500,77.500,18005
51.500,78.500,6547
51.500,79.500,25748
51.500,80.500,25127
51.500,81.500,210936
51.500,82.500,50616
51.500,83.500,18018
51.500,84.500,26476
51.500,85.500,117132
51.500,86.500,10590
51.500,87.500,3906
51.500,88.500,202
51.500,89.500,256
51.500,90.500,37251
51.500,91.500,27482
51.500,92.500,23606
51.500,93.500,11956
51.500,94.500,149058
51.500,95.500,15050
51.500,97.500,212
51.500,98.500,919
51.500,99.500,5775
51.500,100.500,3277
51.500,101.500,512
51.500,102.500,21740
51.500,103.500,28570
51.500,104.500,15958
51.500,105.500,6639
51.500,106.500,55025
51.500,107.500,467689
51.500,108.500,66466
51.500,109.500,27151
51.500,110.500,24506
51.500,111.500,7154
51.500,112.500,11751
51.500,113.500,78176
51.500,114.500,77989
51.500,115.500,24126
51.500,116.500,74643
51.500,117.500,10626
51.500,118.500,8926
51.500,119.500,13601
51.500,120.500,16400
51.500,121.500,29594
51.500,122.500,93
51.500,123.500,9071
51.500,124.500,51348
51.500,125.500,3753
51.500,126.500,34678
51.500,127.500,14683
51.500,128.500,98311
51.500,129.500,1605
51.500,130.500,16
51.500,131.500,2736
51.500,132.500,7867
51.500,133.500,12033
51.500,134.500,553
51.500,135.500,12830
51.500,136.500,7745
51.500,137.500,55
51.500,138.500,1742
51.500,139.500,2815
51.500,140.500,6266
51.500,141.500,200
51.500,142.500,4659
51.500,143.500,7288
51.500,156.500,2216
51.500,157.500,9
50.500,-128.500,80
50.500,-127.500,10845
50.500,-126.500,2045
50.500,-125.500,20339
50.500,-124.500,982
50.500,-123.500,2155
50.500,-122.500,17376
50.500,-121.500,10785
50.500,-120.500,122119
50.500,-119.500,148793
50.500,-118.500,16582
50.500,-117.500,3411
50.500,-116.500,7261
50.500,-115.500,3576
50.500,-114.500,344338
50.500,-113.500,180007
50.500,-112.500,12708
50.500,-111.500,25839
50.500,-110.500,71229
50.500,-109.500,3690
50.500,-108.500,5642
50.500,-107.500,26082
50.500,-106.500,3737
50.500,-105.500,46505
50.500,-104.500,272066
50.500,-103.500,19637
50.500,-102.500,21590
50.500,-101.500,17666
50.500,-100.500,12289
50.500,-99.500,18476
50.500,-98.500,11291
50.500,-97.500,38921
50.500,-96.500,60905
50.500,-95.500,3910
50.500,-94.500,1263
50.500,-93.500,1741
50.500,-92.500,1624
50.500,-91.500,4438
50.500,-90.500,178
50.500,-89.500,561
50.500,-88.500,10
50.500,-86.500,851
50.500,-83.500,1
50.500,-82.500,81
50.500,-81.500,9
50.500,-75.500,3
50.500,-73.500,3894
50.500,-72.500,8
50.500,-71.500,7
50.500,-68.500,2
50.500,-67.500,5
50.500,-66.500,38160
50.500,-65.500,108
50.500,-64.500,1594
50.500,-63.500,3689
50.500,-62.500,354
50.500,-61.500,1356
50.500,-60.500,1240
50.500,-59.500,879
50.500,-58.500,401
50.500,-57.500,3066
50.500,-56.500,2456
50.500,-55.500,191
50.500,-5.500,283798
50.500,-4.500,621618
50.500,-3.500,715779
50.500,-2.500,428473
50.500,-1.500,1787460
50.500,-0.500,960046
50.500,0.500,475591
50.500,1.500,508042
50.500,2.500,1574194
50.500,3.500,3495508
50.500,4.500,4035901
50.500,5.500,2248462
50.500,6.500,2582522
50.500,7.500,2782660
50.500,8.500,3814718
50.500,9.500,974440
50.500,10.500,999337
50.500,11.500,1120080
50.500,12.500,1688554
50.500,13.500,977367
50.500,14.500,2556350
50.500,15.500,1142355
50.500,16.500,968303
50.500,17.500,757708
50.500,18.500,2424923
50.500,19.500,2512110
50.500,20.500,1197388
50.500,21.500,1037284
50.500,22.500,861561
50.500,23.500,494996
50.500,24.500,497035
50.500,25.500,656231
50.500,26.500,742340
50.500,27.500,336449
50.500,28.500,541468
50.500,29.500,288693
50.500,30.500,3694438
50.500,31.500,257683
50.500,32.500,264402
50.500,33.500,221152
50.500,34.500,523376
50.500,35.500,247041
50.500,36.500,1308277
50.500,37.500,199215
50.500,38.500,222179
50.500,39.500,298799
50.500,40.500,186758
50.500,41.500,96956
50.500,42.500,113042
50.500,43.500,134045
50.500,44.500,103718
50.500,45.500,186283
50.500,46.500,82341
50.500,47.500,28860
50.500,48.500,50835
50.500,49.500,10075
50.500,50.500,8578
50.500,51.500,24939
50.500,52.500,15857
50.500,53.500,7034
50.500,54.500,7607
50.500,55.500,25379
50.500,56.500,39144
50.500,57.500,521432
50.500,58.500,43741
50.500,59.500,20739
50.500,60.500,23598
50.500,61.500,4212
50.500,62.500,834
50.500,63.500,405
50.500,64.500,1403
50.500,65.500,11316
50.500,66.500,34885
50.500,67.500,1727
50.500,68.500,977
50.500,69.500,2627
50.500,70.500,13562
50.500,71.500,79772
50.500,72.500,188437
50.500,73.500,84709
50.500,74.500,7814
50.500,75.500,13360
50.500,76.500,2788
50.500,77.500,601
50.500,78.500,7021
50.500,79.500,17991
50.500,80.500,368368
50.500,81.500,80994
50.500,82.500,113195
50.500,83.500,55472
50.500,84.500,9539
50.500,85.500,21123
50.500,86.500,12449
50.500,87.500,11010
50.500,88.500,4049
50.500,89.500,627
50.500,90.500,8720
50.500,91.500,5525
50.500,92.500,5727
50.500,93.500,6810
50.500,94.500,4004
50.500,95.500,15324
50.500,96.500,1130
50.500,97.500,922
50.500,98.500,3700
50.500,99.500,4499
50.500,100.500,8495
50.500,101.500,5247
50.500,102.500,584
50.500,103.500,24966
50.500,104.500,5675
50.500,105.500,32445
50.500,106.500,76138
50.500,107.500,28381
50.500,108.500,21427
50.500,109.500,522
50.500,110.500,562
50.500,111.500,1069
50.500,112.500,728
50.500,113.500,34755
50.500,114.500,5591
50.500,115.500,41321
50.500,116.500,54292
50.500,117.500,15359
50.500,118.500,68030
50.500,119.500,20893
50.500,120.500,47624
50.500,121.500,113634
50.500,122.500,12156
50.500,123.500,64539
50.500,124.500,178217
50.500,125.500,30766
50.500,126.500,10512
50.500,127.500,422010
50.500,128.500,116765
50.500,129.500,34354
50.500,130.500,3550
50.500,131.500,151
50.500,132.500,2189
50.500,133.500,847
50.500,134.500,287
50.500,135.500,15
50.500,136.500,174247
50.500,137.500,160382
50.500,138.500,2392
50.500,139.500,3853
50.500,140.500,89
50.500,142.500,24763
50.500,143.500,407
50.500,155.500,68
50.500,156.500,2197
49.500,-126.500,3220
49.500,-125.500,50478
49.500,-124.500,196582
49.500,-123.500,1366196
49.500,-122.500,1624422
49.500,-121.500,111230
49.500,-120.500,5874
49.500,-119.500,282318
49.500,-118.500,13115
49.500,-117.500,65404
49.500,-116.500,18924
49.500,-115.500,45762
49.500,-114.500,14370
49.500,-113.500,31388
49.500,-112.500,156730
49.500,-111.500,10291
49.500,-110.500,16046
49.500,-109.500,4648
49.500,-108.500,5803
49.500,-107.500,3544
49.500,-106.500,4739
49.500,-105.500,7284
49.500,-104.500,6369
49.500,-103.500,23154
49.500,-102.500,23951
49.500,-101.500,10558
49.500,-100.500,21902
49.500,-99.500,73696
49.500,-98.500,55404
49.500,-97.500,823731
49.500,-96.500,100574
49.500,-95.500,4592
49.500,-94.500,20258
49.500,-93.500,3771
49.500,-92.500,11555
49.500,-91.500,1250
49.500,-90.500,206
49.500,-89.500,259
49.500,-88.500,2332
49.500,-87.500,424
49.500,-86.500,4810
49.500,-85.500,2307
49.500,-84.500,1915
49.500,-83.500,7414
49.500,-82.500,11764
49.500,-81.500,7553
49.500,-80.500,708
49.500,-79.500,1005
49.500,-77.500,2294
49.500,-76.500,1902
49.500,-75.500,2183
49.500,-74.500,11282
49.500,-73.500,3
49.500,-72.500,1275
49.500,-71.500,44
49.500,-68.500,30527
49.500,-67.500,1636
49.500,-66.500,11988
49.500,-65.500,3343
49.500,-64.500,3205
49.500,-63.500,5
49.500,-62.500,17
49.500,-61.500,1
49.500,-58.500,4661
49.500,-57.500,13991
49.500,-56.500,9523
49.500,-55.500,21818
49.500,-54.500,15035
49.500,-53.500,5679
49.500,-6.500,2262
49.500,-5.500,1656
49.500,-2.500,171112
49.500,-1.500,321106
49.500,-0.500,494851
49.500,0.500,830193
49.500,1.500,1184216
49.500,2.500,1687163
49.500,3.500,635094
49.500,4.500,556760
49.500,5.500,650350
49.500,6.500,2127523
49.500,7.500,1519513
49.500,8.500,4090897
49.500,9.500,1615530
49.500,10.500,1267731
49.500,11.500,1675785
49.500,12.500,792848
49.500,13.500,681453
49.500,14.500,716848
49.500,15.500,624412
49.500,16.500,1175577
49.500,17.500,1120184
49.500,18.500,1977957
49.500,19.500,1362364
49.500,20.500,1193619
49.500,21.500,870053
49.500,22.500,529424
49.500,23.500,1117080
49.500,24.500,1139143
49.500,25.500,690228
49.500,26.500,487881
49.500,27.500,421969
49.500,28.500,857531
49.500,29.500,258011
49.500,30.500,524053
49.500,31.500,355434
49.500,32.500,495211
49.500,33.500,565432
49.500,34.500,506333
49.500,35.500,248220
49.500,36.500,1363267
49.500,37.500,228172
49.500,38.500,221116
49.500,39.500,110920
49.500,40.500,106251
49.500,41.500,76672
49.500,42.500,54991
49.500,43.500,87377
49.500,44.500,57929
49.500,45.500,42862
49.500,46.500,25131
49.500,47.500,4054
49.500,48.500,14834
49.500,49.500,12612
49.500,50.500,20366
49.500,51.500,14005
49.500,52.500,1700
49.500,53.500,12275
49.500,54.500,15635
49.500,55.500,4948
49.500,56.500,23548
49.500,57.500,62351
49.500,58.500,2497
49.500,59.500,1485
49.500,60.500,4640
49.500,61.500,506
49.500,62.500,928
49.500,63.500,8774
49.500,64.500,1043
49.500,65.500,18
49.500,66.500,1497
49.500,67.500,978
49.500,68.500,625
49.500,69.500,1003
49.500,70.500,636
49.500,71.500,5213
49.500,72.500,174096
49.500,73.500,530251
49.500,74.500,4524
49.500,75.500,24712
49.500,76.500,7714
49.500,77.500,1393
49.500,78.500,1935
49.500,79.500,1369
49.500,80.500,3074
49.500,81.500,33946
49.500,82.500,343601
49.500,83.500,38567
49.500,84.500,58919
49.500,85.500,7111
49.500,86.500,2662
49.500,87.500,801
49.500,88.500,19310
49.500,89.500,4350
49.500,90.500,12314
49.500,91.500,5998
49.500,92.500,24640
49.500,93.500,6690
49.500,94.500,6649
49.500,95.500,6288
49.500,96.500,3455
49.500,97.500,4458
49.500,98.500,5220
49.500,99.500,7323
49.500,100.500,42682
49.500,101.500,11968
49.500,102.500,11097
49.500,103.500,2745
49.500,104.500,120829
49.500,105.500,106238
49.500,106.500,20851
49.500,107.500,7018
49.500,108.500,437
49.500,109.500,143
49.500,110.500,24
49.500,111.500,9422
49.500,112.500,9968
49.500,113.500,3002
49.500,114.500,4751
49.500,115.500,2096
49.500,116.500,1706
49.500,117.500,371593
49.500,118.500,12210
49.500,119.500,397274
49.500,120.500,234192
49.500,121.500,68307
49.500,122.500,445
49.500,123.500,30954
49.500,124.500,201288
49.500,125.500,355591
49.500,126.500,50176
49.500,127.500,143769
49.500,128.500,92382
49.500,129.500,74383
49.500,130.500,13552
49.500,131.500,20329
49.500,132.500,901
49.500,133.500,167
49.500,134.500,542
49.500,135.500,4959
49.500,136.500,15920
49.500,137.500,332
49.500,138.500,9
49.500,139.500,705
49.500,140.500,38317
49.500,142.500,30889
49.500,143.500,17703
49.500,144.500,12
48.500,-125.500,2726
48.500,-124.500,10905
48.500,-123.500,575086
48.500,-122.500,678524
48.500,-121.500,24040
48.500,-120.500,6452
48.500,-119.500,40950
48.500,-118.500,18113
48.500,-117.500,51581
48.500,-116.500,55048
48.500,-115.500,19844
48.500,-114.500,105722
48.500,-113.500,10243
48.500,-112.500,9822
48.500,-111.500,10074
48.500,-110.500,4556
48.500,-109.500,19197
48.500,-108.500,4367
48.500,-107.500,4097
48.500,-106.500,6971
48.500,-105.500,10861
48.500,-104.500,6117
48.500,-103.500,26815
48.500,-102.500,10309
48.500,-101.500,73705
48.500,-100.500,14088
48.500,-99.500,20866
48.500,-98.500,19163
48.500,-97.500,24332
48.500,-96.500,29247
48.500,-95.500,16450
48.500,-94.500,7684
48.500,-93.500,27824
48.500,-92.500,2041
48.500,-91.500,3234
48.500,-90.500,606
48.500,-89.500,125513
48.500,-88.500,3383
48.500,-87.500,3042
48.500,-86.500,4202
48.500,-85.500,1005
48.500,-84.500,1135
48.500,-83.500,3
48.500,-82.500,266
48.500,-81.500,46905
48.500,-80.500,18291
48.500,-79.500,57117
48.500,-78.500,40352
48.500,-77.500,45793
48.500,-76.500,18
48.500,-75.500,23
48.500,-74.500,2206
48.500,-72.500,59379
48.500,-71.500,207076
48.500,-70.500,27574
48.500,-69.500,20569
48.500,-68.500,87499
48.500,-67.500,43774
48.500,-66.500,24651
48.500,-65.500,23795
48.500,-64.500,33297
48.500,-59.500,1966
48.500,-58.500,21833
48.500,-57.500,23190
48.500,-56.500,1810
48.500,-55.500,15664
48.500,-54.500,19821
48.500,-53.500,27513
48.500,-52.500,1114
48.500,-5.500,756
48.500,-4.500,535259
48.500,-3.500,371406
48.500,-2.500,507114
48.500,-1.500,1034272
48.500,-0.500,462704
48.500,0.500,480762
48.500,1.500,1014538
48.500,2.500,10728471
48.500,3.500,436999
48.500,4.500,408087
48.500,5.500,273063
48.500,6.500,825853
48.500,7.500,1956478
48.500,8.500,2142766
48.500,9.500,3561692
48.500,10.500,1702209
48.500,11.500,3432682
48.500,12.500,1112124
48.500,13.500,855465
48.500,14.500,1145215
48.500,15.500,537225
48.500,16.500,2853672
48.500,17.500,1412532
48.500,18.500,891097
48.500,19.500,589442
48.500,20.500,778186
48.500,21.500,993869
48.500,22.500,853722
48.500,23.500,593761
48.500,24.500,762853
48.500,25.500,1028168
48.500,26.500,601018
48.500,27.500,435185
48.500,28.500,380714
48.500,29.500,361692
48.500,30.500,384400
48.500,31.500,178912
48.500,32.500,408825
48.500,33.500,323623
48.500,34.500,780217
48.500,35.500,1087892
48.500,36.500,257536
48.500,37.500,1725448
48.500,38.500,1718023
48.500,39.500,1082022
48.500,40.500,344145
48.500,41.500,107190
48.500,42.500,68880
48.500,43.500,67773
48.500,44.500,1457109
48.500,45.500,77760
48.500,46.500,80657
48.500,47.500,3564
48.500,48.500,1553
48.500,49.500,2981
48.500,50.500,469
48.500,51.500,32727
48.500,52.500,2282
48.500,53.500,7633
48.500,54.500,12326
48.500,55.500,13218
48.500,56.500,1746
48.500,57.500,24811
48.500,58.500,19195
48.500,59.500,4304
48.500,60.500,1759
48.500,61.500,12398
48.500,62.500,466
48.500,63.500,732
48.500,64.500,32
48.500,65.500,91
48.500,66.500,1383
48.500,67.500,10765
48.500,68.500,1225
48.500,69.500,3206
48.500,70.500,16537
48.500,71.500,27484
48.500,72.500,14567
48.500,73.500,7226
48.500,74.500,9507
48.500,75.500,2985
48.500,76.500,2422
48.500,77.500,458
48.500,78.500,1704
48.500,79.500,10391
48.500,80.500,3184
48.500,81.500,2387
48.500,82.500,13792
48.500,83.500,22153
48.500,84.500,2664
48.500,85.500,10137
48.500,86.500,79246
48.500,87.500,14897
48.500,88.500,1833
48.500,89.500,49206
48.500,90.500,6895
48.500,91.500,13595
48.500,92.500,3444
48.500,93.500,2956
48.500,94.500,1169
48.500,95.500,3919
48.500,96.500,4071
48.500,97.500,3778
48.500,98.500,11481
48.500,99.500,16996
48.500,100.500,8896
48.500,101.500,10375
48.500,102.500,10027
48.500,103.500,17127
48.500,104.500,15520
48.500,105.500,14358
48.500,106.500,88637
48.500,107.500,2899
48.500,108.500,1850
48.500,109.500,154
48.500,110.500,6152
48.500,111.500,4744
48.500,112.500,473
48.500,113.500,3897
48.500,114.500,48417
48.500,115.500,4615
48.500,116.500,23015
48.500,117.500,8294
48.500,118.500,21520
48.500,119.500,46263
48.500,120.500,2834
48.500,121.500,34195
48.500,122.500,134519
48.500,123.500,328063
48.500,124.500,725520
48.500,125.500,652414
48.500,126.500,657991
48.500,127.500,31078
48.500,128.500,35191
48.500,129.500,147909
48.500,130.500,51260
48.500,131.500,5299
48.500,132.500,85449
48.500,133.500,26192
48.500,134.500,116149
48.500,135.500,673304
48.500,136.500,7000
48.500,138.500,2
48.500,139.500,106
48.500,140.500,33715
48.500,141.500,141
48.500,142.500,15674
48.500,144.500,8
48.500,153.500,48
48.500,154.500,18
47.500,-124.500,12606
47.500,-123.500,67997
47.500,-122.500,4061652
47.500,-121.500,154222
47.500,-120.500,151982
47.500,-119.500,86687
47.500,-118.500,15810
47.500,-117.500,561920
47.500,-116.500,178293
47.500,-115.500,11440
47.500,-114.500,44286
47.500,-113.500,3816
47.500,-112.500,4441
47.500,-111.500,89075
47.500,-110.500,6461
47.500,-109.500,10982
47.500,-108.500,1621
47.500,-107.500,478
47.500,-106.500,1036
47.500,-105.500,2145
47.500,-104.500,19827
47.500,-103.500,5422
47.500,-102.500,10825
47.500,-101.500,19083
47.500,-100.500,7041
47.500,-99.500,12936
47.500,-98.500,10486
47.500,-97.500,95848
47.500,-96.500,34201
47.500,-95.500,33345
47.500,-94.500,60420
47.500,-93.500,51605
47.500,-92.500,70533
47.500,-91.500,19000
47.500,-90.500,4476
47.500,-89.500,774
47.500,-88.500,39062
47.500,-87.500,206
47.500,-84.500,3189
47.500,-83.500,2842
47.500,-82.500,76
47.500,-81.500,658
47.500,-80.500,1635
47.500,-79.500,36344
47.500,-78.500,1252
47.500,-77.500,477
47.500,-75.500,36
47.500,-74.500,2440
47.500,-73.500,1297
47.500,-72.500,12984
47.500,-71.500,9982
47.500,-70.500,67304
47.500,-69.500,64938
47.500,-68.500,60208
47.500,-67.500,25795
47.500,-66.500,15146
47.500,-65.500,74762
47.500,-64.500,39009
47.500,-63.500,176
47.500,-62.500,136
47.500,-61.500,13590
47.500,-60.500,114
47.500,-59.500,6719
47.500,-58.500,1976
47.500,-57.500,2138
47.500,-56.500,1564
47.500,-55.500,22138
47.500,-54.500,4055
47.500,-53.500,68475
47.500,-52.500,203079
47.500,-4.500,131254
47.500,-3.500,395464
47.500,-2.500,724225
47.500,-1.500,1333880
47.500,-0.500,858809
47.500,0.500,858280
47.500,1.500,673611
47.500,2.500,463629
47.500,3.500,305202
47.500,4.500,191831
47.500,5.500,633125
47.500,6.500,826246
47.500,7.500,2491554
47.500,8.500,3402797
47.500,9.500,1855534
47.500,10.500,711429
47.500,11.500,957376
47.500,12.500,755154
47.500,13.500,637046
47.500,14.500,255616
47.500,15.500,803923
47.500,16.500,879381
47.500,17.500,706287
47.500,18.500,1199218
47.500,19.500,2802963
47.500,20.500,577611
47.500,21.500,1023160
47.500,22.500,617837
47.500,23.500,691310
47.500,24.500,413631
47.500,25.500,286312
47.500,26.500,909811
47.500,27.500,916615
47.500,28.500,971798
47.500,29.500,403214
47.500,30.500,183470
47.500,31.500,234045
47.500,32.500,180367
47.500,33.500,768412
47.500,34.500,432302
47.500,35.500,1026310
47.500,36.500,185397
47.500,37.500,1322884
47.500,38.500,510436
47.500,39.500,1638989
47.500,40.500,648712
47.500,41.500,122915
47.500,42.500,264425
47.500,43.500,68300
47.500,44.500,33505
47.500,45.500,11550
47.500,46.500,32922
47.500,47.500,50055
47.500,48.500,606
47.500,49.500,5
47.500,50.500,5875
47.500,51.500,278286
47.500,52.500,35008
47.500,53.500,20445
47.500,54.500,768
47.500,55.500,654
47.500,56.500,1357
47.500,57.500,942
47.500,58.500,7
47.500,59.500,36890
47.500,60.500,1125
47.500,61.500,17164
47.500,62.500,1087
47.500,63.500,90
47.500,64.500,413
47.500,65.500,54
47.500,66.500,4451
47.500,67.500,135556
47.500,68.500,1236
47.500,69.500,242
47.500,70.500,754
47.500,71.500,964
47.500,72.500,1388
47.500,73.500,2208
47.500,74.500,3463
47.500,75.500,1914
47.500,76.500,132
47.500,77.500,393
47.500,78.500,335
47.500,79.500,2383
47.500,80.500,54659
47.500,81.500,38682
47.500,82.500,17901
47.500,83.500,17682
47.500,84.500,31938
47.500,85.500,30922
47.500,86.500,58205
47.500,87.500,173744
47.500,88.500,117180
47.500,89.500,35260
47.500,90.500,6624
47.500,91.500,25446
47.500,92.500,7554
47.500,93.500,1233
47.500,94.500,1999
47.500,95.500,332
47.500,96.500,18253
47.500,97.500,1827
47.500,98.500,3164
47.500,99.500,5758
47.500,100.500,4096
47.500,101.500,37139
47.500,102.500,19017
47.500,103.500,8473
47.500,104.500,8408
47.500,105.500,7088
47.500,106.500,1491608
47.500,107.500,157796
47.500,108.500,42736
47.500,109.500,9946
47.500,110.500,22649
47.500,111.500,5922
47.500,112.500,5403
47.500,113.500,1026
47.500,114.500,862
47.500,115.500,108
47.500,116.500,543
47.500,117.500,198
47.500,118.500,1324
47.500,119.500,47741
47.500,120.500,7629
47.500,121.500,32275
47.500,122.500,469075
47.500,123.500,1742225
47.500,124.500,833564
47.500,125.500,996587
47.500,126.500,1398521
47.500,127.500,606770
47.500,128.500,312783
47.500,129.500,230627
47.500,130.500,977551
47.500,131.500,306094
47.500,132.500,638025
47.500,133.500,158272
47.500,134.500,90643
47.500,135.500,21079
47.500,136.500,938
47.500,138.500,207
47.500,139.500,137
47.500,141.500,2147
47.500,142.500,81112
47.500,143.500,25
47.500,152.500,78
46.500,-124.500,21416
46.500,-123.500,147697
46.500,-122.500,297463
46.500,-121.500,4580
46.500,-120.500,272673
46.500,-119.500,368866
46.500,-118.500,76340
46.500,-117.500,106221
46.500,-116.500,71780
46.500,-115.500,5690
46.500,-114.500,123686
46.500,-113.500,38073
46.500,-112.500,81952
46.500,-111.500,33060
46.500,-110.500,2663
46.500,-109.500,4038
46.500,-108.500,6213
46.500,-107.500,1640
46.500,-106.500,3439
46.500,-105.500,13375
46.500,-104.500,5402
46.500,-103.500,6794
46.500,-102.500,32471
46.500,-101.500,8504
46.500,-100.500,128827
46.500,-99.500,8597
46.500,-98.500,37077
46.500,-97.500,25377
46.500,-96.500,283362
46.500,-95.500,93840
46.500,-94.500,105538
46.500,-93.500,42700
46.500,-92.500,218398
46.500,-91.500,33326
46.500,-90.500,39660
46.500,-89.500,19084
46.500,-88.500,25855
46.500,-87.500,73842
46.500,-86.500,10819
46.500,-85.500,12553
46.500,-84.500,123861
46.500,-83.500,8742
46.500,-82.500,21473
46.500,-81.500,86676
46.500,-80.500,106307
46.500,-79.500,94937
46.500,-78.500,4747
46.500,-77.500,8228
46.500,-76.500,6545
46.500,-75.500,44570
46.500,-74.500,63854
46.500,-73.500,189466
46.500,-72.500,327573
46.500,-71.500,1048766
46.500,-70.500,151809
46.500,-69.500,3717
46.500,-68.500,26991
46.500,-67.500,69606
46.500,-66.500,21493
46.500,-65.500,30197
46.500,-64.500,202061
46.500,-63.500,112378
46.500,-62.500,25482
46.500,-61.500,7823
46.500,-60.500,86241
46.500,-59.500,18393
46.500,-56.500,4816
46.500,-55.500,2922
46.500,-54.500,510
46.500,-53.500,2615
46.500,-52.500,751
46.500,-2.500,33559
46.500,-1.500,739002
46.500,-0.500,557847
46.500,0.500,463769
46.500,1.500,274983
46.500,2.500,242786
46.500,3.500,352508
46.500,4.500,736873
46.500,5.500,541792
46.500,6.500,2124593
46.500,7.500,1183703
46.500,8.500,477177
46.500,9.500,415822
46.500,10.500,192539
46.500,11.500,821205
46.500,12.500,329878
46.500,13.500,576495
46.500,14.500,1092672
46.500,15.500,994013
46.500,16.500,712634
46.500,17.500,429067
46.500,18.500,715609
46.500,19.500,538085
46.500,20.500,610508
46.500,21.500,603356
46.500,22.500,234492
46.500,23.500,815237
46.500,24.500,686194
46.500,25.500,365822
46.500,26.500,781867
46.500,27.500,535563
46.500,28.500,721495
46.500,29.500,513774
46.500,30.500,1497660
46.500,31.500,252043
46.500,32.500,882908
46.500,33.500,300174
46.500,34.500,141358
46.500,35.500,254507
46.500,36.500,161695
46.500,37.500,43863
46.500,38.500,306981
46.500,39.500,314341
46.500,40.500,171707
46.500,41.500,210080
46.500,42.500,63737
46.500,43.500,34679
46.500,44.500,134446
46.500,45.500,13942
46.500,46.500,1444
46.500,47.500,231649
46.500,48.500,573420
46.500,49.500,40861
46.500,50.500,1015
46.500,51.500,9807
46.500,52.500,16
46.500,53.500,44346
46.500,54.500,30672
46.500,55.500,67
46.500,56.500,146
46.500,57.500,62
46.500,58.500,2584
46.500,59.500,215
46.500,60.500,477
46.500,61.500,57732
46.500,62.500,2484
46.500,63.500,1378
46.500,64.500,1464
46.500,65.500,7285
46.500,66.500,58
46.500,67.500,80
46.500,68.500,1076
46.500,69.500,47
46.500,70.500,138
46.500,71.500,3
46.500,72.500,67
46.500,73.500,12950
46.500,74.500,72818
46.500,75.500,11522
46.500,76.500,216
46.500,77.500,3010
46.500,78.500,4296
46.500,79.500,10233
46.500,80.500,34946
46.500,81.500,18632
46.500,82.500,191546
46.500,83.500,298378
46.500,84.500,46163
46.500,85.500,43450
46.500,86.500,22480
46.500,87.500,36766
46.500,88.500,20528
46.500,89.500,39025
46.500,90.500,62546
46.500,91.500,13082
46.500,92.500,6905
46.500,93.500,6355
46.500,94.500,1604
46.500,95.500,6981
46.500,96.500,18121
46.500,97.500,3960
46.500,98.500,4840
46.500,99.500,5791
46.500,100.500,40012
46.500,101.500,1929
46.500,102.500,55302
46.500,103.500,11347
46.500,104.500,8404
46.500,105.500,5154
46.500,106.500,2387
46.500,107.500,2234
46.500,108.500,16451
46.500,109.500,12374
46.500,110.500,4659
46.500,111.500,3428
46.500,112.500,6893
46.500,113.500,21884
46.500,114.500,35
46.500,115.500,1572
46.500,116.500,4909
46.500,117.500,1503
46.500,118.500,7543
46.500,119.500,5756
46.500,120.500,49298
46.500,121.500,188000
46.500,122.500,582383
46.500,123.500,493723
46.500,124.500,1252174
46.500,125.500,2036694
46.500,126.500,2259554
46.500,127.500,1454173
46.500,128.500,217338
46.500,129.500,614819
46.500,130.500,1652333
46.500,131.500,957127
46.500,132.500,398655
46.500,133.500,104032
46.500,134.500,69283
46.500,135.500,2577
46.500,137.500,69
46.500,138.500,900
46.500,141.500,16242
46.500,142.500,213123
46.500,143.500,2364
46.500,150.500,48
46.500,151.500,4
45.500,-124.500,639
45.500,-123.500,215841
45.500,-122.500,2494151
45.500,-121.500,78105
45.500,-120.500,13503
45.500,-119.500,53750
45.500,-118.500,62384
45.500,-117.500,16288
45.500,-116.500,8689
45.500,-115.500,918
45.500,-114.500,1581
45.500,-113.500,8453
45.500,-112.500,38109
45.500,-111.500,104605
45.500,-110.500,20399
45.500,-109.500,17456
45.500,-108.500,172220
45.500,-107.500,11475
45.500,-106.500,8608
45.500,-105.500,1725
45.500,-104.500,1208
45.500,-103.500,1416
45.500,-102.500,4288
45.500,-101.500,6143
45.500,-100.500,10890
45.500,-99.500,9257
45.500,-98.500,44419
45.500,-97.500,19779
45.500,-96.500,30021
45.500,-95.500,104039
45.500,-94.500,309097
45.500,-93.500,1331811
45.500,-92.500,292440
45.500,-91.500,95899
45.500,-90.500,45854
45.500,-89.500,108514
45.500,-88.500,53735
45.500,-87.500,102438
45.500,-86.500,11618
45.500,-85.500,39347
45.500,-84.500,92577
45.500,-83.500,38606
45.500,-82.500,6746
45.500,-81.500,9492
45.500,-80.500,13741
45.500,-79.500,69410
45.500,-78.500,14005
45.500,-77.500,76117
45.500,-76.500,124427
45.500,-75.500,1432258
45.500,-74.500,499047
45.500,-73.500,4310636
45.500,-72.500,477928
45.500,-71.500,247045
45.500,-70.500,31596
45.500,-69.500,25284
45.500,-68.500,34158
45.500,-67.500,34481
45.500,-66.500,200752
45.500,-65.500,81661
45.500,-64.500,103752
45.500,-63.500,77126
45.500,-62.500,57254
45.500,-61.500,31462
45.500,-60.500,12595
45.500,-59.500,1454
45.500,-1.500,123025
45.500,-0.500,569838
45.500,0.500,487692
45.500,1.500,537629
45.500,2.500,148742
45.500,3.500,719111
45.500,4.500,2727661
45.500,5.500,1662203
45.500,6.500,561358
45.500,7.500,2045665
45.500,8.500,2575104
45.500,9.500,6718034
45.500,10.500,2138683
45.500,11.500,2627062
45.500,12.500,2013843
45.500,13.500,806116
45.500,14.500,495680
45.500,15.500,1025048
45.500,16.500,743074
45.500,17.500,349624
45.500,18.500,636647
45.500,19.500,924132
45.500,20.500,516118
45.500,21.500,746971
45.500,22.500,294459
45.500,23.500,465365
45.500,24.500,624769
45.500,25.500,949878
45.500,26.500,561232
45.500,27.500,818876
45.500,28.500,717454
45.500,29.500,163302
45.500,30.500,8025
45.500,32.500,23477
45.500,33.500,386246
45.500,34.500,403332
45.500,35.500,182000
45.500,36.500,217820
45.500,37.500,202368
45.500,38.500,871031
45.500,39.500,986066
45.500,40.500,507698
45.500,41.500,690685
45.500,42.500,332433
45.500,43.500,133572
45.500,44.500,40562
45.500,45.500,3085
45.500,46.500,9111
45.500,47.500,68181
45.500,48.500,9094
45.500,50.500,5
45.500,51.500,5357
45.500,52.500,359
45.500,53.500,1194
45.500,54.500,822
45.500,55.500,68508
45.500,56.500,565
45.500,57.500,81
45.500,58.500,138
45.500,59.500,131
45.500,60.500,2
45.500,61.500,13474
45.500,62.500,66768
45.500,63.500,65349
45.500,64.500,90423
45.500,65.500,4598
45.500,66.500,553
45.500,67.500,945
45.500,68.500,1101
45.500,72.500,671
45.500,73.500,6651
45.500,74.500,5747
45.500,75.500,3563
45.500,76.500,1010
45.500,77.500,51309
45.500,78.500,162065
45.500,79.500,60315
45.500,80.500,30453
45.500,81.500,65693
45.500,82.500,19973
45.500,83.500,56915
45.500,84.500,379642
45.500,85.500,89319
45.500,86.500,12440
45.500,87.500,136
45.500,88.500,674
45.500,89.500,270
45.500,90.500,5363
45.500,91.500,4163
45.500,92.500,1153
45.500,93.500,758
45.500,94.500,2389
45.500,95.500,2348
45.500,96.500,2740
45.500,97.500,3816
45.500,98.500,3988
45.500,99.500,3205
45.500,100.500,2892
45.500,101.500,8378
45.500,102.500,5825
45.500,103.500,4668
45.500,104.500,1913
45.500,105.500,2952
45.500,106.500,12708
45.500,107.500,2218
45.500,108.500,2724
45.500,109.500,6731
45.500,110.500,1269
45.500,111.500,2358
45.500,112.500,4594
45.500,113.500,7245
45.500,114.500,835
45.500,115.500,10450
45.500,116.500,30050
45.500,117.500,18626
45.500,118.500,27684
45.500,119.500,112437
45.500,120.500,68722
45.500,121.500,470089
45.500,122.500,892079
45.500,123.500,527988
45.500,124.500,1415552
45.500,125.500,1332473
45.500,126.500,7192396
45.500,127.500,1184018
45.500,128.500,769539
45.500,129.500,181461
45.500,130.500,1806675
45.500,131.500,783855
45.500,132.500,254124
45.500,133.500,160105
45.500,134.500,18828
45.500,135.500,356
45.500,136.500,3666
45.500,137.500,1327
45.500,140.500,411
45.500,141.500,52571
45.500,142.500,7402
45.500,147.500,4605
45.500,148.500,1161
45.500,149.500,4
44.500,-124.500,38376
44.500,-123.500,652360
44.500,-122.500,249688
44.500,-121.500,189427
44.500,-120.500,22806
44.500,-119.500,3254
44.500,-118.500,6375
44.500,-117.500,23365
44.500,-116.500,57527
44.500,-115.500,2889
44.500,-114.500,3163
44.500,-113.500,1406
44.500,-112.500,1844
44.500,-111.500,6382
44.500,-110.500,463
44.500,-109.500,14990
44.500,-108.500,24830
44.500,-107.500,12698
44.500,-106.500,34365
44.500,-105.500,48711
44.500,-104.500,9341
44.500,-103.500,167004
44.500,-102.500,3499
44.500,-101.500,4928
44.500,-100.500,22206
44.500,-99.500,7007
44.500,-98.500,29498
44.500,-97.500,53008
44.500,-96.500,63642
44.500,-95.500,73533
44.500,-94.500,147695
44.500,-93.500,1979927
44.500,-92.500,512082
44.500,-91.500,274113
44.500,-90.500,115493
44.500,-89.500,281952
44.500,-88.500,664758
44.500,-87.500,201964
44.500,-86.500,41744
44.500,-85.500,224604
44.500,-84.500,115026
44.500,-83.500,57376
44.500,-82.500,1262
44.500,-81.500,83074
44.500,-80.500,155594
44.500,-79.500,714653
44.500,-78.500,271146
44.500,-77.500,208491
44.500,-76.500,263285
44.500,-75.500,196671
44.500,-74.500,103887
44.500,-73.500,317080
44.500,-72.500,187152
44.500,-71.500,76553
44.500,-70.500,208838
44.500,-69.500,278983
44.500,-68.500,177668
44.500,-67.500,21715
44.500,-66.500,14980
44.500,-65.500,28060
44.500,-64.500,84349
44.500,-63.500,429114
44.500,-62.500,4748
44.500,-61.500,6
44.500,-1.500,159010
44.500,-0.500,1259419
44.500,0.500,503090
44.500,1.500,384661
44.500,2.500,337955
44.500,3.500,160169
44.500,4.500,888579
44.500,5.500,271784
44.500,6.500,178180
44.500,7.500,860268
44.500,8.500,1439506
44.500,9.500,678884
44.500,10.500,1813305
44.500,11.500,1746599
44.500,12.500,867246
44.500,13.500,79873
44.500,14.500,33836
44.500,15.500,275539
44.500,16.500,226400
44.500,17.500,700901
44.500,18.500,891182
44.500,19.500,686381
44.500,20.500,2585372
44.500,21.500,379456
44.500,22.500,375039
44.500,23.500,705416
44.500,24.500,808608
44.500,25.500,968174
44.500,26.500,2794471
44.500,27.500,438416
44.500,28.500,593443
44.500,29.500,1318
44.500,33.500,506953
44.500,34.500,607233
44.500,35.500,10676
44.500,37.500,511373
44.500,38.500,403422
44.500,39.500,435359
44.500,40.500,530200
44.500,41.500,669561
44.500,42.500,495419
44.500,43.500,734498
44.500,44.500,276630
44.500,45.500,62748
44.500,46.500,39244
44.500,47.500,2805
44.500,50.500,7695
44.500,51.500,6580
44.500,52.500,29164
44.500,53.500,3765
44.500,54.500,1401
44.500,55.500,216
44.500,56.500,1383
44.500,57.500,667
44.500,58.500,220
44.500,59.500,2
44.500,60.500,14
44.500,61.500,68
44.500,62.500,10
44.500,63.500,968
44.500,64.500,23419
44.500,65.500,279038
44.500,66.500,81738
44.500,67.500,9748
44.500,68.500,16557
44.500,69.500,2133
44.500,70.500,1066
44.500,71.500,556
44.500,72.500,13337
44.500,73.500,10332
44.500,74.500,2247
44.500,75.500,1485
44.500,76.500,21113
44.500,77.500,34409
44.500,78.500,145441
44.500,79.500,52125
44.500,80.500,385006
44.500,81.500,163343
44.500,82.500,362134
44.500,83.500,25311
44.500,84.500,547478
44.500,85.500,435450
44.500,86.500,846660
44.500,87.500,760634
44.500,88.500,101947
44.500,89.500,137509
44.500,90.500,7865
44.500,91.500,1670
44.500,92.500,2236
44.500,93.500,2771
44.500,94.500,918
44.500,95.500,1224
44.500,96.500,2294
44.500,97.500,638
44.500,98.500,1705
44.500,99.500,804
44.500,100.500,6026
44.500,101.500,825
44.500,102.500,5712
44.500,103.500,3189
44.500,104.500,2773
44.500,105.500,2055
44.500,106.500,3424
44.500,107.500,344
44.500,108.500,1808
44.500,109.500,1256
44.500,110.500,31040
44.500,111.500,2563
44.500,112.500,1061
44.500,113.500,4519
44.500,114.500,28991
44.500,115.500,31111
44.500,116.500,32873
44.500,117.500,45111
44.500,118.500,79294
44.500,119.500,196924
44.500,120.500,199693
44.500,121.500,177334
44.500,122.500,315404
44.500,123.500,772394
44.500,124.500,912433
44.500,125.500,2091219
44.500,126.500,1954563
44.500,127.500,835500
44.500,128.500,275970
44.500,129.500,1676158
44.500,130.500,369604
44.500,131.500,269657
44.500,132.500,158090
44.500,133.500,109429
44.500,134.500,2861
44.500,135.500,66570
44.500,136.500,8021
44.500,141.500,22791
44.500,142.500,87151
44.500,143.500,65175
44.500,144.500,28329
44.500,145.500,9636
44.500,146.500,15
44.500,147.500,927
43.500,-124.500,82907
43.500,-123.500,134257
43.500,-122.500,18660
43.500,-121.500,29410
43.500,-120.500,1978
43.500,-119.500,5981
43.500,-118.500,1821
43.500,-117.500,10277
43.500,-116.500,770546
43.500,-115.500,28811
43.500,-114.500,26834
43.500,-113.500,5386
43.500,-112.500,121469
43.500,-111.500,151038
43.500,-110.500,23203
43.500,-109.500,2343
43.500,-108.500,28706
43.500,-107.500,933
43.500,-106.500,1894
43.500,-105.500,3368
43.500,-104.500,6087
43.500,-103.500,23268
43.500,-102.500,17264
43.500,-101.500,8282
43.500,-100.500,13127
43.500,-99.500,15309
43.500,-98.500,38863
43.500,-97.500,33771
43.500,-96.500,312123
43.500,-95.500,95411
43.500,-94.500,80097
43.500,-93.500,130119
43.500,-92.500,142518
43.500,-91.500,209151
43.500,-90.500,138889
43.500,-89.500,642510
43.500,-88.500,898625
43.500,-87.500,674123
43.500,-86.500,285274
43.500,-85.500,389376
43.500,-84.500,402800
43.500,-83.500,626941
43.500,-82.500,132096
43.500,-81.500,265083
43.500,-80.500,1231382
43.500,-79.500,7088693
43.500,-78.500,790509
43.500,-77.500,844737
43.500,-76.500,576823
43.500,-75.500,382636
43.500,-74.500,90834
43.500,-73.500,296717
43.500,-72.500,221563
43.500,-71.500,428795
43.500,-70.500,628701
43.500,-69.500,64158
43.500,-68.500,77
43.500,-66.500,16288
43.500,-65.500,23014
43.500,-64.500,1395
43.500,-59.500,5
43.500,-9.500,18634
43.500,-8.500,660926
43.500,-7.500,210709
43.500,-6.500,96921
43.500,-5.500,895463
43.500,-4.500,154525
43.500,-3.500,660509
43.500,-2.500,1157049
43.500,-1.500,816612
43.500,-0.500,597702
43.500,0.500,404890
43.500,1.500,1644476
43.500,2.500,558135
43.500,3.500,1121583
43.500,4.500,991531
43.500,5.500,2398538
43.500,6.500,846258
43.500,7.500,1019151
43.500,8.500,56967
43.500,9.500,490
43.500,10.500,1388838
43.500,11.500,1662391
43.500,12.500,1001665
43.500,13.500,952870
43.500,15.500,88238
43.500,16.500,422199
43.500,17.500,463751
43.500,18.500,525076
43.500,19.500,297832
43.500,20.500,650523
43.500,21.500,899820
43.500,22.500,281182
43.500,23.500,339809
43.500,24.500,452799
43.500,25.500,617348
43.500,26.500,395581
43.500,27.500,666121
43.500,28.500,148698
43.500,39.500,417061
43.500,40.500,157437
43.500,41.500,186718
43.500,42.500,233342
43.500,43.500,753978
43.500,44.500,1171104
43.500,45.500,1141803
43.500,46.500,1093427
43.500,47.500,137926
43.500,50.500,42
43.500,51.500,425981
43.500,52.500,197839
43.500,53.500,14414
43.500,54.500,91
43.500,55.500,4
43.500,57.500,1704
43.500,58.500,104550
43.500,59.500,52562
43.500,60.500,46435
43.500,61.500,93
43.500,62.500,49
43.500,63.500,1
43.500,64.500,28
43.500,65.500,24
43.500,66.500,2410
43.500,67.500,75526
43.500,68.500,391544
43.500,69.500,98239
43.500,70.500,63427
43.500,71.500,72136
43.500,72.500,4977
43.500,73.500,113802
43.500,74.500,114578
43.500,75.500,31881
43.500,76.500,2558076
43.500,77.500,573922
43.500,78.500,113844
43.500,79.500,88978
43.500,80.500,104405
43.500,81.500,1206448
43.500,82.500,393847
43.500,83.500,250949
43.500,84.500,30197
43.500,85.500,20991
43.500,86.500,41142
43.500,87.500,4148975
43.500,88.500,44251
43.500,89.500,212682
43.500,90.500,95471
43.500,91.500,22539
43.500,92.500,97396
43.500,93.500,73854
43.500,94.500,24174
43.500,95.500,2122
43.500,96.500,72
43.500,97.500,252
43.500,98.500,309
43.500,99.500,533
43.500,100.500,709
43.500,101.500,2659
43.500,102.500,3547
43.500,103.500,1138
43.500,104.500,30230
43.500,105.500,12763
43.500,106.500,8305
43.500,107.500,5938
43.500,108.500,1565
43.500,109.500,1872
43.500,110.500,489
43.500,111.500,115900
43.500,112.500,29954
43.500,113.500,20390
43.500,114.500,5348
43.500,115.500,11471
43.500,116.500,332712
43.500,117.500,152290
43.500,118.500,321834
43.500,119.500,267269
43.500,120.500,313311
43.500,121.500,543697
43.500,122.500,1097711
43.500,123.500,847293
43.500,124.500,2448617
43.500,125.500,5081806
43.500,126.500,2420742
43.500,127.500,431753
43.500,128.500,541220
43.500,129.500,288322
43.500,130.500,62623
43.500,131.500,735655
43.500,132.500,350991
43.500,133.500,60307
43.500,134.500,4960
43.500,135.500,8412
43.500,140.500,94559
43.500,141.500,2334231
43.500,142.500,499436
43.500,143.500,176415
43.500,144.500,235487
43.500,145.500,54676
43.500,146.500,1661
42.500,-124.500,26057
42.500,-123.500,124534
42.500,-122.500,208761
42.500,-121.500,68670
42.500,-120.500,6190
42.500,-119.500,237
42.500,-118.500,261
42.500,-117.500,600
42.500,-116.500,1373
42.500,-115.500,3691
42.500,-114.500,134494
42.500,-113.500,47558
42.500,-112.500,108205
42.500,-111.500,29002
42.500,-110.500,15263
42.500,-109.500,7908
42.500,-108.500,16196
42.500,-107.500,312
42.500,-106.500,78422
42.500,-105.500,15274
42.500,-104.500,20880
42.500,-103.500,9134
42.500,-102.500,18448
42.500,-101.500,2062
42.500,-100.500,5102
42.500,-99.500,6798
42.500,-98.500,18156
42.500,-97.500,93931
42.500,-96.500,195155
42.500,-95.500,76748
42.500,-94.500,97358
42.500,-93.500,165379
42.500,-92.500,252890
42.500,-91.500,216928
42.500,-90.500,201229
42.500,-89.500,581858
42.500,-88.500,1791088
42.500,-87.500,1754347
42.500,-86.500,290186
42.500,-85.500,1199168
42.500,-84.500,806557
42.500,-83.500,3954747
42.500,-82.500,1306370
42.500,-81.500,428917
42.500,-80.500,326407
42.500,-79.500,286562
42.500,-78.500,947643
42.500,-77.500,308793
42.500,-76.500,525709
42.500,-75.500,314656
42.500,-74.500,198249
42.500,-73.500,1029899
42.500,-72.500,1010180
42.500,-71.500,4651019
42.500,-70.500,931170
42.500,-9.500,37383
42.500,-8.500,1187880
42.500,-7.500,316233
42.500,-6.500,166876
42.500,-5.500,314197
42.500,-4.500,129593
42.500,-3.500,264680
42.500,-2.500,688477
42.500,-1.500,580483
42.500,-0.500,107913
42.500,0.500,86136
42.500,1.500,240680
42.500,2.500,705976
42.500,3.500,150722
42.500,6.500,135
42.500,8.500,34350
42.500,9.500,153478
42.500,10.500,102647
42.500,11.500,324951
42.500,12.500,1159102
42.500,13.500,744339
42.500,14.500,678732
42.500,15.500,483
42.500,16.500,10026
42.500,17.500,26163
42.500,18.500,267353
42.500,19.500,516251
42.500,20.500,1067950
42.500,21.500,1403449
42.500,22.500,252068
42.500,23.500,1816415
42.500,24.500,893102
42.500,25.500,505382
42.500,26.500,327891
42.500,27.500,393784
42.500,28.500,5
42.500,33.500,2103
42.500,34.500,237
42.500,35.500,48761
42.500,40.500,23070
42.500,41.500,280958
42.500,42.500,518924
42.500,43.500,253059
42.500,44.500,101209
42.500,45.500,105602
42.500,46.500,369611
42.500,47.500,1537751
42.500,48.500,229772
42.500,51.500,53
42.500,52.500,472
42.500,53.500,694
42.500,54.500,240
42.500,55.500,12
42.500,56.500,42
42.500,57.500,198
42.500,58.500,154268
42.500,59.500,1159084
42.500,60.500,128482
42.500,61.500,325
42.500,62.500,152
42.500,63.500,11734
42.500,64.500,39
42.500,65.500,304
42.500,66.500,140
42.500,67.500,475
42.500,68.500,157105
42.500,69.500,1743923
42.500,70.500,178810
42.500,71.500,590556
42.500,72.500,203709
42.500,73.500,208056
42.500,74.500,1630207
42.500,75.500,333149
42.500,76.500,136815
42.500,77.500,129632
42.500,78.500,249293
42.500,79.500,18878
42.500,80.500,80316
42.500,81.500,49454
42.500,82.500,18746
42.500,83.500,7266
42.500,84.500,1778
42.500,85.500,13596
42.500,86.500,364008
42.500,87.500,47802
42.500,88.500,110875
42.500,89.500,376265
42.500,90.500,87839
42.500,92.500,14060
42.500,93.500,394224
42.500,94.500,19718
42.500,95.500,171
42.500,96.500,149
42.500,97.500,1230
42.500,98.500,8026
42.500,99.500,1280
42.500,100.500,83
42.500,101.500,6850
42.500,102.500,1042
42.500,103.500,2484
42.500,104.500,293
42.500,105.500,3263
42.500,106.500,1796
42.500,107.500,12295
42.500,108.500,1201
42.500,109.500,2448
42.500,110.500,3181
42.500,111.500,3892
42.500,112.500,58909
42.500,113.500,31061
42.500,114.500,61148
42.500,115.500,101613
42.500,116.500,93935
42.500,117.500,164896
42.500,118.500,1097891
42.500,119.500,833030
42.500,120.500,537682
42.500,121.500,897034
42.500,122.500,968704
42.500,123.500,2246573
42.500,124.500,1294445
42.500,125.500,1826693
42.500,126.500,1229619
42.500,127.500,391776
42.500,128.500,207507
42.500,129.500,1408959
42.500,130.500,701387
42.500,131.500,25861
42.500,132.500,160830
42.500,133.500,49000
42.500,139.500,14359
42.500,140.500,207457
42.500,141.500,684326
42.500,142.500,84663
42.500,143.500,284818
42.500,144.500,87098
41.500,-124.500,31977
41.500,-123.500,8065
41.500,-122.500,42002
41.500,-121.500,8671
41.500,-120.500,8890
41.500,-119.500,13
41.500,-118.500,115
41.500,-117.500,895
41.500,-116.500,398
41.500,-115.500,200
41.500,-114.500,986
41.500,-113.500,353
41.500,-112.500,259154
41.500,-111.500,428287
41.500,-110.500,24838
41.500,-109.500,44290
41.500,-108.500,604
41.500,-107.500,11666
41.500,-106.500,5391
41.500,-105.500,39730
41.500,-104.500,97573
41.500,-103.500,47748
41.500,-102.500,13647
41.500,-101.500,11989
41.500,-100.500,36743
41.500,-99.500,14760
41.500,-98.500,28117
41.500,-97.500,77133
41.500,-96.500,598703
41.500,-95.500,457805
41.500,-94.500,82136
41.500,-93.500,709569
41.500,-92.500,135101
41.500,-91.500,370225
41.500,-90.500,426195
41.500,-89.500,198885
41.500,-88.500,2013421
41.500,-87.500,5374995
41.500,-86.500,638934
41.500,-85.500,871320
41.500,-84.500,323432
41.500,-83.500,929878
41.500,-82.500,461979
41.500,-81.500,2397263
41.500,-80.500,755585
41.500,-79.500,209619
41.500,-78.500,146225
41.500,-77.500,153252
41.500,-76.500,281190
41.500,-75.500,701640
41.500,-74.500,1131421
41.500,-73.500,2496997
41.500,-72.500,2080424
41.500,-71.500,1575433
41.500,-70.500,640515
41.500,-69.500,17182
41.500,-8.500,2865973
41.500,-7.500,345245
41.500,-6.500,101240
41.500,-5.500,159652
41.500,-4.500,547452
41.500,-3.500,87858
41.500,-2.500,69367
41.500,-1.500,207911
41.500,-0.500,840512
41.500,0.500,445715
41.500,1.500,1630285
41.500,2.500,5471723
41.500,3.500,106417
41.500,8.500,108182
41.500,9.500,75491
41.500,12.500,4038174
41.500,13.500,1005471
41.500,14.500,1177347
41.500,15.500,661325
41.500,16.500,1175412
41.500,17.500,46360
41.500,19.500,1518935
41.500,20.500,693083
41.500,21.500,724817
41.500,22.500,439068
41.500,23.500,381003
41.500,24.500,312503
41.500,25.500,406107
41.500,26.500,460850
41.500,27.500,1103423
41.500,28.500,7893257
41.500,29.500,2898245
41.500,30.500,150186
41.500,31.500,609823
41.500,32.500,619894
41.500,33.500,277789
41.500,34.500,217733
41.500,35.500,401999
41.500,36.500,1088455
41.500,37.500,251259
41.500,38.500,32892
41.500,39.500,251259
41.500,40.500,253254
41.500,41.500,452088
41.500,42.500,208787
41.500,43.500,171222
41.500,44.500,1509304
41.500,45.500,569204
41.500,46.500,360094
41.500,47.500,348626
41.500,48.500,740600
41.500,49.500,54668
41.500,52.500,3876
41.500,53.500,118
41.500,54.500,84
41.500,55.500,84
41.500,56.500,74
41.500,57.500,47
41.500,58.500,7242
41.500,59.500,572319
41.500,60.500,2262454
41.500,61.500,460895
41.500,62.500,200
41.500,63.500,538
41.500,64.500,34464
41.500,65.500,1519
41.500,66.500,2043
41.500,67.500,64379
41.500,68.500,187736
41.500,69.500,5093344
41.500,70.500,121861
41.500,71.500,1579972
41.500,72.500,703993
41.500,73.500,155980
41.500,74.500,84034
41.500,75.500,127359
41.500,76.500,24799
41.500,77.500,160
41.500,78.500,5910
41.500,79.500,270106
41.500,80.500,579052
41.500,81.500,184317
41.500,82.500,802009
41.500,83.500,192687
41.500,84.500,127057
41.500,85.500,84725
41.500,86.500,964453
41.500,87.500,10051
41.500,88.500,543
41.500,89.500,385
41.500,93.500,3254
41.500,94.500,1532
41.500,95.500,9671
41.500,96.500,2603
41.500,97.500,172
41.500,99.500,1150
41.500,100.500,1684
41.500,101.500,16812
41.500,102.500,132
41.500,103.500,2218
41.500,104.500,921
41.500,105.500,2515
41.500,106.500,13498
41.500,107.500,159492
41.500,108.500,288885
41.500,109.500,96311
41.500,110.500,217411
41.500,111.500,239439
41.500,112.500,203612
41.500,113.500,833939
41.500,114.500,671170
41.500,115.500,364419
41.500,116.500,316680
41.500,117.500,802175
41.500,118.500,791047
41.500,119.500,1497097
41.500,120.500,1736604
41.500,121.500,3166924
41.500,122.500,4047448
41.500,123.500,11710704
41.500,124.500,611591
41.500,125.500,1080741
41.500,126.500,1488298
41.500,127.500,226633
41.500,128.500,672125
41.500,129.500,1125912
41.500,130.500,27
41.500,139.500,1889
41.500,140.500,416201
41.500,141.500,71014
41.500,143.500,1276
40.500,-124.500,120713
40.500,-123.500,20675
40.500,-122.500,230393
40.500,-121.500,19367
40.500,-120.500,35870
40.500,-119.500,178
40.500,-118.500,1704
40.500,-117.500,4563
40.500,-116.500,2560
40.500,-115.500,11701
40.500,-114.500,2740
40.500,-113.500,44
40.500,-112.500,301112
40.500,-111.500,1929397
40.500,-110.500,12352
40.500,-109.500,35876
40.500,-108.500,3692
40.500,-107.500,21683
40.500,-106.500,28696
40.500,-105.500,608344
40.500,-104.500,307895
40.500,-103.500,55204
40.500,-102.500,19853
40.500,-101.500,11842
40.500,-100.500,23439
40.500,-99.500,82871
40.500,-98.500,122487
40.500,-97.500,56042
40.500,-96.500,368838
40.500,-95.500,68265
40.500,-94.500,56561
40.500,-93.500,44914
40.500,-92.500,80445
40.500,-91.500,138144
40.500,-90.500,147688
40.500,-89.500,416134
40.500,-88.500,375923
40.500,-87.500,153823
40.500,-86.500,584274
40.500,-85.500,489696
40.500,-84.500,452985
40.500,-83.500,779473
40.500,-82.500,941444
40.500,-81.500,788480
40.500,-80.500,1267638
40.500,-79.500,1436801
40.500,-78.500,437598
40.500,-77.500,472989
40.500,-76.500,1467814
40.500,-75.500,3599313
40.500,-74.500,7804016
40.500,-73.500,10801986
40.500,-72.500,344086
40.500,-8.500,1039257
40.500,-7.500,410359
40.500,-6.500,127609
40.500,-5.500,319407
40.500,-4.500,539701
40.500,-3.500,7347308
40.500,-2.500,96580
40.500,-1.500,68196
40.500,-0.500,100427
40.500,0.500,296037
40.500,3.500,13987
40.500,4.500,4348
40.500,8.500,373227
40.500,9.500,242028
40.500,12.500,3160
40.500,13.500,71900
40.500,14.500,4208697
40.500,15.500,629759
40.500,16.500,529491
40.500,17.500,1130805
40.500,18.500,576769
40.500,19.500,494930
40.500,20.500,295565
40.500,21.500,274353
40.500,22.500,1405986
40.500,23.500,268041
40.500,24.500,133609
40.500,25.500,77201
40.500,26.500,441181
40.500,27.500,684787
40.500,28.500,1489815
40.500,29.500,7477386
40.500,30.500,1348026
40.500,31.500,651066
40.500,32.500,1109932
40.500,33.500,291110
40.500,34.500,527036
40.500,35.500,485067
40.500,36.500,522271
40.500,37.500,471958
40.500,38.500,379839
40.500,39.500,490671
40.500,40.500,237711
40.500,41.500,110375
40.500,42.500,196658
40.500,43.500,524248
40.500,44.500,1918519
40.500,45.500,559112
40.500,46.500,1040362
40.500,47.500,1224667
40.500,48.500,587071
40.500,49.500,2830280
40.500,50.500,189681
40.500,52.500,60902
40.500,53.500,19602
40.500,54.500,451
40.500,55.500,989
40.500,56.500,80
40.500,57.500,173
40.500,58.500,402
40.500,59.500,8
40.500,60.500,185
40.500,61.500,1430
40.500,62.500,19659
40.500,63.500,5324
40.500,64.500,930381
40.500,65.500,691454
40.500,66.500,515652
40.500,67.500,745629
40.500,68.500,1494780
40.500,69.500,1828859
40.500,70.500,1722067
40.500,71.500,4064650
40.500,72.500,4445244
40.500,73.500,560327
40.500,74.500,6897
40.500,75.500,6747
40.500,76.500,28144
40.500,77.500,17443
40.500,78.500,38001
40.500,79.500,89153
40.500,80.500,425930
40.500,81.500,169535
40.500,82.500,23579
40.500,83.500,399
40.500,84.500,9
40.500,85.500,605
40.500,86.500,10759
40.500,87.500,24242
40.500,88.500,580
40.500,89.500,55
40.500,93.500,363
40.500,94.500,158539
40.500,95.500,71596
40.500,96.500,75409
40.500,97.500,77979
40.500,98.500,61976
40.500,99.500,39158
40.500,100.500,707
40.500,102.500,12
40.500,103.500,1410
40.500,104.500,2662
40.500,105.500,3107
40.500,106.500,140331
40.500,107.500,729823
40.500,108.500,237808
40.500,109.500,2031186
40.500,110.500,1175130
40.500,111.500,2964826
40.500,112.500,530331
40.500,113.500,2712226
40.500,114.500,1782080
40.500,115.500,1720327
40.500,116.500,6409405
40.500,117.500,3053404
40.500,118.500,2123919
40.500,119.500,1364994
40.500,120.500,1875792
40.500,121.500,136971
40.500,122.500,4196754
40.500,123.500,916482
40.500,124.500,2259375
40.500,125.500,773218
40.500,126.500,1070609
40.500,127.500,514775
40.500,128.500,1154343
40.500,129.500,505285
40.500,139.500,17520
40.500,140.500,903134
40.500,141.500,597094
39.500,-123.500,85977
39.500,-122.500,94773
39.500,-121.500,493522
39.500,-120.500,80078
39.500,-119.500,512423
39.500,-118.500,7636
39.500,-117.500,189
39.500,-116.500,162
39.500,-115.500,302
39.500,-114.500,3066
39.500,-113.500,236
39.500,-112.500,7929
39.500,-111.500,49704
39.500,-110.500,22123
39.500,-109.500,32
39.500,-108.500,174336
39.500,-107.500,76295
39.500,-106.500,108775
39.500,-105.500,1264233
39.500,-104.500,1899195
39.500,-103.500,7609
39.500,-102.500,10553
39.500,-101.500,16925
39.500,-100.500,11895
39.500,-99.500,20801
39.500,-98.500,17783
39.500,-97.500,32454
39.500,-96.500,151372
39.500,-95.500,239768
39.500,-94.500,1291037
39.500,-93.500,92585
39.500,-92.500,99940
39.500,-91.500,152309
39.500,-90.500,118943
39.500,-89.500,305510
39.500,-88.500,244942
39.500,-87.500,256156
39.500,-86.500,1735078
39.500,-85.500,582706
39.500,-84.500,2712625
39.500,-83.500,758885
39.500,-82.500,894970
39.500,-81.500,268344
39.500,-80.500,280067
39.500,-79.500,300663
39.500,-78.500,342805
39.500,-77.500,2018403
39.500,-76.500,3325453
39.500,-75.500,3243906
39.500,-74.500,1046256
39.500,-31.500,4627
39.500,-28.500,2578
39.500,-27.500,1238
39.500,-9.500,299692
39.500,-8.500,753440
39.500,-7.500,154226
39.500,-6.500,171522
39.500,-5.500,111873
39.500,-4.500,283171
39.500,-3.500,375009
39.500,-2.500,142997
39.500,-1.500,191133
39.500,-0.500,2595477
39.500,0.500,28583
39.500,1.500,15504
39.500,2.500,741647
39.500,3.500,229888
39.500,4.500,61651
39.500,8.500,363953
39.500,9.500,535580
39.500,15.500,77884
39.500,16.500,671697
39.500,17.500,86012
39.500,18.500,140832
39.500,19.500,99413
39.500,20.500,335409
39.500,21.500,256871
39.500,22.500,472386
39.500,23.500,46865
39.500,24.500,219
39.500,25.500,19581
39.500,26.500,495793
39.500,27.500,949982
39.500,28.500,386838
39.500,29.500,410324
39.500,30.500,1092193
39.500,31.500,131997
39.500,32.500,4532149
39.500,33.500,445371
39.500,34.500,362577
39.500,35.500,255420
39.500,36.500,265014
39.500,37.500,344049
39.500,38.500,50108
39.500,39.500,196370
39.500,40.500,107965
39.500,41.500,555241
39.500,42.500,416910
39.500,43.500,538376
39.500,44.500,787994
39.500,45.500,519556
39.500,46.500,432061
39.500,47.500,521432
39.500,48.500,1119637
39.500,49.500,116823
39.500,52.500,16318
39.500,53.500,22682
39.500,54.500,180838
39.500,55.500,53135
39.500,56.500,8244
39.500,57.500,118
39.500,58.500,879
39.500,59.500,8
39.500,60.500,58
39.500,61.500,57
39.500,62.500,23151
39.500,63.500,705714
39.500,64.500,979760
39.500,65.500,563569
39.500,66.500,2897429
39.500,67.500,1672684
39.500,68.500,386746
39.500,69.500,376495
39.500,70.500,288472
39.500,71.500,162049
39.500,72.500,25602
39.500,73.500,8241
39.500,74.500,58844
39.500,75.500,901372
39.500,76.500,1296510
39.500,77.500,371348
39.500,78.500,221082
39.500,79.500,74598
39.500,88.500,20418
39.500,89.500,94
39.500,90.500,14
39.500,93.500,377
39.500,94.500,33225
39.500,95.500,4645
39.500,96.500,7424
39.500,97.500,60252
39.500,98.500,707447
39.500,99.500,166988
39.500,100.500,194992
39.500,101.500,16602
39.500,102.500,9054
39.500,103.500,12801
39.500,104.500,611
39.500,105.500,17757
39.500,106.500,1207837
39.500,107.500,135055
39.500,108.500,79956
39.500,109.500,782487
39.500,110.500,696564
39.500,111.500,885546
39.500,112.500,1507344
39.500,113.500,1523060
39.500,114.500,1153572
39.500,115.500,3513230
39.500,116.500,19869856
39.500,117.500,13843220
39.500,118.500,6464356
39.500,119.500,1923215
39.500,121.500,2401927
39.500,122.500,1422765
39.500,123.500,594655
39.500,124.500,1028898
39.500,125.500,5357957
39.500,126.500,1828104
39.500,127.500,2365622
39.500,128.500,4460
39.500,139.500,74601
39.500,140.500,724621
39.500,141.500,970778
39.500,142.500,2965
38.500,-123.500,25739
38.500,-122.500,1138596
38.500,-121.500,2904502
38.500,-120.500,231561
38.500,-119.500,36634
38.500,-118.500,1437
38.500,-117.500,1523
38.500,-116.500,25
38.500,-115.500,241
38.500,-114.500,102
38.500,-113.500,1425
38.500,-112.500,21525
38.500,-111.500,7324
38.500,-110.500,853
38.500,-109.500,9023
38.500,-108.500,24497
38.500,-107.500,70213
38.500,-106.500,32707
38.500,-105.500,83211
38.500,-104.500,856203
38.500,-103.500,22330
38.500,-102.500,17079
38.500,-101.500,5517
38.500,-100.500,8724
38.500,-99.500,43110
38.500,-98.500,52609
38.500,-97.500,194142
38.500,-96.500,49553
38.500,-95.500,203413
38.500,-94.500,976301
38.500,-93.500,153941
38.500,-92.500,356420
38.500,-91.500,184206
38.500,-90.500,2385350
38.500,-89.500,394802
38.500,-88.500,127834
38.500,-87.500,264914
38.500,-86.500,228895
38.500,-85.500,1354975
38.500,-84.500,697891
38.500,-83.500,204524
38.500,-82.500,456228
38.500,-81.500,345335
38.500,-80.500,90768
38.500,-79.500,116289
38.500,-78.500,514661
38.500,-77.500,3412174
38.500,-76.500,1608308
38.500,-75.500,472122
38.500,-74.500,23904
38.500,-28.500,32415
38.500,-27.500,51385
38.500,-9.500,2707921
38.500,-8.500,424964
38.500,-7.500,215512
38.500,-6.500,450623
38.500,-5.500,139568
38.500,-4.500,173880
38.500,-3.500,394497
38.500,-2.500,76342
38.500,-1.500,742059
38.500,-0.500,1902245
38.500,0.500,146206
38.500,1.500,132909
38.500,8.500,6805
38.500,9.500,103
38.500,12.500,114280
38.500,13.500,996703
38.500,14.500,136913
38.500,15.500,735508
38.500,16.500,576926
38.500,17.500,13798
38.500,20.500,95468
38.500,21.500,433485
38.500,22.500,279940
38.500,23.500,1859119
38.500,24.500,49929
38.500,25.500,3013
38.500,26.500,402594
38.500,27.500,4241773
38.500,28.500,658987
38.500,29.500,559071
38.500,30.500,545914
38.500,31.500,351266
38.500,32.500,179013
38.500,33.500,226606
38.500,34.500,708957
38.500,35.500,1370888
38.500,36.500,228608
38.500,37.500,299435
38.500,38.500,746828
38.500,39.500,836863
38.500,40.500,711676
38.500,41.500,554692
38.500,42.500,323029
38.500,43.500,894766
38.500,44.500,591747
38.500,45.500,762991
38.500,46.500,1535894
38.500,47.500,309296
38.500,48.500,1721820
38.500,49.500,5
38.500,53.500,5296
38.500,54.500,9806
38.500,55.500,13215
38.500,56.500,115983
38.500,57.500,142257
38.500,58.500,223767
38.500,59.500,121
38.500,60.500,164
38.500,61.500,813
38.500,62.500,1473
38.500,63.500,124845
38.500,64.500,223753
38.500,65.500,1130223
38.500,66.500,787980
38.500,67.500,929079
38.500,68.500,2762211
38.500,69.500,993054
38.500,70.500,312273
38.500,71.500,63250
38.500,72.500,2506
38.500,73.500,8893
38.500,74.500,6626
38.500,75.500,27230
38.500,76.500,316686
38.500,77.500,1268058
38.500,80.500,727
38.500,81.500,564
38.500,82.500,872
38.500,85.500,62729
38.500,86.500,1377
38.500,87.500,7186
38.500,88.500,11676
38.500,89.500,234
38.500,90.500,32724
38.500,91.500,1041
38.500,92.500,495
38.500,93.500,1827
38.500,94.500,1840
38.500,95.500,958
38.500,96.500,72
38.500,97.500,14
38.500,98.500,3970
38.500,99.500,35147
38.500,100.500,659633
38.500,101.500,247569
38.500,102.500,628479
38.500,103.500,190153
38.500,104.500,878
38.500,105.500,139715
38.500,106.500,3066838
38.500,107.500,46987
38.500,108.500,94758
38.500,109.500,855558
38.500,110.500,668385
38.500,111.500,900892
38.500,112.500,1477982
38.500,113.500,991181
38.500,114.500,8194545
38.500,115.500,7412913
38.500,116.500,6640401
38.500,117.500,3674645
38.500,118.500,15185
38.500,120.500,14298
38.500,121.500,3005352
38.500,124.500,126839
38.500,125.500,4388159
38.500,126.500,1348707
38.500,127.500,755647
38.500,128.500,248749
38.500,138.500,42404
38.500,139.500,393377
38.500,140.500,2411904
38.500,141.500,848895
37.500,-123.500,2
37.500,-122.500,3973847
37.500,-121.500,2908348
37.500,-120.500,754693
37.500,-119.500,55788
37.500,-118.500,26959
37.500,-117.500,211
37.500,-116.500,4
37.500,-115.500,465
37.500,-114.500,1273
37.500,-113.500,169794
37.500,-112.500,15359
37.500,-111.500,1879
37.500,-110.500,1756
37.500,-109.500,9972
37.500,-108.500,33941
37.500,-107.500,75235
37.500,-106.500,22889
37.500,-105.500,29317
37.500,-104.500,26208
37.500,-103.500,10113
37.500,-102.500,4170
37.500,-101.500,24418
37.500,-100.500,99109
37.500,-99.500,14032
37.500,-98.500,31217
37.500,-97.500,642558
37.500,-96.500,62566
37.500,-95.500,98217
37.500,-94.500,247843
37.500,-93.500,495166
37.500,-92.500,168685
37.500,-91.500,92159
37.500,-90.500,143430
37.500,-89.500,258792
37.500,-88.500,213796
37.500,-87.500,440344
37.500,-86.500,195430
37.500,-85.500,328025
37.500,-84.500,532135
37.500,-83.500,169858
37.500,-82.500,260077
37.500,-81.500,286745
37.500,-80.500,331503
37.500,-79.500,510681
37.500,-78.500,180322
37.500,-77.500,1328996
37.500,-76.500,600152
37.500,-75.500,46797
37.500,-25.500,134413
37.500,-8.500,350683
37.500,-7.500,330398
37.500,-6.500,805660
37.500,-5.500,1373027
37.500,-4.500,859194
37.500,-3.500,921252
37.500,-2.500,151144
37.500,-1.500,805056
37.500,-0.500,434885
37.500,6.500,52960
37.500,7.500,15288
37.500,8.500,1395
37.500,9.500,470829
37.500,10.500,143019
37.500,11.500,14863
37.500,12.500,282942
37.500,13.500,639597
37.500,14.500,772140
37.500,15.500,1074631
37.500,16.500,3751
37.500,20.500,39315
37.500,21.500,204760
37.500,22.500,349688
37.500,23.500,2087085
37.500,24.500,74599
37.500,25.500,50214
37.500,26.500,52047
37.500,27.500,1100116
37.500,28.500,726474
37.500,29.500,908617
37.500,30.500,756895
37.500,31.500,187297
37.500,32.500,1428461
37.500,33.500,338609
37.500,34.500,421916
37.500,35.500,852983
37.500,36.500,1462171
37.500,37.500,2333853
37.500,38.500,1513344
37.500,39.500,552299
37.500,40.500,1520828
37.500,41.500,1663610
37.500,42.500,1448408
37.500,43.500,340190
37.500,44.500,275182
37.500,45.500,1058296
37.500,46.500,715078
37.500,47.500,292724
37.500,48.500,253886
37.500,49.500,1414568
37.500,50.500,393729
37.500,53.500,12952
37.500,54.500,211993
37.500,55.500,732038
37.500,56.500,121259
37.500,57.500,546260
37.500,58.500,1330319
37.500,59.500,128159
37.500,60.500,200840
37.500,61.500,841999
37.500,62.500,442038
37.500,63.500,759
37.500,64.500,6425
37.500,65.500,253809
37.500,66.500,390085
37.500,67.500,1379511
37.500,68.500,1900549
37.500,69.500,1752816
37.500,70.500,734283
37.500,71.500,225840
37.500,72.500,17262
37.500,73.500,2905
37.500,74.500,11401
37.500,75.500,28439
37.500,76.500,78421
37.500,77.500,421756
37.500,78.500,264831
37.500,79.500,1114762
37.500,80.500,379372
37.500,81.500,22356
37.500,82.500,26303
37.500,83.500,3632
37.500,84.500,4266
37.500,85.500,2518
37.500,86.500,901
37.500,88.500,60
37.500,89.500,509
37.500,90.500,504
37.500,91.500,2586
37.500,92.500,637
37.500,93.500,26
37.500,94.500,80
37.500,95.500,13652
37.500,96.500,11184
37.500,97.500,91499
37.500,98.500,13466
37.500,99.500,36387
37.500,100.500,46028
37.500,101.500,309806
37.500,102.500,903739
37.500,103.500,320346
37.500,104.500,234936
37.500,105.500,845517
37.500,106.500,784272
37.500,107.500,356058
37.500,108.500,452178
37.500,109.500,666555
37.500,110.500,1587507
37.500,111.500,2263304
37.500,112.500,7479862
37.500,113.500,1807110
37.500,114.500,5906307
37.500,115.500,5877622
37.500,116.500,5039505
37.500,117.500,4884826
37.500,118.500,3695791
37.500,119.500,840466
37.500,120.500,2625544
37.500,121.500,2767705
37.500,122.500,1668723
37.500,124.500,6522
37.500,125.500,449848
37.500,126.500,14924340
37.500,127.500,12518413
37.500,128.500,584921
37.500,129.500,210023
37.500,130.500,7323
37.500,131.500,2
37.500,136.500,110402
37.500,137.500,86619
37.500,138.500,1171391
37.500,139.500,1145008
37.500,140.500,1651816
37.500,141.500,39556
36.500,-122.500,59487
36.500,-121.500,646734
36.500,-120.500,188237
36.500,-119.500,1557284
36.500,-118.500,23662
36.500,-117.500,311
36.500,-116.500,8257
36.500,-115.500,2360277
36.500,-114.500,92971
36.500,-113.500,2514
36.500,-112.500,10424
36.500,-111.500,23737
36.500,-110.500,18469
36.500,-109.500,25672
36.500,-108.500,103730
36.500,-107.500,22961
36.500,-106.500,27049
36.500,-105.500,40931
36.500,-104.500,10794
36.500,-103.500,4857
36.500,-102.500,17219
36.500,-101.500,30562
36.500,-100.500,19042
36.500,-99.500,30447
36.500,-98.500,29759
36.500,-97.500,180653
36.500,-96.500,181224
36.500,-95.500,833473
36.500,-94.500,636156
36.500,-93.500,240846
36.500,-92.500,100575
36.500,-91.500,95631
36.500,-90.500,170066
36.500,-89.500,183264
36.500,-88.500,240773
36.500,-87.500,434489
36.500,-86.500,1374873
36.500,-85.500,234503
36.500,-84.500,315183
36.500,-83.500,470596
36.500,-82.500,629938
36.500,-81.500,289286
36.500,-80.500,714921
36.500,-79.500,924410
36.500,-78.500,427695
36.500,-77.500,171466
36.500,-76.500,1289946
36.500,-75.500,79278
36.500,-25.500,5084
36.500,-7.500,1052
36.500,-6.500,800012
36.500,-5.500,643574
36.500,-4.500,1353993
36.500,-3.500,208633
36.500,-2.500,503353
36.500,-1.500,5450
36.500,0.500,582873
36.500,1.500,1640573
36.500,2.500,3320438
36.500,3.500,5494202
36.500,4.500,2250887
36.500,5.500,2612784
36.500,6.500,3075053
36.500,7.500,2191174
36.500,8.500,894473
36.500,9.500,763359
36.500,10.500,3897610
36.500,11.500,93850
36.500,12.500,1263
36.500,14.500,316905
36.500,15.500,81880
36.500,21.500,18997
36.500,22.500,56006
36.500,23.500,9279
36.500,24.500,9136
36.500,25.500,22558
36.500,26.500,18648
36.500,27.500,83563
36.500,28.500,342616
36.500,29.500,389682
36.500,30.500,1558118
36.500,31.500,474892
36.500,32.500,345487
36.500,33.500,193350
36.500,34.500,1348681
36.500,35.500,1098032
36.500,36.500,2438328
36.500,37.500,4095514
36.500,38.500,797580
36.500,39.500,227933
36.500,40.500,609405
36.500,41.500,640653
36.500,42.500,2000660
36.500,43.500,3148493
36.500,44.500,1830826
36.500,45.500,639222
36.500,46.500,636884
36.500,47.500,117004
36.500,48.500,609927
36.500,49.500,629573
36.500,50.500,1017940
36.500,51.500,428478
36.500,52.500,1454789
36.500,53.500,1154333
36.500,54.500,950521
36.500,55.500,69415
36.500,56.500,245309
36.500,57.500,845125
36.500,58.500,1188699
36.500,59.500,5705704
36.500,60.500,50883
36.500,61.500,108395
36.500,62.500,27917
36.500,63.500,554
36.500,64.500,416751
36.500,65.500,734897
36.500,66.500,1157000
36.500,67.500,1060615
36.500,68.500,1083087
36.500,69.500,1202805
36.500,70.500,566647
36.500,71.500,116528
36.500,72.500,270413
36.500,73.500,130108
36.500,74.500,150599
36.500,75.500,4281
36.500,76.500,6143
36.500,77.500,1424
36.500,78.500,2230
36.500,79.500,35374
36.500,80.500,72154
36.500,81.500,308277
36.500,82.500,6128
36.500,83.500,2296
36.500,84.500,1370
36.500,91.500,105
36.500,92.500,2915
36.500,93.500,2438
36.500,94.500,279479
36.500,95.500,13388
36.500,96.500,11962
36.500,97.500,27040
36.500,98.500,68865
36.500,99.500,31534
36.500,100.500,130560
36.500,101.500,2833781
36.500,102.500,1138930
36.500,103.500,3438591
36.500,104.500,957372
36.500,105.500,732759
36.500,106.500,632050
36.500,107.500,468111
36.500,108.500,302170
36.500,109.500,1078964
36.500,110.500,681108
36.500,111.500,3215317
36.500,112.500,1268601
36.500,113.500,3130287
36.500,114.500,11318513
36.500,115.500,7170775
36.500,116.500,6718690
36.500,117.500,8894453
36.500,118.500,6222329
36.500,119.500,7296526
36.500,120.500,7333405
36.500,121.500,923087
36.500,122.500,316792
36.500,125.500,158
36.500,126.500,1107624
36.500,127.500,4518332
36.500,128.500,1193349
36.500,129.500,510228
36.500,132.500,829
36.500,133.500,19826
36.500,135.500,147
36.500,136.500,1671564
36.500,137.500,1405076
36.500,138.500,1610405
36.500,139.500,5243344
36.500,140.500,2231936
35.500,-121.500,8510
35.500,-120.500,288821
35.500,-119.500,664563
35.500,-118.500,297635
35.500,-117.500,60327
35.500,-116.500,10851
35.500,-115.500,117597
35.500,-114.500,126394
35.500,-113.500,17026
35.500,-112.500,8717
35.500,-111.500,84862
35.500,-110.500,23037
35.500,-109.500,28894
35.500,-108.500,60399
35.500,-107.500,27972
35.500,-106.500,1034897
35.500,-105.500,100514
35.500,-104.500,1082
35.500,-103.500,8018
35.500,-102.500,7316
35.500,-101.500,263797
35.500,-100.500,31583
35.500,-99.500,39897
35.500,-98.500,73730
35.500,-97.500,1393815
35.500,-96.500,194147
35.500,-95.500,251694
35.500,-94.500,356608
35.500,-93.500,145484
35.500,-92.500,218548
35.500,-91.500,162697
35.500,-90.500,434613
35.500,-89.500,1015094
35.500,-88.500,287321
35.500,-87.500,216636
35.500,-86.500,722954
35.500,-85.500,556056
35.500,-84.500,640720
35.500,-83.500,501862
35.500,-82.500,675741
35.500,-81.500,1055263
35.500,-80.500,2202356
35.500,-79.500,704473
35.500,-78.500,2099193
35.500,-77.500,662103
35.500,-76.500,73649
35.500,-75.500,19190
35.500,-6.500,248664
35.500,-5.500,2704504
35.500,-4.500,225378
35.500,-3.500,414834
35.500,-2.500,551942
35.500,-1.500,653982
35.500,-0.500,2749919
35.500,0.500,2160073
35.500,1.500,1198030
35.500,2.500,563848
35.500,3.500,651783
35.500,4.500,951547
35.500,5.500,1335330
35.500,6.500,1108245
35.500,7.500,999846
35.500,8.500,812173
35.500,9.500,711401
35.500,10.500,2042329
35.500,11.500,145884
35.500,12.500,5621
35.500,14.500,482796
35.500,23.500,51271
35.500,24.500,231498
35.500,25.500,326070
35.500,26.500,18448
35.500,27.500,6750
35.500,32.500,22455
35.500,33.500,664187
35.500,34.500,17363
35.500,35.500,888063
35.500,36.500,2621667
35.500,37.500,374688
35.500,38.500,320042
35.500,39.500,459131
35.500,40.500,656488
35.500,41.500,11236
35.500,42.500,78344
35.500,43.500,1265162
35.500,44.500,1777292
35.500,45.500,1487829
35.500,46.500,456496
35.500,47.500,548038
35.500,48.500,708519
35.500,49.500,429542
35.500,50.500,3876212
35.500,51.500,12011533
35.500,52.500,154482
35.500,53.500,358903
35.500,54.500,4860
35.500,55.500,723
35.500,56.500,1537
35.500,57.500,65520
35.500,58.500,255359
35.500,59.500,522383
35.500,60.500,318386
35.500,61.500,66169
35.500,62.500,245962
35.500,63.500,355224
35.500,64.500,809394
35.500,65.500,370634
35.500,66.500,370568
35.500,67.500,252282
35.500,68.500,594219
35.500,69.500,1220472
35.500,70.500,161933
35.500,71.500,974488
35.500,72.500,896115
35.500,73.500,625414
35.500,74.500,280257
35.500,75.500,231885
35.500,76.500,100499
35.500,77.500,3329
35.500,78.500,1224
35.500,79.500,2199
35.500,81.500,350
35.500,93.500,2182
35.500,94.500,3399
35.500,95.500,184
35.500,96.500,5302
35.500,97.500,16297
35.500,98.500,9281
35.500,99.500,50755
35.500,100.500,177278
35.500,101.500,138317
35.500,102.500,704820
35.500,103.500,2204513
35.500,104.500,1304232
35.500,105.500,1571820
35.500,106.500,1732734
35.500,107.500,1744526
35.500,108.500,994478
35.500,109.500,1757850
35.500,110.500,3397051
35.500,111.500,3436859
35.500,112.500,3695825
35.500,113.500,6117195
35.500,114.500,6785826
35.500,115.500,7837973
35.500,116.500,8320279
35.500,117.500,6349175
35.500,118.500,5652183
35.500,119.500,3405252
35.500,120.500,743570
35.500,125.500,9
35.500,126.500,2470150
35.500,127.500,1265487
35.500,128.500,5911138
35.500,129.500,4651031
35.500,132.500,279198
35.500,133.500,678103
35.500,134.500,630581
35.500,135.500,1608997
35.500,136.500,6870035
35.500,137.500,2349033
35.500,138.500,1975084
35.500,139.500,31110790
35.500,140.500,4248180
34.500,-120.500,232832
34.500,-119.500,729295
34.500,-118.500,5884030
34.500,-117.500,3152291
34.500,-116.500,113677
34.500,-115.500,1325
34.500,-114.500,86769
34.500,-113.500,2605
34.500,-112.500,160336
34.500,-111.500,70204
34.500,-110.500,42402
34.500,-109.500,29713
34.500,-108.500,2900
34.500,-107.500,3704
34.500,-106.500,113124
34.500,-105.500,1314
34.500,-104.500,5038
34.500,-103.500,65772
34.500,-102.500,47755
34.500,-101.500,56781
34.500,-100.500,17235
34.500,-99.500,57835
34.500,-98.500,168007
34.500,-97.500,141196
34.500,-96.500,115098
34.500,-95.500,77417
34.500,-94.500,70576
34.500,-93.500,136246
34.500,-92.500,698440
34.500,-91.500,88415
34.500,-90.500,179164
34.500,-89.500,320547
34.500,-88.500,256418
34.500,-87.500,299090
34.500,-86.500,832295
34.500,-85.500,500917
34.500,-84.500,1633236
34.500,-83.500,734511
34.500,-82.500,1143685
34.500,-81.500,655157
34.500,-80.500,641694
34.500,-79.500,499680
34.500,-78.500,303655
34.500,-77.500,503786
34.500,-76.500,90671
34.500,-6.500,2323456
34.500,-5.500,2245006
34.500,-4.500,1845472
34.500,-3.500,449477
34.500,-2.500,690796
34.500,-1.500,1438932
34.500,-0.500,243535
34.500,0.500,401196
34.500,1.500,152918
34.500,2.500,412784
34.500,3.500,1017398
34.500,4.500,248822
34.500,5.500,800070
34.500,6.500,100642
34.500,7.500,47118
34.500,8.500,498417
34.500,9.500,360446
34.500,10.500,894632
34.500,11.500,16572
34.500,24.500,2037
34.500,25.500,4358
34.500,26.500,9
34.500,32.500,174483
34.500,33.500,357644
34.500,34.500,1406
34.500,35.500,1159332
34.500,36.500,2643154
34.500,37.500,146736
34.500,38.500,71106
34.500,39.500,142
34.500,40.500,541625
34.500,41.500,203427
34.500,42.500,115199
34.500,43.500,699204
34.500,44.500,567298
34.500,45.500,551552
34.500,46.500,406967
34.500,47.500,1238259
34.500,48.500,1288404
34.500,49.500,1219284
34.500,50.500,1130278
34.500,51.500,201176
34.500,52.500,522
34.500,53.500,1048
34.500,54.500,12036
34.500,55.500,535
34.500,56.500,6520
34.500,57.500,6924
34.500,58.500,191214
34.500,59.500,58225
34.500,60.500,245233
34.500,61.500,431986
34.500,62.500,1954878
34.500,63.500,484751
34.500,64.500,141588
34.500,65.500,287303
34.500,66.500,530660
34.500,67.500,408253
34.500,68.500,866185
34.500,69.500,6696412
34.500,70.500,3084862
34.500,71.500,8446923
34.500,72.500,8959676
34.500,73.500,4517524
34.500,74.500,4642479
34.500,75.500,264556
34.500,76.500,123708
34.500,77.500,113397
34.500,78.500,4999
34.500,79.500,542
34.500,80.500,1361
34.500,81.500,59
34.500,92.500,4202
34.500,93.500,219
34.500,94.500,8248
34.500,95.500,22655
34.500,96.500,2931
34.500,97.500,807
34.500,98.500,5176
34.500,99.500,11203
34.500,100.500,68636
34.500,101.500,49001
34.500,102.500,141491
34.500,103.500,427723
34.500,104.500,1115468
34.500,105.500,2958985
34.500,106.500,729263
34.500,107.500,3271995
34.500,108.500,11130875
34.500,109.500,5976327
34.500,110.500,2657267
34.500,111.500,2373141
34.500,112.500,7790498
34.500,113.500,13213460
34.500,114.500,7339402
34.500,115.500,7112644
34.500,116.500,6639875
34.500,117.500,8012497
34.500,118.500,6411673
34.500,119.500,4517104
34.500,120.500,302549
34.500,125.500,4710
34.500,126.500,578296
34.500,127.500,750410
34.500,128.500,498197
34.500,129.500,32682
34.500,130.500,87835
34.500,131.500,777779
34.500,132.500,2310207
34.500,133.500,2817979
34.500,134.500,3185194
34.500,135.500,14980661
34.500,136.500,2053271
34.500,137.500,2359760
34.500,138.500,676779
34.500,139.500,153800
33.500,-119.500,64
33.500,-118.500,3852690
33.500,-117.500,5832068
33.500,-116.500,862599
33.500,-115.500,23576
33.500,-114.500,35654
33.500,-113.500,5526
33.500,-112.500,2715747
33.500,-111.500,2304716
33.500,-110.500,31229
33.500,-109.500,14384
33.500,-108.500,2378
33.500,-107.500,9271
33.500,-106.500,5200
33.500,-105.500,23727
33.500,-104.500,61314
33.500,-103.500,3235
33.500,-102.500,56229
33.500,-101.500,292003
33.500,-100.500,4873
33.500,-99.500,14809
33.500,-98.500,153191
33.500,-97.500,578651
33.500,-96.500,1510010
33.500,-95.500,135895
33.500,-94.500,216655
33.500,-93.500,98685
33.500,-92.500,94757
33.500,-91.500,111089
33.500,-90.500,122605
33.500,-89.500,113163
33.500,-88.500,193864
33.500,-87.500,337708
33.500,-86.500,1160835
33.500,-85.500,369419
33.500,-84.500,4164486
33.500,-83.500,778821
33.500,-82.500,433497
33.500,-81.500,543087
33.500,-80.500,517408
33.500,-79.500,288673
33.500,-78.500,271208
33.500,-77.500,825
33.500,-16.500,4645
33.500,-8.500,617190
33.500,-7.500,5807484
33.500,-6.500,1816137
33.500,-5.500,1602574
33.500,-4.500,457684
33.500,-3.500,157548
33.500,-2.500,21251
33.500,-1.500,17983
33.500,-0.500,198765
33.500,0.500,39942
33.500,1.500,128354
33.500,2.500,323360
33.500,3.500,109186
33.500,4.500,48582
33.500,5.500,166643
33.500,6.500,970468
33.500,7.500,91829
33.500,8.500,188419
33.500,9.500,146265
33.500,10.500,655680
33.500,11.500,187898
33.500,35.500,4266554
33.500,36.500,5030465
33.500,37.500,1661
33.500,38.500,1141
33.500,39.500,2291
33.500,40.500,27493
33.500,41.500,2827
33.500,42.500,174818
33.500,43.500,1382548
33.500,44.500,9560661
33.500,45.500,131240
33.500,46.500,327894
33.500,47.500,387446
33.500,48.500,1095733
33.500,49.500,365653
33.500,50.500,332249
33.500,51.500,346932
33.500,52.500,41438
33.500,53.500,2189
33.500,54.500,19194
33.500,55.500,21135
33.500,56.500,47354
33.500,57.500,60005
33.500,58.500,40760
33.500,59.500,117316
33.500,60.500,25789
33.500,61.500,32745
33.500,62.500,362851
33.500,63.500,215051
33.500,64.500,289183
33.500,65.500,287154
33.500,66.500,317292
33.500,67.500,349207
33.500,68.500,1247129
33.500,69.500,1788954
33.500,70.500,2139107
33.500,71.500,4599625
33.500,72.500,5035717
33.500,73.500,8615467
33.500,74.500,3716123
33.500,75.500,2764206
33.500,76.500,72361
33.500,77.500,17557
33.500,78.500,5189
33.500,79.500,4888
33.500,80.500,3818
33.500,83.500,1132
33.500,84.500,3185
33.500,85.500,3325
33.500,87.500,917
33.500,88.500,1151
33.500,90.500,151
33.500,91.500,318
33.500,92.500,848
33.500,93.500,659
33.500,94.500,1199
33.500,95.500,29677
33.500,96.500,62817
33.500,97.500,103847
33.500,98.500,20160
33.500,99.500,44587
33.500,100.500,38785
33.500,101.500,36112
33.500,102.500,72773
33.500,103.500,68270
33.500,104.500,723955
33.500,105.500,1011677
33.500,106.500,1118704
33.500,107.500,1377301
33.500,108.500,317994
33.500,109.500,1089638
33.500,110.500,1044142
33.500,111.500,1683930
33.500,112.500,3480168
33.500,113.500,6815727
33.500,114.500,8147387
33.500,115.500,7567064
33.500,116.500,6844228
33.500,117.500,4408810
33.500,118.500,5382604
33.500,119.500,7128976
33.500,120.500,3541861
33.500,126.500,501653
33.500,129.500,611363
33.500,130.500,5924368
33.500,131.500,1298631
33.500,132.500,957127
33.500,133.500,901588
33.500,134.500,169010
33.500,135.500,246788
33.500,136.500,37863
33.500,139.500,9513
32.500,-118.500,1
32.500,-117.500,2514430
32.500,-116.500,1747945
32.500,-115.500,1090048
32.500,-114.500,466263
32.500,-113.500,2019
32.500,-112.500,15304
32.500,-111.500,410844
32.500,-110.500,791586
32.500,-109.500,42368
32.500,-108.500,28378
32.500,-107.500,29583
32.500,-106.500,189887
32.500,-105.500,38898
32.500,-104.500,50426
32.500,-103.500,61472
32.500,-102.500,119635
32.500,-101.500,58981
32.500,-100.500,49262
32.500,-99.500,158710
32.500,-98.500,100202
32.500,-97.500,2748315
32.500,-96.500,3211421
32.500,-95.500,380433
32.500,-94.500,311854
32.500,-93.500,461672
32.500,-92.500,232626
32.500,-91.500,98403
32.500,-90.500,592432
32.500,-89.500,171019
32.500,-88.500,133919
32.500,-87.500,96265
32.500,-86.500,509965
32.500,-85.500,314487
32.500,-84.500,345550
32.500,-83.500,458491
32.500,-82.500,180690
32.500,-81.500,415605
32.500,-80.500,592948
32.500,-79.500,241851
32.500,-64.500,64031
32.500,-17.500,38995
32.500,-16.500,218726
32.500,-9.500,572399
32.500,-8.500,1167615
32.500,-7.500,975710
32.500,-6.500,1801689
32.500,-5.500,456862
32.500,-4.500,216830
32.500,-3.500,72118
32.500,-2.500,3971
32.500,-1.500,66735
32.500,-0.500,119565
32.500,0.500,148351
32.500,1.500,1996
32.500,2.500,305
32.500,3.500,322145
32.500,4.500,98129
32.500,5.500,78473
32.500,6.500,4990
32.500,7.500,302
32.500,8.500,141
32.500,9.500,775
32.500,10.500,124898
32.500,11.500,62693
32.500,12.500,932761
32.500,13.500,1894728
32.500,14.500,486324
32.500,15.500,314146
32.500,19.500,613
32.500,20.500,962565
32.500,21.500,297933
32.500,22.500,166679
32.500,23.500,151312
32.500,24.500,2661
32.500,34.500,3308067
32.500,35.500,6001391
32.500,36.500,3397788
32.500,37.500,13908
32.500,38.500,18927
32.500,39.500,2178
32.500,40.500,1075
32.500,41.500,69
32.500,42.500,1154
32.500,43.500,369198
32.500,44.500,4966590
32.500,45.500,1244689
32.500,46.500,283491
32.500,47.500,96955
32.500,48.500,855395
32.500,49.500,172550
32.500,50.500,771789
32.500,51.500,3610794
32.500,52.500,205081
32.500,53.500,55805
32.500,54.500,140830
32.500,55.500,5909
32.500,56.500,789
32.500,57.500,1316
32.500,58.500,12074
32.500,59.500,234226
32.500,60.500,42490
32.500,61.500,122022
32.500,62.500,422441
32.500,63.500,121928
32.500,64.500,300358
32.500,65.500,499131
32.500,66.500,365229
32.500,67.500,367254
32.500,68.500,215644
32.500,69.500,933718
32.500,70.500,2709173
32.500,71.500,2653656
32.500,72.500,4953620
32.500,73.500,6799764
32.500,74.500,13788251
32.500,75.500,4430727
32.500,76.500,1262575
32.500,77.500,103337
32.500,78.500,13826
32.500,79.500,1735
32.500,80.500,15323
32.500,81.500,5796
32.500,82.500,3472
32.500,83.500,8047
32.500,84.500,7800
32.500,85.500,3610
32.500,86.500,2009
32.500,87.500,446
32.500,88.500,5826
32.500,89.500,166
32.500,90.500,3345
32.500,91.500,23096
32.500,92.500,26241
32.500,93.500,40813
32.500,94.500,11463
32.500,95.500,69496
32.500,96.500,99717
32.500,97.500,59814
32.500,98.500,57163
32.500,99.500,56837
32.500,100.500,80898
32.500,101.500,77732
32.500,102.500,48557
32.500,103.500,97797
32.500,104.500,284725
32.500,105.500,1389696
32.500,106.500,1318959
32.500,107.500,907113
32.500,108.500,1456538
32.500,109.500,1690905
32.500,110.500,2418780
32.500,111.500,2647072
32.500,112.500,7328648
32.500,113.500,2169938
32.500,114.500,5021556
32.500,115.500,5974159
32.500,116.500,4965204
32.500,117.500,4510859
32.500,118.500,9065335
32.500,119.500,8002738
32.500,120.500,8199068
32.500,121.500,1771394
32.500,128.500,39578
32.500,129.500,600178
32.500,130.500,2050233
32.500,131.500,567907
32.500,132.500,92600
32.500,133.500,1727
32.500,139.500,223
31.500,-116.500,413015
31.500,-115.500,6766
31.500,-114.500,27165
31.500,-113.500,79889
31.500,-112.500,22484
31.500,-111.500,32779
31.500,-110.500,457289
31.500,-109.500,142809
31.500,-108.500,7387
31.500,-107.500,22228
31.500,-106.500,2263635
31.500,-105.500,5345
31.500,-104.500,2118
31.500,-103.500,20738
31.500,-102.500,201281
31.500,-101.500,6718
31.500,-100.500,114623
31.500,-99.500,37558
31.500,-98.500,66890
31.500,-97.500,634458
31.500,-96.500,88155
31.500,-95.500,125321
31.500,-94.500,192025
31.500,-93.500,113309
31.500,-92.500,189844
31.500,-91.500,89165
31.500,-90.500,153304
31.500,-89.500,301985
31.500,-88.500,82768
31.500,-87.500,95441
31.500,-86.500,100236
31.500,-85.500,284540
31.500,-84.500,196166
31.500,-83.500,225907
31.500,-82.500,169812
31.500,-81.500,326478
31.500,-80.500,4336
31.500,-9.500,565219
31.500,-8.500,1040401
31.500,-7.500,1988097
31.500,-6.500,457530
31.500,-5.500,269452
31.500,-4.500,378067
31.500,-3.500,17947
31.500,-2.500,260962
31.500,-1.500,2475
31.500,-0.500,209
31.500,0.500,107
31.500,1.500,682
31.500,2.500,29
31.500,3.500,9470
31.500,4.500,76
31.500,5.500,299072
31.500,6.500,57142
31.500,7.500,41
31.500,8.500,1573
31.500,9.500,4000
31.500,10.500,35877
31.500,11.500,41837
31.500,12.500,91431
31.500,13.500,36465
31.500,14.500,46282
31.500,15.500,8487
31.500,16.500,123588
31.500,17.500,6166
31.500,19.500,18703
31.500,20.500,110758
31.500,21.500,825
31.500,22.500,57
31.500,23.500,7847
31.500,24.500,13070
31.500,25.500,79936
31.500,26.500,25704
31.500,27.500,262524
31.500,28.500,38522
31.500,29.500,4633379
31.500,30.500,7804374
31.500,31.500,7746561
31.500,32.500,1072925
31.500,33.500,253607
31.500,34.500,4054851
31.500,35.500,8028923
31.500,36.500,384960
31.500,37.500,153568
31.500,38.500,46474
31.500,39.500,4782
31.500,40.500,3569
31.500,41.500,14137
31.500,42.500,64
31.500,43.500,18
31.500,44.500,1612730
31.500,45.500,1137296
31.500,46.500,1839412
31.500,47.500,1265993
31.500,48.500,2780830
31.500,49.500,507480
31.500,50.500,242238
31.500,51.500,276883
31.500,52.500,101926
31.500,53.500,56617
31.500,54.500,614222
31.500,55.500,46590
31.500,56.500,96031
31.500,57.500,550
31.500,58.500,1140
31.500,59.500,7359
31.500,60.500,39066
31.500,61.500,415596
31.500,62.500,45782
31.500,63.500,9308
31.500,64.500,762714
31.500,65.500,1388637
31.500,66.500,173621
31.500,67.500,148998
31.500,68.500,38141
31.500,69.500,321414
31.500,70.500,1783853
31.500,71.500,2068175
31.500,72.500,6672605
31.500,73.500,13196431
31.500,74.500,20160914
31.500,75.500,7256777
31.500,76.500,4198508
31.500,77.500,1534319
31.500,78.500,127318
31.500,79.500,6520
31.500,80.500,2671
31.500,81.500,2252
31.500,82.500,5831
31.500,83.500,6697
31.500,84.500,2744
31.500,85.500,12887
31.500,86.500,6374
31.500,87.500,16680
31.500,88.500,2275
31.500,89.500,8970
31.500,90.500,27460
31.500,91.500,41234
31.500,92.500,109690
31.500,93.500,63785
31.500,94.500,69632
31.500,95.500,63032
31.500,96.500,89226
31.500,97.500,118197
31.500,98.500,105546
31.500,99.500,79506
31.500,100.500,90184
31.500,101.500,49724
31.500,102.500,140752
31.500,103.500,743880
31.500,104.500,5165028
31.500,105.500,2605717
31.500,106.500,4854986
31.500,107.500,3860675
31.500,108.500,1839667
31.500,109.500,1211607
31.500,110.500,552606
31.500,111.500,951494
31.500,112.500,2086229
31.500,113.500,3349513
31.500,114.500,2626495
31.500,115.500,1836481
31.500,116.500,3785728
31.500,117.500,8961115
31.500,118.500,8205506
31.500,119.500,7830968
31.500,120.500,19048468
31.500,121.500,30677636
31.500,122.500,17
31.500,128.500,3
31.500,129.500,3435
31.500,130.500,1314060
31.500,131.500,708395
30.500,-116.500,36784
30.500,-115.500,80094
30.500,-114.500,808
30.500,-113.500,1916
30.500,-112.500,111025
30.500,-111.500,46830
30.500,-110.500,94509
30.500,-109.500,35504
30.500,-108.500,22889
30.500,-107.500,86657
30.500,-106.500,18165
30.500,-105.500,294
30.500,-104.500,3436
30.500,-103.500,11356
30.500,-102.500,11970
30.500,-101.500,4931
30.500,-100.500,8929
30.500,-99.500,53919
30.500,-98.500,139288
30.500,-97.500,2304243
30.500,-96.500,319638
30.500,-95.500,1527394
30.500,-94.500,301596
30.500,-93.500,314015
30.500,-92.500,515163
30.500,-91.500,783393
30.500,-90.500,830229
30.500,-89.500,436553
30.500,-88.500,635246
30.500,-87.500,615887
30.500,-86.500,324099
30.500,-85.500,317201
30.500,-84.500,475334
30.500,-83.500,257004
30.500,-82.500,166904
30.500,-81.500,1440393
30.500,-9.500,2019959
30.500,-8.500,547384
30.500,-7.500,158140
30.500,-6.500,251112
30.500,-5.500,200706
30.500,-4.500,5986
30.500,-3.500,2560
30.500,-2.500,33049
30.500,-1.500,18
30.500,-0.500,7
30.500,0.500,92
30.500,1.500,67
30.500,2.500,77881
30.500,3.500,447
30.500,4.500,37
30.500,5.500,652
30.500,6.500,1671
30.500,7.500,658
30.500,8.500,2157
30.500,9.500,9998
30.500,10.500,4992
30.500,11.500,214
30.500,12.500,121
30.500,13.500,2880
30.500,14.500,302
30.500,15.500,1118
30.500,16.500,5011
30.500,17.500,3435
30.500,18.500,17086
30.500,19.500,24477
30.500,20.500,107795
30.500,21.500,6
30.500,22.500,12
30.500,23.500,16
30.500,24.500,36
30.500,25.500,16
30.500,27.500,56
30.500,28.500,15840
30.500,29.500,569167
30.500,30.500,7303338
30.500,31.500,36513272
30.500,32.500,1658759
30.500,33.500,22930
30.500,34.500,49734
30.500,35.500,311633
30.500,36.500,9692
30.500,37.500,5671
30.500,38.500,40015
30.500,39.500,314
30.500,40.500,49729
30.500,41.500,206208
30.500,42.500,18003
30.500,43.500,2011
30.500,44.500,2079
30.500,45.500,238
30.500,46.500,489717
30.500,47.500,3004753
30.500,48.500,537336
30.500,49.500,411121
30.500,50.500,520443
30.500,51.500,595190
30.500,52.500,185434
30.500,53.500,120181
30.500,54.500,27940
30.500,55.500,545049
30.500,56.500,341794
30.500,57.500,513267
30.500,59.500,117
30.500,60.500,10329
30.500,61.500,225708
30.500,62.500,47663
30.500,63.500,21747
30.500,64.500,35651
30.500,66.500,1395685
30.500,67.500,910537
30.500,68.500,432582
30.500,69.500,201390
30.500,70.500,3131083
30.500,71.500,7723118
30.500,72.500,8461756
30.500,73.500,8255629
30.500,74.500,5210020
30.500,75.500,7025279
30.500,76.500,8508199
30.500,77.500,4385700
30.500,78.500,2762068
30.500,79.500,667373
30.500,80.500,50326
30.500,81.500,14397
30.500,82.500,2772
30.500,83.500,5752
30.500,84.500,2442
30.500,85.500,6398
30.500,86.500,7724
30.500,87.500,6705
30.500,88.500,12188
30.500,89.500,13280
30.500,90.500,27507
30.500,91.500,51336
30.500,92.500,25357
30.500,93.500,23791
30.500,94.500,22112
30.500,95.500,52581
30.500,96.500,41255
30.500,97.500,68695
30.500,98.500,66759
30.500,99.500,41246
30.500,100.500,55086
30.500,101.500,151703
30.500,102.500,357961
30.500,103.500,7268939
30.500,104.500,10571985
30.500,105.500,5338922
30.500,106.500,6112395
30.500,107.500,3519459
30.500,108.500,2834339
30.500,109.500,1803878
30.500,110.500,1012523
30.500,111.500,3862645
30.500,112.500,3967092
30.500,113.500,5896606
30.500,114.500,12641474
30.500,115.500,3875776
30.500,116.500,3147747
30.500,117.500,3457762
30.500,118.500,2233031
30.500,119.500,3029582
30.500,120.500,15190582
30.500,121.500,6786786
30.500,122.500,722326
30.500,129.500,78
30.500,130.500,36964
30.500,131.500,7255
29.500,-118.500,7
29.500,-115.500,239
29.500,-114.500,421
29.500,-113.500,43
29.500,-112.500,4408
29.500,-111.500,232080
29.500,-110.500,606907
29.500,-109.500,26071
29.500,-108.500,31322
29.500,-107.500,58941
29.500,-106.500,19294
29.500,-105.500,2241
29.500,-104.500,37709
29.500,-103.500,2493
29.500,-102.500,588
29.500,-101.500,10966
29.500,-100.500,180963
29.500,-99.500,61421
29.500,-98.500,2642133
29.500,-97.500,226813
29.500,-96.500,116701
29.500,-95.500,5781660
29.500,-94.500,296139
29.500,-93.500,86950
29.500,-92.500,30232
29.500,-91.500,98830
29.500,-90.500,871694
29.500,-89.500,64733
29.500,-85.500,12650
29.500,-84.500,11025
29.500,-83.500,18274
29.500,-82.500,731992
29.500,-81.500,722896
29.500,-80.500,65076
29.500,-13.500,28252
29.500,-10.500,59174
29.500,-9.500,382906
29.500,-8.500,65690
29.500,-7.500,47146
29.500,-6.500,360
29.500,-5.500,31479
29.500,-4.500,538
29.500,-3.500,5111
29.500,-2.500,784
29.500,-1.500,28964
29.500,-0.500,44092
29.500,0.500,87392
29.500,1.500,449
29.500,2.500,1317
29.500,3.500,12
29.500,4.500,5
29.500,5.500,2
29.500,6.500,2657
29.500,7.500,101
29.500,8.500,27
29.500,9.500,3060
29.500,10.500,18
29.500,11.500,2
29.500,12.500,323
29.500,13.500,8
29.500,14.500,3001
29.500,15.500,38355
29.500,16.500,14460
29.500,17.500,2479
29.500,18.500,117
29.500,19.500,2557
29.500,20.500,2140
29.500,21.500,49452
29.500,23.500,56
29.500,24.500,2963
29.500,25.500,35857
29.500,26.500,151
29.500,29.500,78
29.500,30.500,4341826
29.500,31.500,8292594
29.500,32.500,544539
29.500,33.500,10266
29.500,34.500,135410
29.500,35.500,149670
29.500,36.500,14689
29.500,37.500,21
29.500,38.500,10331
29.500,39.500,72721
29.500,40.500,167391
29.500,41.500,631
29.500,42.500,1397
29.500,43.500,66841
29.500,44.500,5332
29.500,45.500,314
29.500,46.500,2437
29.500,47.500,2212001
29.500,48.500,1976597
29.500,50.500,158099
29.500,51.500,432977
29.500,52.500,3521669
29.500,53.500,3174418
29.500,54.500,116579
29.500,55.500,245757
29.500,56.500,229881
29.500,57.500,46631
29.500,58.500,130918
29.500,59.500,5713
29.500,60.500,569843
29.500,61.500,22222
29.500,62.500,3749
29.500,63.500,27225
29.500,64.500,69278
29.500,65.500,71183
29.500,66.500,386670
29.500,67.500,397310
29.500,68.500,111739
29.500,69.500,264555
29.500,70.500,4164481
29.500,71.500,7236299
29.500,72.500,3577027
29.500,73.500,3058233
29.500,74.500,2693018
29.500,75.500,4596115
29.500,76.500,6716624
29.500,77.500,12865726
29.500,78.500,7284418
29.500,79.500,3083695
29.500,80.500,1648713
29.500,81.500,759193
29.500,82.500,81511
29.500,83.500,9031
29.500,84.500,10377
29.500,85.500,11184
29.500,86.500,21829
29.500,87.500,71292
29.500,88.500,168671
29.500,89.500,171588
29.500,90.500,159084
29.500,91.500,570824
29.500,92.500,61257
29.500,93.500,34485
29.500,94.500,74357
29.500,95.500,24364
29.500,96.500,16935
29.500,97.500,40738
29.500,98.500,65002
29.500,99.500,41398
29.500,100.500,84505
29.500,101.500,54008
29.500,102.500,835731
29.500,103.500,3885823
29.500,104.500,5049476
29.500,105.500,6256801
29.500,106.500,13913023
29.500,107.500,3441894
29.500,108.500,1318373
29.500,109.500,1315650
29.500,110.500,1397046
29.500,111.500,3711625
29.500,112.500,3896048
29.500,113.500,4078143
29.500,114.500,2046587
29.500,115.500,3455179
29.500,116.500,2951017
29.500,117.500,1720282
29.500,118.500,1690709
29.500,119.500,4349206
29.500,120.500,5985478
29.500,121.500,6818909
29.500,122.500,483443
29.500,129.500,633
28.500,-118.500,111
28.500,-115.500,2619
28.500,-114.500,938
28.500,-113.500,1045
28.500,-112.500,284
28.500,-111.500,62357
28.500,-110.500,24053
28.500,-109.500,12355
28.500,-108.500,24064
28.500,-107.500,72420
28.500,-106.500,1027824
28.500,-105.500,347266
28.500,-104.500,3513
28.500,-103.500,6595
28.500,-102.500,1563
28.500,-101.500,2099
28.500,-100.500,291353
28.500,-99.500,42573
28.500,-98.500,31710
28.500,-97.500,123830
28.500,-96.500,98211
28.500,-95.500,41971
28.500,-89.500,3
28.500,-82.500,1986339
28.500,-81.500,3304308
28.500,-80.500,593084
28.500,-18.500,121
28.500,-17.500,102833
28.500,-16.500,912226
28.500,-15.500,584511
28.500,-14.500,36352
28.500,-13.500,170502
28.500,-12.500,2531
28.500,-11.500,91539
28.500,-10.500,124761
28.500,-9.500,26988
28.500,-8.500,112
28.500,-7.500,152
28.500,-6.500,2894
28.500,-5.500,1592
28.500,-4.500,4
28.500,-3.500,2
28.500,-2.500,14
28.500,-1.500,355
28.500,-0.500,40629
28.500,0.500,35260
28.500,1.500,303
28.500,2.500,2875
28.500,4.500,128
28.500,6.500,2601
28.500,7.500,3549
28.500,8.500,3125
28.500,9.500,11632
28.500,10.500,1249
28.500,11.500,29
28.500,12.500,50
28.500,13.500,20
28.500,14.500,1297
28.500,15.500,748
28.500,16.500,11
28.500,17.500,5294
28.500,18.500,362
28.500,19.500,2981
28.500,20.500,1709
28.500,21.500,3151
28.500,22.500,1201
28.500,27.500,2
28.500,28.500,50000
28.500,29.500,7085
28.500,30.500,5045722
28.500,31.500,101884
28.500,32.500,1580
28.500,33.500,67261
28.500,34.500,44950
28.500,35.500,42749
28.500,36.500,759002
28.500,37.500,2608
28.500,38.500,529
28.500,39.500,439
28.500,40.500,7154
28.500,41.500,3599
28.500,42.500,3794
28.500,43.500,2290
28.500,44.500,4448
28.500,45.500,345076
28.500,46.500,64973
28.500,47.500,20924
28.500,48.500,279173
28.500,50.500,206392
28.500,51.500,189444
28.500,52.500,154917
28.500,53.500,407727
28.500,54.500,250137
28.500,55.500,62594
28.500,56.500,161673
28.500,57.500,557162
28.500,58.500,975541
28.500,59.500,313072
28.500,60.500,12520
28.500,61.500,109175
28.500,62.500,7018
28.500,63.500,2947
28.500,64.500,45835
28.500,65.500,143568
28.500,66.500,176549
28.500,67.500,362871
28.500,68.500,2239083
28.500,69.500,2481000
28.500,70.500,4631818
28.500,71.500,107644
28.500,72.500,350093
28.500,73.500,1268572
28.500,74.500,1561397
28.500,75.500,3159804
28.500,76.500,7521327
28.500,77.500,38536876
28.500,78.500,12073870
28.500,79.500,11361099
28.500,80.500,4443606
28.500,81.500,2645734
28.500,82.500,1376670
28.500,83.500,1070596
28.500,84.500,638196
28.500,85.500,88541
28.500,86.500,34070
28.500,87.500,58161
28.500,88.500,38641
28.500,89.500,84426
28.500,90.500,39795
28.500,91.500,41981
28.500,92.500,48490
28.500,93.500,47597
28.500,94.500,164518
28.500,95.500,155941
28.500,96.500,19998
28.500,97.500,17878
28.500,98.500,52695
28.500,99.500,85416
28.500,100.500,55954
28.500,101.500,134843
28.500,102.500,1103604
28.500,103.500,1103411
28.500,104.500,3296541
28.500,105.500,3674420
28.500,106.500,2169206
28.500,107.500,1274554
28.500,108.500,1646166
28.500,109.500,1887615
28.500,110.500,1212508
28.500,111.500,2459660
28.500,112.500,7258695
28.500,113.500,5407456
28.500,114.500,1733897
28.500,115.500,7568260
28.500,116.500,4436044
28.500,117.500,3858487
28.500,118.500,3556814
28.500,119.500,1956105
28.500,120.500,4702221
28.500,121.500,5836300
28.500,122.500,55
28.500,129.500,69918
28.500,130.500,1480
27.500,-115.500,456
27.500,-114.500,26414
27.500,-113.500,24915
27.500,-112.500,24329
27.500,-111.500,3124
27.500,-110.500,283568
27.500,-109.500,657514
27.500,-108.500,59168
27.500,-107.500,82850
27.500,-106.500,20441
27.500,-105.500,84487
27.500,-104.500,45572
27.500,-103.500,8594
27.500,-102.500,5199
27.500,-101.500,254671
27.500,-100.500,31641
27.500,-99.500,703904
27.500,-98.500,56605
27.500,-97.500,454427
27.500,-82.500,2427354
27.500,-81.500,413017
27.500,-80.500,834070
27.500,-78.500,152
27.500,-77.500,10
27.500,-18.500,3676
27.500,-17.500,6804
27.500,-16.500,262
27.500,-15.500,280982
27.500,-13.500,223142
27.500,-12.500,13300
27.500,-11.500,233
27.500,-10.500,1348
27.500,-9.500,414
27.500,-8.500,56759
27.500,-7.500,36300
27.500,-6.500,229
27.500,-5.500,258
27.500,-3.500,17
27.500,-2.500,2
27.500,-1.500,16
27.500,-0.500,201030
27.500,0.500,662
27.500,1.500,40551
27.500,2.500,52166
27.500,3.500,67
27.500,4.500,63
27.500,5.500,76
27.500,7.500,116
27.500,8.500,399
27.500,9.500,1243
27.500,10.500,26
27.500,11.500,19
27.500,12.500,6
27.500,13.500,32444
27.500,14.500,196333
27.500,15.500,232
27.500,16.500,359
27.500,17.500,12
27.500,18.500,112
27.500,19.500,114
27.500,20.500,18
27.500,21.500,6320
27.500,22.500,1492
27.500,27.500,17390
27.500,28.500,493
27.500,29.500,77
27.500,30.500,3771238
27.500,31.500,2576572
27.500,32.500,147
27.500,33.500,214773
27.500,34.500,65014
27.500,35.500,35500
27.500,36.500,19781
27.500,37.500,5014
27.500,38.500,31598
27.500,39.500,162
27.500,40.500,7587
27.500,41.500,361948
27.500,42.500,53157
27.500,43.500,14869
27.500,44.500,10902
27.500,45.500,35099
27.500,46.500,3824
27.500,47.500,30178
27.500,48.500,45431
27.500,49.500,386004
27.500,50.500,83
27.500,51.500,37127
27.500,52.500,349384
27.500,53.500,462465
27.500,54.500,194817
27.500,55.500,55412
27.500,56.500,591079
27.500,57.500,449940
27.500,58.500,26556
27.500,59.500,203384
27.500,60.500,155353
27.500,61.500,196749
27.500,62.500,166018
27.500,63.500,33676
27.500,64.500,50911
27.500,65.500,84993
27.500,66.500,375679
27.500,67.500,1949274
27.500,68.500,6681227
27.500,69.500,1266543
27.500,70.500,52634
27.500,71.500,165078
27.500,72.500,837629
27.500,73.500,1692117
27.500,74.500,2690889
27.500,75.500,5021064
27.500,76.500,5390233
27.500,77.500,9565038
27.500,78.500,12587829
27.500,79.500,9748749
27.500,80.500,9787395
27.500,81.500,9199766
27.500,82.500,7255041
27.500,83.500,7266660
27.500,84.500,4754405
27.500,85.500,5729622
27.500,86.500,871637
27.500,87.500,801331
27.500,88.500,1646499
27.500,89.500,244756
27.500,90.500,93897
27.500,91.500,227076
27.500,92.500,128623
27.500,93.500,813298
27.500,94.500,2433617
27.500,95.500,2954657
27.500,96.500,210522
27.500,97.500,91231
27.500,98.500,82141
27.500,99.500,363560
27.500,100.500,333809
27.500,101.500,441478
27.500,102.500,1460434
27.500,103.500,2269177
27.500,104.500,2573857
27.500,105.500,3059923
27.500,106.500,3740579
27.500,107.500,1884731
27.500,108.500,1356350
27.500,109.500,2852764
27.500,110.500,2491946
27.500,111.500,6209037
27.500,112.500,5213226
27.500,113.500,5686892
27.500,114.500,4239418
27.500,115.500,2467456
27.500,116.500,2552047
27.500,117.500,727333
27.500,118.500,1254557
27.500,119.500,1383458
27.500,120.500,6368064
27.500,121.500,100171
27.500,127.500,1367
27.500,128.500,34685
27.500,129.500,8614
26.500,-113.500,3148
26.500,-112.500,4924
26.500,-111.500,30367
26.500,-109.500,194758
26.500,-108.500,125173
26.500,-107.500,77381
26.500,-106.500,45187
26.500,-105.500,171078
26.500,-104.500,12087
26.500,-103.500,18811
26.500,-102.500,15177
26.500,-101.500,343966
26.500,-100.500,64401
26.500,-99.500,84175
26.500,-98.500,1636446
26.500,-97.500,385354
26.500,-82.500,215729
26.500,-81.500,1204288
26.500,-80.500,3231917
26.500,-79.500,6
26.500,-78.500,48159
26.500,-77.500,18072
26.500,-76.500,1644
26.500,-14.500,58222
26.500,-13.500,24782
26.500,-12.500,728
26.500,-11.500,64958
26.500,-10.500,49
26.500,-9.500,26
26.500,-8.500,90
26.500,-7.500,197
26.500,-6.500,2200
26.500,-5.500,51
26.500,-4.500,378
26.500,-3.500,15
26.500,-2.500,2
26.500,-1.500,39
26.500,-0.500,10282
26.500,0.500,36768
26.500,1.500,52879
26.500,2.500,194
26.500,3.500,361
26.500,4.500,27
26.500,5.500,2084
26.500,6.500,9
26.500,7.500,483
26.500,8.500,29273
26.500,9.500,460
26.500,10.500,4
26.500,11.500,577
26.500,12.500,34283
26.500,13.500,60400
26.500,14.500,22312
26.500,15.500,3996
26.500,16.500,6
26.500,21.500,59
26.500,22.500,678
26.500,25.500,3
26.500,26.500,2
26.500,27.500,13280
26.500,28.500,8
26.500,30.500,507
26.500,31.500,5618109
26.500,32.500,2190793
26.500,33.500,58773
26.500,34.500,42732
26.500,36.500,40173
26.500,37.500,48330
26.500,38.500,8897
26.500,39.500,4615
26.500,40.500,52585
26.500,41.500,27302
26.500,42.500,25953
26.500,43.500,622254
26.500,44.500,341359
26.500,45.500,20481
26.500,46.500,549
26.500,47.500,2230
26.500,48.500,13212
26.500,49.500,674636
26.500,50.500,4050108
26.500,51.500,8793
26.500,53.500,50787
26.500,54.500,76899
26.500,55.500,56274
26.500,56.500,113201
26.500,57.500,360367
26.500,58.500,5038
26.500,59.500,81029
26.500,60.500,124006
26.500,61.500,168618
26.500,62.500,103782
26.500,63.500,257400
26.500,64.500,247147
26.500,65.500,92599
26.500,66.500,153120
26.500,67.500,1583539
26.500,68.500,3743195
26.500,69.500,62415
26.500,70.500,225587
26.500,71.500,578793
26.500,72.500,1875556
26.500,73.500,2900078
26.500,74.500,3490820
26.500,75.500,6639907
26.500,76.500,4102722
26.500,77.500,4510741
26.500,78.500,6219391
26.500,79.500,6805798
26.500,80.500,14559618
26.500,81.500,10554836
26.500,82.500,12496366
26.500,83.500,15345573
26.500,84.500,16612202
26.500,85.500,17971965
26.500,86.500,10199881
26.500,87.500,9043837
26.500,88.500,8341171
26.500,89.500,7187564
26.500,90.500,4740370
26.500,91.500,6749422
26.500,92.500,6536197
26.500,93.500,2417574
26.500,94.500,2718469
26.500,95.500,387548
26.500,96.500,80440
26.500,97.500,3403
26.500,98.500,156331
26.500,99.500,636738
26.500,100.500,1086550
26.500,101.500,1436451
26.500,102.500,1167504
26.500,103.500,1653239
26.500,104.500,3677673
26.500,105.500,3373164
26.500,106.500,5320325
26.500,107.500,1902740
26.500,108.500,994160
26.500,109.500,1196539
26.500,110.500,1923721
26.500,111.500,3653365
26.500,112.500,5709765
26.500,113.500,2304815
26.500,114.500,1829497
26.500,115.500,2130018
26.500,116.500,1525643
26.500,117.500,1309454
26.500,118.500,1424622
26.500,119.500,5399594
26.500,120.500,190472
26.500,126.500,9045
26.500,127.500,1319211
26.500,128.500,28003
26.500,142.500,933
25.500,-112.500,3422
25.500,-111.500,89767
25.500,-110.500,245
25.500,-109.500,237811
25.500,-108.500,761378
25.500,-107.500,110182
25.500,-106.500,48500
25.500,-105.500,84360
25.500,-104.500,39844
25.500,-103.500,1737789
25.500,-102.500,107114
25.500,-101.500,342928
25.500,-100.500,5267249
25.500,-99.500,198376
25.500,-98.500,145179
25.500,-97.500,863827
25.500,-81.500,23628
25.500,-80.500,3057424
25.500,-79.500,1986
25.500,-78.500,1243
25.500,-77.500,293986
25.500,-76.500,8190
25.500,-14.500,73
25.500,-13.500,42
25.500,-12.500,425
25.500,-11.500,4202
25.500,-10.500,268
25.500,-9.500,49
25.500,-8.500,59
25.500,-7.500,5
25.500,-6.500,32
25.500,-5.500,156
25.500,-4.500,126
25.500,-3.500,60
25.500,-1.500,88
25.500,-0.500,31
25.500,0.500,42
25.500,1.500,87
25.500,2.500,9
25.500,3.500,572
25.500,4.500,247
25.500,5.500,422
25.500,6.500,3
25.500,7.500,100
25.500,8.500,342
25.500,9.500,305
25.500,10.500,5926
25.500,11.500,5
25.500,12.500,59
25.500,13.500,33979
25.500,14.500,22203
25.500,15.500,1219
25.500,16.500,288
25.500,17.500,5
25.500,18.500,36
25.500,20.500,2
25.500,21.500,6958
25.500,22.500,335
25.500,23.500,192
25.500,24.500,73
25.500,25.500,107
25.500,26.500,20
25.500,27.500,62
25.500,28.500,85209
25.500,29.500,25316
25.500,30.500,73306
25.500,31.500,434
25.500,32.500,4626731
25.500,33.500,765
25.500,34.500,14143
25.500,36.500,81
25.500,37.500,55069
25.500,38.500,20323
25.500,39.500,35652
25.500,40.500,44655
25.500,41.500,13103
25.500,42.500,81079
25.500,43.500,265892
25.500,44.500,147887
25.500,45.500,210939
25.500,46.500,42925
25.500,47.500,27727
25.500,48.500,25602
25.500,49.500,1100870
25.500,50.500,53832
25.500,51.500,2677776
25.500,52.500,4201
25.500,54.500,3010
25.500,55.500,4974614
25.500,56.500,560968
25.500,57.500,30990
25.500,58.500,2181
25.500,59.500,8794
25.500,60.500,259622
25.500,61.500,63856
25.500,62.500,183082
25.500,63.500,131025
25.500,64.500,37864
25.500,65.500,24896
25.500,66.500,231559
25.500,67.500,1278127
25.500,68.500,6603651
25.500,69.500,2760970
25.500,70.500,791753
25.500,71.500,1582820
25.500,72.500,1995445
25.500,73.500,2350079
25.500,74.500,2937620
25.500,75.500,3547763
25.500,76.500,2189930
25.500,77.500,1484939
25.500,78.500,4238972
25.500,79.500,3700430
25.500,80.500,5251250
25.500,81.500,10900007
25.500,82.500,15097043
25.500,83.500,13644928
25.500,84.500,15194938
25.500,85.500,21065747
25.500,86.500,15818407
25.500,87.500,13564564
25.500,88.500,10534671
25.500,89.500,12383098
25.500,90.500,3751385
25.500,91.500,3421222
25.500,92.500,1805752
25.500,93.500,1527593
25.500,94.500,1106851
25.500,95.500,72357
25.500,96.500,553511
25.500,97.500,541912
25.500,98.500,801598
25.500,99.500,1171755
25.500,100.500,2191692
25.500,101.500,1744074
25.500,102.500,4006082
25.500,103.500,2768936
25.500,104.500,2684069
25.500,105.500,1828772
25.500,106.500,945088
25.500,107.500,822903
25.500,108.500,684977
25.500,109.500,1085725
25.500,110.500,2514529
25.500,111.500,2089359
25.500,112.500,2881655
25.500,113.500,2511608
25.500,114.500,3869163
25.500,115.500,2083183
25.500,116.500,1618575
25.500,117.500,1737478
25.500,118.500,4330300
25.500,119.500,5028231
25.500,121.500,6328760
25.500,122.500,415
25.500,131.500,2237
24.500,-112.500,8904
24.500,-111.500,5161
24.500,-110.500,339093
24.500,-109.500,1758
24.500,-108.500,173
24.500,-107.500,1060344
24.500,-106.500,58234
24.500,-105.500,54293
24.500,-104.500,636518
24.500,-103.500,120989
24.500,-102.500,23733
24.500,-101.500,36007
24.500,-100.500,51105
24.500,-99.500,188253
24.500,-98.500,80767
24.500,-97.500,8753
24.500,-82.500,23
24.500,-81.500,54509
24.500,-80.500,7301
24.500,-78.500,60
24.500,-77.500,12409
24.500,-76.500,5220
24.500,-75.500,1228
24.500,-74.500,678
24.500,-15.500,104
24.500,-14.500,54
24.500,-13.500,18
24.500,-12.500,126
24.500,-11.500,7
24.500,-10.500,14
24.500,-8.500,6
24.500,-7.500,8
24.500,-6.500,1680
24.500,-5.500,4685
24.500,-3.500,27
24.500,-2.500,3
24.500,-1.500,36
24.500,-0.500,112
24.500,0.500,36
24.500,1.500,108
24.500,2.500,72
24.500,3.500,30
24.500,4.500,238
24.500,5.500,198
24.500,6.500,276
24.500,7.500,141
24.500,8.500,4124
24.500,9.500,24225
24.500,10.500,21246
24.500,11.500,46
24.500,12.500,11
24.500,14.500,11020
24.500,15.500,9
24.500,16.500,51
24.500,17.500,2
24.500,20.500,5
24.500,21.500,658
24.500,22.500,149
24.500,23.500,45799
24.500,24.500,25
24.500,25.500,442
24.500,26.500,112
24.500,27.500,352
24.500,28.500,214
24.500,29.500,332
24.500,30.500,10662
24.500,31.500,378
24.500,32.500,1213758
24.500,33.500,73786
24.500,34.500,1106
24.500,35.500,450
24.500,37.500,22637
24.500,38.500,231893
24.500,39.500,1740679
24.500,40.500,51074
24.500,41.500,9597
24.500,42.500,38858
24.500,43.500,60933
24.500,44.500,125779
24.500,45.500,80651
24.500,46.500,8322459
24.500,47.500,421665
24.500,48.500,9172
24.500,49.500,34007
24.500,50.500,25967
24.500,51.500,50014
24.500,52.500,148231
24.500,53.500,38269
24.500,54.500,1503033
24.500,55.500,1826179
24.500,56.500,591743
24.500,57.500,17161
24.500,66.500,2902937
24.500,67.500,16050399
24.500,68.500,2002755
24.500,69.500,1068095
24.500,70.500,525545
24.500,71.500,2046041
24.500,72.500,3568970
24.500,73.500,3344988
24.500,74.500,3150798
24.500,75.500,2415747
24.500,76.500,2533438
24.500,77.500,2574510
24.500,78.500,3016074
24.500,79.500,2217655
24.500,80.500,2981012
24.500,81.500,4111293
24.500,82.500,3382537
24.500,83.500,3967938
24.500,84.500,8498257
24.500,85.500,8393955
24.500,86.500,7436455
24.500,87.500,8031384
24.500,88.500,13877696
24.500,89.500,14443060
24.500,90.500,16426569
24.500,91.500,10118191
24.500,92.500,6485435
24.500,93.500,2532340
24.500,94.500,812244
24.500,95.500,273788
24.500,96.500,569671
24.500,97.500,771175
24.500,98.500,1255940
24.500,99.500,1480992
24.500,100.500,1126047
24.500,101.500,679421
24.500,102.500,3712888
24.500,103.500,2094849
24.500,104.500,1194423
24.500,105.500,818705
24.500,106.500,642775
24.500,107.500,1076709
24.500,108.500,1643013
24.500,109.500,3072667
24.500,110.500,1607513
24.500,111.500,2112682
24.500,112.500,1597029
24.500,113.500,2299250
24.500,114.500,1925987
24.500,115.500,3270623
24.500,116.500,2321573
24.500,117.500,4046131
24.500,118.500,8521091
24.500,119.500,5904
24.500,120.500,4528843
24.500,121.500,4818163
24.500,122.500,997
24.500,123.500,4167
24.500,124.500,51819
24.500,125.500,55252
24.500,141.500,2014
24.500,153.500,141
23.500,-110.500,25333
23.500,-109.500,192736
23.500,-107.500,114
23.500,-106.500,554910
23.500,-105.500,87424
23.500,-104.500,173586
23.500,-103.500,270697
23.500,-102.500,305293
23.500,-101.500,42328
23.500,-100.500,220400
23.500,-99.500,423630
23.500,-98.500,49313
23.500,-97.500,11376
23.500,-83.500,169
23.500,-82.500,1983479
23.500,-81.500,331902
23.500,-80.500,1527
23.500,-77.500,168
23.500,-76.500,542
23.500,-75.500,10101
23.500,-74.500,478
23.500,-16.500,3750
23.500,-15.500,171785
23.500,-14.500,1262
23.500,-13.500,26
23.500,-12.500,31
23.500,-11.500,124
23.500,-10.500,284
23.500,-9.500,65
23.500,-8.500,82
23.500,-7.500,149
23.500,-6.500,3209
23.500,-5.500,3707
23.500,-3.500,604
23.500,-2.500,58
23.500,-1.500,21
23.500,-0.500,71
23.500,0.500,177
23.500,1.500,103
23.500,2.500,446
23.500,3.500,23
23.500,4.500,120
23.500,5.500,9306
23.500,6.500,4407
23.500,7.500,174
23.500,8.500,223
23.500,9.500,472
23.500,10.500,73
23.500,11.500,121
23.500,12.500,4
23.500,14.500,21
23.500,15.500,3434
23.500,16.500,4964
23.500,20.500,13
23.500,22.500,38
23.500,23.500,219
23.500,24.500,76
23.500,25.500,512
23.500,26.500,100
23.500,27.500,108
23.500,29.500,103
23.500,30.500,189
23.500,31.500,415
23.500,32.500,20951
23.500,33.500,2
23.500,34.500,44
23.500,35.500,18665
23.500,38.500,111325
23.500,39.500,71390
23.500,40.500,50817
23.500,41.500,8466
23.500,42.500,60429
23.500,43.500,3476
23.500,44.500,30520
23.500,45.500,32042
23.500,46.500,65315
23.500,47.500,33149
23.500,48.500,5541
23.500,49.500,4100
23.500,50.500,20
23.500,51.500,441
23.500,52.500,37555
23.500,53.500,139678
23.500,54.500,21384
23.500,55.500,23796
23.500,56.500,210834
23.500,57.500,767900
23.500,58.500,1720884
23.500,59.500,1874
23.500,67.500,1014
23.500,68.500,180309
23.500,69.500,796358
23.500,70.500,1141065
23.500,71.500,1218034
23.500,72.500,10735050
23.500,73.500,4548199
23.500,74.500,4675377
23.500,75.500,3942790
23.500,76.500,3355375
23.500,77.500,5311932
23.500,78.500,2603483
23.500,79.500,4011161
23.500,80.500,3149565
23.500,81.500,2003262
23.500,82.500,1600156
23.500,83.500,1949707
23.500,84.500,2903202
23.500,85.500,6801234
23.500,86.500,11202973
23.500,87.500,8685973
23.500,88.500,13664468
23.500,89.500,11907427
23.500,90.500,35922438
23.500,91.500,10244907
23.500,92.500,1041531
23.500,93.500,345641
23.500,94.500,510548
23.500,95.500,709650
23.500,96.500,408360
23.500,97.500,639156
23.500,98.500,537582
23.500,99.500,877595
23.500,100.500,693700
23.500,101.500,769890
23.500,102.500,1473384
23.500,103.500,1824045
23.500,104.500,1679036
23.500,105.500,1106204
23.500,106.500,1416456
23.500,107.500,1659366
23.500,108.500,2276433
23.500,109.500,3003647
23.500,110.500,3683863
23.500,111.500,2442598
23.500,112.500,4661489
23.500,113.500,21257023
23.500,114.500,4511781
23.500,115.500,3067022
23.500,116.500,14861517
23.500,117.500,1474999
23.500,119.500,87494
23.500,120.500,3544151
23.500,121.500,265982
22.500,-159.500,30060
22.500,-110.500,103
22.500,-109.500,230552
22.500,-106.500,2436
22.500,-105.500,251652
22.500,-104.500,84592
22.500,-103.500,127791
22.500,-102.500,946266
22.500,-101.500,567972
22.500,-100.500,1023703
22.500,-99.500,233724
22.500,-98.500,404103
22.500,-97.500,802701
22.500,-84.500,81325
22.500,-83.500,603537
22.500,-82.500,804843
22.500,-81.500,364382
22.500,-80.500,820733
22.500,-79.500,693195
22.500,-78.500,152954
22.500,-77.500,181
22.500,-75.500,63
22.500,-74.500,608
22.500,-73.500,630
22.500,-72.500,88
22.500,-16.500,717
22.500,-15.500,755
22.500,-14.500,449
22.500,-12.500,56952
22.500,-11.500,40
22.500,-10.500,135
22.500,-9.500,211
22.500,-8.500,688
22.500,-7.500,232
22.500,-6.500,1895
22.500,-5.500,12439
22.500,-4.500,69
22.500,-3.500,2680
22.500,-2.500,1359
22.500,-1.500,3
22.500,-0.500,793
22.500,0.500,30
22.500,1.500,100
22.500,2.500,5
22.500,3.500,41
22.500,4.500,11781
22.500,5.500,130967
22.500,6.500,310
22.500,7.500,53
22.500,8.500,73
22.500,9.500,143
22.500,11.500,398
22.500,12.500,392
22.500,13.500,2
22.500,14.500,1371
22.500,15.500,4208
22.500,16.500,1039
22.500,17.500,916
22.500,18.500,494
22.500,19.500,29
22.500,20.500,5
22.500,21.500,20
22.500,22.500,25
22.500,23.500,20
22.500,24.500,2
22.500,25.500,142
22.500,26.500,35
22.500,27.500,1
22.500,28.500,1732
22.500,29.500,55
22.500,30.500,98
22.500,31.500,12526
22.500,32.500,567
22.500,35.500,1462
22.500,36.500,4117
22.500,38.500,3364
22.500,39.500,170092
22.500,40.500,22284
22.500,41.500,26927
22.500,42.500,4622
22.500,43.500,358
22.500,44.500,7332
22.500,45.500,4229
22.500,46.500,72068
22.500,47.500,11
22.500,48.500,2
22.500,49.500,456
22.500,51.500,2
22.500,52.500,240
22.500,53.500,7913
22.500,54.500,10244
22.500,55.500,8570
22.500,56.500,16368
22.500,57.500,222980
22.500,58.500,138010
22.500,59.500,173520
22.500,68.500,72281
22.500,69.500,1289653
22.500,70.500,3994547
22.500,71.500,2631753
22.500,72.500,6845037
22.500,73.500,7555975
22.500,74.500,4353954
22.500,75.500,6557916
22.500,76.500,2433258
22.500,77.500,2066466
22.500,78.500,2656032
22.500,79.500,2167083
22.500,80.500,1685001
22.500,81.500,2222055
22.500,82.500,3686759
22.500,83.500,1903051
22.500,84.500,2909394
22.500,85.500,2789122
22.500,86.500,5802757
22.500,87.500,11403323
22.500,88.500,32355630
22.500,89.500,7322961
22.500,90.500,8812145
22.500,91.500,10892522
22.500,92.500,2214427
22.500,93.500,199872
22.500,94.500,579580
22.500,95.500,2018805
22.500,96.500,1310764
22.500,97.500,817958
22.500,98.500,482465
22.500,99.500,738332
22.500,100.500,753866
22.500,101.500,318336
22.500,102.500,425114
22.500,103.500,975614
22.500,104.500,1108584
22.500,105.500,802098
22.500,106.500,950998
22.500,107.500,1433998
22.500,108.500,5588065
22.500,109.500,3831618
22.500,110.500,5245694
22.500,111.500,3396017
22.500,112.500,4900412
22.500,113.500,21780213
22.500,114.500,17231885
22.500,115.500,2445397
22.500,116.500,772511
22.500,120.500,4013320
22.500,121.500,150298
21.500,-160.500,175
21.500,-159.500,38911
21.500,-158.500,316821
21.500,-157.500,723016
21.500,-156.500,2471
21.500,-106.500,3754
21.500,-105.500,312539
21.500,-104.500,689360
21.500,-103.500,147608
21.500,-102.500,1510202
21.500,-101.500,2174163
21.500,-100.500,756705
21.500,-99.500,474465
21.500,-98.500,1101939
21.500,-97.500,251501
21.500,-90.500,2069
21.500,-89.500,471660
21.500,-88.500,131117
21.500,-87.500,37374
21.500,-86.500,697794
21.500,-84.500,7758
21.500,-83.500,743
21.500,-82.500,79273
21.500,-81.500,3249
21.500,-80.500,11613
21.500,-79.500,294726
21.500,-78.500,466841
21.500,-77.500,546385
21.500,-76.500,255335
21.500,-75.500,50395
21.500,-73.500,30
21.500,-72.500,34826
21.500,-71.500,9450
21.500,-17.500,462
21.500,-16.500,4855
21.500,-15.500,260
21.500,-14.500,792
21.500,-13.500,1997
21.500,-12.500,170
21.500,-11.500,581
21.500,-10.500,20
21.500,-9.500,17
21.500,-8.500,33
21.500,-7.500,187
21.500,-6.500,2518
21.500,-5.500,394
21.500,-4.500,1642
21.500,-2.500,209
21.500,-0.500,266
21.500,0.500,24857
21.500,1.500,2314
21.500,2.500,127
21.500,3.500,11
21.500,4.500,58
21.500,5.500,257
21.500,6.500,118
21.500,7.500,478
21.500,8.500,88
21.500,9.500,33447
21.500,10.500,29
21.500,11.500,75
21.500,12.500,878
21.500,13.500,111
21.500,14.500,2272
21.500,15.500,2100
21.500,16.500,2057
21.500,17.500,17637
21.500,19.500,277
21.500,20.500,4
21.500,21.500,63
21.500,24.500,47
21.500,25.500,358
21.500,26.500,49
21.500,27.500,11
21.500,28.500,17
21.500,29.500,157
21.500,30.500,1295
21.500,31.500,22349
21.500,32.500,319
21.500,33.500,2275
21.500,34.500,26836
21.500,35.500,24292
21.500,36.500,67157
21.500,37.500,180
21.500,38.500,9273
21.500,39.500,7699853
21.500,40.500,1033569
21.500,41.500,55946
21.500,42.500,81124
21.500,43.500,1561
21.500,44.500,1421
21.500,45.500,3579
21.500,46.500,1106
21.500,49.500,5
21.500,51.500,17
21.500,52.500,4926
21.500,53.500,151
21.500,55.500,523
21.500,56.500,11993
21.500,57.500,5378
21.500,58.500,474
21.500,59.500,10797
21.500,69.500,917166
21.500,70.500,3168463
21.500,71.500,3000970
21.500,72.500,9077286
21.500,73.500,3967739
21.500,74.500,3314092
21.500,75.500,4131963
21.500,76.500,3066787
21.500,77.500,2121036
21.500,78.500,2881196
21.500,79.500,5418788
21.500,80.500,3056082
21.500,81.500,6797922
21.500,82.500,3812540
21.500,83.500,3639382
21.500,84.500,1735490
21.500,85.500,2063490
21.500,86.500,4339722
21.500,87.500,3790790
21.500,88.500,1605827
21.500,89.500,5453
21.500,90.500,371575
21.500,91.500,1288862
21.500,92.500,1940789
21.500,93.500,111891
21.500,94.500,972981
21.500,95.500,2215276
21.500,96.500,2753032
21.500,97.500,219355
21.500,98.500,239362
21.500,99.500,421619
21.500,100.500,636856
21.500,101.500,419554
21.500,102.500,192908
21.500,103.500,853289
21.500,104.500,1050618
21.500,105.500,8529706
21.500,106.500,3504692
21.500,107.500,864846
21.500,108.500,1189447
21.500,109.500,2756045
21.500,110.500,8173447
21.500,111.500,2953528
21.500,112.500,637580
21.500,113.500,5466
21.500,114.500,813
21.500,120.500,16278
21.500,121.500,6
20.500,-156.500,153414
20.500,-155.500,25760
20.500,-105.500,485480
20.500,-104.500,219448
20.500,-103.500,5288432
20.500,-102.500,1345160
20.500,-101.500,2509648
20.500,-100.500,3147954
20.500,-99.500,1569957
20.500,-98.500,1805696
20.500,-97.500,1672561
20.500,-96.500,91741
20.500,-90.500,153538
20.500,-89.500,1221529
20.500,-88.500,266299
20.500,-87.500,365944
20.500,-86.500,116048
20.500,-79.500,3
20.500,-78.500,13982
20.500,-77.500,402993
20.500,-76.500,1503503
20.500,-75.500,1469881
20.500,-74.500,250211
20.500,-73.500,721
20.500,-72.500,46579
20.500,-17.500,159419
20.500,-16.500,139
20.500,-15.500,3126
20.500,-14.500,263
20.500,-13.500,38240
20.500,-12.500,8928
20.500,-11.500,2374
20.500,-10.500,44
20.500,-9.500,3
20.500,-8.500,38
20.500,-7.500,10
20.500,-6.500,9
20.500,-3.500,37
20.500,-0.500,247
20.500,0.500,2784
20.500,1.500,10457
20.500,2.500,2243
20.500,3.500,1463
20.500,4.500,47
20.500,5.500,41
20.500,6.500,141
20.500,7.500,494
20.500,8.500,1610
20.500,9.500,667
20.500,10.500,332
20.500,11.500,5
20.500,12.500,1116
20.500,13.500,42
20.500,14.500,137
20.500,15.500,180
20.500,16.500,9743
20.500,17.500,6452
20.500,18.500,63
20.500,19.500,519
20.500,20.500,192
20.500,21.500,40
20.500,22.500,25
20.500,25.500,85
20.500,26.500,25
20.500,27.500,207
20.500,28.500,31
20.500,29.500,81
20.500,30.500,50428
20.500,31.500,15
20.500,32.500,41
20.500,33.500,9364
20.500,34.500,25110
20.500,35.500,18703
20.500,36.500,25935
20.500,37.500,33540
20.500,39.500,31841
20.500,40.500,137773
20.500,41.500,273502
20.500,42.500,119838
20.500,43.500,222
20.500,44.500,145388
20.500,45.500,41961
20.500,46.500,6
20.500,47.500,6
20.500,53.500,77
20.500,54.500,35
20.500,55.500,701
20.500,56.500,2431
20.500,57.500,6150
20.500,58.500,20158
20.500,70.500,1032529
20.500,71.500,443224
20.500,72.500,2523222
20.500,73.500,4394524
20.500,74.500,4597725
20.500,75.500,3648835
20.500,76.500,3526747
20.500,77.500,3906368
20.500,78.500,2818703
20.500,79.500,2168834
20.500,80.500,1389208
20.500,81.500,2783277
20.500,82.500,1794651
20.500,83.500,2693831
20.500,84.500,1653701
20.500,85.500,7068735
20.500,86.500,6587551
20.500,87.500,1647
20.500,92.500,714327
20.500,93.500,605090
20.500,94.500,1168674
20.500,95.500,1357787
20.500,96.500,1448495
20.500,97.500,1051933
20.500,98.500,95128
20.500,99.500,625934
20.500,100.500,426947
20.500,101.500,380504
20.500,102.500,287741
20.500,103.500,217429
20.500,104.500,481413
20.500,105.500,5916944
20.500,106.500,8810422
20.500,107.500,234172
20.500,109.500,704781
20.500,110.500,2671957
20.500,121.500,19629
19.500,-156.500,2483
19.500,-155.500,141686
19.500,-154.500,26977
19.500,-105.500,25985
19.500,-104.500,475810
19.500,-103.500,832589
19.500,-102.500,1375320
19.500,-101.500,1677796
19.500,-100.500,1395579
19.500,-99.500,18984637
19.500,-98.500,7940399
19.500,-97.500,1925418
19.500,-96.500,2213690
19.500,-95.500,8071
19.500,-91.500,60
19.500,-90.500,371644
19.500,-89.500,52817
19.500,-88.500,136708
19.500,-87.500,1802
19.500,-81.500,65305
19.500,-80.500,313
19.500,-79.500,1692
19.500,-77.500,36658
19.500,-76.500,34605
19.500,-75.500,32973
19.500,-74.500,1344
19.500,-73.500,339347
19.500,-72.500,4024551
19.500,-71.500,993750
19.500,-70.500,2556842
19.500,-69.500,332564
19.500,-68.500,47
19.500,-16.500,948
19.500,-15.500,4587
19.500,-14.500,19159
19.500,-13.500,5397
19.500,-12.500,4153
19.500,-11.500,101
19.500,-10.500,76
19.500,-9.500,52
19.500,-8.500,43
19.500,-7.500,1479
19.500,-6.500,104
19.500,-5.500,25
19.500,-0.500,224
19.500,0.500,12745
19.500,1.500,6496
19.500,2.500,8401
19.500,3.500,48
19.500,4.500,22
19.500,5.500,12751
19.500,6.500,123
19.500,7.500,144
19.500,8.500,11152
19.500,9.500,232
19.500,10.500,29
19.500,11.500,80
19.500,12.500,3057
19.500,13.500,3
19.500,14.500,11
19.500,15.500,202
19.500,16.500,2255
19.500,17.500,455
19.500,18.500,1971
19.500,19.500,15990
19.500,20.500,10774
19.500,21.500,285
19.500,22.500,198
19.500,23.500,107
19.500,24.500,20352
19.500,25.500,3056
19.500,26.500,13912
19.500,27.500,2492
19.500,28.500,177
19.500,29.500,403
19.500,30.500,336188
19.500,31.500,32
19.500,32.500,30103
19.500,33.500,124754
19.500,34.500,11186
19.500,35.500,10790
19.500,36.500,24393
19.500,37.500,674082
19.500,40.500,23611
19.500,41.500,494326
19.500,42.500,144699
19.500,43.500,51424
19.500,44.500,3431
19.500,45.500,909
19.500,50.500,220
19.500,51.500,22
19.500,52.500,98
19.500,53.500,131
19.500,54.500,1231
19.500,55.500,548
19.500,56.500,20837
19.500,57.500,24034
19.500,72.500,18718736
19.500,73.500,8934287
19.500,74.500,4105523
19.500,75.500,4911405
19.500,76.500,3195832
19.500,77.500,4270763
19.500,78.500,1956504
19.500,79.500,2119982
19.500,80.500,445725
19.500,81.500,1104992
19.500,82.500,3071344
19.500,83.500,1664598
19.500,84.500,4008087
19.500,85.500,1848609
19.500,86.500,253574
19.500,92.500,957
19.500,93.500,351419
19.500,94.500,335737
19.500,95.500,783655
19.500,96.500,1299353
19.500,97.500,408721
19.500,98.500,291781
19.500,99.500,1220889
19.500,100.500,639501
19.500,101.500,314522
19.500,102.500,275042
19.500,103.500,291384
19.500,104.500,344735
19.500,105.500,3561529
19.500,106.500,48479
19.500,108.500,447976
19.500,109.500,2289149
19.500,110.500,3097634
19.500,111.500,3388
19.500,121.500,13191
18.500,-155.500,41
18.500,-104.500,2448
18.500,-103.500,250987
18.500,-102.500,192672
18.500,-101.500,113050
18.500,-100.500,531485
18.500,-99.500,2315124
18.500,-98.500,1677190
18.500,-97.500,1937108
18.500,-96.500,1429748
18.500,-95.500,740552
18.500,-94.500,704630
18.500,-93.500,893435
18.500,-92.500,497738
18.500,-91.500,272983
18.500,-90.500,104965
18.500,-89.500,32163
18.500,-88.500,354348
18.500,-87.500,2703
18.500,-78.500,178818
18.500,-77.500,945411
18.500,-76.500,751769
18.500,-74.500,563928
18.500,-73.500,1268158
18.500,-72.500,4002723
18.500,-71.500,1150473
18.500,-70.500,2055585
18.500,-69.500,4436992
18.500,-68.500,503774
18.500,-67.500,408779
18.500,-66.500,2102506
18.500,-65.500,608058
18.500,-64.500,82206
18.500,-63.500,90199
18.500,-62.500,1560
18.500,-16.500,170372
18.500,-15.500,1144576
18.500,-14.500,440
18.500,-13.500,29
18.500,-12.500,5965
18.500,-11.500,25894
18.500,-10.500,2203
18.500,-9.500,567
18.500,-8.500,201
18.500,-7.500,159
18.500,-6.500,476
18.500,-5.500,26
18.500,-3.500,3396
18.500,-2.500,67
18.500,-0.500,1409
18.500,0.500,9476
18.500,1.500,54429
18.500,2.500,15830
18.500,3.500,559
18.500,4.500,120
18.500,5.500,149
18.500,6.500,384
18.500,7.500,140319
18.500,8.500,1479
18.500,9.500,19
18.500,10.500,68
18.500,11.500,1543
18.500,12.500,10926
18.500,13.500,228
18.500,14.500,2
18.500,15.500,33
18.500,16.500,4688
18.500,17.500,3315
18.500,18.500,23555
18.500,19.500,7995
18.500,20.500,2652
18.500,21.500,1282
18.500,22.500,37
18.500,23.500,187
18.500,24.500,1677
18.500,25.500,5647
18.500,26.500,5243
18.500,27.500,6394
18.500,28.500,123
18.500,29.500,227
18.500,30.500,221202
18.500,31.500,244562
18.500,32.500,9400
18.500,33.500,160016
18.500,34.500,35017
18.500,35.500,121470
18.500,36.500,451086
18.500,37.500,272355
18.500,38.500,17577
18.500,41.500,234956
18.500,42.500,1308001
18.500,43.500,102904
18.500,44.500,21104
18.500,45.500,3827
18.500,46.500,2
18.500,47.500,123
18.500,48.500,131
18.500,49.500,999
18.500,50.500,2180
18.500,51.500,5206
18.500,52.500,312
18.500,53.500,653
18.500,54.500,989
18.500,55.500,7504
18.500,56.500,13842
18.500,57.500,3186
18.500,72.500,2488832
18.500,73.500,9771624
18.500,74.500,3232202
18.500,75.500,2639945
18.500,76.500,4226301
18.500,77.500,3593323
18.500,78.500,4172875
18.500,79.500,4145389
18.500,80.500,593432
18.500,81.500,1080242
18.500,82.500,1786658
18.500,83.500,4108450
18.500,84.500,1334207
18.500,93.500,81124
18.500,94.500,273605
18.500,95.500,1841439
18.500,96.500,1203773
18.500,97.500,124496
18.500,98.500,1143365
18.500,99.500,1484345
18.500,100.500,603481
18.500,101.500,254469
18.500,102.500,652634
18.500,103.500,546202
18.500,104.500,228356
18.500,105.500,2565159
18.500,106.500,259042
18.500,108.500,388618
18.500,109.500,1523352
18.500,110.500,878117
18.500,120.500,580404
18.500,121.500,655944
18.500,122.500,70175
17.500,-102.500,123950
17.500,-101.500,221155
17.500,-100.500,241479
17.500,-99.500,847345
17.500,-98.500,624861
17.500,-97.500,461245
17.500,-96.500,983756
17.500,-95.500,331273
17.500,-94.500,559945
17.500,-93.500,790391
17.500,-92.500,1465555
17.500,-91.500,390196
17.500,-90.500,83432
17.500,-89.500,83831
17.500,-88.500,196108
17.500,-87.500,6110
17.500,-77.500,381255
17.500,-76.500,563184
17.500,-71.500,31153
17.500,-67.500,6131
17.500,-66.500,141162
17.500,-65.500,6517
17.500,-64.500,47557
17.500,-63.500,2097
17.500,-62.500,63107
17.500,-61.500,92664
17.500,-25.500,48228
17.500,-24.500,3980
17.500,-16.500,11050
17.500,-15.500,66799
17.500,-14.500,77839
17.500,-13.500,86581
17.500,-12.500,88855
17.500,-11.500,27798
17.500,-10.500,21716
17.500,-9.500,32
17.500,-8.500,198
17.500,-7.500,6460
17.500,-6.500,101
17.500,-5.500,484
17.500,-4.500,20
17.500,-3.500,218
17.500,-2.500,957
17.500,-1.500,39262
17.500,-0.500,6092
17.500,0.500,34755
17.500,1.500,12865
17.500,2.500,1220
17.500,3.500,5603
17.500,4.500,832
17.500,5.500,8442
17.500,6.500,15981
17.500,7.500,22144
17.500,8.500,10937
17.500,9.500,3840
17.500,10.500,1
17.500,11.500,4
17.500,12.500,65
17.500,13.500,40
17.500,15.500,105
17.500,16.500,130
17.500,17.500,5701
17.500,18.500,15240
17.500,19.500,148547
17.500,20.500,180
17.500,21.500,35101
17.500,22.500,2489
17.500,23.500,83
17.500,24.500,915
17.500,25.500,457
17.500,26.500,800
17.500,27.500,33618
17.500,28.500,280
17.500,29.500,141
17.500,30.500,2319
17.500,31.500,60976
17.500,32.500,133
17.500,33.500,484432
17.500,34.500,181796
17.500,35.500,78087
17.500,36.500,596957
17.500,37.500,58440
17.500,38.500,129267
17.500,41.500,16677
17.500,42.500,557749
17.500,43.500,611222
17.500,44.500,617903
17.500,45.500,1565
17.500,46.500,2340
17.500,47.500,120793
17.500,48.500,174
17.500,49.500,5565
17.500,50.500,7220
17.500,51.500,3067
17.500,52.500,16068
17.500,53.500,7488
17.500,54.500,417199
17.500,55.500,6885
17.500,56.500,471
17.500,73.500,2062628
17.500,74.500,4067500
17.500,75.500,3906014
17.500,76.500,3318117
17.500,77.500,3489834
17.500,78.500,12524933
17.500,79.500,4106460
17.500,80.500,2797127
17.500,81.500,1971646
17.500,82.500,3256241
17.500,83.500,2761377
17.500,94.500,231477
17.500,95.500,2738456
17.500,96.500,2342269
17.500,97.500,594443
17.500,98.500,240258
17.500,99.500,742117
17.500,100.500,711331
17.500,101.500,625152
17.500,102.500,1611043
17.500,103.500,979430
17.500,104.500,1108082
17.500,105.500,263254
17.500,106.500,849246
17.500,107.500,58234
17.500,120.500,1100341
17.500,121.500,1876677
17.500,122.500,37265
16.500,-100.500,15466
16.500,-99.500,1002606
16.500,-98.500,436595
16.500,-97.500,412463
16.500,-96.500,635126
16.500,-95.500,553791
16.500,-94.500,165174
16.500,-93.500,1327273
16.500,-92.500,1465423
16.500,-91.500,433699
16.500,-90.500,346573
16.500,-89.500,472261
16.500,-88.500,72276
16.500,-87.500,11
16.500,-86.500,75097
16.500,-85.500,10325
16.500,-62.500,4500
16.500,-61.500,361641
16.500,-25.500,4695
16.500,-24.500,104899
16.500,-22.500,45292
16.500,-16.500,331343
16.500,-15.500,423438
16.500,-14.500,413046
16.500,-13.500,382724
16.500,-12.500,212563
16.500,-11.500,176461
16.500,-10.500,115557
16.500,-9.500,98983
16.500,-8.500,63436
16.500,-7.500,111518
16.500,-6.500,20799
16.500,-5.500,14285
16.500,-4.500,34631
16.500,-3.500,430170
16.500,-2.500,148807
16.500,-1.500,68343
16.500,-0.500,348728
16.500,0.500,64372
16.500,1.500,17414
16.500,2.500,9646
16.500,3.500,6670
16.500,4.500,40911
16.500,5.500,31801
16.500,6.500,43019
16.500,7.500,260970
16.500,8.500,64096
16.500,9.500,5081
16.500,10.500,64
16.500,11.500,1426
16.500,12.500,623
16.500,13.500,1939
16.500,14.500,118
16.500,15.500,4066
16.500,16.500,13242
16.500,17.500,375
16.500,18.500,2410
16.500,20.500,8496
16.500,21.500,17311
16.500,22.500,61258
16.500,23.500,4423
16.500,24.500,11479
16.500,25.500,11484
16.500,26.500,33590
16.500,27.500,529
16.500,28.500,13091
16.500,29.500,2780
16.500,30.500,2222
16.500,31.500,1532
16.500,32.500,215902
16.500,33.500,478421
16.500,34.500,2065
16.500,35.500,15979
16.500,36.500,265284
16.500,37.500,5669
16.500,38.500,86890
16.500,39.500,5036
16.500,40.500,81
16.500,41.500,3146
16.500,42.500,622577
16.500,43.500,2186063
16.500,44.500,795021
16.500,45.500,15792
16.500,46.500,3723
16.500,47.500,9120
16.500,48.500,97266
16.500,49.500,73261
16.500,50.500,10719
16.500,51.500,1475
16.500,52.500,47231
16.500,53.500,32477
16.500,54.500,16869
16.500,73.500,1273889
16.500,74.500,7469738
16.500,75.500,3384756
16.500,76.500,2549632
16.500,77.500,3299282
16.500,78.500,2378354
16.500,79.500,2561461
16.500,80.500,7605696
16.500,81.500,5792044
16.500,82.500,1643878
16.500,94.500,1385532
16.500,95.500,2647218
16.500,96.500,6876236
16.500,97.500,1715651
16.500,98.500,743626
16.500,99.500,1094529
16.500,100.500,1308076
16.500,101.500,670938
16.500,102.500,1797133
16.500,103.500,1814360
16.500,104.500,1134885
16.500,105.500,671886
16.500,106.500,318985
16.500,107.500,1482928
16.500,108.500,980106
16.500,112.500,470
16.500,119.500,349944
16.500,120.500,3413332
16.500,121.500,1997480
16.500,122.500,124106
15.500,-97.500,81196
15.500,-96.500,207210
15.500,-95.500,13352
15.500,-93.500,105909
15.500,-92.500,994146
15.500,-91.500,2510129
15.500,-90.500,1687443
15.500,-89.500,706897
15.500,-88.500,1539704
15.500,-87.500,1827406
15.500,-86.500,744805
15.500,-85.500,232187
15.500,-84.500,40537
15.500,-83.500,52902
15.500,-61.500,105996
15.500,-24.500,4490
15.500,-23.500,298458
15.500,-22.500,1691
15.500,-17.500,763
15.500,-16.500,1151904
15.500,-15.500,329409
15.500,-14.500,81398
15.500,-13.500,464535
15.500,-12.500,496739
15.500,-11.500,181782
15.500,-10.500,290259
15.500,-9.500,346521
15.500,-8.500,191287
15.500,-7.500,197247
15.500,-6.500,41894
15.500,-5.500,173228
15.500,-4.500,239799
15.500,-3.500,339254
15.500,-2.500,122636
15.500,-1.500,93252
15.500,-0.500,37326
15.500,0.500,197959
15.500,1.500,20655
15.500,2.500,94717
15.500,3.500,66906
15.500,4.500,66542
15.500,5.500,483979
15.500,6.500,289489
15.500,7.500,56306
15.500,8.500,53308
15.500,9.500,18397
15.500,10.500,22227
15.500,11.500,2534
15.500,12.500,38656
15.500,13.500,29752
15.500,14.500,5353
15.500,15.500,273
15.500,16.500,4
15.500,17.500,43
15.500,18.500,7071
15.500,19.500,688
15.500,20.500,64630
15.500,21.500,16615
15.500,22.500,297393
15.500,23.500,168602
15.500,24.500,13238
15.500,25.500,5774
15.500,26.500,60901
15.500,27.500,3668
15.500,28.500,640
15.500,29.500,7486
15.500,30.500,14695
15.500,31.500,55543
15.500,32.500,7580958
15.500,33.500,427127
15.500,34.500,65329
15.500,35.500,579930
15.500,36.500,1214369
15.500,37.500,302347
15.500,38.500,1041091
15.500,39.500,994675
15.500,40.500,14470
15.500,41.500,78
15.500,42.500,240953
15.500,43.500,4072784
15.500,44.500,4287517
15.500,45.500,243581
15.500,46.500,23998
15.500,47.500,109131
15.500,48.500,517979
15.500,49.500,77151
15.500,50.500,65979
15.500,51.500,51857
15.500,52.500,16394
15.500,73.500,1374395
15.500,74.500,3275439
15.500,75.500,3797937
15.500,76.500,4218827
15.500,77.500,2935570
15.500,78.500,2583943
15.500,79.500,2046451
15.500,80.500,1651875
15.500,81.500,11922
15.500,94.500,120410
15.500,95.500,176293
15.500,97.500,403838
15.500,98.500,176163
15.500,99.500,512838
15.500,100.500,1194970
15.500,101.500,822255
15.500,102.500,1596860
15.500,103.500,1356813
15.500,104.500,1684519
15.500,105.500,1098537
15.500,106.500,487295
15.500,107.500,190682
15.500,108.500,2447161
15.500,109.500,18610
15.500,119.500,317318
15.500,120.500,7197427
15.500,121.500,1037427
15.500,122.500,1592
15.500,145.500,44184
14.500,-92.500,883704
14.500,-91.500,3726539
14.500,-90.500,5660116
14.500,-89.500,1791535
14.500,-88.500,1186068
14.500,-87.500,2700857
14.500,-86.500,642528
14.500,-85.500,217876
14.500,-84.500,79079
14.500,-83.500,178808
14.500,-61.500,206467
14.500,-60.500,241075
14.500,-24.500,43596
14.500,-23.500,27310
14.500,-17.500,3964656
14.500,-16.500,3287850
14.500,-15.500,1691308
14.500,-14.500,155049
14.500,-13.500,36341
14.500,-12.500,312228
14.500,-11.500,595322
14.500,-10.500,276541
14.500,-9.500,317147
14.500,-8.500,94421
14.500,-7.500,153495
14.500,-6.500,275883
14.500,-5.500,407401
14.500,-4.500,602769
14.500,-3.500,780584
14.500,-2.500,284364
14.500,-1.500,310242
14.500,-0.500,484303
14.500,0.500,601205
14.500,1.500,539120
14.500,2.500,300591
14.500,3.500,434430
14.500,4.500,359092
14.500,5.500,2157307
14.500,6.500,1322598
14.500,7.500,680327
14.500,8.500,684843
14.500,9.500,473523
14.500,10.500,118170
14.500,11.500,21635
14.500,12.500,10645
14.500,13.500,110723
14.500,14.500,132742
14.500,15.500,222662
14.500,16.500,49542
14.500,17.500,5367
14.500,18.500,435
14.500,19.500,1096
14.500,20.500,160091
14.500,21.500,395383
14.500,22.500,329638
14.500,23.500,38129
14.500,24.500,210339
14.500,25.500,289176
14.500,26.500,24612
14.500,27.500,144953
14.500,28.500,107754
14.500,29.500,175351
14.500,30.500,253918
14.500,31.500,171154
14.500,32.500,1668770
14.500,33.500,2650230
14.500,34.500,151826
14.500,35.500,642065
14.500,36.500,317699
14.500,37.500,362731
14.500,38.500,1591210
14.500,39.500,1404782
14.500,40.500,51290
14.500,41.500,606
14.500,42.500,695972
14.500,43.500,3040701
14.500,44.500,3317516
14.500,45.500,687969
14.500,46.500,351551
14.500,47.500,205416
14.500,48.500,102950
14.500,49.500,565597
14.500,50.500,21896
14.500,74.500,1265041
14.500,75.500,4180996
14.500,76.500,2549897
14.500,77.500,2594059
14.500,78.500,2754510
14.500,79.500,2611405
14.500,80.500,601136
14.500,93.500,2451
14.500,97.500,43207
14.500,98.500,373892
14.500,99.500,876757
14.500,100.500,4126714
14.500,101.500,1228619
14.500,102.500,1152552
14.500,103.500,1163768
14.500,104.500,1328585
14.500,105.500,651489
14.500,106.500,182838
14.500,107.500,524484
14.500,108.500,864123
14.500,109.500,517130
14.500,120.500,12220965
14.500,121.500,18411126
14.500,122.500,742037
14.500,123.500,58023
14.500,124.500,26849
14.500,145.500,5403
13.500,-91.500,25191
13.500,-90.500,198270
13.500,-89.500,3841193
13.500,-88.500,1769332
13.500,-87.500,977223
13.500,-86.500,1083535
13.500,-85.500,678662
13.500,-84.500,234254
13.500,-83.500,8518
13.500,-81.500,5091
13.500,-61.500,132399
13.500,-60.500,66507
13.500,-59.500,280693
13.500,-16.500,2265991
13.500,-15.500,1117035
13.500,-14.500,889674
13.500,-13.500,495954
13.500,-12.500,59782
13.500,-11.500,158179
13.500,-10.500,156583
13.500,-9.500,248247
13.500,-8.500,247943
13.500,-7.500,491035
13.500,-6.500,833535
13.500,-5.500,778053
13.500,-4.500,736421
13.500,-3.500,584916
13.500,-2.500,1022307
13.500,-1.500,1129786
13.500,-0.500,783368
13.500,0.500,508431
13.500,1.500,707869
13.500,2.500,2294015
13.500,3.500,965077
13.500,4.500,1051196
13.500,5.500,3365958
13.500,6.500,1401341
13.500,7.500,3141030
13.500,8.500,3241363
13.500,9.500,1197460
13.500,10.500,383085
13.500,11.500,336701
13.500,12.500,581635
13.500,13.500,494933
13.500,14.500,340727
13.500,15.500,651719
13.500,16.500,270383
13.500,17.500,73294
13.500,18.500,233947
13.500,19.500,205154
13.500,20.500,480327
13.500,21.500,370773
13.500,22.500,664391
13.500,23.500,648460
13.500,24.500,776530
13.500,25.500,826939
13.500,26.500,221708
13.500,27.500,168934
13.500,28.500,111352
13.500,29.500,310408
13.500,30.500,967426
13.500,31.500,251113
13.500,32.500,1472785
13.500,33.500,1195889
13.500,34.500,555639
13.500,35.500,332500
13.500,36.500,271165
13.500,37.500,783188
13.500,38.500,1407343
13.500,39.500,2250585
13.500,40.500,152251
13.500,41.500,8285
13.500,42.500,73723
13.500,43.500,2202788
13.500,44.500,5210863
13.500,45.500,1024193
13.500,46.500,132262
13.500,47.500,1961
13.500,48.500,13690
13.500,74.500,1391065
13.500,75.500,2441670
13.500,76.500,2845060
13.500,77.500,11660733
13.500,78.500,3198371
13.500,79.500,4335771
13.500,80.500,8482170
13.500,92.500,31083
13.500,93.500,12854
13.500,98.500,222111
13.500,99.500,1478200
13.500,100.500,19199140
13.500,101.500,1632318
13.500,102.500,1705156
13.500,103.500,1487981
13.500,104.500,596363
13.500,105.500,229206
13.500,106.500,172829
13.500,107.500,548268
13.500,108.500,1341785
13.500,109.500,1388841
13.500,120.500,948872
13.500,121.500,3231241
13.500,122.500,1207135
13.500,123.500,3597264
13.500,124.500,375899
13.500,144.500,169231
12.500,-87.500,313050
12.500,-86.500,2254466
12.500,-85.500,691193
12.500,-84.500,185318
12.500,-83.500,81330
12.500,-82.500,966
12.500,-81.500,76217
12.500,-72.500,9687
12.500,-71.500,61803
12.500,-70.500,64033
12.500,-69.500,60045
12.500,-68.500,201000
12.500,-61.500,129875
12.500,-16.500,723016
12.500,-15.500,807426
12.500,-14.500,836938
12.500,-13.500,241613
12.500,-12.500,291738
12.500,-11.500,191064
12.500,-10.500,104391
12.500,-9.500,212586
12.500,-8.500,1669270
12.500,-7.500,2967768
12.500,-6.500,697781
12.500,-5.500,1116431
12.500,-4.500,750269
12.500,-3.500,649485
12.500,-2.500,1250466
12.500,-1.500,4216641
12.500,-0.500,1438833
12.500,0.500,544225
12.500,1.500,340079
12.500,2.500,430166
12.500,3.500,786373
12.500,4.500,2492120
12.500,5.500,1787047
12.500,6.500,3056709
12.500,7.500,3840710
12.500,8.500,6776613
12.500,9.500,2655615
12.500,10.500,2293519
12.500,11.500,818999
12.500,12.500,585185
12.500,13.500,911352
12.500,14.500,1181414
12.500,15.500,1975026
12.500,16.500,124349
12.500,17.500,240384
12.500,18.500,360309
12.500,19.500,142270
12.500,20.500,129273
12.500,21.500,356522
12.500,22.500,359732
12.500,23.500,311470
12.500,24.500,1500880
12.500,25.500,386888
12.500,26.500,113679
12.500,27.500,351885
12.500,28.500,433627
12.500,29.500,409147
12.500,30.500,371829
12.500,31.500,565744
12.500,32.500,284915
12.500,33.500,169762
12.500,34.500,513790
12.500,35.500,133990
12.500,36.500,412793
12.500,37.500,2535735
12.500,38.500,1030492
12.500,39.500,1803021
12.500,40.500,222295
12.500,41.500,24578
12.500,42.500,57968
12.500,43.500,50482
12.500,44.500,813518
12.500,45.500,405878
12.500,52.500,1166
12.500,53.500,21418
12.500,54.500,49464
12.500,74.500,1453643
12.500,75.500,3674642
12.500,76.500,5540870
12.500,77.500,9693531
12.500,78.500,5852979
12.500,79.500,7085626
12.500,80.500,3812704
12.500,92.500,66684
12.500,93.500,1287
12.500,97.500,24
12.500,98.500,537768
12.500,99.500,477147
12.500,100.500,533946
12.500,101.500,1006900
12.500,102.500,978755
12.500,103.500,643284
12.500,104.500,775106
12.500,105.500,1086152
12.500,106.500,344773
12.500,107.500,727487
12.500,108.500,1835371
12.500,109.500,1181987
12.500,119.500,27714
12.500,120.500,206430
12.500,121.500,705889
12.500,122.500,240392
12.500,123.500,1306248
12.500,124.500,1159142
12.500,125.500,403426
11.500,-86.500,648905
11.500,-85.500,319976
11.500,-84.500,244820
11.500,-83.500,8961
11.500,-74.500,875650
11.500,-73.500,59209
11.500,-72.500,820239
11.500,-71.500,93391
11.500,-70.500,345490
11.500,-69.500,387288
11.500,-68.500,43767
11.500,-66.500,1058
11.500,-64.500,11132
11.500,-63.500,192072
11.500,-61.500,1600
11.500,-60.500,71079
11.500,-16.500,32476
11.500,-15.500,882898
11.500,-14.500,187732
11.500,-13.500,377085
11.500,-12.500,1141592
11.500,-11.500,306775
11.500,-10.500,263044
11.500,-9.500,799382
11.500,-8.500,668389
11.500,-7.500,481306
11.500,-6.500,587241
11.500,-5.500,918729
11.500,-4.500,1817623
11.500,-3.500,787670
11.500,-2.500,696599
11.500,-1.500,685067
11.500,-0.500,1404585
11.500,0.500,679410
11.500,1.500,354477
11.500,2.500,539534
11.500,3.500,856398
11.500,4.500,1303951
11.500,5.500,1305813
11.500,6.500,715784
11.500,7.500,4826731
11.500,8.500,8114898
11.500,9.500,3388840
11.500,10.500,2526490
11.500,11.500,1463987
11.500,12.500,614202
11.500,13.500,2014804
11.500,14.500,638461
11.500,15.500,297903
11.500,16.500,51047
11.500,17.500,175183
11.500,18.500,203324
11.500,19.500,88627
11.500,20.500,230263
11.500,21.500,46380
11.500,22.500,212521
11.500,23.500,446762
11.500,24.500,1386921
11.500,25.500,532023
11.500,26.500,1336754
11.500,27.500,487716
11.500,28.500,127524
11.500,29.500,152380
11.500,30.500,54146
11.500,31.500,219493
11.500,32.500,181639
11.500,33.500,148767
11.500,34.500,826896
11.500,35.500,49483
11.500,36.500,1282457
11.500,37.500,3063303
11.500,38.500,2044796
11.500,39.500,2857822
11.500,40.500,495758
11.500,41.500,210368
11.500,42.500,318903
11.500,43.500,799933
11.500,47.500,762
11.500,48.500,8446
11.500,49.500,262238
11.500,50.500,56734
11.500,51.500,41050
11.500,72.500,16268
11.500,73.500,4103
11.500,75.500,8178533
11.500,76.500,6058293
11.500,77.500,6967750
11.500,78.500,6096761
11.500,79.500,7953489
11.500,92.500,229312
11.500,93.500,561
11.500,97.500,143
11.500,98.500,128342
11.500,99.500,246194
11.500,102.500,64525
11.500,103.500,75364
11.500,104.500,4254509
11.500,105.500,2476770
11.500,106.500,3762279
11.500,107.500,1818578
11.500,108.500,1656746
11.500,109.500,322210
11.500,119.500,122703
11.500,120.500,55434
11.500,121.500,146968
11.500,122.500,2244027
11.500,123.500,911840
11.500,124.500,1920599
11.500,125.500,772671
11.500,162.500,433
11.500,165.500,5
11.500,166.500,172
11.500,169.500,341
10.500,-85.500,364671
10.500,-84.500,1210803
10.500,-83.500,356646
10.500,-75.500,1403741
10.500,-74.500,2704033
10.500,-73.500,766725
10.500,-72.500,355296
10.500,-71.500,3240178
10.500,-70.500,199838
10.500,-69.500,1467714
10.500,-68.500,1741387
10.500,-67.500,3174817
10.500,-66.500,4301971
10.500,-65.500,140828
10.500,-64.500,1274538
10.500,-63.500,805544
10.500,-62.500,90570
10.500,-61.500,1441104
10.500,-60.500,7435
10.500,-15.500,9116
10.500,-14.500,536161
10.500,-13.500,582811
10.500,-12.500,792335
10.500,-11.500,428288
10.500,-10.500,342249
10.500,-9.500,693344
10.500,-8.500,312013
10.500,-7.500,212387
10.500,-6.500,547727
10.500,-5.500,823800
10.500,-4.500,814360
10.500,-3.500,603130
10.500,-2.500,734263
10.500,-1.500,466992
10.500,-0.500,1077639
10.500,0.500,1363197
10.500,1.500,784633
10.500,2.500,557138
10.500,3.500,418852
10.500,4.500,561654
10.500,5.500,769288
10.500,6.500,679973
10.500,7.500,2401243
10.500,8.500,1743631
10.500,9.500,1463972
10.500,10.500,1029300
10.500,11.500,2362359
10.500,12.500,1132048
10.500,13.500,2398849
10.500,14.500,1805378
10.500,15.500,867856
10.500,16.500,256843
10.500,17.500,35682
10.500,18.500,3129
10.500,19.500,10747
10.500,20.500,34308
10.500,21.500,5704
10.500,22.500,59920
10.500,23.500,118245
10.500,24.500,577116
10.500,25.500,639823
10.500,26.500,197982
10.500,27.500,40018
10.500,28.500,34659
10.500,29.500,65116
10.500,30.500,138605
10.500,31.500,6462
10.500,32.500,87425
10.500,33.500,35076
10.500,34.500,391905
10.500,35.500,207474
10.500,36.500,1164949
10.500,37.500,2776007
10.500,38.500,2549169
10.500,39.500,2445714
10.500,40.500,367757
10.500,41.500,12507
10.500,42.500,196889
10.500,43.500,109950
10.500,44.500,16841
10.500,45.500,152954
10.500,46.500,9994
10.500,47.500,136441
10.500,48.500,116184
10.500,49.500,65460
10.500,50.500,48365
10.500,51.500,19355
10.500,72.500,19572
10.500,73.500,16230
10.500,75.500,946609
10.500,76.500,12413654
10.500,77.500,5072311
10.500,78.500,6327842
10.500,79.500,5305170
10.500,92.500,20070
10.500,97.500,47
10.500,98.500,256041
10.500,99.500,371432
10.500,103.500,345001
10.500,104.500,1407132
10.500,105.500,7104170
10.500,106.500,17387363
10.500,107.500,2406008
10.500,108.500,366689
10.500,118.500,13507
10.500,119.500,291438
10.500,120.500,11140
10.500,121.500,259944
10.500,122.500,3594831
10.500,123.500,5478510
10.500,124.500,1741061
10.500,125.500,426386
10.500,126.500,14803
10.500,139.500,887
10.500,166.500,57
10.500,169.500,200
10.500,170.500,239
9.500,-85.500,43603
9.500,-84.500,2111583
9.500,-83.500,803794
9.500,-82.500,212524
9.500,-81.500,14327
9.500,-80.500,23645
9.500,-79.500,1672338
9.500,-78.500,29766
9.500,-77.500,7846
9.500,-76.500,66087
9.500,-75.500,1120492
9.500,-74.500,507178
9.500,-73.500,198668
9.500,-72.500,47703
9.500,-71.500,218189
9.500,-70.500,794369
9.500,-69.500,1066343
9.500,-68.500,427850
9.500,-67.500,236387
9.500,-66.500,219865
9.500,-65.500,231653
9.500,-64.500,190463
9.500,-63.500,844570
9.500,-62.500,180068
9.500,-61.500,3992
9.500,-60.500,3255
9.500,-14.500,49
9.500,-13.500,2974771
9.500,-12.500,813816
9.500,-11.500,433681
9.500,-10.500,450634
9.500,-9.500,329762
9.500,-8.500,202948
9.500,-7.500,227268
9.500,-6.500,371986
9.500,-5.500,1044947
9.500,-4.500,184580
9.500,-3.500,231990
9.500,-2.500,345129
9.500,-1.500,218885
9.500,-0.500,1394885
9.500,0.500,713011
9.500,1.500,1299047
9.500,2.500,849964
9.500,3.500,662954
9.500,4.500,484721
9.500,5.500,965837
9.500,6.500,1916913
9.500,7.500,2943497
9.500,8.500,3555413
9.500,9.500,2153552
9.500,10.500,479807
9.500,11.500,1720833
9.500,12.500,1961343
9.500,13.500,1827161
9.500,14.500,717357
9.500,15.500,1166187
9.500,16.500,617194
9.500,17.500,166006
9.500,18.500,447389
9.500,19.500,86972
9.500,20.500,67421
9.500,21.500,30634
9.500,22.500,3774
9.500,23.500,1585
9.500,24.500,46384
9.500,25.500,382
9.500,26.500,54539
9.500,27.500,245939
9.500,28.500,205645
9.500,29.500,232929
9.500,30.500,119192
9.500,31.500,315787
9.500,32.500,63957
9.500,33.500,84472
9.500,34.500,719425
9.500,35.500,1599610
9.500,36.500,1401116
9.500,37.500,1839942
9.500,38.500,6490023
9.500,39.500,1767652
9.500,40.500,847991
9.500,41.500,4035317
9.500,42.500,2472588
9.500,43.500,1324699
9.500,44.500,1508863
9.500,45.500,539873
9.500,46.500,48032
9.500,47.500,166882
9.500,48.500,92492
9.500,49.500,127919
9.500,50.500,28659
9.500,76.500,9238316
9.500,77.500,4751337
9.500,78.500,5165013
9.500,79.500,466016
9.500,80.500,600166
9.500,92.500,17486
9.500,97.500,4
9.500,98.500,394119
9.500,99.500,657505
9.500,100.500,35867
9.500,102.500,47
9.500,103.500,874
9.500,104.500,401728
9.500,105.500,4516365
9.500,106.500,1606060
9.500,117.500,71566
9.500,118.500,467885
9.500,119.500,423
9.500,121.500,10600
9.500,122.500,858896
9.500,123.500,1916950
9.500,124.500,742646
9.500,125.500,931656
9.500,126.500,209169
9.500,138.500,8264
9.500,139.500,121
9.500,140.500,433
9.500,145.500,39
9.500,165.500,12
9.500,166.500,150
9.500,167.500,1128
9.500,169.500,256
9.500,170.500,665
8.500,-83.500,81282
8.500,-82.500,585132
8.500,-81.500,292037
8.500,-80.500,446472
8.500,-79.500,803573
8.500,-78.500,56081
8.500,-77.500,56481
8.500,-76.500,452929
8.500,-75.500,1184771
8.500,-74.500,627123
8.500,-73.500,435697
8.500,-72.500,312133
8.500,-71.500,935910
8.500,-70.500,749931
8.500,-69.500,231164
8.500,-68.500,31882
8.500,-67.500,158201
8.500,-66.500,14542
8.500,-65.500,30228
8.500,-64.500,410724
8.500,-63.500,396963
8.500,-62.500,910316
8.500,-61.500,47755
8.500,-60.500,33375
8.500,-59.500,11950
8.500,-13.500,2167861
8.500,-12.500,1206687
8.500,-11.500,953279
8.500,-10.500,1171774
8.500,-9.500,452486
8.500,-8.500,499526
8.500,-7.500,211060
8.500,-6.500,392001
8.500,-5.500,432462
8.500,-4.500,243935
8.500,-3.500,207870
8.500,-2.500,307319
8.500,-1.500,244529
8.500,-0.500,556140
8.500,0.500,743159
8.500,1.500,788064
8.500,2.500,485322
8.500,3.500,1502065
8.500,4.500,3106648
8.500,5.500,1393471
8.500,6.500,656828
8.500,7.500,1851517
8.500,8.500,1527694
8.500,9.500,1092754
8.500,10.500,486489
8.500,11.500,774474
8.500,12.500,716589
8.500,13.500,217508
8.500,14.500,133826
8.500,15.500,547329
8.500,16.500,1093831
8.500,17.500,895322
8.500,18.500,292688
8.500,19.500,2874
8.500,20.500,45398
8.500,21.500,767
8.500,22.500,12374
8.500,23.500,13497
8.500,24.500,2735
8.500,25.500,37276
8.500,26.500,9530
8.500,27.500,319973
8.500,28.500,279018
8.500,29.500,112595
8.500,30.500,240232
8.500,31.500,111211
8.500,32.500,279371
8.500,33.500,457828
8.500,34.500,945390
8.500,35.500,1757093
8.500,36.500,1928988
8.500,37.500,2733156
8.500,38.500,5366173
8.500,39.500,3032746
8.500,40.500,2124600
8.500,41.500,582785
8.500,42.500,467765
8.500,43.500,276279
8.500,44.500,219103
8.500,45.500,157674
8.500,46.500,129700
8.500,47.500,126437
8.500,48.500,102895
8.500,49.500,25487
8.500,50.500,6664
8.500,73.500,10862
8.500,76.500,5652235
8.500,77.500,6115250
8.500,78.500,883253
8.500,79.500,219183
8.500,80.500,1310767
8.500,81.500,476675
8.500,92.500,35
8.500,93.500,9994
8.500,97.500,88
8.500,98.500,637405
8.500,99.500,1386020
8.500,100.500,237315
8.500,104.500,191676
8.500,105.500,279321
8.500,106.500,6858
8.500,116.500,894
8.500,117.500,276916
8.500,118.500,4387
8.500,122.500,257455
8.500,123.500,1879277
8.500,124.500,2985819
8.500,125.500,1760713
8.500,126.500,566289
8.500,134.500,276
8.500,137.500,2
8.500,144.500,146
8.500,149.500,730
8.500,150.500,830
8.500,151.500,1903
8.500,152.500,339
8.500,165.500,236
8.500,166.500,286
8.500,167.500,8183
8.500,168.500,188
8.500,170.500,51
8.500,171.500,771
7.500,-82.500,8
7.500,-81.500,23431
7.500,-80.500,209986
7.500,-79.500,172
7.500,-78.500,5623
7.500,-77.500,18495
7.500,-76.500,435951
7.500,-75.500,382726
7.500,-74.500,204882
7.500,-73.500,1656941
7.500,-72.500,1927890
7.500,-71.500,161808
7.500,-70.500,206393
7.500,-69.500,47281
7.500,-68.500,64455
7.500,-67.500,291303
7.500,-66.500,43066
7.500,-65.500,15618
7.500,-64.500,24919
7.500,-63.500,34534
7.500,-62.500,28796
7.500,-61.500,52342
7.500,-60.500,3497
7.500,-59.500,8160
7.500,-58.500,56656
7.500,-13.500,1919
7.500,-12.500,347965
7.500,-11.500,1601019
7.500,-10.500,297126
7.500,-9.500,415175
7.500,-8.500,1192553
7.500,-7.500,1182568
7.500,-6.500,894614
7.500,-5.500,1377323
7.500,-4.500,583481
7.500,-3.500,662205
7.500,-2.500,1397731
7.500,-1.500,1026876
7.500,-0.500,441817
7.500,0.500,1071594
7.500,1.500,1229276
7.500,2.500,1541070
7.500,3.500,6152762
7.500,4.500,6198879
7.500,5.500,6243479
7.500,6.500,3724590
7.500,7.500,2263227
7.500,8.500,2271045
7.500,9.500,2057310
7.500,10.500,558089
7.500,11.500,161676
7.500,12.500,120089
7.500,13.500,447959
7.500,14.500,121491
7.500,15.500,433877
7.500,16.500,374323
7.500,17.500,105385
7.500,18.500,113945
7.500,19.500,40121
7.500,20.500,7972
7.500,21.500,4182
7.500,22.500,926
7.500,23.500,2703
7.500,24.500,105
7.500,25.500,133
7.500,26.500,783
7.500,27.500,159576
7.500,28.500,175157
7.500,29.500,148581
7.500,30.500,69640
7.500,31.500,242143
7.500,32.500,37428
7.500,33.500,181618
7.500,34.500,76378
7.500,35.500,1422227
7.500,36.500,3347897
7.500,37.500,5387576
7.500,38.500,4869593
7.500,39.500,2879959
7.500,40.500,1083919
7.500,41.500,146532
7.500,42.500,285620
7.500,43.500,143303
7.500,44.500,134681
7.500,45.500,51396
7.500,46.500,76549
7.500,47.500,245705
7.500,48.500,51466
7.500,49.500,49953
7.500,72.500,937
7.500,79.500,1993975
7.500,80.500,5479431
7.500,81.500,1658449
7.500,93.500,7017
7.500,98.500,676595
7.500,99.500,826535
7.500,100.500,1494243
7.500,116.500,6960
7.500,117.500,33103
7.500,118.500,8778
7.500,121.500,50050
7.500,122.500,1045181
7.500,123.500,1366118
7.500,124.500,2604199
7.500,125.500,4709995
7.500,126.500,802841
7.500,134.500,16569
7.500,143.500,1205
7.500,144.500,649
7.500,146.500,473
7.500,147.500,517
7.500,149.500,2949
7.500,151.500,35262
7.500,152.500,21
7.500,155.500,3
7.500,157.500,117
7.500,168.500,1531
7.500,171.500,24904
6.500,-77.500,14586
6.500,-76.500,131297
6.500,-75.500,4405809
6.500,-74.500,186613
6.500,-73.500,542196
6.500,-72.500,143657
6.500,-71.500,206978
6.500,-70.500,12409
6.500,-69.500,2095
6.500,-68.500,889
6.500,-67.500,28686
6.500,-66.500,41459
6.500,-65.500,300
6.500,-64.500,357
6.500,-63.500,6157
6.500,-62.500,1540
6.500,-61.500,54040
6.500,-60.500,540
6.500,-59.500,1846
6.500,-58.500,441102
6.500,-57.500,188167
6.500,-11.500,90185
6.500,-10.500,2383105
6.500,-9.500,391143
6.500,-8.500,649160
6.500,-7.500,1112148
6.500,-6.500,1650978
6.500,-5.500,1983412
6.500,-4.500,748328
6.500,-3.500,1063029
6.500,-2.500,1239556
6.500,-1.500,6301313
6.500,-0.500,1786072
6.500,0.500,1734883
6.500,1.500,5251951
6.500,2.500,5244818
6.500,3.500,15131451
6.500,4.500,1874231
6.500,5.500,2523834
6.500,6.500,6503166
6.500,7.500,7028054
6.500,8.500,3345850
6.500,9.500,1290515
6.500,10.500,1219624
6.500,11.500,618864
6.500,12.500,107696
6.500,13.500,132077
6.500,14.500,227334
6.500,15.500,177594
6.500,16.500,143851
6.500,17.500,191943
6.500,18.500,69113
6.500,19.500,167597
6.500,20.500,18791
6.500,21.500,114525
6.500,22.500,26492
6.500,23.500,1600
6.500,24.500,103
6.500,25.500,2156
6.500,26.500,143
6.500,27.500,8909
6.500,28.500,1767
6.500,29.500,310730
6.500,30.500,189281
6.500,31.500,251277
6.500,32.500,47518
6.500,33.500,81400
6.500,34.500,2464
6.500,35.500,798145
6.500,36.500,1007576
6.500,37.500,3494623
6.500,38.500,6601789
6.500,39.500,1114443
6.500,40.500,437749
6.500,41.500,196115
6.500,42.500,196847
6.500,43.500,57851
6.500,44.500,327411
6.500,45.500,68676
6.500,46.500,253964
6.500,47.500,205492
6.500,48.500,16712
6.500,49.500,13781
6.500,72.500,14991
6.500,73.500,40817
6.500,79.500,3140683
6.500,80.500,5397803
6.500,81.500,876880
6.500,93.500,1648
6.500,95.500,8
6.500,99.500,228422
6.500,100.500,1868596
6.500,101.500,1483608
6.500,102.500,899799
6.500,115.500,46
6.500,116.500,683276
6.500,117.500,81267
6.500,118.500,10264
6.500,120.500,60500
6.500,121.500,290100
6.500,122.500,686338
6.500,123.500,2477
6.500,124.500,2531287
6.500,125.500,2195292
6.500,126.500,317323
6.500,134.500,892
6.500,143.500,125
6.500,149.500,2894
6.500,151.500,23
6.500,152.500,838
6.500,158.500,40578
6.500,159.500,110
6.500,160.500,170
6.500,169.500,1468
6.500,171.500,1034
6.500,172.500,13
5.500,-77.500,37265
5.500,-76.500,350462
5.500,-75.500,1234479
5.500,-74.500,541643
5.500,-73.500,1178740
5.500,-72.500,631681
5.500,-71.500,124989
5.500,-70.500,16604
5.500,-69.500,2106
5.500,-68.500,1175
5.500,-67.500,131620
5.500,-66.500,7637
5.500,-65.500,103
5.500,-64.500,113
5.500,-63.500,77
5.500,-62.500,3434
5.500,-61.500,3432
5.500,-60.500,5893
5.500,-59.500,5337
5.500,-58.500,12524
5.500,-57.500,32732
5.500,-56.500,38995
5.500,-55.500,486157
5.500,-54.500,92985
5.500,-53.500,24313
5.500,-52.500,33387
5.500,-10.500,85314
5.500,-9.500,163037
5.500,-8.500,158344
5.500,-7.500,283268
5.500,-6.500,1463446
5.500,-5.500,1006620
5.500,-4.500,4594282
5.500,-3.500,2724329
5.500,-2.500,843009
5.500,-1.500,1971150
5.500,-0.500,6984909
5.500,0.500,631439
5.500,1.500,4088
5.500,4.500,62188
5.500,5.500,3660925
5.500,6.500,5695883
5.500,7.500,12928128
5.500,8.500,1774514
5.500,9.500,595850
5.500,10.500,2534048
5.500,11.500,113602
5.500,12.500,10856
5.500,13.500,19606
5.500,14.500,147524
5.500,15.500,211234
5.500,16.500,84720
5.500,17.500,80364
5.500,18.500,25409
5.500,19.500,130192
5.500,20.500,195639
5.500,21.500,135297
5.500,22.500,21399
5.500,23.500,7143
5.500,24.500,2329
5.500,25.500,60387
5.500,26.500,13642
5.500,27.500,123431
5.500,28.500,632
5.500,29.500,11001
5.500,30.500,105530
5.500,31.500,163945
5.500,32.500,89283
5.500,33.500,37844
5.500,34.500,100293
5.500,35.500,33220
5.500,36.500,603608
5.500,37.500,1351104
5.500,38.500,2002631
5.500,39.500,583104
5.500,40.500,205087
5.500,41.500,174465
5.500,42.500,217220
5.500,43.500,314164
5.500,44.500,229716
5.500,45.500,217091
5.500,46.500,92788
5.500,47.500,69741
5.500,48.500,51493
5.500,72.500,14988
5.500,73.500,54762
5.500,80.500,394721
5.500,95.500,1015218
5.500,96.500,745695
5.500,97.500,627579
5.500,100.500,3160779
5.500,101.500,246020
5.500,102.500,809843
5.500,103.500,541075
5.500,114.500,1654
5.500,115.500,379350
5.500,116.500,1053314
5.500,117.500,249540
5.500,118.500,693635
5.500,119.500,94814
5.500,120.500,216855
5.500,121.500,125760
5.500,124.500,83490
5.500,125.500,332141
5.500,126.500,737
5.500,132.500,69
5.500,153.500,5429
5.500,157.500,360
5.500,162.500,2736
5.500,163.500,3531
5.500,168.500,294
5.500,169.500,334
4.500,-160.500,3011
4.500,-81.500,101
4.500,-77.500,28808
4.500,-76.500,516651
4.500,-75.500,2396016
4.500,-74.500,11599333
4.500,-73.500,745002
4.500,-72.500,110205
4.500,-71.500,13870
4.500,-70.500,9258
4.500,-69.500,15458
4.500,-68.500,2833
4.500,-67.500,12244
4.500,-66.500,2089
4.500,-65.500,561
4.500,-64.500,2769
4.500,-63.500,19
4.500,-62.500,31
4.500,-61.500,43823
4.500,-60.500,16223
4.500,-59.500,9757
4.500,-58.500,1050
4.500,-57.500,248
4.500,-56.500,412
4.500,-55.500,19783
4.500,-54.500,19854
4.500,-53.500,903
4.500,-52.500,135490
4.500,-51.500,297
4.500,-9.500,2970
4.500,-8.500,60383
4.500,-7.500,384386
4.500,-6.500,500575
4.500,-5.500,114
4.500,-2.500,107218
4.500,-1.500,1164540
4.500,5.500,310070
4.500,6.500,3999612
4.500,7.500,8021659
4.500,8.500,1717500
4.500,9.500,5100729
4.500,10.500,167304
4.500,11.500,483337
4.500,12.500,181371
4.500,13.500,310787
4.500,14.500,202821
4.500,15.500,337901
4.500,16.500,99077
4.500,17.500,157931
4.500,18.500,1354451
4.500,19.500,247435
4.500,20.500,227203
4.500,21.500,320594
4.500,22.500,305989
4.500,23.500,73896
4.500,24.500,11472
4.500,25.500,84332
4.500,26.500,9926
4.500,27.500,43123
4.500,28.500,234389
4.500,29.500,110695
4.500,30.500,246985
4.500,31.500,474717
4.500,32.500,864563
4.500,33.500,1554155
4.500,34.500,480268
4.500,35.500,155167
4.500,36.500,128969
4.500,37.500,63031
4.500,38.500,278325
4.500,39.500,79068
4.500,40.500,324716
4.500,41.500,162189
4.500,42.500,205519
4.500,43.500,223005
4.500,44.500,153558
4.500,45.500,316672
4.500,46.500,88193
4.500,47.500,175629
4.500,48.500,172
4.500,72.500,8379
4.500,73.500,249098
4.500,95.500,71121
4.500,96.500,559634
4.500,97.500,542036
4.500,98.500,436074
4.500,100.500,796194
4.500,101.500,1470550
4.500,102.500,82305
4.500,103.500,356385
4.500,107.500,2515
4.500,108.500,3058
4.500,113.500,116665
4.500,114.500,612276
4.500,115.500,115928
4.500,116.500,31907
4.500,117.500,587189
4.500,118.500,306857
4.500,119.500,55277
4.500,120.500,35
4.500,125.500,1638
4.500,126.500,76060
4.500,127.500,10600
4.500,132.500,166
4.500,168.500,462
3.500,-159.500,1030
3.500,-77.500,311447
3.500,-76.500,4080512
3.500,-75.500,262881
3.500,-74.500,87060
3.500,-73.500,240531
3.500,-72.500,9478
3.500,-71.500,6560
3.500,-70.500,9073
3.500,-69.500,10510
3.500,-68.500,1350
3.500,-67.500,46948
3.500,-66.500,268
3.500,-65.500,11629
3.500,-64.500,1052
3.500,-63.500,1776
3.500,-62.500,1148
3.500,-61.500,10663
3.500,-60.500,13212
3.500,-59.500,28477
3.500,-58.500,136
3.500,-57.500,358
3.500,-56.500,12
3.500,-55.500,1943
3.500,-54.500,24052
3.500,-53.500,560
3.500,-52.500,2702
3.500,-51.500,33802
3.500,8.500,681576
3.500,9.500,371613
3.500,10.500,316002
3.500,11.500,4984801
3.500,12.500,218331
3.500,13.500,85497
3.500,14.500,34074
3.500,15.500,130654
3.500,16.500,133980
3.500,17.500,95971
3.500,18.500,654310
3.500,19.500,845064
3.500,20.500,520073
3.500,21.500,25850
3.500,22.500,162350
3.500,23.500,161194
3.500,24.500,19812
3.500,25.500,61450
3.500,26.500,176184
3.500,27.500,166657
3.500,28.500,144302
3.500,29.500,423797
3.500,30.500,1687092
3.500,31.500,1722163
3.500,32.500,1031572
3.500,33.500,435418
3.500,34.500,407846
3.500,35.500,222067
3.500,36.500,34285
3.500,37.500,40520
3.500,38.500,132513
3.500,39.500,614195
3.500,40.500,824798
3.500,41.500,839022
3.500,42.500,184585
3.500,43.500,624844
3.500,44.500,63044
3.500,45.500,262069
3.500,46.500,162187
3.500,47.500,72730
3.500,72.500,17794
3.500,73.500,13237
3.500,96.500,176315
3.500,97.500,410685
3.500,98.500,6066528
3.500,99.500,1499780
3.500,100.500,145889
3.500,101.500,8182454
3.500,102.500,550806
3.500,103.500,666874
3.500,105.500,946
3.500,106.500,15718
3.500,107.500,6223
3.500,108.500,59642
3.500,112.500,8589
3.500,113.500,258380
3.500,114.500,34226
3.500,115.500,19506
3.500,116.500,98840
3.500,117.500,326826
3.500,125.500,91700
3.500,126.500,53681
3.500,154.500,136
3.500,172.500,7310
2.500,-157.500,2798
2.500,-78.500,110169
2.500,-77.500,134558
2.500,-76.500,862978
2.500,-75.500,782914
2.500,-74.500,96954
2.500,-73.500,36904
2.500,-72.500,142519
2.500,-71.500,2596
2.500,-70.500,1720
2.500,-69.500,3158
2.500,-68.500,6180
2.500,-67.500,6807
2.500,-66.500,195
2.500,-65.500,2581
2.500,-64.500,788
2.500,-63.500,5801
2.500,-62.500,1318
2.500,-61.500,25871
2.500,-60.500,386820
2.500,-59.500,12983
2.500,-58.500,2
2.500,-57.500,114
2.500,-56.500,822
2.500,-55.500,968
2.500,-53.500,3
2.500,-52.500,190
2.500,-51.500,3834
2.500,-50.500,16462
2.500,9.500,155680
2.500,10.500,72448
2.500,11.500,478230
2.500,12.500,72016
2.500,13.500,8093
2.500,14.500,11140
2.500,15.500,31443
2.500,16.500,20554
2.500,17.500,43461
2.500,18.500,366676
2.500,19.500,635222
2.500,20.500,358046
2.500,21.500,509660
2.500,22.500,506171
2.500,23.500,149467
2.500,24.500,232576
2.500,25.500,63856
2.500,26.500,83267
2.500,27.500,557386
2.500,28.500,57832
2.500,29.500,64112
2.500,30.500,1861598
2.500,31.500,1373064
2.500,32.500,2316681
2.500,33.500,1273849
2.500,34.500,538536
2.500,35.500,306756
2.500,36.500,103802
2.500,37.500,62059
2.500,38.500,43185
2.500,39.500,328707
2.500,40.500,658856
2.500,41.500,50825
2.500,42.500,334625
2.500,43.500,157201
2.500,44.500,612681
2.500,45.500,4953695
2.500,46.500,58961
2.500,72.500,7658
2.500,73.500,21800
2.500,95.500,24965
2.500,96.500,65767
2.500,97.500,179860
2.500,98.500,1138114
2.500,99.500,2248684
2.500,100.500,478510
2.500,101.500,2377223
2.500,102.500,1888549
2.500,103.500,415385
2.500,104.500,5504
2.500,105.500,3399
2.500,106.500,677
2.500,107.500,645
2.500,108.500,1089
2.500,109.500,6627
2.500,111.500,414945
2.500,112.500,154012
2.500,113.500,33545
2.500,114.500,18518
2.500,115.500,2726
2.500,116.500,7999
2.500,117.500,324986
2.500,118.500,7785
2.500,125.500,71387
2.500,127.500,11403
2.500,128.500,81616
2.500,173.500,1895
1.500,-157.500,3965
1.500,-79.500,31327
1.500,-78.500,331990
1.500,-77.500,1036548
1.500,-76.500,426686
1.500,-75.500,418778
1.500,-74.500,73603
1.500,-73.500,835
1.500,-72.500,13810
1.500,-71.500,12639
1.500,-70.500,44880
1.500,-69.500,5703
1.500,-68.500,3256
1.500,-67.500,5786
1.500,-66.500,1940
1.500,-65.500,100
1.500,-64.500,1950
1.500,-63.500,2968
1.500,-62.500,2710
1.500,-61.500,15589
1.500,-60.500,18108
1.500,-59.500,1745
1.500,-58.500,395
1.500,-57.500,286
1.500,-56.500,397
1.500,-55.500,432
1.500,-54.500,410
1.500,-52.500,3208
1.500,-51.500,1775
1.500,-50.500,24837
1.500,-49.500,930
1.500,7.500,7905
1.500,9.500,797926
1.500,10.500,48174
1.500,11.500,150269
1.500,12.500,255
1.500,13.500,10774
1.500,14.500,7159
1.500,15.500,12749
1.500,16.500,76216
1.500,17.500,75944
1.500,18.500,333546
1.500,19.500,379244
1.500,20.500,288120
1.500,21.500,232386
1.500,22.500,114938
1.500,23.500,252156
1.500,24.500,37322
1.500,25.500,158311
1.500,26.500,47353
1.500,27.500,183830
1.500,28.500,9549
1.500,29.500,262501
1.500,30.500,2341166
1.500,31.500,1616513
1.500,32.500,1150792
1.500,33.500,3341232
1.500,34.500,2915637
1.500,35.500,1110184
1.500,36.500,245098
1.500,37.500,79212
1.500,38.500,19929
1.500,39.500,261665
1.500,40.500,387685
1.500,41.500,3904
1.500,42.500,215323
1.500,43.500,71604
1.500,44.500,1062885
1.500,45.500,5220
1.500,73.500,13011
1.500,97.500,436249
1.500,98.500,390704
1.500,99.500,1024429
1.500,100.500,900094
1.500,101.500,991753
1.500,102.500,610150
1.500,103.500,9076841
1.500,104.500,1276265
1.500,107.500,27023
1.500,108.500,99371
1.500,109.500,615656
1.500,110.500,1088448
1.500,111.500,241797
1.500,112.500,32264
1.500,113.500,8189
1.500,114.500,5420
1.500,115.500,5389
1.500,116.500,47129
1.500,117.500,57288
1.500,118.500,30062
1.500,119.500,11
1.500,120.500,154751
1.500,121.500,145779
1.500,122.500,15347
1.500,124.500,1402911
1.500,125.500,302081
1.500,126.500,2245
1.500,127.500,271210
1.500,128.500,143304
1.500,154.500,283
1.500,172.500,35954
1.500,173.500,52052
0.500,-91.500,2
0.500,-80.500,55909
0.500,-79.500,607202
0.500,-78.500,669113
0.500,-77.500,466741
0.500,-76.500,377878
0.500,-75.500,55875
0.500,-74.500,9068
0.500,-72.500,241
0.500,-71.500,8916
0.500,-70.500,8800
0.500,-69.500,9464
0.500,-68.500,1410
0.500,-67.500,2990
0.500,-66.500,4235
0.500,-65.500,5466
0.500,-64.500,1451
0.500,-63.500,2222
0.500,-62.500,547
0.500,-61.500,129
0.500,-60.500,26732
0.500,-59.500,18505
0.500,-57.500,73
0.500,-56.500,17
0.500,-55.500,120
0.500,-54.500,272
0.500,-53.500,227
0.500,-52.500,5057
0.500,-51.500,493467
0.500,-50.500,35580
0.500,-49.500,2192
0.500,6.500,210686
0.500,9.500,1004660
0.500,10.500,11204
0.500,11.500,29233
0.500,12.500,32693
0.500,13.500,4917
0.500,14.500,52929
0.500,15.500,4255
0.500,16.500,2356
0.500,17.500,50746
0.500,18.500,547652
0.500,19.500,184725
0.500,20.500,104496
0.500,21.500,112194
0.500,22.500,222693
0.500,23.500,150408
0.500,24.500,417294
0.500,25.500,1010212
0.500,26.500,16436
0.500,27.500,57720
0.500,28.500,90544
0.500,29.500,3141866
0.500,30.500,2991280
0.500,31.500,2188048
0.500,32.500,7286136
0.500,33.500,4881768
0.500,34.500,7685053
0.500,35.500,3115852
0.500,36.500,697653
0.500,37.500,1459390
0.500,38.500,235849
0.500,39.500,275647
0.500,40.500,492003
0.500,41.500,75469
0.500,42.500,428976
0.500,43.500,34284
0.500,72.500,6188
0.500,73.500,17344
0.500,97.500,345911
0.500,98.500,8981
0.500,99.500,713957
0.500,100.500,958181
0.500,101.500,2472561
0.500,102.500,260567
0.500,103.500,407824
0.500,104.500,234443
0.500,106.500,4268
0.500,107.500,20041
0.500,108.500,293172
0.500,109.500,743368
0.500,110.500,470973
0.500,111.500,350149
0.500,112.500,176248
0.500,113.500,5348
0.500,114.500,6535
0.500,115.500,22312
0.500,116.500,86949
0.500,117.500,423600
0.500,118.500,11546
0.500,119.500,57415
0.500,120.500,270646
0.500,121.500,159781
0.500,122.500,437902
0.500,123.500,880004
0.500,124.500,472855
0.500,126.500,413
0.500,127.500,469424
0.500,128.500,63486
0.500,129.500,43
0.500,130.500,31
0.500,131.500,2547
0.500,134.500,13
0.500,173.500,5531
-0.500,-91.500,117
-0.500,-90.500,23882
-0.500,-89.500,9968
-0.500,-80.500,736098
-0.500,-79.500,903476
-0.500,-78.500,3267395
-0.500,-77.500,192299
-0.500,-76.500,216118
-0.500,-75.500,9798
-0.500,-74.500,14770
-0.500,-73.500,1069
-0.500,-72.500,4310
-0.500,-71.500,262
-0.500,-70.500,3445
-0.500,-69.500,2237
-0.500,-68.500,91
-0.500,-67.500,22419
-0.500,-66.500,2640
-0.500,-65.500,12629
-0.500,-64.500,2280
-0.500,-63.500,752
-0.500,-62.500,14804
-0.500,-61.500,2201
-0.500,-60.500,4102
-0.500,-58.500,267
-0.500,-57.500,1321
-0.500,-56.500,95
-0.500,-55.500,265
-0.500,-53.500,856
-0.500,-52.500,81632
-0.500,-51.500,226380
-0.500,-50.500,53631
-0.500,-49.500,47177
-0.500,-48.500,144255
-0.500,-47.500,224660
-0.500,-46.500,33822
-0.500,6.500,50
-0.500,8.500,117176
-0.500,9.500,23170
-0.500,10.500,67036
-0.500,11.500,13669
-0.500,12.500,27172
-0.500,13.500,29583
-0.500,14.500,118842
-0.500,15.500,70559
-0.500,16.500,3585
-0.500,17.500,113265
-0.500,18.500,324629
-0.500,19.500,130323
-0.500,20.500,223780
-0.500,21.500,146624
-0.500,22.500,210093
-0.500,23.500,131162
-0.500,24.500,154035
-0.500,25.500,124433
-0.500,26.500,174263
-0.500,27.500,9051
-0.500,28.500,112770
-0.500,29.500,2226470
-0.500,30.500,3192963
-0.500,31.500,2167604
-0.500,32.500,141694
-0.500,33.500,50178
-0.500,34.500,5012241
-0.500,35.500,3616106
-0.500,36.500,3349708
-0.500,37.500,3140807
-0.500,38.500,345256
-0.500,39.500,475415
-0.500,40.500,113776
-0.500,41.500,28930
-0.500,42.500,467215
-0.500,73.500,33432
-0.500,98.500,26914
-0.500,99.500,124041
-0.500,100.500,3502482
-0.500,101.500,683157
-0.500,102.500,807057
-0.500,103.500,703365
-0.500,104.500,105113
-0.500,105.500,26
-0.500,109.500,1197271
-0.500,110.500,201390
-0.500,111.500,286706
-0.500,112.500,48983
-0.500,113.500,13864
-0.500,114.500,210002
-0.500,115.500,160462
-0.500,116.500,293619
-0.500,117.500,1566954
-0.500,119.500,669009
-0.500,120.500,235081
-0.500,121.500,124745
-0.500,122.500,184426
-0.500,123.500,41472
-0.500,127.500,185101
-0.500,128.500,14615
-0.500,129.500,6662
-0.500,130.500,43396
-0.500,131.500,314716
-0.500,132.500,9943
-0.500,133.500,82433
-0.500,134.500,207147
-0.500,135.500,38166
-0.500,136.500,8081
-0.500,166.500,12315
-0.500,169.500,244
-0.500,174.500,1671
-1.500,-90.500,193
-1.500,-89.500,3
-1.500,-81.500,2
-1.500,-80.500,816698
-1.500,-79.500,1415015
-1.500,-78.500,1178025
-1.500,-77.500,119524
-1.500,-76.500,3986
-1.500,-75.500,1893
-1.500,-74.500,5230
-1.500,-73.500,5516
-1.500,-72.500,5723
-1.500,-71.500,669
-1.500,-70.500,2073
-1.500,-69.500,6141
-1.500,-68.500,111
-1.500,-67.500,893
-1.500,-66.500,4461
-1.500,-65.500,10894
-1.500,-64.500,376
-1.500,-63.500,175
-1.500,-62.500,2530
-1.500,-61.500,6121
-1.500,-60.500,8813
-1.500,-59.500,5022
-1.500,-58.500,1439
-1.500,-57.500,1765
-1.500,-56.500,17025
-1.500,-55.500,124465
-1.500,-54.500,88073
-1.500,-53.500,23843
-1.500,-52.500,54798
-1.500,-51.500,42904
-1.500,-50.500,177636
-1.500,-49.500,176209
-1.500,-48.500,2900367
-1.500,-47.500,669653
-1.500,-46.500,331737
-1.500,-45.500,126732
-1.500,-44.500,56908
-1.500,5.500,1078
-1.500,8.500,257
-1.500,9.500,8020
-1.500,10.500,19422
-1.500,11.500,54720
-1.500,12.500,47093
-1.500,13.500,451297
-1.500,14.500,31644
-1.500,15.500,103689
-1.500,16.500,139730
-1.500,17.500,209922
-1.500,18.500,197212
-1.500,19.500,76346
-1.500,20.500,77121
-1.500,21.500,11720
-1.500,22.500,61030
-1.500,23.500,69564
-1.500,24.500,18389
-1.500,25.500,66979
-1.500,26.500,175800
-1.500,27.500,129289
-1.500,28.500,1435929
-1.500,29.500,5889450
-1.500,30.500,4963439
-1.500,31.500,1610660
-1.500,32.500,99972
-1.500,33.500,926082
-1.500,34.500,1999169
-1.500,35.500,405892
-1.500,36.500,7144677
-1.500,37.500,2359608
-1.500,38.500,509277
-1.500,39.500,50565
-1.500,40.500,267001
-1.500,41.500,87357
-1.500,42.500,807
-1.500,98.500,12084
-1.500,99.500,15677
-1.500,100.500,532797
-1.500,101.500,507234
-1.500,102.500,881636
-1.500,103.500,1563639
-1.500,104.500,99056
-1.500,105.500,169746
-1.500,106.500,146780
-1.500,108.500,1800
-1.500,109.500,252945
-1.500,110.500,159238
-1.500,111.500,77104
-1.500,112.500,67227
-1.500,113.500,410117
-1.500,114.500,181767
-1.500,115.500,178777
-1.500,116.500,1074977
-1.500,117.500,21413
-1.500,119.500,412576
-1.500,120.500,394683
-1.500,121.500,85291
-1.500,122.500,181309
-1.500,123.500,184524
-1.500,124.500,61847
-1.500,125.500,52400
-1.500,126.500,4472
-1.500,127.500,72350
-1.500,128.500,4819
-1.500,129.500,4978
-1.500,130.500,14412
-1.500,131.500,125192
-1.500,132.500,99487
-1.500,133.500,23371
-1.500,134.500,30032
-1.500,135.500,17717
-1.500,136.500,325345
-1.500,137.500,3215
-1.500,138.500,25472
-1.500,139.500,396
-1.500,142.500,454
-1.500,143.500,326
-1.500,144.500,1188
-1.500,145.500,118
-1.500,146.500,3659
-1.500,147.500,5052
-1.500,148.500,3
-1.500,149.500,7179
-1.500,150.500,114
-1.500,174.500,3329
-1.500,175.500,3496
-1.500,176.500,2059
-2.500,-171.500,16
-2.500,-81.500,7
-2.500,-80.500,544466
-2.500,-79.500,4132572
-2.500,-78.500,736104
-2.500,-77.500,36320
-2.500,-76.500,19477
-2.500,-75.500,3714
-2.500,-74.500,2835
-2.500,-73.500,11941
-2.500,-72.500,4502
-2.500,-71.500,2682
-2.500,-70.500,1819
-2.500,-69.500,6391
-2.500,-68.500,3508
-2.500,-67.500,21684
-2.500,-66.500,36406
-2.500,-65.500,17719
-2.500,-64.500,4063
-2.500,-63.500,145
-2.500,-62.500,292
-2.500,-61.500,2963
-2.500,-60.500,106501
-2.500,-59.500,90410
-2.500,-58.500,25695
-2.500,-57.500,77816
-2.500,-56.500,199473
-2.500,-55.500,57506
-2.500,-54.500,300539
-2.500,-53.500,16468
-2.500,-52.500,16986
-2.500,-51.500,14298
-2.500,-50.500,24678
-2.500,-49.500,264515
-2.500,-48.500,209116
-2.500,-47.500,209463
-2.500,-46.500,79247
-2.500,-45.500,348751
-2.500,-44.500,1762621
-2.500,-43.500,89754
-2.500,-42.500,133857
-2.500,-41.500,229003
-2.500,-40.500,168565
-2.500,-39.500,35196
-2.500,9.500,549
-2.500,10.500,37207
-2.500,11.500,40952
-2.500,12.500,27382
-2.500,13.500,27328
-2.500,14.500,20468
-2.500,15.500,14939
-2.500,16.500,218570
-2.500,17.500,111293
-2.500,18.500,89906
-2.500,19.500,41099
-2.500,20.500,10716
-2.500,21.500,21299
-2.500,22.500,3538
-2.500,23.500,4475
-2.500,24.500,1780
-2.500,25.500,292280
-2.500,26.500,265768
-2.500,27.500,262216
-2.500,28.500,2606815
-2.500,29.500,5972340
-2.500,30.500,4283080
-2.500,31.500,1030141
-2.500,32.500,2846435
-2.500,33.500,2127416
-2.500,34.500,648275
-2.500,35.500,163123
-2.500,36.500,262840
-2.500,37.500,487020
-2.500,38.500,205857
-2.500,39.500,19991
-2.500,40.500,275842
-2.500,41.500,15785
-2.500,99.500,27344
-2.500,100.500,47296
-2.500,101.500,458885
-2.500,102.500,675847
-2.500,103.500,490374
-2.500,104.500,2091045
-2.500,105.500,374620
-2.500,106.500,643948
-2.500,107.500,199927
-2.500,108.500,106000
-2.500,110.500,118573
-2.500,111.500,350404
-2.500,112.500,474418
-2.500,113.500,253715
-2.500,114.500,276634
-2.500,115.500,1240336
-2.500,116.500,138127
-2.500,117.500,1169
-2.500,118.500,189537
-2.500,119.500,594879
-2.500,120.500,734171
-2.500,121.500,229695
-2.500,122.500,32531
-2.500,123.500,2797
-2.500,124.500,2716
-2.500,125.500,76285
-2.500,126.500,3841
-2.500,127.500,1400
-2.500,128.500,34848
-2.500,129.500,67067
-2.500,130.500,1894
-2.500,132.500,102516
-2.500,133.500,59182
-2.500,134.500,39637
-2.500,135.500,491
-2.500,136.500,39310
-2.500,137.500,9612
-2.500,138.500,12741
-2.500,139.500,30229
-2.500,140.500,589503
-2.500,141.500,55960
-2.500,142.500,293
-2.500,146.500,6066
-2.500,147.500,42925
-2.500,148.500,160
-2.500,149.500,1296
-2.500,150.500,49718
-2.500,151.500,39485
-2.500,152.500,9040
-2.500,175.500,960
-2.500,176.500,1140
-3.500,-80.500,344023
-3.500,-79.500,924593
-3.500,-78.500,136492
-3.500,-77.500,10324
-3.500,-76.500,1419
-3.500,-75.500,7269
-3.500,-74.500,4300
-3.500,-73.500,503159
-3.500,-72.500,19878
-3.500,-71.500,31482
-3.500,-70.500,40913
-3.500,-69.500,20831
-3.500,-68.500,35304
-3.500,-67.500,17865
-3.500,-66.500,10134
-3.500,-65.500,6452
-3.500,-64.500,85229
-3.500,-63.500,12679
-3.500,-62.500,31190
-3.500,-61.500,65593
-3.500,-60.500,1128004
-3.500,-59.500,1352395
-3.500,-58.500,131728
-3.500,-57.500,66992
-3.500,-56.500,11902
-3.500,-55.500,18176
-3.500,-54.500,35521
-3.500,-53.500,54491
-3.500,-52.500,157265
-3.500,-51.500,45690
-3.500,-50.500,41605
-3.500,-49.500,239449
-3.500,-48.500,21634
-3.500,-47.500,114482
-3.500,-46.500,47619
-3.500,-45.500,507755
-3.500,-44.500,390878
-3.500,-43.500,271955
-3.500,-42.500,346925
-3.500,-41.500,269867
-3.500,-40.500,699979
-3.500,-39.500,563642
-3.500,-38.500,3709766
-3.500,-32.500,2998
-3.500,10.500,7608
-3.500,11.500,8916
-3.500,12.500,17480
-3.500,13.500,145875
-3.500,14.500,10300
-3.500,15.500,2858
-3.500,16.500,116542
-3.500,17.500,284370
-3.500,18.500,165697
-3.500,19.500,157564
-3.500,20.500,27828
-3.500,21.500,149648
-3.500,22.500,11896
-3.500,23.500,60271
-3.500,24.500,31758
-3.500,25.500,133785
-3.500,26.500,190584
-3.500,27.500,176819
-3.500,28.500,421823
-3.500,29.500,5954021
-3.500,30.500,2590318
-3.500,31.500,790023
-3.500,32.500,1866116
-3.500,33.500,1441824
-3.500,34.500,539098
-3.500,35.500,747480
-3.500,36.500,1537606
-3.500,37.500,1871434
-3.500,38.500,275596
-3.500,39.500,1349684
-3.500,40.500,315880
-3.500,55.500,33
-3.500,100.500,5546
-3.500,101.500,137388
-3.500,102.500,1618153
-3.500,103.500,1060256
-3.500,104.500,1903842
-3.500,105.500,295729
-3.500,106.500,92011
-3.500,107.500,22996
-3.500,108.500,10431
-3.500,110.500,959
-3.500,111.500,4545
-3.500,112.500,57648
-3.500,113.500,26510
-3.500,114.500,2134246
-3.500,115.500,553117
-3.500,116.500,255082
-3.500,118.500,204951
-3.500,119.500,1733248
-3.500,120.500,542803
-3.500,121.500,170089
-3.500,122.500,524729
-3.500,123.500,5640
-3.500,125.500,35
-3.500,126.500,127673
-3.500,127.500,155200
-3.500,128.500,938952
-3.500,129.500,96864
-3.500,130.500,70775
-3.500,131.500,6497
-3.500,132.500,3425
-3.500,133.500,63205
-3.500,134.500,7964
-3.500,135.500,271178
-3.500,136.500,392349
-3.500,137.500,420601
-3.500,138.500,607398
-3.500,139.500,439404
-3.500,140.500,19354
-3.500,141.500,33827
-3.500,142.500,292865
-3.500,143.500,256152
-3.500,144.500,26570
-3.500,151.500,20899
-3.500,152.500,69565
-3.500,153.500,7092
-3.500,154.500,681
-4.500,-81.500,154943
-4.500,-80.500,580910
-4.500,-79.500,370146
-4.500,-78.500,43931
-4.500,-77.500,58380
-4.500,-76.500,25210
-4.500,-75.500,7764
-4.500,-74.500,14829
-4.500,-73.500,83329
-4.500,-72.500,498
-4.500,-71.500,5274
-4.500,-70.500,54110
-4.500,-69.500,136997
-4.500,-68.500,243
-4.500,-67.500,397
-4.500,-66.500,25669
-4.500,-65.500,501
-4.500,-64.500,861
-4.500,-63.500,69430
-4.500,-62.500,7035
-4.500,-61.500,3818
-4.500,-60.500,3055
-4.500,-59.500,32505
-4.500,-58.500,4116
-4.500,-57.500,974
-4.500,-56.500,23500
-4.500,-55.500,113873
-4.500,-54.500,32665
-4.500,-53.500,2928
-4.500,-52.500,886
-4.500,-51.500,587
-4.500,-50.500,33677
-4.500,-49.500,134477
-4.500,-48.500,64814
-4.500,-47.500,209417
-4.500,-46.500,163964
-4.500,-45.500,233304
-4.500,-44.500,494757
-4.500,-43.500,405681
-4.500,-42.500,364853
-4.500,-41.500,176903
-4.500,-40.500,448926
-4.500,-39.500,299116
-4.500,-38.500,693127
-4.500,-37.500,281160
-4.500,-36.500,3460
-4.500,11.500,836914
-4.500,12.500,408014
-4.500,13.500,390993
-4.500,14.500,215886
-4.500,15.500,13453607
-4.500,16.500,183361
-4.500,17.500,542580
-4.500,18.500,752192
-4.500,19.500,695252
-4.500,20.500,561653
-4.500,21.500,645653
-4.500,22.500,239831
-4.500,23.500,14965
-4.500,24.500,33632
-4.500,25.500,54767
-4.500,26.500,563671
-4.500,27.500,386245
-4.500,28.500,194044
-4.500,29.500,1986279
-4.500,30.500,1053314
-4.500,31.500,177918
-4.500,32.500,1022009
-4.500,33.500,961103
-4.500,34.500,1149529
-4.500,35.500,1390542
-4.500,36.500,135475
-4.500,37.500,315671
-4.500,38.500,981268
-4.500,39.500,2032252
-4.500,55.500,104864
-4.500,102.500,243930
-4.500,103.500,582795
-4.500,104.500,2130365
-4.500,105.500,1988108
-4.500,114.500,9451
-4.500,115.500,1742
-4.500,116.500,12054
-4.500,119.500,1041248
-4.500,120.500,967419
-4.500,121.500,473008
-4.500,122.500,868775
-4.500,123.500,48580
-4.500,129.500,19598
-4.500,130.500,353
-4.500,131.500,16995
-4.500,132.500,357
-4.500,133.500,1135
-4.500,134.500,1307
-4.500,135.500,49224
-4.500,136.500,679492
-4.500,137.500,36369
-4.500,138.500,325925
-4.500,139.500,268922
-4.500,140.500,138520
-4.500,141.500,15881
-4.500,142.500,18522
-4.500,143.500,50932
-4.500,144.500,149266
-4.500,145.500,130904
-4.500,146.500,22997
-4.500,149.500,14500
-4.500,150.500,23
-4.500,151.500,33534
-4.500,152.500,274125
-4.500,153.500,6413
-4.500,154.500,8358
-4.500,155.500,594
-4.500,157.500,6
-4.500,159.500,502
-5.500,-81.500,102802
-5.500,-80.500,856129
-5.500,-79.500,339250
-5.500,-78.500,391379
-5.500,-77.500,156416
-5.500,-76.500,99780
-5.500,-75.500,24046
-5.500,-74.500,29212
-5.500,-73.500,30934
-5.500,-72.500,3736
-5.500,-71.500,1573
-5.500,-70.500,789
-5.500,-69.500,188
-5.500,-68.500,2
-5.500,-67.500,4105
-5.500,-66.500,162
-5.500,-65.500,82
-5.500,-64.500,2187
-5.500,-63.500,15415
-5.500,-62.500,1067
-5.500,-61.500,36561
-5.500,-60.500,26032
-5.500,-59.500,1592
-5.500,-57.500,871
-5.500,-56.500,5749
-5.500,-55.500,1421
-5.500,-54.500,449
-5.500,-53.500,75
-5.500,-52.500,3333
-5.500,-51.500,20983
-5.500,-50.500,38468
-5.500,-49.500,331593
-5.500,-48.500,167522
-5.500,-47.500,469823
-5.500,-46.500,118269
-5.500,-45.500,147196
-5.500,-44.500,280982
-5.500,-43.500,162508
-5.500,-42.500,1238587
-5.500,-41.500,70750
-5.500,-40.500,192584
-5.500,-39.500,307249
-5.500,-38.500,303256
-5.500,-37.500,513410
-5.500,-36.500,280839
-5.500,-35.500,1742634
-5.500,12.500,1709559
-5.500,13.500,1199069
-5.500,14.500,738186
-5.500,15.500,635299
-5.500,16.500,234703
-5.500,17.500,263507
-5.500,18.500,764084
-5.500,19.500,484416
-5.500,20.500,457310
-5.500,21.500,808786
-5.500,22.500,2273603
-5.500,23.500,387013
-5.500,24.500,167625
-5.500,25.500,361927
-5.500,26.500,418565
-5.500,27.500,558517
-5.500,28.500,217501
-5.500,29.500,916600
-5.500,30.500,187689
-5.500,31.500,306738
-5.500,32.500,701507
-5.500,33.500,237932
-5.500,34.500,399476
-5.500,35.500,476048
-5.500,36.500,680504
-5.500,37.500,558136
-5.500,38.500,1061163
-5.500,39.500,931645
-5.500,53.500,179
-5.500,55.500,9
-5.500,102.500,6139
-5.500,103.500,56163
-5.500,104.500,1367691
-5.500,105.500,3924668
-5.500,106.500,333251
-5.500,107.500,20596
-5.500,108.500,5
-5.500,110.500,4711
-5.500,112.500,51421
-5.500,114.500,20574
-5.500,117.500,6927
-5.500,118.500,2252
-5.500,119.500,3366070
-5.500,120.500,835965
-5.500,121.500,23699
-5.500,122.500,524756
-5.500,123.500,126389
-5.500,124.500,7847
-5.500,127.500,26
-5.500,131.500,2184
-5.500,132.500,156933
-5.500,133.500,9507
-5.500,134.500,82199
-5.500,137.500,1594
-5.500,138.500,96797
-5.500,139.500,19977
-5.500,140.500,37150
-5.500,141.500,68822
-5.500,142.500,476310
-5.500,143.500,738517
-5.500,144.500,1283623
-5.500,145.500,304815
-5.500,146.500,71650
-5.500,147.500,26863
-5.500,148.500,26962
-5.500,149.500,26041
-5.500,150.500,171676
-5.500,151.500,81000
-5.500,152.500,3290
-5.500,154.500,111219
-5.500,155.500,24462
-5.500,159.500,1923
-5.500,176.500,329
-6.500,-80.500,16425
-6.500,-79.500,1310271
-6.500,-78.500,540450
-6.500,-77.500,195719
-6.500,-76.500,516374
-6.500,-75.500,43744
-6.500,-74.500,6375
-6.500,-73.500,736
-6.500,-72.500,1637
-6.500,-71.500,3410
-6.500,-70.500,7524
-6.500,-69.500,31763
-6.500,-68.500,7463
-6.500,-67.500,1235
-6.500,-66.500,381
-6.500,-65.500,87
-6.500,-64.500,11016
-6.500,-63.500,1819
-6.500,-62.500,7118
-6.500,-61.500,7749
-6.500,-60.500,2640
-6.500,-59.500,2593
-6.500,-58.500,577
-6.500,-57.500,9507
-6.500,-56.500,4370
-6.500,-55.500,8075
-6.500,-54.500,154
-6.500,-53.500,1346
-6.500,-52.500,39016
-6.500,-51.500,143430
-6.500,-50.500,35883
-6.500,-49.500,297834
-6.500,-48.500,77268
-6.500,-47.500,171007
-6.500,-46.500,62410
-6.500,-45.500,12016
-6.500,-44.500,109109
-6.500,-43.500,178970
-6.500,-42.500,129954
-6.500,-41.500,132997
-6.500,-40.500,126079
-6.500,-39.500,424352
-6.500,-38.500,596647
-6.500,-37.500,406976
-6.500,-36.500,401680
-6.500,-35.500,985856
-6.500,-34.500,62971
-6.500,12.500,368725
-6.500,13.500,73755
-6.500,14.500,393296
-6.500,15.500,165216
-6.500,16.500,241169
-6.500,17.500,321672
-6.500,18.500,113681
-6.500,19.500,174394
-6.500,20.500,1390636
-6.500,21.500,1130168
-6.500,22.500,1186635
-6.500,23.500,5126020
-6.500,24.500,635367
-6.500,25.500,670455
-6.500,26.500,459416
-6.500,27.500,78468
-6.500,28.500,23700
-6.500,29.500,70588
-6.500,30.500,220621
-6.500,31.500,317965
-6.500,32.500,44829
-6.500,33.500,65571
-6.500,34.500,106970
-6.500,35.500,878288
-6.500,36.500,1039447
-6.500,37.500,1172581
-6.500,38.500,720933
-6.500,39.500,8231339
-6.500,105.500,1330381
-6.500,106.500,36017207
-6.500,107.500,20274701
-6.500,108.500,7161029
-6.500,109.500,3773967
-6.500,110.500,4369304
-6.500,111.500,2417982
-6.500,112.500,920513
-6.500,113.500,936240
-6.500,114.500,54654
-6.500,115.500,61551
-6.500,116.500,590
-6.500,118.500,7516
-6.500,119.500,2148
-6.500,120.500,86079
-6.500,121.500,314
-6.500,122.500,3836
-6.500,124.500,1059
-6.500,129.500,91
-6.500,130.500,15
-6.500,131.500,2618
-6.500,132.500,233
-6.500,134.500,25418
-6.500,138.500,28260
-6.500,139.500,127525
-6.500,140.500,83540
-6.500,141.500,31433
-6.500,142.500,99422
-6.500,143.500,637397
-6.500,144.500,408341
-6.500,145.500,869500
-6.500,146.500,347157
-6.500,147.500,205771
-6.500,148.500,901
-6.500,149.500,28944
-6.500,150.500,14165
-6.500,151.500,702
-6.500,154.500,1295
-6.500,155.500,166769
-6.500,156.500,19499
-6.500,157.500,2670
-6.500,176.500,279
-6.500,177.500,383
-7.500,-79.500,333412
-7.500,-78.500,831455
-7.500,-77.500,109888
-7.500,-76.500,126539
-7.500,-75.500,34834
-7.500,-74.500,7523
-7.500,-73.500,6268
-7.500,-72.500,143684
-7.500,-71.500,24580
-7.500,-70.500,17605
-7.500,-69.500,3339
-7.500,-68.500,407
-7.500,-67.500,9109
-7.500,-66.500,9714
-7.500,-65.500,4948
-7.500,-64.500,34999
-7.500,-63.500,41579
-7.500,-62.500,4187
-7.500,-61.500,8186
-7.500,-60.500,1440
-7.500,-59.500,18230
-7.500,-58.500,689
-7.500,-57.500,1111
-7.500,-56.500,1043
-7.500,-55.500,25181
-7.500,-54.500,637
-7.500,-52.500,1766
-7.500,-51.500,3028
-7.500,-50.500,38085
-7.500,-49.500,82966
-7.500,-48.500,228662
-7.500,-47.500,60751
-7.500,-46.500,133032
-7.500,-45.500,53235
-7.500,-44.500,36821
-7.500,-43.500,46087
-7.500,-42.500,77325
-7.500,-41.500,212785
-7.500,-40.500,373388
-7.500,-39.500,808018
-7.500,-38.500,454212
-7.500,-37.500,541308
-7.500,-36.500,376445
-7.500,-35.500,2045341
-7.500,-34.500,2263103
-7.500,-14.500,944
-7.500,12.500,53623
-7.500,13.500,39621
-7.500,14.500,104457
-7.500,15.500,620579
-7.500,16.500,56430
-7.500,17.500,132472
-7.500,18.500,316304
-7.500,19.500,43415
-7.500,20.500,345718
-7.500,21.500,428908
-7.500,22.500,836410
-7.500,23.500,1113654
-7.500,24.500,409638
-7.500,25.500,798802
-7.500,26.500,893402
-7.500,27.500,992103
-7.500,28.500,116271
-7.500,29.500,590022
-7.500,30.500,176220
-7.500,31.500,701264
-7.500,32.500,14636
-7.500,33.500,50492
-7.500,34.500,1948
-7.500,35.500,519326
-7.500,36.500,426101
-7.500,37.500,307339
-7.500,38.500,218621
-7.500,39.500,453116
-7.500,52.500,9
-7.500,56.500,352
-7.500,106.500,920997
-7.500,107.500,4586912
-7.500,108.500,6435617
-7.500,109.500,8138418
-7.500,110.500,14097531
-7.500,111.500,7518835
-7.500,112.500,15954848
-7.500,113.500,4309193
-7.500,114.500,595055
-7.500,115.500,13511
-7.500,117.500,3720
-7.500,118.500,3467
-7.500,120.500,17520
-7.500,121.500,16486
-7.500,123.500,83
-7.500,125.500,3445
-7.500,126.500,12525
-7.500,127.500,5666
-7.500,128.500,5814
-7.500,129.500,14173
-7.500,130.500,1755
-7.500,131.500,112959
-7.500,134.500,11
-7.500,137.500,116
-7.500,138.500,3749
-7.500,139.500,29428
-7.500,140.500,18063
-7.500,141.500,10747
-7.500,142.500,7487
-7.500,143.500,12412
-7.500,144.500,22682
-7.500,145.500,89191
-7.500,146.500,194888
-7.500,147.500,20618
-7.500,155.500,3493
-7.500,156.500,25019
-7.500,157.500,11810
-7.500,158.500,4495
-7.500,159.500,1549
-7.500,177.500,364
-7.500,178.500,1039
-8.500,-172.500,640
-8.500,-158.500,198
-8.500,-157.500,23
-8.500,-140.500,2561
-8.500,-139.500,509
-8.500,-79.500,908596
-8.500,-78.500,427379
-8.500,-77.500,242416
-8.500,-76.500,118185
-8.500,-75.500,40096
-8.500,-74.500,329090
-8.500,-73.500,1507
-8.500,-72.500,28373
-8.500,-71.500,8943
-8.500,-70.500,69721
-8.500,-69.500,10484
-8.500,-68.500,2694
-8.500,-67.500,32229
-8.500,-66.500,1007
-8.500,-65.500,362
-8.500,-64.500,3974
-8.500,-63.500,469821
-8.500,-62.500,3682
-8.500,-61.500,907
-8.500,-60.500,111
-8.500,-59.500,227
-8.500,-58.500,197
-8.500,-57.500,546
-8.500,-56.500,208
-8.500,-55.500,11824
-8.500,-54.500,535
-8.500,-53.500,1239
-8.500,-52.500,378
-8.500,-51.500,1984
-8.500,-50.500,109830
-8.500,-49.500,68802
-8.500,-48.500,116586
-8.500,-47.500,23921
-8.500,-46.500,7630
-8.500,-45.500,12292
-8.500,-44.500,27900
-8.500,-43.500,30264
-8.500,-42.500,62708
-8.500,-41.500,79618
-8.500,-40.500,116342
-8.500,-39.500,229674
-8.500,-38.500,157651
-8.500,-37.500,337235
-8.500,-36.500,960624
-8.500,-35.500,2062900
-8.500,-34.500,2641556
-8.500,13.500,9375392
-8.500,14.500,111009
-8.500,15.500,130395
-8.500,16.500,68782
-8.500,17.500,144677
-8.500,18.500,130005
-8.500,19.500,18242
-8.500,20.500,169946
-8.500,21.500,6765
-8.500,22.500,226981
-8.500,23.500,144367
-8.500,24.500,476233
-8.500,25.500,703539
-8.500,26.500,1140221
-8.500,27.500,513823
-8.500,28.500,558230
-8.500,29.500,355691
-8.500,30.500,114980
-8.500,31.500,800961
-8.500,32.500,682569
-8.500,33.500,1255652
-8.500,34.500,553241
-8.500,35.500,559070
-8.500,36.500,647060
-8.500,37.500,134
-8.500,38.500,60422
-8.500,39.500,156809
-8.500,110.500,502661
-8.500,111.500,2033036
-8.500,112.500,3104551
-8.500,113.500,3467992
-8.500,114.500,2068809
-8.500,115.500,4080549
-8.500,116.500,3755806
-8.500,117.500,451572
-8.500,118.500,802318
-8.500,119.500,151464
-8.500,120.500,896873
-8.500,121.500,536838
-8.500,122.500,435227
-8.500,123.500,309393
-8.500,124.500,220391
-8.500,125.500,806176
-8.500,126.500,260675
-8.500,127.500,45853
-8.500,128.500,9341
-8.500,129.500,4489
-8.500,130.500,6803
-8.500,131.500,5265
-8.500,137.500,564
-8.500,138.500,449
-8.500,139.500,4550
-8.500,140.500,349888
-8.500,141.500,15097
-8.500,142.500,34318
-8.500,143.500,12826
-8.500,145.500,3986
-8.500,146.500,84386
-8.500,147.500,63115
-8.500,148.500,155315
-8.500,150.500,4170
-8.500,151.500,32937
-8.500,152.500,163
-8.500,156.500,18630
-8.500,157.500,43742
-8.500,158.500,8345
-8.500,159.500,29499
-8.500,160.500,115951
-8.500,161.500,5912
-8.500,162.500,288
-8.500,178.500,339
-8.500,179.500,8131
-9.500,-171.500,1187
-9.500,-158.500,5
-9.500,-140.500,1953
-9.500,-139.500,2168
-9.500,-138.500,349
-9.500,-78.500,453145
-9.500,-77.500,419567
-9.500,-76.500,563189
-9.500,-75.500,159246
-9.500,-74.500,22057
-9.500,-73.500,4548
-9.500,-72.500,12201
-9.500,-71.500,6822
-9.500,-70.500,12104
-9.500,-69.500,3373
-9.500,-68.500,56453
-9.500,-67.500,356901
-9.500,-66.500,16106
-9.500,-65.500,7988
-9.500,-64.500,24235
-9.500,-63.500,134662
-9.500,-62.500,60069
-9.500,-61.500,17869
-9.500,-60.500,3818
-9.500,-59.500,34962
-9.500,-58.500,19937
-9.500,-57.500,28379
-9.500,-56.500,63006
-9.500,-55.500,18613
-9.500,-54.500,37104
-9.500,-53.500,886
-9.500,-52.500,332
-9.500,-51.500,7724
-9.500,-50.500,71108
-9.500,-49.500,28891
-9.500,-48.500,63095
-9.500,-47.500,17615
-9.500,-46.500,6590
-9.500,-45.500,38281
-9.500,-44.500,41539
-9.500,-43.500,64297
-9.500,-42.500,125901
-9.500,-41.500,55820
-9.500,-40.500,651595
-9.500,-39.500,56548
-9.500,-38.500,242756
-9.500,-37.500,555546
-9.500,-36.500,1254003
-9.500,-35.500,1512379
-9.500,12.500,317
-9.500,13.500,1209855
-9.500,14.500,299821
-9.500,15.500,126262
-9.500,16.500,1013284
-9.500,17.500,57940
-9.500,18.500,116541
-9.500,19.500,32702
-9.500,20.500,488911
-9.500,21.500,11227
-9.500,22.500,262413
-9.500,23.500,318592
-9.500,24.500,84776
-9.500,25.500,373075
-9.500,26.500,140305
-9.500,27.500,287529
-9.500,28.500,809367
-9.500,29.500,168494
-9.500,30.500,129953
-9.500,31.500,265027
-9.500,32.500,750735
-9.500,33.500,1596778
-9.500,34.500,481408
-9.500,35.500,128232
-9.500,36.500,37335
-9.500,37.500,75004
-9.500,38.500,67689
-9.500,39.500,192693
-9.500,46.500,62
-9.500,116.500,5131
-9.500,117.500,5285
-9.500,118.500,20342
-9.500,119.500,551961
-9.500,120.500,197914
-9.500,123.500,37430
-9.500,124.500,1154555
-9.500,125.500,195207
-9.500,126.500,1885
-9.500,141.500,1835
-9.500,142.500,17003
-9.500,143.500,22563
-9.500,144.500,414
-9.500,146.500,14911
-9.500,147.500,614139
-9.500,148.500,32194
-9.500,149.500,27182
-9.500,150.500,101170
-9.500,151.500,7849
-9.500,152.500,4906
-9.500,153.500,477
-9.500,158.500,91
-9.500,159.500,148364
-9.500,160.500,135440
-9.500,161.500,34542
-9.500,167.500,595
-9.500,179.500,189
-10.500,-165.500,535
-10.500,-161.500,269
-10.500,-138.500,563
-10.500,-78.500,19761
-10.500,-77.500,221096
-10.500,-76.500,332395
-10.500,-75.500,161862
-10.500,-74.500,139374
-10.500,-73.500,46399
-10.500,-72.500,284
-10.500,-71.500,333
-10.500,-70.500,473
-10.500,-69.500,17238
-10.500,-68.500,36397
-10.500,-67.500,135929
-10.500,-66.500,36138
-10.500,-65.500,107184
-10.500,-64.500,16911
-10.500,-63.500,66475
-10.500,-62.500,140842
-10.500,-61.500,134636
-10.500,-60.500,1286
-10.500,-59.500,19147
-10.500,-58.500,24507
-10.500,-57.500,5751
-10.500,-56.500,6500
-10.500,-55.500,76132
-10.500,-54.500,46849
-10.500,-53.500,2463
-10.500,-52.500,10215
-10.500,-51.500,65003
-10.500,-50.500,8528
-10.500,-49.500,27590
-10.500,-48.500,443834
-10.500,-47.500,20324
-10.500,-46.500,4837
-10.500,-45.500,39087
-10.500,-44.500,64557
-10.500,-43.500,46925
-10.500,-42.500,75862
-10.500,-41.500,43728
-10.500,-40.500,266499
-10.500,-39.500,242558
-10.500,-38.500,319794
-10.500,-37.500,1740547
-10.500,-36.500,414284
-10.500,13.500,80294
-10.500,14.500,596282
-10.500,15.500,67997
-10.500,16.500,90762
-10.500,17.500,99521
-10.500,18.500,13457
-10.500,19.500,35652
-10.500,20.500,5002
-10.500,21.500,23850
-10.500,22.500,452736
-10.500,23.500,442636
-10.500,24.500,40815
-10.500,25.500,565191
-10.500,26.500,1678541
-10.500,27.500,284041
-10.500,28.500,508022
-10.500,29.500,266706
-10.500,30.500,142938
-10.500,31.500,419683
-10.500,32.500,175965
-10.500,33.500,303758
-10.500,34.500,503517
-10.500,35.500,631732
-10.500,36.500,148729
-10.500,37.500,135308
-10.500,38.500,723355
-10.500,39.500,1014550
-10.500,40.500,319338
-10.500,47.500,22
-10.500,56.500,272
-10.500,105.500,3049
-10.500,119.500,329
-10.500,120.500,44591
-10.500,121.500,85681
-10.500,122.500,49194
-10.500,123.500,794334
-10.500,124.500,82764
-10.500,142.500,8249
-10.500,143.500,168
-10.500,147.500,18633
-10.500,148.500,41199
-10.500,149.500,21956
-10.500,150.500,112769
-10.500,151.500,18371
-10.500,152.500,25763
-10.500,161.500,33230
-10.500,162.500,16953
-10.500,165.500,10674
-10.500,166.500,9247
-10.500,179.500,15
-11.500,-171.500,9
-11.500,-165.500,123
-11.500,-77.500,3263063
-11.500,-76.500,1007001
-11.500,-75.500,359479
-11.500,-74.500,331565
-11.500,-73.500,32433
-11.500,-72.500,5540
-11.500,-71.500,64
-11.500,-70.500,123
-11.500,-69.500,18714
-11.500,-68.500,123167
-11.500,-67.500,25117
-11.500,-66.500,98673
-11.500,-65.500,3943
-11.500,-64.500,1990
-11.500,-63.500,12736
-11.500,-62.500,111030
-11.500,-61.500,260379
-11.500,-60.500,10414
-11.500,-59.500,2897
-11.500,-58.500,50218
-11.500,-57.500,42263
-11.500,-56.500,11532
-11.500,-55.500,153416
-11.500,-54.500,27856
-11.500,-53.500,2044
-11.500,-52.500,3584
-11.500,-51.500,16178
-11.500,-50.500,10729
-11.500,-49.500,118212
-11.500,-48.500,36639
-11.500,-47.500,31475
-11.500,-46.500,28926
-11.500,-45.500,29655
-11.500,-44.500,40665
-11.500,-43.500,47653
-11.500,-42.500,96697
-11.500,-41.500,316085
-11.500,-40.500,321690
-11.500,-39.500,383186
-11.500,-38.500,455121
-11.500,-37.500,494923
-11.500,13.500,316069
-11.500,14.500,514210
-11.500,15.500,510051
-11.500,16.500,391028
-11.500,17.500,133565
-11.500,18.500,19136
-11.500,19.500,634636
-11.500,20.500,203410
-11.500,21.500,27313
-11.500,22.500,177914
-11.500,23.500,12820
-11.500,24.500,141116
-11.500,25.500,13308
-11.500,26.500,232803
-11.500,27.500,3173845
-11.500,28.500,483005
-11.500,29.500,294036
-11.500,30.500,132466
-11.500,31.500,196745
-11.500,32.500,59018
-11.500,33.500,990504
-11.500,34.500,660612
-11.500,35.500,124708
-11.500,36.500,93425
-11.500,37.500,185562
-11.500,38.500,57282
-11.500,39.500,338889
-11.500,40.500,162583
-11.500,43.500,420660
-11.500,49.500,88
-11.500,130.500,3225
-11.500,131.500,41
-11.500,132.500,455
-11.500,133.500,551
-11.500,134.500,1
-11.500,135.500,263
-11.500,136.500,13
-11.500,141.500,51
-11.500,142.500,34
-11.500,143.500,3
-11.500,152.500,3256
-11.500,153.500,8493
-11.500,154.500,6179
-11.500,159.500,1381
-11.500,160.500,2653
-11.500,166.500,2866
-11.500,169.500,167
-11.500,170.500,92
-12.500,-77.500,3556083
-12.500,-76.500,3856454
-12.500,-75.500,623965
-12.500,-74.500,537662
-12.500,-73.500,124168
-12.500,-72.500,91194
-12.500,-71.500,12215
-12.500,-70.500,21789
-12.500,-69.500,107488
-12.500,-68.500,2053
-12.500,-67.500,3161
-12.500,-66.500,4299
-12.500,-65.500,1852
-12.500,-64.500,18232
-12.500,-63.500,17302
-12.500,-62.500,6093
-12.500,-61.500,25509
-12.500,-60.500,101982
-12.500,-59.500,540
-12.500,-58.500,10442
-12.500,-57.500,8562
-12.500,-56.500,29142
-12.500,-55.500,99956
-12.500,-54.500,15393
-12.500,-53.500,2885
-12.500,-52.500,16902
-12.500,-51.500,17700
-12.500,-50.500,3288
-12.500,-49.500,31204
-12.500,-48.500,18107
-12.500,-47.500,15137
-12.500,-46.500,49676
-12.500,-45.500,158718
-12.500,-44.500,195981
-12.500,-43.500,102772
-12.500,-42.500,116114
-12.500,-41.500,178386
-12.500,-40.500,174739
-12.500,-39.500,585726
-12.500,-38.500,5087222
-12.500,-37.500,22723
-12.500,12.500,8569
-12.500,13.500,1332740
-12.500,14.500,456332
-12.500,15.500,1377423
-12.500,16.500,1104161
-12.500,17.500,249188
-12.500,18.500,31253
-12.500,19.500,1530
-12.500,20.500,30418
-12.500,21.500,1339
-12.500,22.500,10907
-12.500,23.500,7495
-12.500,24.500,19963
-12.500,25.500,94215
-12.500,26.500,207517
-12.500,27.500,823926
-12.500,28.500,1562829
-12.500,29.500,40526
-12.500,30.500,99721
-12.500,31.500,31613
-12.500,32.500,127438
-12.500,33.500,1118499
-12.500,34.500,393668
-12.500,35.500,67276
-12.500,36.500,39677
-12.500,37.500,21540
-12.500,38.500,25509
-12.500,39.500,107399
-12.500,40.500,382040
-12.500,43.500,331775
-12.500,44.500,53730
-12.500,45.500,305587
-12.500,48.500,20779
-12.500,49.500,374565
-12.500,96.500,546
-12.500,130.500,127907
-12.500,131.500,22498
-12.500,132.500,1931
-12.500,133.500,1616
-12.500,134.500,5978
-12.500,135.500,4159
-12.500,136.500,6848
-12.500,141.500,5825
-12.500,142.500,226
-12.500,143.500,593
-12.500,168.500,1237
-12.500,177.500,1376
-13.500,-176.500,8261
-13.500,-172.500,59735
-13.500,-171.500,139288
-13.500,-76.500,511704
-13.500,-75.500,79098
-13.500,-74.500,385198
-13.500,-73.500,295548
-13.500,-72.500,299462
-13.500,-71.500,690965
-13.500,-70.500,65252
-13.500,-69.500,6409
-13.500,-68.500,10135
-13.500,-67.500,2694
-13.500,-66.500,4292
-13.500,-65.500,15849
-13.500,-64.500,17018
-13.500,-63.500,11807
-13.500,-62.500,1883
-13.500,-61.500,10612
-13.500,-60.500,47833
-13.500,-59.500,24508
-13.500,-58.500,27710
-13.500,-57.500,38529
-13.500,-56.500,64110
-13.500,-55.500,79936
-13.500,-54.500,3991
-13.500,-53.500,6129
-13.500,-52.500,22484
-13.500,-51.500,5082
-13.500,-50.500,32685
-13.500,-49.500,73790
-13.500,-48.500,61533
-13.500,-47.500,17415
-13.500,-46.500,56365
-13.500,-45.500,1980
-13.500,-44.500,119296
-13.500,-43.500,135338
-13.500,-42.500,191683
-13.500,-41.500,167364
-13.500,-40.500,256768
-13.500,-39.500,599261
-13.500,-38.500,277710
-13.500,12.500,9487
-13.500,13.500,115841
-13.500,14.500,788592
-13.500,15.500,460455
-13.500,16.500,167964
-13.500,17.500,9424
-13.500,18.500,1806
-13.500,19.500,16745
-13.500,20.500,2871
-13.500,21.500,29691
-13.500,22.500,63901
-13.500,23.500,91703
-13.500,24.500,126021
-13.500,25.500,123728
-13.500,26.500,18415
-13.500,27.500,53572
-13.500,28.500,838157
-13.500,29.500,185284
-13.500,30.500,125742
-13.500,31.500,189991
-13.500,32.500,923140
-13.500,33.500,3415329
-13.500,34.500,1057864
-13.500,35.500,658748
-13.500,36.500,45726
-13.500,37.500,144137
-13.500,38.500,475525
-13.500,39.500,656676
-13.500,40.500,391257
-13.500,47.500,11555
-13.500,48.500,484365
-13.500,49.500,437179
-13.500,50.500,38802
-13.500,126.500,6
-13.500,129.500,18
-13.500,130.500,966
-13.500,131.500,1854
-13.500,132.500,46
-13.500,133.500,3
-13.500,134.500,346
-13.500,135.500,169
-13.500,136.500,3283
-13.500,141.500,1578
-13.500,142.500,25
-13.500,143.500,394
-13.500,166.500,1077
-13.500,167.500,7022
-14.500,-178.500,3394
-14.500,-171.500,15906
-14.500,-170.500,45074
-14.500,-169.500,1106
-14.500,-148.500,190
-14.500,-147.500,2684
-14.500,-146.500,1671
-14.500,-145.500,1721
-14.500,-141.500,323
-14.500,-138.500,99
-14.500,-76.500,48
-14.500,-75.500,367643
-14.500,-74.500,90238
-14.500,-73.500,68398
-14.500,-72.500,105764
-14.500,-71.500,234371
-14.500,-70.500,177563
-14.500,-69.500,175959
-14.500,-68.500,30022
-14.500,-67.500,47109
-14.500,-66.500,43432
-14.500,-65.500,17188
-14.500,-64.500,135306
-14.500,-63.500,1122
-14.500,-62.500,59
-14.500,-61.500,350
-14.500,-60.500,2007
-14.500,-59.500,12304
-14.500,-58.500,3246
-14.500,-57.500,142708
-14.500,-56.500,84913
-14.500,-55.500,6299
-14.500,-54.500,28179
-14.500,-53.500,16179
-14.500,-52.500,56167
-14.500,-51.500,14813
-14.500,-50.500,30613
-14.500,-49.500,143538
-14.500,-48.500,63174
-14.500,-47.500,38058
-14.500,-46.500,98082
-14.500,-45.500,3436
-14.500,-44.500,71797
-14.500,-43.500,96359
-14.500,-42.500,305519
-14.500,-41.500,203031
-14.500,-40.500,562095
-14.500,-39.500,792275
-14.500,-38.500,12021
-14.500,12.500,22879
-14.500,13.500,1405511
-14.500,14.500,787687
-14.500,15.500,435573
-14.500,16.500,162444
-14.500,17.500,293604
-14.500,18.500,10678
-14.500,19.500,1665
-14.500,20.500,4651
-14.500,21.500,82496
-14.500,22.500,88469
-14.500,23.500,121971
-14.500,24.500,135046
-14.500,25.500,54649
-14.500,26.500,16242
-14.500,27.500,221357
-14.500,28.500,521250
-14.500,29.500,50757
-14.500,30.500,104717
-14.500,31.500,633767
-14.500,32.500,353883
-14.500,33.500,2005422
-14.500,34.500,2292579
-14.500,35.500,1860129
-14.500,36.500,311248
-14.500,37.500,257664
-14.500,38.500,408595
-14.500,39.500,575673
-14.500,40.500,1067215
-14.500,47.500,78315
-14.500,48.500,302843
-14.500,49.500,492462
-14.500,50.500,200219
-14.500,124.500,1
-14.500,125.500,73
-14.500,126.500,583
-14.500,127.500,24
-14.500,129.500,3598
-14.500,130.500,382
-14.500,131.500,60
-14.500,132.500,10929
-14.500,133.500,1277
-14.500,134.500,1357
-14.500,135.500,787
-14.500,136.500,10
-14.500,141.500,768
-14.500,142.500,23
-14.500,143.500,45
-14.500,144.500,36
-14.500,145.500,43
-14.500,166.500,2844
-14.500,167.500,3587
-14.500,168.500,1124
-15.500,-179.500,93
-15.500,-175.500,1080
-15.500,-173.500,808
-15.500,-148.500,667
-15.500,-147.500,3
-15.500,-146.500,2782
-15.500,-145.500,454
-15.500,-142.500,123
-15.500,-140.500,193
-15.500,-75.500,13032
-15.500,-74.500,33415
-15.500,-73.500,63392
-15.500,-72.500,49768
-15.500,-71.500,38037
-15.500,-70.500,585824
-15.500,-69.500,225217
-15.500,-68.500,140348
-15.500,-67.500,138939
-15.500,-66.500,3772
-15.500,-65.500,6275
-15.500,-64.500,9555
-15.500,-63.500,50091
-15.500,-62.500,1616
-15.500,-61.500,7191
-15.500,-60.500,6615
-15.500,-59.500,58804
-15.500,-58.500,113470
-15.500,-57.500,51576
-15.500,-56.500,867733
-15.500,-55.500,135664
-15.500,-54.500,117354
-15.500,-53.500,6522
-15.500,-52.500,93907
-15.500,-51.500,21506
-15.500,-50.500,78129
-15.500,-49.500,288078
-15.500,-48.500,1940800
-15.500,-47.500,1613089
-15.500,-46.500,51970
-15.500,-45.500,27712
-15.500,-44.500,200312
-15.500,-43.500,184034
-15.500,-42.500,181613
-15.500,-41.500,151647
-15.500,-40.500,235414
-15.500,-39.500,163907
-15.500,-38.500,39798
-15.500,-5.500,4015
-15.500,11.500,68664
-15.500,12.500,455285
-15.500,13.500,345309
-15.500,14.500,106213
-15.500,15.500,98828
-15.500,16.500,23976
-15.500,17.500,5557
-15.500,18.500,605
-15.500,19.500,24475
-15.500,20.500,23815
-15.500,21.500,3509
-15.500,22.500,112149
-15.500,23.500,280577
-15.500,24.500,47244
-15.500,25.500,6457
-15.500,26.500,196088
-15.500,27.500,427535
-15.500,28.500,3713179
-15.500,29.500,52707
-15.500,30.500,107324
-15.500,31.500,108141
-15.500,32.500,198143
-15.500,33.500,284227
-15.500,34.500,1449855
-15.500,35.500,3807219
-15.500,36.500,816129
-15.500,37.500,885255
-15.500,38.500,598299
-15.500,39.500,1785414
-15.500,40.500,289155
-15.500,45.500,35985
-15.500,46.500,438653
-15.500,47.500,417752
-15.500,48.500,471550
-15.500,49.500,321370
-15.500,50.500,181560
-15.500,124.500,42
-15.500,125.500,29
-15.500,126.500,29
-15.500,127.500,100
-15.500,128.500,7920
-15.500,129.500,63
-15.500,130.500,536
-15.500,131.500,9
-15.500,132.500,43
-15.500,133.500,57
-15.500,134.500,566
-15.500,135.500,44
-15.500,136.500,185
-15.500,137.500,9
-15.500,141.500,1197
-15.500,142.500,12
-15.500,143.500,70
-15.500,144.500,340
-15.500,145.500,4644
-15.500,166.500,18353
-15.500,167.500,62236
-15.500,168.500,24717
-16.500,-179.500,11261
-16.500,-153.500,19
-16.500,-152.500,1241
-16.500,-151.500,36617
-16.500,-150.500,2487
-16.500,-146.500,193
-16.500,-145.500,1446
-16.500,-144.500,239
-16.500,-143.500,661
-16.500,-142.500,280
-16.500,-74.500,129
-16.500,-73.500,10768
-16.500,-72.500,151482
-16.500,-71.500,1095738
-16.500,-70.500,46835
-16.500,-69.500,316087
-16.500,-68.500,2303636
-16.500,-67.500,224683
-16.500,-66.500,21881
-16.500,-65.500,128508
-16.500,-64.500,7478
-16.500,-63.500,56466
-16.500,-62.500,90586
-16.500,-61.500,16540
-16.500,-60.500,51155
-16.500,-59.500,7818
-16.500,-58.500,16102
-16.500,-57.500,89522
-16.500,-56.500,34780
-16.500,-55.500,10139
-16.500,-54.500,274085
-16.500,-53.500,31425
-16.500,-52.500,32443
-16.500,-51.500,84376
-16.500,-50.500,121087
-16.500,-49.500,2982335
-16.500,-48.500,962783
-16.500,-47.500,508208
-16.500,-46.500,100182
-16.500,-45.500,59300
-16.500,-44.500,153387
-16.500,-43.500,488221
-16.500,-42.500,160740
-16.500,-41.500,141046
-16.500,-40.500,129545
-16.500,-39.500,372036
-16.500,-38.500,2617
-16.500,-5.500,113
-16.500,11.500,428
-16.500,12.500,7065
-16.500,13.500,35886
-16.500,14.500,296599
-16.500,15.500,280778
-16.500,16.500,13171
-16.500,17.500,1023
-16.500,18.500,3731
-16.500,19.500,1443
-16.500,20.500,97
-16.500,21.500,3930
-16.500,22.500,85427
-16.500,23.500,103297
-16.500,24.500,33062
-16.500,25.500,32750
-16.500,26.500,470364
-16.500,27.500,473602
-16.500,28.500,276507
-16.500,29.500,326066
-16.500,30.500,351339
-16.500,31.500,600648
-16.500,32.500,242877
-16.500,33.500,738897
-16.500,34.500,758761
-16.500,35.500,2024202
-16.500,36.500,524536
-16.500,37.500,550820
-16.500,38.500,251660
-16.500,39.500,699329
-16.500,40.500,8299
-16.500,44.500,75879
-16.500,45.500,138014
-16.500,46.500,539924
-16.500,47.500,310828
-16.500,48.500,145978
-16.500,49.500,404640
-16.500,50.500,927
-16.500,122.500,719
-16.500,123.500,510
-16.500,124.500,10
-16.500,125.500,86
-16.500,126.500,21
-16.500,127.500,17
-16.500,128.500,443
-16.500,129.500,116
-16.500,130.500,329
-16.500,131.500,233
-16.500,132.500,20
-16.500,133.500,39
-16.500,134.500,16
-16.500,135.500,56
-16.500,136.500,1569
-16.500,137.500,7
-16.500,138.500,3
-16.500,139.500,1221
-16.500,141.500,39
-16.500,142.500,14
-16.500,143.500,29
-16.500,144.500,130
-16.500,145.500,164949
-16.500,146.500,5
-16.500,167.500,28036
-16.500,168.500,21793
-16.500,177.500,2883
-16.500,178.500,15573
-16.500,179.500,106046
-17.500,-179.500,1709
-17.500,-178.500,1543
-17.500,-150.500,331
-17.500,-149.500,227995
-17.500,-145.500,539
-17.500,-142.500,315
-17.500,-140.500,130
-17.500,-138.500,164
-17.500,-72.500,22959
-17.500,-71.500,98099
-17.500,-70.500,241739
-17.500,-69.500,25199
-17.500,-68.500,74000
-17.500,-67.500,505694
-17.500,-66.500,1593017
-17.500,-65.500,246617
-17.500,-64.500,109188
-17.500,-63.500,2484581
-17.500,-62.500,137685
-17.500,-61.500,25683
-17.500,-60.500,28734
-17.500,-59.500,2492
-17.500,-58.500,563
-17.500,-57.500,499
-17.500,-56.500,776
-17.500,-55.500,924
-17.500,-54.500,33426
-17.500,-53.500,39243
-17.500,-52.500,73229
-17.500,-51.500,117930
-17.500,-50.500,326402
-17.500,-49.500,158204
-17.500,-48.500,184103
-17.500,-47.500,24819
-17.500,-46.500,168012
-17.500,-45.500,12409
-17.500,-44.500,163701
-17.500,-43.500,89911
-17.500,-42.500,229367
-17.500,-41.500,297758
-17.500,-40.500,168548
-17.500,-39.500,344759
-17.500,-38.500,11
-17.500,11.500,827
-17.500,12.500,2717
-17.500,13.500,22517
-17.500,14.500,198697
-17.500,15.500,1086375
-17.500,16.500,235557
-17.500,17.500,34557
-17.500,18.500,54918
-17.500,19.500,135809
-17.500,20.500,26926
-17.500,21.500,10571
-17.500,22.500,16643
-17.500,23.500,23888
-17.500,24.500,152710
-17.500,25.500,392097
-17.500,26.500,268064
-17.500,27.500,219902
-17.500,28.500,323947
-17.500,29.500,418185
-17.500,30.500,1261688
-17.500,31.500,2379536
-17.500,32.500,444772
-17.500,33.500,208692
-17.500,34.500,208197
-17.500,35.500,930220
-17.500,36.500,784460
-17.500,37.500,595884
-17.500,38.500,138871
-17.500,39.500,1517
-17.500,43.500,3606
-17.500,44.500,113955
-17.500,45.500,84877
-17.500,46.500,144155
-17.500,47.500,144674
-17.500,48.500,720590
-17.500,49.500,694798
-17.500,122.500,15868
-17.500,123.500,5717
-17.500,124.500,184
-17.500,125.500,126
-17.500,126.500,37
-17.500,127.500,49
-17.500,128.500,455
-17.500,129.500,46
-17.500,130.500,610
-17.500,131.500,70
-17.500,133.500,445
-17.500,134.500,17
-17.500,135.500,32
-17.500,136.500,36
-17.500,137.500,47
-17.500,138.500,1389
-17.500,139.500,287
-17.500,140.500,655
-17.500,141.500,1378
-17.500,142.500,45
-17.500,143.500,30
-17.500,144.500,504
-17.500,145.500,78275
-17.500,146.500,16907
-17.500,168.500,101619
-17.500,176.500,323
-17.500,177.500,276076
-17.500,178.500,97118
-17.500,179.500,5384
-18.500,-179.500,620
-18.500,-178.500,2800
-18.500,-174.500,2850
-18.500,-173.500,9892
-18.500,-169.500,195
-18.500,-163.500,121
-18.500,-159.500,3518
-18.500,-142.500,190
-18.500,-140.500,843
-18.500,-139.500,17
-18.500,-138.500,61
-18.500,-137.500,202
-18.500,-136.500,374
-18.500,-70.500,366640
-18.500,-69.500,3285
-18.500,-68.500,28268
-18.500,-67.500,50432
-18.500,-66.500,273502
-18.500,-65.500,134162
-18.500,-64.500,83339
-18.500,-63.500,84631
-18.500,-62.500,13655
-18.500,-61.500,1075
-18.500,-60.500,1892
-18.500,-59.500,15597
-18.500,-58.500,10542
-18.500,-57.500,29763
-18.500,-56.500,1013
-18.500,-55.500,1177
-18.500,-54.500,63171
-18.500,-53.500,28112
-18.500,-52.500,36405
-18.500,-51.500,41983
-18.500,-50.500,116947
-18.500,-49.500,347373
-18.500,-48.500,888199
-18.500,-47.500,248891
-18.500,-46.500,290128
-18.500,-45.500,59394
-18.500,-44.500,140275
-18.500,-43.500,159090
-18.500,-42.500,231466
-18.500,-41.500,456713
-18.500,-40.500,306459
-18.500,-39.500,186437
-18.500,11.500,314
-18.500,12.500,339
-18.500,13.500,27476
-18.500,14.500,10936
-18.500,15.500,23764
-18.500,16.500,102023
-18.500,17.500,16472
-18.500,18.500,10029
-18.500,19.500,27454
-18.500,20.500,21525
-18.500,21.500,40812
-18.500,22.500,18181
-18.500,23.500,8833
-18.500,24.500,7841
-18.500,25.500,19946
-18.500,26.500,87670
-18.500,27.500,150523
-18.500,28.500,377075
-18.500,29.500,629575
-18.500,30.500,415629
-18.500,31.500,883901
-18.500,32.500,839299
-18.500,33.500,420297
-18.500,34.500,219623
-18.500,35.500,255248
-18.500,36.500,198752
-18.500,43.500,1160
-18.500,44.500,169786
-18.500,45.500,229605
-18.500,46.500,484794
-18.500,47.500,4706205
-18.500,48.500,420788
-18.500,49.500,534177
-18.500,121.500,735
-18.500,122.500,56
-18.500,123.500,21
-18.500,124.500,1008
-18.500,125.500,2515
-18.500,126.500,371
-18.500,127.500,1757
-18.500,128.500,258
-18.500,129.500,3
-18.500,130.500,751
-18.500,131.500,10
-18.500,133.500,45
-18.500,134.500,91
-18.500,135.500,58
-18.500,136.500,8
-18.500,137.500,15
-18.500,138.500,94
-18.500,139.500,220
-18.500,140.500,53
-18.500,141.500,82
-18.500,142.500,308
-18.500,143.500,508
-18.500,144.500,417
-18.500,145.500,2115
-18.500,146.500,15455
-18.500,169.500,2365
-18.500,177.500,45665
-18.500,178.500,339504
-18.500,179.500,2640
-19.500,-178.500,548
-19.500,-174.500,5014
-19.500,-169.500,1747
-19.500,-158.500,529
-19.500,-157.500,265
-19.500,-144.500,45
-19.500,-139.500,115
-19.500,-138.500,215
-19.500,-70.500,980
-19.500,-69.500,6972
-19.500,-68.500,24297
-19.500,-67.500,20467
-19.500,-66.500,39230
-19.500,-65.500,710949
-19.500,-64.500,103803
-19.500,-63.500,53858
-19.500,-62.500,15667
-19.500,-61.500,4
-19.500,-60.500,290
-19.500,-59.500,906
-19.500,-58.500,474
-19.500,-57.500,144437
-19.500,-56.500,1144
-19.500,-55.500,4479
-19.500,-54.500,60595
-19.500,-53.500,7457
-19.500,-52.500,4828
-19.500,-51.500,80641
-19.500,-50.500,91037
-19.500,-49.500,67864
-19.500,-48.500,82050
-19.500,-47.500,437151
-19.500,-46.500,236540
-19.500,-45.500,202880
-19.500,-44.500,2744267
-19.500,-43.500,3285274
-19.500,-42.500,895183
-19.500,-41.500,238246
-19.500,-40.500,653263
-19.500,-39.500,10313
-19.500,12.500,17
-19.500,13.500,4030
-19.500,14.500,10702
-19.500,15.500,4781
-19.500,16.500,4241
-19.500,17.500,40948
-19.500,18.500,28191
-19.500,19.500,4700
-19.500,20.500,3438
-19.500,21.500,984
-19.500,22.500,30958
-19.500,23.500,67365
-19.500,24.500,133
-19.500,25.500,204
-19.500,26.500,3176
-19.500,27.500,148981
-19.500,28.500,170970
-19.500,29.500,401606
-19.500,30.500,298091
-19.500,31.500,559213
-19.500,32.500,630749
-19.500,33.500,1032681
-19.500,34.500,1199836
-19.500,35.500,26376
-19.500,44.500,196537
-19.500,45.500,222434
-19.500,46.500,838728
-19.500,47.500,2010100
-19.500,48.500,456831
-19.500,49.500,580
-19.500,57.500,7630
-19.500,63.500,42121
-19.500,119.500,2
-19.500,120.500,45
-19.500,121.500,44
-19.500,125.500,7
-19.500,126.500,7
-19.500,127.500,298
-19.500,128.500,43
-19.500,129.500,82
-19.500,130.500,1
-19.500,133.500,34
-19.500,134.500,3693
-19.500,135.500,45
-19.500,136.500,58
-19.500,137.500,7
-19.500,138.500,265
-19.500,139.500,55
-19.500,140.500,63
-19.500,141.500,43
-19.500,142.500,30
-19.500,143.500,34
-19.500,144.500,174
-19.500,145.500,306
-19.500,146.500,201143
-19.500,147.500,18185
-19.500,148.500,4870
-19.500,163.500,695
-19.500,169.500,35174
-19.500,170.500,635
-19.500,177.500,739
-19.500,178.500,7535
-19.500,179.500,580
-20.500,-178.500,365
-20.500,-174.500,174
-20.500,-158.500,106
-20.500,-157.500,352
-20.500,-138.500,55
-20.500,-70.500,321762
-20.500,-69.500,53187
-20.500,-68.500,14707
-20.500,-67.500,5572
-20.500,-66.500,56944
-20.500,-65.500,92940
-20.500,-64.500,70985
-20.500,-63.500,63417
-20.500,-62.500,782
-20.500,-61.500,288
-20.500,-60.500,425
-20.500,-59.500,1353
-20.500,-58.500,2794
-20.500,-57.500,1700
-20.500,-56.500,45429
-20.500,-55.500,94625
-20.500,-54.500,982358
-20.500,-53.500,23564
-20.500,-52.500,18679
-20.500,-51.500,293505
-20.500,-50.500,353676
-20.500,-49.500,920248
-20.500,-48.500,558974
-20.500,-47.500,787944
-20.500,-46.500,305948
-20.500,-45.500,430976
-20.500,-44.500,1010880
-20.500,-43.500,664263
-20.500,-42.500,668138
-20.500,-41.500,731774
-20.500,-40.500,2278227
-20.500,13.500,102
-20.500,14.500,13958
-20.500,15.500,10367
-20.500,16.500,51929
-20.500,17.500,13291
-20.500,18.500,9447
-20.500,19.500,1129
-20.500,20.500,4136
-20.500,21.500,104
-20.500,22.500,10610
-20.500,23.500,48621
-20.500,24.500,5224
-20.500,25.500,14006
-20.500,26.500,40663
-20.500,27.500,308857
-20.500,28.500,781254
-20.500,29.500,289336
-20.500,30.500,731734
-20.500,31.500,579939
-20.500,32.500,722920
-20.500,33.500,326201
-20.500,34.500,122058
-20.500,35.500,24429
-20.500,43.500,1249
-20.500,44.500,278266
-20.500,45.500,139352
-20.500,46.500,299202
-20.500,47.500,816142
-20.500,48.500,455135
-20.500,55.500,424193
-20.500,57.500,1247806
-20.500,115.500,1071
-20.500,116.500,29037
-20.500,117.500,5419
-20.500,118.500,21433
-20.500,119.500,548
-20.500,120.500,407
-20.500,121.500,3
-20.500,127.500,813
-20.500,128.500,9
-20.500,129.500,24
-20.500,130.500,109
-20.500,133.500,3
-20.500,134.500,169
-20.500,135.500,504
-20.500,137.500,558
-20.500,138.500,51
-20.500,139.500,22227
-20.500,140.500,2898
-20.500,141.500,578
-20.500,142.500,157
-20.500,143.500,714
-20.500,144.500,1427
-20.500,145.500,465
-20.500,146.500,10681
-20.500,147.500,2758
-20.500,148.500,35240
-20.500,149.500,403
-20.500,163.500,67
-20.500,164.500,14346
-20.500,165.500,5909
-20.500,166.500,1690
-20.500,167.500,4018
-20.500,169.500,1101
-21.500,-178.500,41
-21.500,-175.500,80743
-21.500,-174.500,4692
-21.500,-159.500,10229
-21.500,-157.500,756
-21.500,-140.500,8
-21.500,-138.500,64
-21.500,-135.500,14
-21.500,-70.500,509
-21.500,-69.500,349
-21.500,-68.500,1336
-21.500,-67.500,11452
-21.500,-66.500,10757
-21.500,-65.500,70409
-21.500,-64.500,348474
-21.500,-63.500,161743
-21.500,-62.500,4228
-21.500,-61.500,1934
-21.500,-60.500,1828
-21.500,-59.500,2902
-21.500,-58.500,3395
-21.500,-57.500,19616
-21.500,-56.500,62177
-21.500,-55.500,60738
-21.500,-54.500,72019
-21.500,-53.500,14190
-21.500,-52.500,82706
-21.500,-51.500,375458
-21.500,-50.500,708050
-21.500,-49.500,449328
-21.500,-48.500,1195009
-21.500,-47.500,1455134
-21.500,-46.500,757239
-21.500,-45.500,803501
-21.500,-44.500,362354
-21.500,-43.500,1068526
-21.500,-42.500,763032
-21.500,-41.500,860086
-21.500,-40.500,58478
-21.500,13.500,12
-21.500,14.500,2572
-21.500,15.500,29759
-21.500,16.500,27509
-21.500,17.500,12040
-21.500,18.500,9355
-21.500,19.500,10942
-21.500,20.500,6265
-21.500,21.500,25283
-21.500,22.500,1941
-21.500,23.500,54
-21.500,24.500,20157
-21.500,25.500,51030
-21.500,26.500,10514
-21.500,27.500,332436
-21.500,28.500,162302
-21.500,29.500,97042
-21.500,30.500,140297
-21.500,31.500,203515
-21.500,32.500,69476
-21.500,33.500,58692
-21.500,34.500,77029
-21.500,35.500,106081
-21.500,43.500,123263
-21.500,44.500,96886
-21.500,45.500,67041
-21.500,46.500,434441
-21.500,47.500,1174850
-21.500,48.500,250649
-21.500,55.500,533629
-21.500,114.500,2426
-21.500,115.500,1806
-21.500,116.500,2033
-21.500,117.500,323
-21.500,118.500,519
-21.500,119.500,790
-21.500,120.500,1034
-21.500,121.500,214
-21.500,122.500,1178
-21.500,127.500,4
-21.500,132.500,233
-21.500,133.500,256
-21.500,134.500,865
-21.500,135.500,548
-21.500,136.500,12
-21.500,138.500,69
-21.500,139.500,262
-21.500,140.500,225
-21.500,141.500,213
-21.500,142.500,167
-21.500,143.500,174
-21.500,144.500,139
-21.500,145.500,64
-21.500,146.500,156
-21.500,147.500,280
-21.500,148.500,19229
-21.500,149.500,127728
-21.500,164.500,10770
-21.500,165.500,19943
-21.500,166.500,5160
-21.500,167.500,2721
-21.500,168.500,627
-22.500,-152.500,691
-22.500,-151.500,1947
-22.500,-138.500,162
-22.500,-70.500,18192
-22.500,-69.500,4169
-22.500,-68.500,162927
-22.500,-67.500,1989
-22.500,-66.500,5492
-22.500,-65.500,93466
-22.500,-64.500,56031
-22.500,-63.500,168942
-22.500,-62.500,16099
-22.500,-61.500,2424
-22.500,-60.500,41404
-22.500,-59.500,42192
-22.500,-58.500,5767
-22.500,-57.500,29942
-22.500,-56.500,82553
-22.500,-55.500,263213
-22.500,-54.500,343898
-22.500,-53.500,153954
-22.500,-52.500,139256
-22.500,-51.500,533372
-22.500,-50.500,368257
-22.500,-49.500,965074
-22.500,-48.500,776236
-22.500,-47.500,4230880
-22.500,-46.500,1415697
-22.500,-45.500,1206801
-22.500,-44.500,1067112
-22.500,-43.500,12683090
-22.500,-42.500,2080355
-22.500,-41.500,547925
-22.500,-40.500,30
-22.500,14.500,160671
-22.500,15.500,2360
-22.500,16.500,11333
-22.500,17.500,404638
-22.500,18.500,29655
-22.500,19.500,7309
-22.500,20.500,21351
-22.500,21.500,3799
-22.500,22.500,1439
-22.500,23.500,71
-22.500,24.500,169
-22.500,25.500,802
-22.500,26.500,92424
-22.500,27.500,90116
-22.500,28.500,47883
-22.500,29.500,107133
-22.500,30.500,780521
-22.500,31.500,64395
-22.500,32.500,24419
-22.500,33.500,20608
-22.500,34.500,40581
-22.500,35.500,143965
-22.500,43.500,215203
-22.500,44.500,181891
-22.500,45.500,170804
-22.500,46.500,382048
-22.500,47.500,1081675
-22.500,48.500,88102
-22.500,113.500,12
-22.500,114.500,124
-22.500,115.500,260
-22.500,116.500,81
-22.500,117.500,7481
-22.500,118.500,1773
-22.500,119.500,2928
-22.500,120.500,294
-22.500,121.500,14
-22.500,122.500,314
-22.500,123.500,303
-22.500,124.500,157
-22.500,127.500,418
-22.500,130.500,236
-22.500,131.500,748
-22.500,132.500,528
-22.500,133.500,544
-22.500,134.500,923
-22.500,135.500,78
-22.500,136.500,39
-22.500,137.500,14
-22.500,138.500,18
-22.500,139.500,278
-22.500,140.500,65
-22.500,141.500,17
-22.500,142.500,57
-22.500,143.500,1048
-22.500,144.500,256
-22.500,145.500,433
-22.500,146.500,148
-22.500,147.500,4266
-22.500,148.500,15225
-22.500,149.500,923
-22.500,150.500,602
-22.500,165.500,2
-22.500,166.500,218392
-22.500,167.500,2063
-22.500,171.500,3
-23.500,-149.500,2099
-23.500,-147.500,683
-23.500,-135.500,13
-23.500,-134.500,2032
-23.500,-70.500,412535
-23.500,-69.500,3142
-23.500,-68.500,3126
-23.500,-67.500,1129
-23.500,-66.500,5099
-23.500,-65.500,39639
-23.500,-64.500,272277
-23.500,-63.500,13158
-23.500,-62.500,22612
-23.500,-61.500,21636
-23.500,-60.500,4408
-23.500,-59.500,16432
-23.500,-58.500,8775
-23.500,-57.500,181576
-23.500,-56.500,144445
-23.500,-55.500,131476
-23.500,-54.500,138829
-23.500,-53.500,271609
-23.500,-52.500,505042
-23.500,-51.500,1874094
-23.500,-50.500,408940
-23.500,-49.500,412201
-23.500,-48.500,527751
-23.500,-47.500,2547827
-23.500,-46.500,23397969
-23.500,-45.500,1704889
-23.500,-44.500,153180
-23.500,-43.500,224610
-23.500,-42.500,15
-23.500,14.500,125
-23.500,15.500,466
-23.500,16.500,4666
-23.500,17.500,42490
-23.500,18.500,6503
-23.500,19.500,11431
-23.500,20.500,4397
-23.500,21.500,11128
-23.500,22.500,8872
-23.500,23.500,702
-23.500,24.500,2898
-23.500,25.500,39326
-23.500,26.500,107127
-23.500,27.500,90417
-23.500,28.500,274091
-23.500,29.500,1213005
-23.500,30.500,1236889
-23.500,31.500,132600
-23.500,32.500,71296
-23.500,33.500,31907
-23.500,34.500,55219
-23.500,35.500,623027
-23.500,43.500,440241
-23.500,44.500,295811
-23.500,45.500,180874
-23.500,46.500,222848
-23.500,47.500,641324
-23.500,113.500,282
-23.500,114.500,23
-23.500,115.500,35
-23.500,116.500,51
-23.500,117.500,2802
-23.500,118.500,597
-23.500,119.500,10309
-23.500,120.500,755
-23.500,121.500,5
-23.500,128.500,3
-23.500,129.500,472
-23.500,131.500,895
-23.500,132.500,853
-23.500,133.500,28857
-23.500,134.500,82
-23.500,135.500,11
-23.500,136.500,8
-23.500,137.500,1
-23.500,138.500,3
-23.500,139.500,13
-23.500,140.500,30
-23.500,141.500,12
-23.500,142.500,12
-23.500,143.500,109
-23.500,144.500,3677
-23.500,145.500,1540
-23.500,146.500,802
-23.500,147.500,2339
-23.500,148.500,27513
-23.500,149.500,1627
-23.500,150.500,129519
-23.500,151.500,58171
-24.500,-70.500,406
-24.500,-69.500,2328
-24.500,-68.500,159
-24.500,-67.500,297
-24.500,-66.500,7748
-24.500,-65.500,1286793
-24.500,-64.500,123957
-24.500,-63.500,15784
-24.500,-62.500,8918
-24.500,-61.500,22126
-24.500,-60.500,26816
-24.500,-59.500,24201
-24.500,-58.500,21481
-24.500,-57.500,57860
-24.500,-56.500,357268
-24.500,-55.500,238661
-24.500,-54.500,289507
-24.500,-53.500,721171
-24.500,-52.500,253585
-24.500,-51.500,194810
-24.500,-50.500,234721
-24.500,-49.500,249242
-24.500,-48.500,200688
-24.500,-47.500,237470
-24.500,-46.500,476193
-24.500,-45.500,51
-24.500,15.500,969
-24.500,16.500,4469
-24.500,17.500,23985
-24.500,18.500,6728
-24.500,19.500,6383
-24.500,20.500,11
-24.500,21.500,5275
-24.500,22.500,315
-24.500,23.500,6183
-24.500,24.500,36467
-24.500,25.500,775290
-24.500,26.500,146619
-24.500,27.500,122350
-24.500,28.500,360406
-24.500,29.500,802030
-24.500,30.500,573887
-24.500,31.500,563999
-24.500,32.500,173859
-24.500,33.500,758416
-24.500,34.500,340225
-24.500,35.500,217995
-24.500,43.500,41152
-24.500,44.500,302994
-24.500,45.500,471138
-24.500,46.500,266573
-24.500,47.500,101019
-24.500,113.500,5240
-24.500,114.500,28
-24.500,115.500,16
-24.500,116.500,139
-24.500,118.500,24
-24.500,119.500,20
-24.500,126.500,3
-24.500,128.500,96
-24.500,129.500,300
-24.500,131.500,106
-24.500,132.500,290
-24.500,133.500,140
-24.500,134.500,868
-24.500,135.500,21
-24.500,138.500,4
-24.500,139.500,108
-24.500,140.500,2
-24.500,141.500,36
-24.500,142.500,18
-24.500,143.500,91
-24.500,144.500,249
-24.500,145.500,1518
-24.500,146.500,534
-24.500,147.500,304
-24.500,148.500,2129
-24.500,149.500,4278
-24.500,150.500,11611
-24.500,151.500,16230
-24.500,152.500,92728
-24.500,153.500,118
-25.500,-130.500,67
-25.500,-70.500,11874
-25.500,-69.500,218
-25.500,-68.500,108
-25.500,-67.500,695
-25.500,-66.500,15713
-25.500,-65.500,45687
-25.500,-64.500,104901
-25.500,-63.500,18869
-25.500,-62.500,17951
-25.500,-61.500,4726
-25.500,-60.500,61301
-25.500,-59.500,53662
-25.500,-58.500,41658
-25.500,-57.500,2292256
-25.500,-56.500,679388
-25.500,-55.500,381535
-25.500,-54.500,1116732
-25.500,-53.500,312475
-25.500,-52.500,266564
-25.500,-51.500,275705
-25.500,-50.500,653855
-25.500,-49.500,3411616
-25.500,-48.500,305233
-25.500,-47.500,10092
-25.500,14.500,1
-25.500,15.500,102
-25.500,16.500,1323
-25.500,17.500,7961
-25.500,18.500,5168
-25.500,19.500,3044
-25.500,20.500,146
-25.500,21.500,56
-25.500,22.500,6720
-25.500,23.500,17276
-25.500,24.500,29853
-25.500,25.500,641594
-25.500,26.500,230885
-25.500,27.500,1517375
-25.500,28.500,5101802
-25.500,29.500,1126714
-25.500,30.500,231244
-25.500,31.500,1192849
-25.500,32.500,3551696
-25.500,33.500,347274
-25.500,34.500,311
-25.500,44.500,70332
-25.500,45.500,454891
-25.500,46.500,377139
-25.500,47.500,27
-25.500,113.500,688
-25.500,114.500,42
-25.500,115.500,63
-25.500,116.500,13
-25.500,117.500,36
-25.500,118.500,90
-25.500,119.500,163
-25.500,120.500,4
-25.500,121.500,15
-25.500,122.500,13
-25.500,125.500,10
-25.500,127.500,316
-25.500,128.500,408
-25.500,129.500,2
-25.500,130.500,899
-25.500,131.500,356
-25.500,132.500,219
-25.500,133.500,80
-25.500,134.500,176
-25.500,135.500,2
-25.500,138.500,12
-25.500,139.500,89
-25.500,140.500,15
-25.500,141.500,44
-25.500,142.500,138
-25.500,143.500,32
-25.500,144.500,64
-25.500,145.500,88
-25.500,146.500,559
-25.500,147.500,123
-25.500,148.500,1042
-25.500,149.500,1339
-25.500,150.500,643
-25.500,151.500,9322
-25.500,152.500,135213
-25.500,153.500,3353
-26.500,-80.500,26
-26.500,-79.500,1
-26.500,-70.500,13371
-26.500,-69.500,6213
-26.500,-68.500,41
-26.500,-67.500,906
-26.500,-66.500,25742
-26.500,-65.500,1225013
-26.500,-64.500,75143
-26.500,-63.500,11084
-26.500,-62.500,16507
-26.500,-61.500,40522
-26.500,-60.500,247771
-26.500,-59.500,125226
-26.500,-58.500,332113
-26.500,-57.500,96607
-26.500,-56.500,234882
-26.500,-55.500,343623
-26.500,-54.500,289448
-26.500,-53.500,424139
-26.500,-52.500,431666
-26.500,-51.500,272646
-26.500,-50.500,244559
-26.500,-49.500,1085998
-26.500,-48.500,1329488
-26.500,15.500,18351
-26.500,16.500,2155
-26.500,17.500,4681
-26.500,18.500,22895
-26.500,19.500,3173
-26.500,20.500,7687
-26.500,21.500,4006
-26.500,22.500,25525
-26.500,23.500,69999
-26.500,24.500,122515
-26.500,25.500,318398
-26.500,26.500,608611
-26.500,27.500,5762815
-26.500,28.500,5849590
-26.500,29.500,670289
-26.500,30.500,340038
-26.500,31.500,823694
-26.500,32.500,256155
-26.500,113.500,64
-26.500,114.500,67
-26.500,115.500,42
-26.500,116.500,34
-26.500,117.500,21
-26.500,118.500,1076
-26.500,119.500,72
-26.500,120.500,727
-26.500,121.500,25
-26.500,122.500,10
-26.500,125.500,48
-26.500,126.500,538
-26.500,128.500,189
-26.500,129.500,213
-26.500,130.500,126
-26.500,131.500,520
-26.500,132.500,964
-26.500,133.500,342
-26.500,134.500,3
-26.500,135.500,34
-26.500,139.500,3
-26.500,140.500,4
-26.500,141.500,3
-26.500,142.500,6
-26.500,143.500,87
-26.500,144.500,638
-26.500,145.500,107
-26.500,146.500,3618
-26.500,147.500,1629
-26.500,148.500,9360
-26.500,149.500,2629
-26.500,150.500,10736
-26.500,151.500,35352
-26.500,152.500,167997
-26.500,153.500,282746
-27.500,-144.500,417
-27.500,-109.500,6598
-27.500,-71.500,89
-27.500,-70.500,236607
-27.500,-69.500,764
-27.500,-68.500,119
-27.500,-67.500,32521
-27.500,-66.500,26374
-27.500,-65.500,429451
-27.500,-64.500,575915
-27.500,-63.500,68882
-27.500,-62.500,35352
-27.500,-61.500,110255
-27.500,-60.500,102293
-27.500,-59.500,198746
-27.500,-58.500,813345
-27.500,-57.500,47596
-27.500,-56.500,126181
-27.500,-55.500,1069783
-27.500,-54.500,376822
-27.500,-53.500,384560
-27.500,-52.500,650492
-27.500,-51.500,341934
-27.500,-50.500,346550
-27.500,-49.500,323415
-27.500,-48.500,1486282
-27.500,15.500,8
-27.500,16.500,8680
-27.500,17.500,717
-27.500,18.500,1935
-27.500,19.500,994
-27.500,20.500,897
-27.500,21.500,1149
-27.500,22.500,37339
-27.500,23.500,196142
-27.500,24.500,239446
-27.500,25.500,203135
-27.500,26.500,410741
-27.500,27.500,197660
-27.500,28.500,111337
-27.500,29.500,177329
-27.500,30.500,737042
-27.500,31.500,560222
-27.500,32.500,314805
-27.500,114.500,1756
-27.500,115.500,41
-27.500,116.500,67
-27.500,117.500,302
-27.500,118.500,38
-27.500,119.500,102
-27.500,120.500,1538
-27.500,121.500,149
-27.500,122.500,160
-27.500,123.500,8
-27.500,124.500,3
-27.500,129.500,49
-27.500,131.500,4
-27.500,132.500,297
-27.500,133.500,118
-27.500,134.500,10
-27.500,135.500,170
-27.500,138.500,4
-27.500,139.500,16
-27.500,140.500,89
-27.500,141.500,43
-27.500,142.500,27
-27.500,143.500,206
-27.500,144.500,157
-27.500,145.500,137
-27.500,146.500,65
-27.500,147.500,152
-27.500,148.500,517
-27.500,149.500,1570
-27.500,150.500,4354
-27.500,151.500,185093
-27.500,152.500,960554
-27.500,153.500,1921062
-28.500,-71.500,12159
-28.500,-70.500,50532
-28.500,-69.500,1680
-28.500,-68.500,3345
-28.500,-67.500,27447
-28.500,-66.500,40553
-28.500,-65.500,307181
-28.500,-64.500,44780
-28.500,-63.500,45828
-28.500,-62.500,64497
-28.500,-61.500,19072
-28.500,-60.500,5859
-28.500,-59.500,112282
-28.500,-58.500,83184
-28.500,-57.500,11019
-28.500,-56.500,109920
-28.500,-55.500,62180
-28.500,-54.500,226152
-28.500,-53.500,273710
-28.500,-52.500,494099
-28.500,-51.500,261797
-28.500,-50.500,93772
-28.500,-49.500,786741
-28.500,-48.500,196272
-28.500,16.500,11844
-28.500,17.500,9448
-28.500,18.500,8082
-28.500,19.500,7469
-28.500,20.500,57781
-28.500,21.500,123866
-28.500,22.500,9675
-28.500,23.500,68100
-28.500,24.500,372016
-28.500,25.500,28499
-28.500,26.500,157202
-28.500,27.500,252888
-28.500,28.500,702253
-28.500,29.500,466938
-28.500,30.500,702317
-28.500,31.500,914708
-28.500,32.500,392093
-28.500,113.500,2
-28.500,114.500,44609
-28.500,115.500,1064
-28.500,116.500,283
-28.500,117.500,691
-28.500,118.500,54
-28.500,119.500,23
-28.500,120.500,207
-28.500,121.500,1528
-28.500,122.500,832
-28.500,123.500,10
-28.500,127.500,6
-28.500,129.500,1
-28.500,134.500,204
-28.500,135.500,5
-28.500,136.500,15
-28.500,138.500,12
-28.500,139.500,5
-28.500,140.500,192
-28.500,141.500,21
-28.500,142.500,7
-28.500,143.500,15
-28.500,144.500,94
-28.500,145.500,1340
-28.500,146.500,160
-28.500,147.500,403
-28.500,148.500,4557
-28.500,149.500,1309
-28.500,150.500,9566
-28.500,151.500,20861
-28.500,152.500,36449
-28.500,153.500,525147
-28.500,167.500,9
-29.500,-71.500,501663
-29.500,-70.500,8962
-29.500,-69.500,1027
-29.500,-68.500,12469
-29.500,-67.500,63507
-29.500,-66.500,235883
-29.500,-65.500,22703
-29.500,-64.500,3507
-29.500,-63.500,39823
-29.500,-62.500,15393
-29.500,-61.500,34889
-29.500,-60.500,47395
-29.500,-59.500,260074
-29.500,-58.500,91140
-29.500,-57.500,180206
-29.500,-56.500,69236
-29.500,-55.500,103115
-29.500,-54.500,126080
-29.500,-53.500,460415
-29.500,-52.500,449919
-29.500,-51.500,3212174
-29.500,-50.500,672887
-29.500,-49.500,153762
-29.500,16.500,6563
-29.500,17.500,47071
-29.500,18.500,2675
-29.500,19.500,6537
-29.500,20.500,476
-29.500,21.500,6131
-29.500,22.500,23737
-29.500,23.500,28101
-29.500,24.500,54574
-29.500,25.500,31858
-29.500,26.500,846197
-29.500,27.500,1063097
-29.500,28.500,415665
-29.500,29.500,318575
-29.500,30.500,4071051
-29.500,31.500,1167554
-29.500,114.500,4243
-29.500,115.500,2246
-29.500,116.500,2071
-29.500,117.500,124
-29.500,118.500,5
-29.500,119.500,3
-29.500,120.500,56
-29.500,121.500,96
-29.500,122.500,220
-29.500,123.500,4
-29.500,124.500,17
-29.500,127.500,237
-29.500,129.500,1
-29.500,130.500,74
-29.500,133.500,12
-29.500,134.500,1413
-29.500,135.500,30
-29.500,137.500,10
-29.500,138.500,99
-29.500,139.500,9
-29.500,140.500,3
-29.500,141.500,32
-29.500,142.500,90
-29.500,143.500,25
-29.500,144.500,113
-29.500,145.500,160
-29.500,146.500,1156
-29.500,147.500,2909
-29.500,148.500,1088
-29.500,149.500,9905
-29.500,150.500,6408
-29.500,151.500,26238
-29.500,152.500,32674
-29.500,153.500,31437
-29.500,167.500,2143
-30.500,-71.500,198520
-30.500,-70.500,58921
-30.500,-69.500,10093
-30.500,-68.500,23092
-30.500,-67.500,9908
-30.500,-66.500,34104
-30.500,-65.500,15023
-30.500,-64.500,158159
-30.500,-63.500,34114
-30.500,-62.500,45778
-30.500,-61.500,107555
-30.500,-60.500,50227
-30.500,-59.500,98889
-30.500,-58.500,64430
-30.500,-57.500,126761
-30.500,-56.500,70413
-30.500,-55.500,169842
-30.500,-54.500,136980
-30.500,-53.500,81804
-30.500,-52.500,150962
-30.500,-51.500,2014556
-30.500,-50.500,97472
-30.500,17.500,7481
-30.500,18.500,6218
-30.500,19.500,3289
-30.500,20.500,3744
-30.500,21.500,3123
-30.500,22.500,10299
-30.500,23.500,8118
-30.500,24.500,45916
-30.500,25.500,48291
-30.500,26.500,57733
-30.500,27.500,385867
-30.500,28.500,463541
-30.500,29.500,752916
-30.500,30.500,1069480
-30.500,114.500,293
-30.500,115.500,4245
-30.500,116.500,4809
-30.500,117.500,1296
-30.500,118.500,660
-30.500,119.500,296
-30.500,120.500,41
-30.500,121.500,35599
-30.500,122.500,15
-30.500,124.500,1
-30.500,125.500,5
-30.500,126.500,2
-30.500,128.500,2
-30.500,130.500,8
-30.500,131.500,9
-30.500,132.500,16
-30.500,133.500,5
-30.500,134.500,9
-30.500,135.500,33
-30.500,136.500,5363
-30.500,137.500,905
-30.500,138.500,696
-30.500,139.500,38
-30.500,140.500,3
-30.500,141.500,79
-30.500,142.500,52
-30.500,143.500,130
-30.500,144.500,90
-30.500,145.500,2172
-30.500,146.500,221
-30.500,147.500,516
-30.500,148.500,5106
-30.500,149.500,11504
-30.500,150.500,19290
-30.500,151.500,38118
-30.500,152.500,33639
-30.500,153.500,89552
-31.500,-71.500,61782
-31.500,-70.500,25183
-31.500,-69.500,9408
-31.500,-68.500,695107
-31.500,-67.500,2823
-31.500,-66.500,22209
-31.500,-65.500,102864
-31.500,-64.500,1958536
-31.500,-63.500,178916
-31.500,-62.500,167962
-31.500,-61.500,241602
-31.500,-60.500,1014881
-31.500,-59.500,105760
-31.500,-58.500,215535
-31.500,-57.500,148117
-31.500,-56.500,15288
-31.500,-55.500,74604
-31.500,-54.500,140572
-31.500,-53.500,51167
-31.500,-52.500,488758
-31.500,-51.500,37089
-31.500,-50.500,8682
-31.500,17.500,396
-31.500,18.500,83985
-31.500,19.500,14373
-31.500,20.500,5497
-31.500,21.500,4453
-31.500,22.500,3669
-31.500,23.500,25327
-31.500,24.500,19763
-31.500,25.500,36363
-31.500,26.500,180177
-31.500,27.500,299094
-31.500,28.500,890740
-31.500,29.500,760739
-31.500,30.500,40242
-31.500,115.500,1071126
-31.500,116.500,139405
-31.500,117.500,4841
-31.500,118.500,4719
-31.500,119.500,1204
-31.500,120.500,13
-31.500,121.500,3064
-31.500,122.500,73
-31.500,123.500,119
-31.500,125.500,13
-31.500,126.500,11
-31.500,127.500,13
-31.500,128.500,60
-31.500,129.500,8
-31.500,130.500,12
-31.500,131.500,436
-31.500,132.500,100
-31.500,133.500,309
-31.500,134.500,2
-31.500,135.500,18
-31.500,136.500,237
-31.500,137.500,20
-31.500,138.500,379
-31.500,139.500,16
-31.500,140.500,19
-31.500,141.500,17727
-31.500,142.500,63
-31.500,143.500,673
-31.500,144.500,78
-31.500,145.500,3835
-31.500,146.500,363
-31.500,147.500,4440
-31.500,148.500,5910
-31.500,149.500,8144
-31.500,150.500,59658
-31.500,151.500,9083
-31.500,152.500,151695
-31.500,153.500,407
-31.500,159.500,380
-32.500,-71.500,538899
-32.500,-70.500,328845
-32.500,-69.500,10646
-32.500,-68.500,1226410
-32.500,-67.500,1760
-32.500,-66.500,10335
-32.500,-65.500,81503
-32.500,-64.500,158795
-32.500,-63.500,220273
-32.500,-62.500,138561
-32.500,-61.500,212311
-32.500,-60.500,1397054
-32.500,-59.500,77603
-32.500,-58.500,315945
-32.500,-57.500,35718
-32.500,-56.500,19789
-32.500,-55.500,12222
-32.500,-54.500,67764
-32.500,-53.500,73894
-32.500,-52.500,232001
-32.500,-51.500,153
-32.500,17.500,32740
-32.500,18.500,153655
-32.500,19.500,41982
-32.500,20.500,4591
-32.500,21.500,7409
-32.500,22.500,45691
-32.500,23.500,6868
-32.500,24.500,59575
-32.500,25.500,77912
-32.500,26.500,198891
-32.500,27.500,826491
-32.500,28.500,412088
-32.500,29.500,17275
-32.500,115.500,839686
-32.500,116.500,75853
-32.500,117.500,10649
-32.500,118.500,2501
-32.500,119.500,437
-32.500,120.500,25
-32.500,121.500,1025
-32.500,122.500,7
-32.500,123.500,88
-32.500,124.500,5
-32.500,125.500,13
-32.500,126.500,18
-32.500,132.500,10
-32.500,133.500,3301
-32.500,134.500,2260
-32.500,135.500,307
-32.500,136.500,102
-32.500,137.500,15162
-32.500,138.500,5822
-32.500,139.500,158
-32.500,140.500,107
-32.500,141.500,103
-32.500,142.500,652
-32.500,143.500,103
-32.500,144.500,275
-32.500,145.500,101
-32.500,146.500,453
-32.500,147.500,3581
-32.500,148.500,56109
-32.500,149.500,26111
-32.500,150.500,30134
-32.500,151.500,510144
-32.500,152.500,76659
-33.500,-80.500,35
-33.500,-78.500,937
-33.500,-71.500,1370357
-33.500,-70.500,7505647
-33.500,-69.500,135435
-33.500,-68.500,370023
-33.500,-67.500,16566
-33.500,-66.500,255693
-33.500,-65.500,162463
-33.500,-64.500,238943
-33.500,-63.500,52243
-33.500,-62.500,100997
-33.500,-61.500,287445
-33.500,-60.500,705277
-33.500,-59.500,172642
-33.500,-58.500,204083
-33.500,-57.500,26956
-33.500,-56.500,76392
-33.500,-55.500,20212
-33.500,-54.500,52742
-33.500,-53.500,52545
-33.500,-52.500,1414
-33.500,17.500,27936
-33.500,18.500,3225990
-33.500,19.500,495994
-33.500,20.500,87258
-33.500,21.500,33039
-33.500,22.500,290604
-33.500,23.500,66414
-33.500,24.500,49894
-33.500,25.500,1365543
-33.500,26.500,160861
-33.500,27.500,255418
-33.500,114.500,975
-33.500,115.500,151686
-33.500,116.500,18075
-33.500,117.500,10061
-33.500,118.500,2585
-33.500,119.500,946
-33.500,120.500,2028
-33.500,121.500,13965
-33.500,122.500,761
-33.500,123.500,22
-33.500,134.500,728
-33.500,135.500,1646
-33.500,136.500,4005
-33.500,137.500,41700
-33.500,138.500,27231
-33.500,139.500,475
-33.500,140.500,54
-33.500,141.500,151
-33.500,142.500,263
-33.500,143.500,85
-33.500,144.500,175
-33.500,145.500,1822
-33.500,146.500,3295
-33.500,147.500,10163
-33.500,148.500,43167
-33.500,149.500,105444
-33.500,150.500,1646108
-33.500,151.500,3293971
-34.500,-72.500,20177
-34.500,-71.500,543314
-34.500,-70.500,641020
-34.500,-69.500,697
-34.500,-68.500,186448
-34.500,-67.500,67961
-34.500,-66.500,944
-34.500,-65.500,7910
-34.500,-64.500,29693
-34.500,-63.500,52741
-34.500,-62.500,60394
-34.500,-61.500,117060
-34.500,-60.500,320565
-34.500,-59.500,464593
-34.500,-58.500,14880962
-34.500,-57.500,694874
-34.500,-56.500,1781992
-34.500,-55.500,350193
-34.500,-54.500,211832
-34.500,-53.500,10330
-34.500,18.500,2082641
-34.500,19.500,191687
-34.500,20.500,80585
-34.500,21.500,46731
-34.500,22.500,198835
-34.500,23.500,120083
-34.500,24.500,84307
-34.500,25.500,13162
-34.500,114.500,6
-34.500,115.500,4163
-34.500,116.500,9849
-34.500,117.500,28455
-34.500,118.500,1429
-34.500,119.500,480
-34.500,120.500,2
-34.500,121.500,8
-34.500,122.500,8
-34.500,123.500,4
-34.500,135.500,20822
-34.500,136.500,2358
-34.500,137.500,14499
-34.500,138.500,1089267
-34.500,139.500,22395
-34.500,140.500,28324
-34.500,141.500,2372
-34.500,142.500,61001
-34.500,143.500,1903
-34.500,144.500,2665
-34.500,145.500,3291
-34.500,146.500,42711
-34.500,147.500,18262
-34.500,148.500,37673
-34.500,149.500,39081
-34.500,150.500,672391
-34.500,151.500,225404
-34.500,172.500,435
-34.500,173.500,5100
-35.500,-72.500,136908
-35.500,-71.500,713550
-35.500,-70.500,1816
-35.500,-69.500,28170
-35.500,-68.500,2039
-35.500,-67.500,8085
-35.500,-66.500,905
-35.500,-65.500,8150
-35.500,-64.500,44478
-35.500,-63.500,104814
-35.500,-62.500,76864
-35.500,-61.500,84395
-35.500,-60.500,134097
-35.500,-59.500,119763
-35.500,-58.500,231496
-35.500,-57.500,62226
-35.500,116.500,167
-35.500,117.500,20390
-35.500,118.500,5
-35.500,136.500,311
-35.500,137.500,7160
-35.500,138.500,384160
-35.500,139.500,29109
-35.500,140.500,3021
-35.500,141.500,1386
-35.500,142.500,5482
-35.500,143.500,22937
-35.500,144.500,16353
-35.500,145.500,21625
-35.500,146.500,17240
-35.500,147.500,73865
-35.500,148.500,18029
-35.500,149.500,472121
-35.500,150.500,78387
-35.500,173.500,52219
-35.500,174.500,95265
-36.500,-73.500,845400
-36.500,-72.500,529100
-36.500,-71.500,172376
-36.500,-70.500,2504
-36.500,-69.500,2294
-36.500,-68.500,1197
-36.500,-67.500,1035
-36.500,-66.500,3402
-36.500,-65.500,9429
-36.500,-64.500,146915
-36.500,-63.500,31751
-36.500,-62.500,42502
-36.500,-61.500,67035
-36.500,-60.500,146441
-36.500,-59.500,110829
-36.500,-58.500,5861
-36.500,-57.500,64737
-36.500,-56.500,84501
-36.500,136.500,15
-36.500,137.500,1
-36.500,139.500,2113
-36.500,140.500,14826
-36.500,141.500,6574
-36.500,142.500,27993
-36.500,143.500,13128
-36.500,144.500,153682
-36.500,145.500,112661
-36.500,146.500,156011
-36.500,147.500,14864
-36.500,148.500,8350
-36.500,149.500,39503
-36.500,150.500,13384
-36.500,173.500,1924
-36.500,174.500,1565805
-36.500,175.500,31374
-37.500,-73.500,275934
-37.500,-72.500,519613
-37.500,-71.500,48906
-37.500,-70.500,29060
-37.500,-69.500,7515
-37.500,-68.500,29097
-37.500,-67.500,36516
-37.500,-66.500,533
-37.500,-65.500,874
-37.500,-64.500,17526
-37.500,-63.500,33061
-37.500,-62.500,47411
-37.500,-61.500,74050
-37.500,-60.500,19321
-37.500,-59.500,174019
-37.500,-58.500,75546
-37.500,-57.500,348876
-37.500,-56.500,68075
-37.500,-12.500,348
-37.500,139.500,1438
-37.500,140.500,47146
-37.500,141.500,9399
-37.500,142.500,31696
-37.500,143.500,151098
-37.500,144.500,2150245
-37.500,145.500,2295497
-37.500,146.500,17805
-37.500,147.500,40340
-37.500,148.500,9611
-37.500,149.500,6219
-37.500,150.500,15
-37.500,174.500,238758
-37.500,175.500,365463
-37.500,176.500,190538
-37.500,177.500,6976
-37.500,178.500,2908
-38.500,-73.500,85200
-38.500,-72.500,714644
-38.500,-71.500,39081
-38.500,-70.500,56047
-38.500,-69.500,69297
-38.500,-68.500,440452
-38.500,-67.500,122365
-38.500,-66.500,346
-38.500,-65.500,1243
-38.500,-64.500,12942
-38.500,-63.500,10092
-38.500,-62.500,403969
-38.500,-61.500,36790
-38.500,-60.500,76302
-38.500,-59.500,23615
-38.500,-58.500,113932
-38.500,-57.500,427670
-38.500,140.500,1656
-38.500,141.500,16192
-38.500,142.500,55729
-38.500,143.500,35751
-38.500,144.500,343639
-38.500,145.500,856905
-38.500,146.500,111193
-38.500,147.500,19676
-38.500,174.500,9527
-38.500,175.500,71230
-38.500,176.500,114557
-38.500,177.500,23340
-38.500,178.500,30140
-39.500,-73.500,211572
-39.500,-72.500,224661
-39.500,-71.500,74433
-39.500,-70.500,10681
-39.500,-69.500,5969
-39.500,-68.500,12353
-39.500,-67.500,169678
-39.500,-66.500,9027
-39.500,-65.500,37926
-39.500,-64.500,4091
-39.500,-63.500,1598
-39.500,-62.500,32294
-39.500,-61.500,525
-39.500,143.500,1137
-39.500,144.500,235
-39.500,146.500,40
-39.500,147.500,126
-39.500,148.500,57
-39.500,173.500,8556
-39.500,174.500,116950
-39.500,175.500,49458
-39.500,176.500,159666
-39.500,177.500,6643
-40.500,-73.500,240180
-40.500,-72.500,116402
-40.500,-71.500,52360
-40.500,-70.500,5800
-40.500,-69.500,490
-40.500,-68.500,7005
-40.500,-67.500,3467
-40.500,-66.500,7832
-40.500,-65.500,11523
-40.500,-64.500,25396
-40.500,-63.500,33751
-40.500,-62.500,57393
-40.500,143.500,17
-40.500,144.500,949
-40.500,145.500,14760
-40.500,147.500,836
-40.500,148.500,663
-40.500,172.500,5573
-40.500,173.500,202
-40.500,174.500,22251
-40.500,175.500,235524
-40.500,176.500,15039
-41.500,-74.500,851
-41.500,-73.500,216342
-41.500,-72.500,342354
-41.500,-71.500,168098
-41.500,-70.500,4629
-41.500,-69.500,8420
-41.500,-68.500,3694
-41.500,-67.500,210
-41.500,-66.500,1010
-41.500,-65.500,7487
-41.500,-64.500,49
-41.500,-63.500,416
-41.500,-62.500,3637
-41.500,144.500,113
-41.500,145.500,31850
-41.500,146.500,95142
-41.500,147.500,117945
-41.500,148.500,7033
-41.500,171.500,9106
-41.500,172.500,10265
-41.500,173.500,136058
-41.500,174.500,407833
-41.500,175.500,67418
-41.500,176.500,181
-42.500,-74.500,870
-42.500,-73.500,150203
-42.500,-72.500,6895
-42.500,-71.500,66740
-42.500,-70.500,2054
-42.500,-69.500,1696
-42.500,-68.500,1239
-42.500,-67.500,351
-42.500,-66.500,590
-42.500,-65.500,109692
-42.500,-64.500,1788
-42.500,-63.500,398
-42.500,145.500,2740
-42.500,146.500,3681
-42.500,147.500,235108
-42.500,148.500,1577
-42.500,170.500,4765
-42.500,171.500,18750
-42.500,172.500,5278
-42.500,173.500,6199
-42.500,174.500,8
-43.500,-176.500,523
-43.500,-74.500,174
-43.500,-73.500,40790
-43.500,-72.500,4409
-43.500,-71.500,16422
-43.500,-70.500,2303
-43.500,-69.500,1850
-43.500,-68.500,497
-43.500,-67.500,781
-43.500,-66.500,312
-43.500,-65.500,177152
-43.500,-64.500,62
-43.500,146.500,4592
-43.500,147.500,30124
-43.500,168.500,143
-43.500,169.500,212
-43.500,170.500,2030
-43.500,171.500,38188
-43.500,172.500,521212
-43.500,173.500,459
-44.500,-176.500,113
-44.500,-74.500,1
-44.500,-73.500,152
-44.500,-72.500,4758
-44.500,-71.500,3599
-44.500,-70.500,3680
-44.500,-69.500,303
-44.500,-68.500,239
-44.500,-67.500,189
-44.500,-66.500,302
-44.500,-65.500,1633
-44.500,167.500,127
-44.500,168.500,8506
-44.500,169.500,13468
-44.500,170.500,8408
-44.500,171.500,57006
-45.500,-73.500,562
-45.500,-72.500,93081
-45.500,-71.500,7573
-45.500,-70.500,5524
-45.500,-69.500,12270
-45.500,-68.500,6087
-45.500,-67.500,247135
-45.500,-66.500,80
-45.500,-65.500,4
-45.500,166.500,10
-45.500,167.500,4428
-45.500,168.500,22892
-45.500,169.500,21307
-45.500,170.500,160722
-45.500,171.500,374
-46.500,-75.500,3
-46.500,-74.500,2
-46.500,-73.500,73
-46.500,-72.500,2601
-46.500,-71.500,9530
-46.500,-70.500,8008
-46.500,-69.500,3434
-46.500,-68.500,33673
-46.500,-67.500,98686
-46.500,-66.500,24
-46.500,167.500,3003
-46.500,168.500,90533
-46.500,169.500,14790
-46.500,170.500,1398
-47.500,-74.500,17
-47.500,-73.500,626
-47.500,-72.500,2856
-47.500,-71.500,873
-47.500,-70.500,336
-47.500,-69.500,225
-47.500,-68.500,159
-47.500,-67.500,1225
-47.500,-66.500,586
-47.500,-65.500,22262
-48.500,-75.500,27
-48.500,-74.500,8
-48.500,-73.500,340
-48.500,-72.500,1378
-48.500,-71.500,73
-48.500,-70.500,6455
-48.500,-69.500,138
-48.500,-68.500,379
-48.500,-67.500,354
-48.500,-66.500,34
-49.500,-75.500,120
-49.500,-74.500,19
-49.500,-73.500,20
-49.500,-72.500,2638
-49.500,-71.500,1009
-49.500,-70.500,204
-49.500,-69.500,135
-49.500,-68.500,9515
-49.500,-67.500,13023
-50.500,-75.500,1
-50.500,-74.500,110
-50.500,-73.500,74
-50.500,-72.500,29455
-50.500,-71.500,464
-50.500,-70.500,1126
-50.500,-69.500,390
-50.500,-68.500,6185
-51.500,-75.500,23
-51.500,-74.500,90
-51.500,-73.500,65
-51.500,-72.500,41205
-51.500,-71.500,298
-51.500,-70.500,856
-51.500,-69.500,138532
-51.500,-68.500,102
-51.500,-60.500,77
-51.500,-59.500,26
-51.500,-58.500,336
-51.500,-57.500,3292
-52.500,-74.500,31
-52.500,-73.500,46
-52.500,-72.500,32
-52.500,-71.500,1119
-52.500,-70.500,2762
-52.500,-69.500,803
-52.500,-68.500,1204
-52.500,-60.500,6
-52.500,-59.500,9
-53.500,-74.500,8
-53.500,-73.500,103
-53.500,-72.500,20
-53.500,-71.500,176
-53.500,-70.500,133357
-53.500,-69.500,540
-53.500,-68.500,1394
-53.500,-67.500,82210
-54.500,-73.500,8
-54.500,-72.500,20
-54.500,-71.500,96
-54.500,-70.500,590
-54.500,-69.500,423
-54.500,-68.500,71433
-54.500,-67.500,5613
-54.500,-66.500,87
-54.500,-65.500,3
-54.500,-64.500,3
-55.500,-70.500,120
-55.500,-69.500,628
-55.500,-68.500,146
-55.500,-67.500,69
-55.500,-66.500,34
