src_iata,dst_iata,airlines,distance_km,src_unit,dst_unit
AAE,ALG,1,409.0,DZA,DZA
AAE,CDG,1,1421.0,DZA,FXX
AAE,IST,1,1870.0,DZA,TUR
AAE,LYS,1,1016.0,DZA,FXX
AAE,MRS,2,768.0,DZA,FXX
AAE,ORN,1,768.0,DZA,DZA
AAE,ORY,2,1395.0,DZA,FXX
AAL,AAR,1,100.0,DNK,DNK
AAL,AGP,1,2507.0,DNK,ESP
AAL,ALC,1,2226.0,DNK,ESP
AAL,AMS,2,624.0,DNK,NLX
AAL,ARN,1,549.0,DNK,SWE
AAL,BCN,2,1842.0,DNK,ESP
AAL,BLL,3,156.0,DNK,DNK
AAL,CPH,2,238.0,DNK,DNK
AAL,IST,1,2216.0,DNK,TUR
AAL,LGW,1,928.0,DNK,ENG
AAL,OSL,3,344.0,DNK,NOW
AAL,PMI,1,2017.0,DNK,ESP
AAL,SVG,1,318.0,DNK,NOW
AAN,CCJ,1,2597.0,ARE,IND
AAN,PEW,1,1882.0,ARE,PAK
AAQ,DME,1,1158.0,RUS,RUS
AAQ,LED,1,1712.0,RUS,RUS
AAQ,SVO,1,1220.0,RUS,RUS
AAR,AAL,1,100.0,DNK,DNK
AAR,AGP,1,2458.0,DNK,ESP
AAR,BMA,1,550.0,DNK,SWE
AAR,CPH,1,148.0,DNK,DNK
AAR,GOT,1,182.0,DNK,SWE
AAR,OSL,1,426.0,DNK,NOW
AAR,PMI,1,1950.0,DNK,ESP
AAR,STN,1,835.0,DNK,ENG
AAT,URC,2,430.0,CHN,CHN
AAX,POJ,1,111.0,BRA,BRA
AAY,SAH,1,855.0,YEM,YEM
ABA,DME,1,3366.0,RUS,RUS
ABA,IKT,1,884.0,RUS,RUS
ABA,NSK,1,1744.0,RUS,RUS
ABA,SVO,1,3375.0,RUS,RUS
ABB,ABV,1,319.0,NGA,NGA
ABB,LOS,1,372.0,NGA,NGA
ABD,MHD,2,1244.0,IRN,IRN
ABD,SYZ,1,430.0,IRN,IRN
ABD,THR,3,657.0,IRN,IRN
ABE,ATL,3,1114.0,USA,USA
ABE,CLT,2,773.0,USA,USA
ABE,DTW,1,682.0,USA,USA
ABE,MYR,1,834.0,USA,USA
ABE,ORD,1,1050.0,USA,USA
ABE,PGD,1,1641.0,USA,USA
ABE,PHL,2,88.0,USA,USA
ABE,PIE,1,1564.0,USA,USA
ABE,SFB,1,1422.0,USA,USA
ABI,DFW,2,253.0,USA,USA
ABJ,ACC,7,418.0,CIV,GHA
ABJ,ALG,1,3570.0,CIV,DZA
ABJ,BKO,2,921.0,CIV,MLI
ABJ,BOY,1,657.0,CIV,BFA
ABJ,BRU,3,5135.0,CIV,BFR
ABJ,CDG,2,4903.0,CIV,FXX
ABJ,CKY,2,1171.0,CIV,GIN
ABJ,CMN,1,3148.0,CIV,MAR
ABJ,COO,3,709.0,CIV,BEN
ABJ,DKR,3,1820.0,CIV,SEN
ABJ,DLA,1,1519.0,CIV,CMR
ABJ,FNA,1,1089.0,CIV,SLE
ABJ,IST,1,5152.0,CIV,TUR
ABJ,LBV,1,1574.0,CIV,GAB
ABJ,LFW,5,582.0,CIV,TGO
ABJ,LOS,4,815.0,CIV,NGA
ABJ,NBO,1,4596.0,CIV,KEN
ABJ,ORY,1,4869.0,CIV,FXX
ABJ,OUA,7,832.0,CIV,BFA
ABJ,ROB,1,720.0,CIV,LBR
ABJ,TUN,1,3797.0,CIV,TUN
ABL,OTZ,2,207.0,USA,USA
ABL,SHG,2,39.0,USA,USA
ABM,CNS,1,750.0,AUS,AUS
ABQ,ATL,5,2038.0,USA,USA
ABQ,BWI,1,2682.0,USA,USA
ABQ,CNM,1,371.0,USA,USA
ABQ,DAL,1,932.0,USA,USA
ABQ,DEN,3,563.0,USA,USA
ABQ,DFW,2,914.0,USA,USA
ABQ,HOU,1,1221.0,USA,USA
ABQ,IAH,1,1196.0,USA,USA
ABQ,JFK,1,2931.0,USA,USA
ABQ,LAM,1,98.0,USA,USA
ABQ,LAS,2,781.0,USA,USA
ABQ,LAX,5,1088.0,USA,USA
ABQ,MCI,2,1154.0,USA,USA
ABQ,MDW,2,1801.0,USA,USA
ABQ,MSP,1,1577.0,USA,USA
ABQ,OAK,1,1427.0,USA,USA
ABQ,ORD,3,1796.0,USA,USA
ABQ,PDX,2,1787.0,USA,USA
ABQ,PHX,3,528.0,USA,USA
ABQ,SAN,1,1009.0,USA,USA
ABQ,SEA,1,1897.0,USA,USA
ABQ,SFO,1,1439.0,USA,USA
ABQ,SLC,1,794.0,USA,USA
ABR,MSP,1,412.0,USA,USA
ABS,ASW,1,216.0,EGY,EGY
ABT,DMM,1,1079.0,SAU,SAU
ABT,JED,1,300.0,SAU,SAU
ABT,RUH,1,734.0,SAU,SAU
ABV,ABB,1,319.0,NGA,NGA
ABV,ACC,1,902.0,NGA,GHA
ABV,ADD,1,3462.0,NGA,ETH
ABV,BNI,1,351.0,NGA,NGA
ABV,CAI,1,3435.0,NGA,EGY
ABV,CBQ,1,464.0,NGA,NGA
ABV,CDG,3,4470.0,NGA,FXX
ABV,COO,1,613.0,NGA,BEN
ABV,ENU,1,284.0,NGA,NGA
ABV,FRA,1,4564.0,NGA,DEU
ABV,GMO,1,423.0,NGA,NGA
ABV,IBA,1,405.0,NGA,NGA
ABV,ILR,1,311.0,NGA,NGA
ABV,KAN,1,365.0,NGA,NGA
ABV,LFW,1,734.0,NGA,TGO
ABV,LHR,1,4774.0,NGA,ENG
ABV,LOS,1,511.0,NGA,NGA
ABV,NDJ,1,918.0,NGA,TCD
ABV,NIM,1,745.0,NGA,NER
ABV,PHC,4,445.0,NGA,NGA
ABV,QOW,1,398.0,NGA,NGA
ABV,QRW,1,411.0,NGA,NGA
ABV,SKO,1,489.0,NGA,NGA
ABV,SSG,1,605.0,NGA,GNQ
ABV,YOL,1,568.0,NGA,NGA
ABX,MEL,1,259.0,AUS,AUS
ABX,SYD,3,451.0,AUS,AUS
ABY,ATL,4,235.0,USA,USA
ABZ,AMS,1,703.0,SCT,NLX
ABZ,BGO,2,548.0,SCT,NOW
ABZ,BHD,1,367.0,SCT,NIR
ABZ,BHX,1,529.0,SCT,ENG
ABZ,BRS,1,648.0,SCT,ENG
ABZ,CDG,3,964.0,SCT,FXX
ABZ,CPH,1,929.0,SCT,DNK
ABZ,DUB,1,493.0,SCT,IRL
ABZ,EBJ,1,687.0,SCT,DNK
ABZ,EMA,1,489.0,SCT,ENG
ABZ,FRA,1,1065.0,SCT,DEU
ABZ,HUY,1,420.0,SCT,ENG
ABZ,KOI,1,200.0,SCT,SCT
ABZ,KSU,1,858.0,SCT,NOW
ABZ,LBA,1,372.0,SCT,ENG
ABZ,LCY,1,650.0,SCT,ENG
ABZ,LGW,1,686.0,SCT,ENG
ABZ,LHR,5,647.0,SCT,ENG
ABZ,LSI,1,302.0,SCT,SCT
ABZ,LTN,1,604.0,SCT,ENG
ABZ,MAN,2,428.0,SCT,ENG
ABZ,MME,1,303.0,SCT,ENG
ABZ,NCL,1,243.0,SCT,ENG
ABZ,NWI,2,550.0,SCT,ENG
ABZ,OSL,2,830.0,SCT,NOW
ABZ,RIX,1,1573.0,SCT,LVA
ABZ,SVG,3,497.0,SCT,NOW
ABZ,SYY,1,270.0,SCT,SCT
ABZ,WIC,1,149.0,SCT,SCT
ACA,IAH,1,1538.0,MEX,USA
ACA,MEX,3,307.0,MEX,MEX
ACA,MTY,1,1004.0,MEX,MEX
ACA,TIJ,1,2464.0,MEX,MEX
ACA,TLC,2,288.0,MEX,MEX
ACC,ABJ,8,418.0,GHA,CIV
ACC,ABV,1,902.0,GHA,NGA
ACC,ADD,1,4312.0,GHA,ETH
ACC,AMS,1,5213.0,GHA,NLX
ACC,BEY,1,4830.0,GHA,LBN
ACC,CAI,1,4283.0,GHA,EGY
ACC,CMN,1,3181.0,GHA,MAR
ACC,COO,1,294.0,GHA,BEN
ACC,DKR,3,2149.0,GHA,SEN
ACC,DXB,1,6289.0,GHA,ARE
ACC,FCO,1,4208.0,GHA,ITA
ACC,FNA,3,1476.0,GHA,SLE
ACC,FRA,1,5007.0,GHA,DEU
ACC,IST,1,4895.0,GHA,TUR
ACC,JFK,1,8221.0,GHA,USA
ACC,JNB,1,4674.0,GHA,ZAF
ACC,KMS,4,200.0,GHA,GHA
ACC,LFW,1,169.0,GHA,TGO
ACC,LHR,2,5100.0,GHA,ENG
ACC,LIS,1,3798.0,GHA,PRX
ACC,LOS,4,401.0,GHA,NGA
ACC,MAD,1,3892.0,GHA,ESP
ACC,MLW,1,1174.0,GHA,LBR
ACC,NBO,1,4191.0,GHA,KEN
ACC,NYI,1,309.0,GHA,GHA
ACC,OUA,1,765.0,GHA,BFA
ACC,ROB,4,1130.0,GHA,LBR
ACC,TKD,2,195.0,GHA,GHA
ACC,TML,3,446.0,GHA,GHA
ACC,WDH,1,3665.0,GHA,NAM
ACE,AMS,1,3006.0,ESP,NLX
ACE,BCN,3,1974.0,ESP,ESP
ACE,BFS,2,2920.0,ESP,NIR
ACE,BGY,1,2758.0,ESP,ITA
ACE,BHX,6,2790.0,ESP,ENG
ACE,BIO,3,1859.0,ESP,ESP
ACE,BLK,1,2891.0,ESP,ENG
ACE,BLQ,1,2796.0,ESP,ITA
ACE,BOH,1,2620.0,ESP,ENG
ACE,BRE,1,3244.0,ESP,DEU
ACE,BRS,2,2654.0,ESP,ENG
ACE,BVA,1,2640.0,ESP,FXX
ACE,CGN,1,2990.0,ESP,DEU
ACE,CRL,1,2831.0,ESP,BWR
ACE,DUB,2,2786.0,ESP,IRL
ACE,DUS,2,3007.0,ESP,DEU
ACE,EDI,1,3110.0,ESP,SCT
ACE,EIN,1,2957.0,ESP,NLX
ACE,EMA,6,2840.0,ESP,ENG
ACE,FKB,1,2875.0,ESP,DEU
ACE,FRA,2,2996.0,ESP,DEU
ACE,FUE,5,60.0,ESP,ESP
ACE,GLA,5,3081.0,ESP,SCT
ACE,HAJ,2,3239.0,ESP,DEU
ACE,HAM,2,3346.0,ESP,DEU
ACE,HHN,1,2923.0,ESP,DEU
ACE,LBA,3,2935.0,ESP,ENG
ACE,LEJ,2,3292.0,ESP,DEU
ACE,LGW,9,2710.0,ESP,ENG
ACE,LPA,2,207.0,ESP,ESP
ACE,LPL,2,2850.0,ESP,ENG
ACE,LTN,3,2775.0,ESP,ENG
ACE,LUX,1,2844.0,ESP,LUX
ACE,MAD,3,1574.0,ESP,ESP
ACE,MAN,7,2867.0,ESP,ENG
ACE,MUC,2,3058.0,ESP,DEU
ACE,NCL,4,3054.0,ESP,ENG
ACE,NOC,1,2803.0,ESP,IRL
ACE,NRN,1,3004.0,ESP,DEU
ACE,ORK,2,2581.0,ESP,IRL
ACE,OVD,1,1760.0,ESP,ESP
ACE,PAD,1,3121.0,ESP,DEU
ACE,PIK,1,3040.0,ESP,SCT
ACE,SCQ,2,1619.0,ESP,ESP
ACE,SDR,1,1831.0,ESP,ESP
ACE,SNN,1,2669.0,ESP,IRL
ACE,STN,3,2796.0,ESP,ENG
ACE,STR,2,2932.0,ESP,DEU
ACE,SVQ,1,1183.0,ESP,ESP
ACE,SXF,1,3427.0,ESP,DEU
ACE,TFN,1,272.0,ESP,ESP
ACE,TXL,1,3428.0,ESP,DEU
ACE,ZAZ,1,1813.0,ESP,ESP
ACE,ZRH,2,2806.0,ESP,CHE
ACH,EBA,1,528.0,CHE,ITA
ACH,VIE,1,528.0,CHE,AUT
ACI,GCI,1,41.0,GGY,GGY
ACI,SOU,1,151.0,GGY,ENG
ACK,BOS,1,146.0,USA,USA
ACK,EWB,1,88.0,USA,USA
ACK,HPN,1,306.0,USA,USA
ACK,HYA,1,50.0,USA,USA
ACK,MVY,1,49.0,USA,USA
ACK,TEB,1,338.0,USA,USA
ACR,SVI,1,402.0,COL,COL
ACT,DFW,2,144.0,USA,USA
ACV,CEC,1,90.0,USA,USA
ACV,SFO,1,402.0,USA,USA
ACV,SMF,1,333.0,USA,USA
ACX,CAN,1,866.0,CHN,CHN
ACX,CKG,1,541.0,CHN,CHN
ACX,KWE,1,245.0,CHN,CHN
ACX,NAY,2,1951.0,CHN,CHN
ACX,PVG,1,1782.0,CHN,CHN
ACY,BOS,1,441.0,USA,USA
ACY,DTW,1,799.0,USA,USA
ACY,FLL,1,1576.0,USA,USA
ACY,IAH,1,2163.0,USA,USA
ACY,MCO,1,1373.0,USA,USA
ACY,MYR,1,751.0,USA,USA
ACY,ORD,2,1156.0,USA,USA
ACY,RSW,1,1584.0,USA,USA
ACY,TPA,1,1472.0,USA,USA
ACZ,MHD,1,598.0,IRN,IRN
ADA,ADB,2,730.0,TUR,TUR
ADA,AYT,2,398.0,TUR,TUR
ADA,EBL,2,779.0,TUR,IRK
ADA,ECN,2,259.0,TUR,CYN
ADA,ESB,1,402.0,TUR,TUR
ADA,IST,3,738.0,TUR,TUR
ADA,JED,1,1742.0,TUR,SAU
ADA,SAW,2,675.0,TUR,TUR
ADA,TZX,1,592.0,TUR,TUR
ADA,VAN,1,727.0,TUR,TUR
ADB,ADA,2,730.0,TUR,TUR
ADB,AMS,3,2327.0,TUR,NLX
ADB,ARN,1,2463.0,TUR,SWE
ADB,ASR,2,727.0,TUR,TUR
ADB,ATH,1,284.0,TUR,GRC
ADB,AYT,2,356.0,TUR,TUR
ADB,BHX,1,2723.0,TUR,ENG
ADB,BRE,1,2162.0,TUR,DEU
ADB,BRU,1,2262.0,TUR,BFR
ADB,BSL,2,1895.0,TUR,FXX
ADB,CDG,2,2295.0,TUR,FXX
ADB,CGN,1,2101.0,TUR,DEU
ADB,CPH,1,2209.0,TUR,DNK
ADB,DIY,2,1141.0,TUR,TUR
ADB,DTM,1,2116.0,TUR,DEU
ADB,DUB,1,3045.0,TUR,IRL
ADB,DUS,2,2149.0,TUR,DEU
ADB,ECN,2,664.0,TUR,CYN
ADB,ESB,2,543.0,TUR,TUR
ADB,EZS,1,1057.0,TUR,TUR
ADB,FRA,1,1966.0,TUR,DEU
ADB,GNY,1,1034.0,TUR,TUR
ADB,GZT,2,921.0,TUR,TUR
ADB,HAJ,1,2073.0,TUR,DEU
ADB,HAM,2,2149.0,TUR,DEU
ADB,HEL,1,2454.0,TUR,FIN
ADB,HTY,1,834.0,TUR,TUR
ADB,IST,4,359.0,TUR,TUR
ADB,LGW,2,2567.0,TUR,ENG
ADB,LUX,1,2086.0,TUR,LUX
ADB,LYS,1,1994.0,TUR,FXX
ADB,MAN,1,2797.0,TUR,ENG
ADB,MQM,1,1189.0,TUR,TUR
ADB,MUC,2,1667.0,TUR,DEU
ADB,NTE,1,2530.0,TUR,FXX
ADB,SAW,3,343.0,TUR,TUR
ADB,STN,1,2574.0,TUR,ENG
ADB,STR,2,1844.0,TUR,DEU
ADB,SXB,1,1937.0,TUR,FXX
ADB,TXL,1,1913.0,TUR,DEU
ADB,TZX,2,1121.0,TUR,TUR
ADB,VAS,1,858.0,TUR,TUR
ADB,VIE,1,1386.0,TUR,AUT
ADB,ZRH,1,1820.0,TUR,CHE
ADD,ABV,1,3462.0,ETH,NGA
ADD,ACC,1,4312.0,ETH,GHA
ADD,AMH,1,353.0,ETH,ETH
ADD,ASO,1,476.0,ETH,ETH
ADD,AXU,1,575.0,ETH,ETH
ADD,BAH,1,2292.0,ETH,BHR
ADD,BEY,1,2783.0,ETH,LBN
ADD,BJR,1,334.0,ETH,ETH
ADD,BKK,2,6758.0,ETH,THA
ADD,BKO,2,5116.0,ETH,MLI
ADD,BOM,2,3835.0,ETH,IND
ADD,CAI,2,2474.0,ETH,EGY
ADD,CAN,3,8038.0,ETH,CHN
ADD,CDG,1,5581.0,ETH,FXX
ADD,COO,1,4022.0,ETH,BEN
ADD,DAR,2,1764.0,ETH,TZA
ADD,DEL,2,4552.0,ETH,IND
ADD,DIR,1,343.0,ETH,ETH
ADD,DLA,2,3259.0,ETH,CMR
ADD,DMM,1,2264.0,ETH,SAU
ADD,DOH,1,2263.0,ETH,QAT
ADD,DXB,3,2519.0,ETH,ARE
ADD,EBB,2,1218.0,ETH,UGA
ADD,ENU,1,3452.0,ETH,NGA
ADD,FBM,1,2605.0,ETH,COD
ADD,FCO,1,4481.0,ETH,ITA
ADD,FIH,1,2985.0,ETH,COD
ADD,FRA,2,5349.0,ETH,DEU
ADD,GDQ,1,421.0,ETH,ETH
ADD,GMB,1,475.0,ETH,ETH
ADD,HGA,1,584.0,ETH,SOL
ADD,HKG,1,8107.0,ETH,HKG
ADD,HRE,4,3110.0,ETH,ZWE
ADD,IST,1,3725.0,ETH,TUR
ADD,JED,6,1413.0,ETH,SAU
ADD,JIB,4,556.0,ETH,DJI
ADD,JIJ,1,453.0,ETH,ETH
ADD,JIM,1,262.0,ETH,ETH
ADD,JNB,2,4068.0,ETH,ZAF
ADD,JRO,1,1393.0,ETH,TZA
ADD,JUB,2,916.0,ETH,SDS
ADD,KGL,2,1550.0,ETH,RWA
ADD,KRT,2,1000.0,ETH,SDN
ADD,KWI,2,2446.0,ETH,KWT
ADD,LAD,2,3457.0,ETH,AGO
ADD,LBV,1,3388.0,ETH,GAB
ADD,LFW,1,4148.0,ETH,TGO
ADD,LHR,1,5920.0,ETH,ENG
ADD,LLW,1,2591.0,ETH,MWI
ADD,LOS,1,3916.0,ETH,NGA
ADD,LUN,1,2934.0,ETH,ZMB
ADD,MBA,2,1450.0,ETH,KEN
ADD,MCT,2,2633.0,ETH,OMN
ADD,MPM,1,3939.0,ETH,MOZ
ADD,MQX,1,506.0,ETH,ETH
ADD,NBO,4,1164.0,ETH,KEN
ADD,NDJ,1,2620.0,ETH,TCD
ADD,NIM,1,4021.0,ETH,NER
ADD,OUA,1,4417.0,ETH,BFA
ADD,PEK,2,8329.0,ETH,CHN
ADD,PNR,1,3354.0,ETH,COG
ADD,PVG,1,8831.0,ETH,CHN
ADD,RUH,2,1964.0,ETH,SAU
ADD,SAH,1,932.0,ETH,YEM
ADD,SSG,2,3374.0,ETH,GNQ
ADD,TLV,1,2593.0,ETH,ISR
ADE,AHB,1,653.0,YEM,SAU
ADE,AMM,2,2295.0,YEM,JOR
ADE,ASM,1,714.0,YEM,ERI
ADE,AUH,1,1639.0,YEM,ARE
ADE,BBO,1,272.0,YEM,SOL
ADE,BOM,1,3053.0,YEM,IND
ADE,CAI,1,2379.0,YEM,EGY
ADE,DMM,2,1596.0,YEM,SAU
ADE,DOH,1,1546.0,YEM,QAT
ADE,DXB,2,1756.0,YEM,ARE
ADE,GXF,1,534.0,YEM,YEM
ADE,IST,1,3536.0,YEM,TUR
ADE,JED,2,1165.0,YEM,SAU
ADE,MGQ,1,1203.0,YEM,SOX
ADE,RIY,1,512.0,YEM,YEM
ADE,RUH,1,1360.0,YEM,SAU
ADE,SAH,2,307.0,YEM,YEM
ADE,SHJ,1,1772.0,YEM,ARE
ADF,ESB,1,543.0,TUR,TUR
ADF,IST,1,921.0,TUR,TUR
ADK,ANC,1,1913.0,USA,USA
ADL,AKL,4,3251.0,AUS,NZL
ADL,ASP,1,1317.0,AUS,AUS
ADL,BHQ,1,426.0,AUS,AUS
ADL,BNE,5,1620.0,AUS,AUS
ADL,CBR,2,970.0,AUS,AUS
ADL,CED,1,545.0,AUS,AUS
ADL,CNS,1,2132.0,AUS,AUS
ADL,CPD,1,748.0,AUS,AUS
ADL,DPS,2,3760.0,AUS,IDN
ADL,DRW,2,2621.0,AUS,AUS
ADL,DXB,2,11006.0,AUS,ARE
ADL,HKG,1,6876.0,AUS,HKG
ADL,KGC,1,125.0,AUS,AUS
ADL,KGI,1,1657.0,AUS,AUS
ADL,KUL,2,5682.0,AUS,MYS
ADL,MEL,4,642.0,AUS,AUS
ADL,MGB,1,371.0,AUS,AUS
ADL,MQL,1,335.0,AUS,AUS
ADL,OLP,1,519.0,AUS,AUS
ADL,OOL,2,1604.0,AUS,AUS
ADL,PER,3,2115.0,AUS,AUS
ADL,PLO,2,245.0,AUS,AUS
ADL,PUG,1,281.0,AUS,AUS
ADL,SIN,3,5402.0,AUS,SGP
ADL,SYD,5,1164.0,AUS,AUS
ADL,WYA,1,230.0,AUS,AUS
ADQ,AKK,1,136.0,USA,USA
ADQ,ANC,2,406.0,USA,USA
ADQ,KLN,1,91.0,USA,USA
ADU,MHD,1,1019.0,IRN,IRN
ADU,THR,2,390.0,IRN,IRN
ADZ,BAQ,1,778.0,COL,COL
ADZ,BOG,3,1208.0,COL,COL
ADZ,CLO,2,1164.0,COL,COL
ADZ,CTG,1,716.0,COL,COL
ADZ,MDE,1,992.0,COL,COL
ADZ,PEI,1,1085.0,COL,COL
ADZ,PTY,1,466.0,COL,PAN
ADZ,PVA,1,94.0,COL,COL
AEB,CAN,1,647.0,CHN,CHN
AEB,CKG,1,668.0,CHN,CHN
AEB,KWL,1,353.0,CHN,CHN
AEP,AFA,1,914.0,ARG,ARG
AEP,ASU,1,1040.0,ARG,PRY
AEP,BHI,2,571.0,ARG,ARG
AEP,BRC,2,1335.0,ARG,ARG
AEP,COR,2,649.0,ARG,ARG
AEP,CPC,1,1280.0,ARG,ARG
AEP,CRD,2,1464.0,ARG,ARG
AEP,CTC,1,960.0,ARG,ARG
AEP,CWB,1,1340.0,ARG,BRA
AEP,EQS,1,1439.0,ARG,ARG
AEP,FLN,1,1211.0,ARG,BRA
AEP,FMA,1,928.0,ARG,ARG
AEP,FTE,1,2068.0,ARG,ARG
AEP,GIG,1,1969.0,ARG,BRA
AEP,GRU,3,1694.0,ARG,BRA
AEP,IGR,2,1051.0,ARG,ARG
AEP,IRJ,1,977.0,ARG,ARG
AEP,JUJ,1,1302.0,ARG,ARG
AEP,LUQ,1,746.0,ARG,ARG
AEP,MDQ,2,383.0,ARG,ARG
AEP,MDZ,2,979.0,ARG,ARG
AEP,MVD,2,220.0,ARG,URY
AEP,NQN,2,995.0,ARG,ARG
AEP,PDP,2,305.0,ARG,URY
AEP,PMY,1,1080.0,ARG,ARG
AEP,POA,1,849.0,ARG,BRA
AEP,PRA,2,362.0,ARG,ARG
AEP,PSS,1,831.0,ARG,ARG
AEP,REL,1,1129.0,ARG,ARG
AEP,RES,1,793.0,ARG,ARG
AEP,RGA,1,2258.0,ARG,ARG
AEP,RGL,2,2087.0,ARG,ARG
AEP,RHD,1,1001.0,ARG,ARG
AEP,ROS,2,286.0,ARG,ARG
AEP,RSA,1,576.0,ARG,ARG
AEP,SCL,2,1147.0,ARG,CHL
AEP,SDE,1,940.0,ARG,ARG
AEP,SFN,2,387.0,ARG,ARG
AEP,SLA,3,1276.0,ARG,ARG
AEP,TUC,2,1070.0,ARG,ARG
AEP,UAQ,2,989.0,ARG,ARG
AEP,USH,2,2381.0,ARG,ARG
AEP,VDM,1,809.0,ARG,ARG
AER,DME,4,1338.0,RUS,RUS
AER,DYU,1,2470.0,RUS,TJK
AER,EVN,2,520.0,RUS,ARM
AER,IST,2,951.0,RUS,TUR
AER,KIV,1,946.0,RUS,MDA
AER,KJA,1,3914.0,RUS,RUS
AER,KRR,2,187.0,RUS,RUS
AER,KZN,1,1507.0,RUS,RUS
AER,LBD,2,2476.0,RUS,TJK
AER,LED,1,1933.0,RUS,RUS
AER,MSQ,1,1449.0,RUS,BLR
AER,OMS,1,2705.0,RUS,RUS
AER,SVO,1,1404.0,RUS,RUS
AER,SVX,2,2081.0,RUS,RUS
AER,TAS,2,2409.0,RUS,UZB
AER,TZX,1,273.0,RUS,TUR
AER,VKO,1,1364.0,RUS,RUS
AES,ALC,1,2738.0,NOW,ESP
AES,AMS,2,1143.0,NOW,NLX
AES,BGO,2,257.0,NOW,NOW
AES,CPH,1,857.0,NOW,DNK
AES,GDN,1,1155.0,NOW,POL
AES,LGW,1,1324.0,NOW,ENG
AES,OSL,2,378.0,NOW,NOW
AES,RIX,1,1175.0,NOW,LVA
AES,TRD,1,262.0,NOW,NOW
AES,VNO,1,1409.0,NOW,LTU
AET,BTT,1,63.0,USA,USA
AET,FAI,1,291.0,USA,USA
AET,HUS,1,93.0,USA,USA
AEX,ATL,3,804.0,USA,USA
AEX,DFW,2,457.0,USA,USA
AEX,IAH,1,306.0,USA,USA
AEY,RKV,1,249.0,ISL,ISL
AFA,AEP,1,914.0,ARG,ARG
AFA,LUQ,1,239.0,ARG,ARG
AFL,CGB,1,643.0,BRA,BRA
AFZ,THR,1,568.0,IRN,IRN
AGA,AMS,1,2705.0,MAR,NLX
AGA,BRU,3,2561.0,MAR,BFR
AGA,CDG,1,2310.0,MAR,FXX
AGA,CMN,1,380.0,MAR,MAR
AGA,CRL,1,2519.0,MAR,BWR
AGA,DUS,1,2686.0,MAR,DEU
AGA,EUN,1,512.0,MAR,MAR
AGA,FRA,1,2656.0,MAR,DEU
AGA,LEJ,1,2946.0,MAR,DEU
AGA,LGW,3,2438.0,MAR,ENG
AGA,LIL,2,2479.0,MAR,FXX
AGA,LPA,1,638.0,MAR,ESP
AGA,LUX,1,2514.0,MAR,LUX
AGA,LYS,1,2124.0,MAR,FXX
AGA,MAN,3,2625.0,MAR,ENG
AGA,MRS,1,1949.0,MAR,FXX
AGA,MUC,1,2691.0,MAR,DEU
AGA,ORY,2,2276.0,MAR,FXX
AGA,SXF,1,3083.0,MAR,DEU
AGA,VIL,1,978.0,MAR,MAR
AGB,MRS,1,708.0,DEU,FXX
AGF,DCM,1,153.0,FXX,FXX
AGF,ORY,1,524.0,FXX,FXX
AGH,ARN,1,478.0,SWE,SWE
AGH,BMA,2,454.0,SWE,SWE
AGP,AAL,1,2507.0,ESP,DNK
AGP,AAR,1,2458.0,ESP,DNK
AGP,AMS,3,1884.0,ESP,NLX
AGP,ARN,2,3016.0,ESP,SWE
AGP,BCN,3,766.0,ESP,ESP
AGP,BFS,2,2004.0,ESP,NIR
AGP,BGO,1,2716.0,ESP,NOW
AGP,BGY,1,1550.0,ESP,ITA
AGP,BHD,1,1998.0,ESP,NIR
AGP,BHX,2,1768.0,ESP,ENG
AGP,BIO,2,749.0,ESP,ESP
AGP,BLK,1,1904.0,ESP,ENG
AGP,BLL,1,2356.0,ESP,DNK
AGP,BLQ,1,1590.0,ESP,ITA
AGP,BOD,1,961.0,ESP,FXX
AGP,BOH,1,1583.0,ESP,ENG
AGP,BRE,1,2093.0,ESP,DEU
AGP,BRS,2,1641.0,ESP,ENG
AGP,BRU,5,1735.0,ESP,BFR
AGP,BSL,1,1564.0,ESP,FXX
AGP,BTS,1,2181.0,ESP,SVK
AGP,BUD,1,2284.0,ESP,HUN
AGP,BVA,1,1518.0,ESP,FXX
AGP,BVE,1,1057.0,ESP,FXX
AGP,CDG,3,1486.0,ESP,FXX
AGP,CGN,3,1829.0,ESP,DEU
AGP,CIA,1,1575.0,ESP,ITA
AGP,CMN,2,463.0,ESP,MAR
AGP,CPH,4,2472.0,ESP,DNK
AGP,CRL,1,1691.0,ESP,BWR
AGP,CWL,3,1640.0,ESP,WLS
AGP,DME,2,3794.0,ESP,RUS
AGP,DTM,1,1907.0,ESP,DEU
AGP,DUB,2,1867.0,ESP,IRL
AGP,DUS,2,1853.0,ESP,DEU
AGP,EDI,2,2145.0,ESP,SCT
AGP,EIN,2,1819.0,ESP,NLX
AGP,EMA,3,1813.0,ESP,ENG
AGP,EXT,1,1566.0,ESP,ENG
AGP,FCO,3,1547.0,ESP,ITA
AGP,FKB,1,1689.0,ESP,DEU
AGP,FMM,1,1741.0,ESP,DEU
AGP,FMO,1,1967.0,ESP,DEU
AGP,FRA,1,1817.0,ESP,DEU
AGP,GLA,3,2135.0,ESP,SCT
AGP,GOT,2,2640.0,ESP,SWE
AGP,GSE,1,2636.0,ESP,SWE
AGP,GVA,2,1380.0,ESP,CHE
AGP,HAJ,2,2076.0,ESP,DEU
AGP,HAM,4,2192.0,ESP,DEU
AGP,HAU,1,2616.0,ESP,NOW
AGP,HEL,2,3353.0,ESP,FIN
AGP,HHN,1,1752.0,ESP,DEU
AGP,IBZ,2,571.0,ESP,ESP
AGP,IST,1,2901.0,ESP,TUR
AGP,KRK,1,2446.0,ESP,POL
AGP,LBA,2,1924.0,ESP,ENG
AGP,LCY,2,1688.0,ESP,ENG
AGP,LGW,6,1645.0,ESP,ENG
AGP,LHR,2,1676.0,ESP,ENG
AGP,LIL,1,1659.0,ESP,FXX
AGP,LIS,2,470.0,ESP,PRX
AGP,LPA,2,1410.0,ESP,ESP
AGP,LPL,2,1857.0,ESP,ENG
AGP,LTN,3,1721.0,ESP,ENG
AGP,LUX,1,1678.0,ESP,LUX
AGP,LYS,2,1285.0,ESP,FXX
AGP,MAD,2,430.0,ESP,ESP
AGP,MAN,5,1863.0,ESP,ENG
AGP,MLN,2,208.0,ESP,ESP
AGP,MMX,1,2493.0,ESP,SWE
AGP,MRS,1,1117.0,ESP,FXX
AGP,MUC,5,1855.0,ESP,DEU
AGP,MXP,1,1486.0,ESP,ITA
AGP,NCL,3,2053.0,ESP,ENG
AGP,NOC,1,1945.0,ESP,IRL
AGP,NRN,1,1860.0,ESP,DEU
AGP,NTE,2,1189.0,ESP,FXX
AGP,NUE,1,1899.0,ESP,DEU
AGP,NYO,1,2906.0,ESP,SWE
AGP,ORK,2,1715.0,ESP,IRL
AGP,ORY,3,1451.0,ESP,FXX
AGP,OSL,2,2832.0,ESP,NOW
AGP,OVD,2,777.0,ESP,ESP
AGP,PIK,1,2094.0,ESP,SCT
AGP,PMI,5,709.0,ESP,ESP
AGP,PRG,1,2116.0,ESP,CZE
AGP,RTM,1,1839.0,ESP,NLX
AGP,RYG,2,2753.0,ESP,NOW
AGP,SCQ,3,768.0,ESP,ESP
AGP,SDR,1,753.0,ESP,ESP
AGP,SEN,1,1706.0,ESP,ENG
AGP,SNN,2,1815.0,ESP,IRL
AGP,SOF,1,2468.0,ESP,BGR
AGP,SOU,1,1607.0,ESP,ENG
AGP,STN,2,1732.0,ESP,ENG
AGP,STR,2,1739.0,ESP,DEU
AGP,SVG,1,2576.0,ESP,NOW
AGP,SVO,2,3781.0,ESP,RUS
AGP,SXF,1,2243.0,ESP,DEU
AGP,TFN,3,1434.0,ESP,ESP
AGP,TLS,2,919.0,ESP,FXX
AGP,TMP,1,3374.0,ESP,FIN
AGP,TRD,1,3156.0,ESP,NOW
AGP,TRF,2,2720.0,ESP,NOW
AGP,TSF,1,1712.0,ESP,ITA
AGP,TXL,2,2246.0,ESP,DEU
AGP,VIE,2,2135.0,ESP,AUT
AGP,VKO,1,3760.0,ESP,RUS
AGP,VLC,1,471.0,ESP,ESP
AGP,VST,1,2963.0,ESP,SWE
AGP,WAW,1,2632.0,ESP,POL
AGP,WRO,1,2331.0,ESP,POL
AGP,YUL,1,5705.0,ESP,CAN
AGP,ZRH,1,1608.0,ESP,CHE
AGR,BOM,1,1037.0,IND,IND
AGR,HJR,1,325.0,IND,IND
AGS,ATL,3,230.0,USA,USA
AGS,CLT,2,225.0,USA,USA
AGS,DCA,2,753.0,USA,USA
AGT,ASU,2,270.0,PRY,PRY
AGT,GRU,2,876.0,PRY,BRA
AGU,CUN,1,1600.0,MEX,MEX
AGU,DFW,2,1349.0,MEX,USA
AGU,IAH,1,1155.0,MEX,USA
AGU,LAX,1,2082.0,MEX,USA
AGU,MEX,2,422.0,MEX,MEX
AGU,MTY,1,506.0,MEX,MEX
AGU,TIJ,1,1882.0,MEX,MEX
AGX,COK,1,468.0,IND,IND
AHB,ADE,1,653.0,SAU,YEM
AHB,CAI,3,1743.0,SAU,EGY
AHB,DMM,1,1173.0,SAU,SAU
AHB,DXB,1,1525.0,SAU,ARE
AHB,JED,2,529.0,SAU,SAU
AHB,MED,1,766.0,SAU,SAU
AHB,RUH,2,856.0,SAU,SAU
AHB,SAH,1,349.0,SAU,YEM
AHB,SHJ,1,1543.0,SAU,ARE
AHB,TIF,1,423.0,SAU,SAU
AHB,TUU,1,1283.0,SAU,SAU
AHE,PPT,1,499.0,PYF,PYF
AHE,XMH,1,20.0,PYF,PYF
AHN,BNA,1,389.0,USA,USA
AHO,AOI,1,534.0,ITA,ITA
AHO,BGY,1,572.0,ITA,ITA
AHO,BLL,1,1681.0,ITA,DNK
AHO,BLQ,1,499.0,ITA,ITA
AHO,BTS,1,1096.0,ITA,SVK
AHO,BVA,1,1094.0,ITA,FXX
AHO,CIA,1,383.0,ITA,ITA
AHO,CRL,1,1132.0,ITA,BWR
AHO,CUF,1,439.0,ITA,ITA
AHO,DTM,1,1212.0,ITA,DEU
AHO,DUB,1,1793.0,ITA,IRL
AHO,EIN,1,1224.0,ITA,NLX
AHO,FCO,1,355.0,ITA,ITA
AHO,FMM,1,833.0,ITA,DEU
AHO,GRO,1,483.0,ITA,ESP
AHO,GSE,1,1923.0,ITA,SWE
AHO,HHN,1,1039.0,ITA,DEU
AHO,LIN,1,541.0,ITA,ITA
AHO,LTN,1,1414.0,ITA,ENG
AHO,MAD,1,1001.0,ITA,ESP
AHO,MXP,1,557.0,ITA,ITA
AHO,NRN,1,1231.0,ITA,DEU
AHO,NYO,1,2108.0,ITA,SWE
AHO,OTP,1,1517.0,ITA,ROU
AHO,PMF,1,494.0,ITA,ITA
AHO,PSA,1,381.0,ITA,ITA
AHO,STN,1,1394.0,ITA,ENG
AHO,TRF,1,2068.0,ITA,NOW
AHO,TRN,1,511.0,ITA,ITA
AHO,TRS,1,714.0,ITA,ITA
AHO,TSF,1,641.0,ITA,ITA
AHU,CMN,1,399.0,MAR,MAR
AIA,CDR,3,90.0,USA,USA
AIN,ATK,1,97.0,USA,USA
AIN,BRW,1,137.0,USA,USA
AIT,AIU,1,214.0,COK,COK
AIT,RAR,2,264.0,COK,COK
AIU,RAR,1,223.0,COK,COK
AJA,ARN,1,2068.0,FXX,SWE
AJA,AVN,1,387.0,FXX,FXX
AJA,BES,1,1262.0,FXX,FXX
AJA,BOD,1,834.0,FXX,FXX
AJA,BSL,1,638.0,FXX,FXX
AJA,BVE,1,684.0,FXX,FXX
AJA,CDG,1,926.0,FXX,FXX
AJA,CFR,1,1080.0,FXX,FXX
AJA,DCM,1,562.0,FXX,FXX
AJA,GVA,1,526.0,FXX,CHE
AJA,LGG,2,1002.0,FXX,BWR
AJA,LGW,1,1233.0,FXX,ENG
AJA,LIL,2,1056.0,FXX,FXX
AJA,LUX,1,879.0,FXX,LUX
AJA,LYS,4,517.0,FXX,FXX
AJA,MPL,1,436.0,FXX,FXX
AJA,MRS,3,338.0,FXX,FXX
AJA,NCE,3,232.0,FXX,FXX
AJA,NTE,3,1008.0,FXX,FXX
AJA,OLB,1,129.0,FXX,ITA
AJA,ORY,2,907.0,FXX,FXX
AJA,OSL,1,2029.0,FXX,NOW
AJA,PIS,1,852.0,FXX,FXX
AJA,SXB,1,741.0,FXX,FXX
AJA,TLS,3,636.0,FXX,FXX
AJF,JED,1,906.0,SAU,SAU
AJF,RUH,1,844.0,SAU,SAU
AJI,ESB,1,857.0,TUR,TUR
AJI,IST,1,1219.0,TUR,TUR
AJL,CCU,3,446.0,IND,IND
AJL,GAU,2,273.0,IND,IND
AJL,IMF,1,165.0,IND,IND
AJR,LYC,2,119.0,SWE,SWE
AJU,BSB,1,1293.0,BRA,BRA
AJU,GIG,1,1470.0,BRA,BRA
AJU,GRU,2,1706.0,BRA,BRA
AJU,MCZ,1,215.0,BRA,BRA
AJU,REC,2,395.0,BRA,BRA
AJU,SDU,1,1475.0,BRA,BRA
AJU,SSA,4,254.0,BRA,BRA
AJU,VCP,1,1711.0,BRA,BRA
AKB,DUT,1,545.0,USA,USA
AKF,BEN,2,930.0,LBY,LBY
AKF,TIP,1,1368.0,LBY,LBY
AKJ,HND,3,931.0,JPN,JPN
AKJ,NGO,1,1093.0,JPN,JPN
AKJ,TPE,3,2823.0,JPN,TWN
AKK,ADQ,1,136.0,USA,USA
AKL,ADL,3,3251.0,NZL,AUS
AKL,APW,2,2891.0,NZL,WSM
AKL,BHE,1,508.0,NZL,NZL
AKL,BKK,2,9555.0,NZL,THA
AKL,BNE,7,2295.0,NZL,AUS
AKL,CAN,1,9300.0,NZL,CHN
AKL,CHC,2,746.0,NZL,NZL
AKL,CNS,2,3619.0,NZL,AUS
AKL,DUD,2,1063.0,NZL,NZL
AKL,GIS,1,335.0,NZL,NZL
AKL,HKG,2,9170.0,NZL,HKG
AKL,HLZ,1,107.0,NZL,NZL
AKL,ICN,1,9656.0,NZL,KOR
AKL,KAT,1,255.0,NZL,NZL
AKL,KKE,1,210.0,NZL,NZL
AKL,KUL,1,8703.0,NZL,MYS
AKL,LAX,2,10487.0,NZL,USA
AKL,MEL,7,2637.0,NZL,AUS
AKL,NAN,3,2156.0,NZL,FJI
AKL,NOU,2,1860.0,NZL,NCL
AKL,NPE,1,328.0,NZL,NZL
AKL,NPL,1,229.0,NZL,NZL
AKL,NRT,3,8836.0,NZL,JPN
AKL,NSN,1,496.0,NZL,NZL
AKL,OOL,3,2217.0,NZL,AUS
AKL,PER,2,5337.0,NZL,AUS
AKL,PMR,1,375.0,NZL,NZL
AKL,PPQ,1,434.0,NZL,NZL
AKL,PPT,4,4093.0,NZL,PYF
AKL,PVG,2,9369.0,NZL,CHN
AKL,RAR,2,3013.0,NZL,COK
AKL,ROT,1,182.0,NZL,NZL
AKL,SCL,2,9653.0,NZL,CHL
AKL,SFO,2,10509.0,NZL,USA
AKL,SIN,3,8408.0,NZL,SGP
AKL,SYD,10,2160.0,NZL,AUS
AKL,TBU,2,2004.0,NZL,TON
AKL,TRG,1,144.0,NZL,NZL
AKL,TUO,1,223.0,NZL,NZL
AKL,VLI,2,2239.0,NZL,VUT
AKL,WAG,1,329.0,NZL,NZL
AKL,WHK,1,213.0,NZL,NZL
AKL,WLG,2,480.0,NZL,NZL
AKL,WRE,1,143.0,NZL,NZL
AKL,ZQN,2,1025.0,NZL,NZL
AKN,ANC,2,463.0,USA,USA
AKN,DLG,1,114.0,USA,USA
AKN,PIP,1,133.0,USA,USA
AKN,WSN,1,21.0,USA,USA
AKP,BTT,1,136.0,USA,USA
AKP,FAI,2,407.0,USA,USA
AKU,CTU,2,2427.0,CHN,CHN
AKU,URC,4,657.0,CHN,CHN
AKV,YIK,1,178.0,CAN,CAN
AKV,YPX,1,98.0,CAN,CAN
AKX,ALA,2,1686.0,KAZ,KAZ
AKX,DME,2,1412.0,KAZ,RUS
AKX,SCO,1,847.0,KAZ,KAZ
AKX,TSE,2,1008.0,KAZ,KAZ
AKY,RGN,2,497.0,MMR,MMR
AKY,SNW,1,239.0,MMR,MMR
ALA,AKX,2,1686.0,KAZ,KAZ
ALA,AMS,1,5256.0,KAZ,NLX
ALA,AUH,2,2930.0,KAZ,ARE
ALA,BKK,1,4000.0,KAZ,THA
ALA,CIT,2,626.0,KAZ,KAZ
ALA,DEL,1,1644.0,KAZ,IND
ALA,DMB,1,469.0,KAZ,KAZ
ALA,DME,1,3081.0,KAZ,RUS
ALA,DYU,3,872.0,KAZ,TJK
ALA,DZN,1,871.0,KAZ,KAZ
ALA,FRA,1,5089.0,KAZ,DEU
ALA,FRU,2,210.0,KAZ,KGZ
ALA,GUW,2,2009.0,KAZ,KAZ
ALA,GYD,1,2247.0,KAZ,AZE
ALA,HKG,1,4113.0,KAZ,HKG
ALA,ICN,2,4172.0,KAZ,KOR
ALA,IKA,1,2381.0,KAZ,IRN
ALA,IST,2,3921.0,KAZ,TUR
ALA,KBP,2,3534.0,KAZ,UKR
ALA,KGF,2,757.0,KAZ,KAZ
ALA,KOV,1,1237.0,KAZ,KAZ
ALA,KSN,1,1478.0,KAZ,KAZ
ALA,KUF,1,2262.0,KAZ,RUS
ALA,KUL,1,5130.0,KAZ,MYS
ALA,KZN,1,2399.0,KAZ,RUS
ALA,KZO,1,927.0,KAZ,KAZ
ALA,LED,2,3609.0,KAZ,RUS
ALA,LHR,2,5624.0,KAZ,ENG
ALA,OVB,1,1358.0,KAZ,RUS
ALA,PEK,2,3271.0,KAZ,CHN
ALA,PLX,1,815.0,KAZ,KAZ
ALA,PPK,1,1391.0,KAZ,KAZ
ALA,PRG,1,4700.0,KAZ,CZE
ALA,PWQ,1,983.0,KAZ,KAZ
ALA,SAW,1,3892.0,KAZ,TUR
ALA,SCO,2,2081.0,KAZ,KAZ
ALA,SGN,1,4606.0,KAZ,VNM
ALA,SHJ,1,2798.0,KAZ,ARE
ALA,SVO,1,3122.0,KAZ,RUS
ALA,TAS,2,679.0,KAZ,UZB
ALA,TBS,1,2620.0,KAZ,GEG
ALA,TSE,5,951.0,KAZ,KAZ
ALA,UKK,2,851.0,KAZ,KAZ
ALA,URC,2,841.0,KAZ,CHN
ALA,VKO,1,3124.0,KAZ,RUS
ALB,ATL,5,1372.0,USA,USA
ALB,BOS,1,233.0,USA,USA
ALB,BWI,2,464.0,USA,USA
ALB,CLE,1,680.0,USA,USA
ALB,CLT,2,1040.0,USA,USA
ALB,DCA,2,512.0,USA,USA
ALB,DTW,1,785.0,USA,USA
ALB,EWR,2,231.0,USA,USA
ALB,FLL,2,1942.0,USA,USA
ALB,IAD,1,523.0,USA,USA
ALB,LAS,1,3592.0,USA,USA
ALB,MCO,1,1729.0,USA,USA
ALB,MDW,2,1152.0,USA,USA
ALB,MSP,1,1572.0,USA,USA
ALB,MSS,1,257.0,USA,USA
ALB,OGS,1,253.0,USA,USA
ALB,ORD,1,1161.0,USA,USA
ALB,PHL,2,342.0,USA,USA
ALB,TPA,2,1821.0,USA,USA
ALC,AAL,1,2226.0,ESP,DNK
ALC,AES,1,2738.0,ESP,NOW
ALC,ALG,1,377.0,ESP,DZA
ALC,AMS,3,1613.0,ESP,NLX
ALC,ARN,2,2711.0,ESP,SWE
ALC,BCN,2,404.0,ESP,ESP
ALC,BFS,2,1870.0,ESP,NIR
ALC,BGO,2,2481.0,ESP,NOW
ALC,BGY,1,1179.0,ESP,ITA
ALC,BHX,4,1579.0,ESP,ENG
ALC,BIO,2,592.0,ESP,ESP
ALC,BLK,1,1733.0,ESP,ENG
ALC,BLL,2,2071.0,ESP,DNK
ALC,BLQ,1,1206.0,ESP,ITA
ALC,BOH,1,1393.0,ESP,ENG
ALC,BRE,1,1792.0,ESP,DEU
ALC,BRS,3,1466.0,ESP,ENG
ALC,BRU,4,1458.0,ESP,BFR
ALC,BSL,1,1225.0,ESP,FXX
ALC,BVA,1,1260.0,ESP,FXX
ALC,CGN,1,1524.0,ESP,DEU
ALC,CPH,3,2165.0,ESP,DNK
ALC,CRL,1,1411.0,ESP,BWR
ALC,CWL,3,1474.0,ESP,WLS
ALC,DME,4,3425.0,ESP,RUS
ALC,DUB,2,1739.0,ESP,IRL
ALC,DUS,1,1556.0,ESP,DEU
ALC,EDI,3,1976.0,ESP,SCT
ALC,EIN,2,1536.0,ESP,NLX
ALC,EMA,4,1619.0,ESP,ENG
ALC,EVE,1,3519.0,ESP,NOW
ALC,EXT,1,1403.0,ESP,ENG
ALC,FCO,2,1156.0,ESP,ITA
ALC,FKB,1,1357.0,ESP,DEU
ALC,FMM,1,1387.0,ESP,DEU
ALC,FRA,1,1493.0,ESP,DEU
ALC,GLA,3,1977.0,ESP,SCT
ALC,GOT,1,2348.0,ESP,SWE
ALC,GSE,1,2348.0,ESP,SWE
ALC,GVA,1,1040.0,ESP,CHE
ALC,HAM,2,1887.0,ESP,DEU
ALC,HAU,1,2378.0,ESP,NOW
ALC,HEL,1,3030.0,ESP,FIN
ALC,HHN,1,1438.0,ESP,DEU
ALC,IBZ,2,180.0,ESP,ESP
ALC,KEF,2,3208.0,ESP,ISL
ALC,KIR,1,1694.0,ESP,IRL
ALC,KRK,1,2074.0,ESP,POL
ALC,KRS,1,2301.0,ESP,NOW
ALC,KSD,1,2551.0,ESP,SWE
ALC,KTW,1,2056.0,ESP,POL
ALC,KUN,1,2616.0,ESP,LTU
ALC,LBA,2,1735.0,ESP,ENG
ALC,LGW,6,1431.0,ESP,ENG
ALC,LPA,1,1794.0,ESP,ESP
ALC,LPL,2,1683.0,ESP,ENG
ALC,LTN,2,1511.0,ESP,ENG
ALC,MAD,1,355.0,ESP,ESP
ALC,MAN,5,1681.0,ESP,ENG
ALC,MOL,1,2771.0,ESP,NOW
ALC,MST,1,1490.0,ESP,NLX
ALC,MUC,2,1497.0,ESP,DEU
ALC,NCL,3,1865.0,ESP,ENG
ALC,NOC,1,1848.0,ESP,IRL
ALC,NRN,1,1571.0,ESP,DEU
ALC,NUE,1,1553.0,ESP,DEU
ALC,NYO,1,2600.0,ESP,SWE
ALC,ORK,1,1629.0,ESP,IRL
ALC,ORN,3,296.0,ESP,DZA
ALC,ORY,2,1185.0,ESP,FXX
ALC,OSL,2,2562.0,ESP,NOW
ALC,OUL,1,3408.0,ESP,FIN
ALC,PIK,1,1939.0,ESP,SCT
ALC,PMI,3,318.0,ESP,ESP
ALC,RTM,1,1569.0,ESP,NLX
ALC,RYG,2,2480.0,ESP,NOW
ALC,SCQ,1,838.0,ESP,ESP
ALC,SEN,1,1481.0,ESP,ENG
ALC,SNN,1,1728.0,ESP,IRL
ALC,SOU,1,1410.0,ESP,ENG
ALC,STN,1,1514.0,ESP,ENG
ALC,STR,1,1398.0,ESP,DEU
ALC,SVG,2,2333.0,ESP,NOW
ALC,TFS,1,1871.0,ESP,ESP
ALC,TKU,1,2940.0,ESP,FIN
ALC,TMP,1,3062.0,ESP,FIN
ALC,TOS,1,3678.0,ESP,NOW
ALC,TRD,2,2903.0,ESP,NOW
ALC,TRF,2,2449.0,ESP,NOW
ALC,TXL,1,1913.0,ESP,DEU
ALC,UME,1,3155.0,ESP,SWE
ALC,VST,1,2663.0,ESP,SWE
ALC,VXO,1,2357.0,ESP,SWE
ALC,WMI,1,2270.0,ESP,POL
ALC,WRO,1,1974.0,ESP,POL
ALC,ZRH,1,1260.0,ESP,CHE
ALF,HFT,1,79.0,NOW,NOW
ALF,KKN,1,251.0,NOW,NOW
ALF,LKL,1,62.0,NOW,NOW
ALF,OSL,2,1234.0,NOW,NOW
ALF,SOJ,1,95.0,NOW,NOW
ALF,TOS,3,174.0,NOW,NOW
ALF,VDS,1,246.0,NOW,NOW
ALG,AAE,1,409.0,DZA,DZA
ALG,ABJ,1,3570.0,DZA,CIV
ALG,ALC,1,377.0,DZA,ESP
ALG,AMM,2,3049.0,DZA,JOR
ALG,AZR,1,1035.0,DZA,DZA
ALG,BCN,3,521.0,DZA,ESP
ALG,BEY,1,2934.0,DZA,LBN
ALG,BJA,1,165.0,DZA,DZA
ALG,BKO,1,2908.0,DZA,MLI
ALG,BLJ,1,296.0,DZA,DZA
ALG,BOD,1,963.0,DZA,FXX
ALG,BRU,1,1583.0,DZA,BFR
ALG,BSK,1,310.0,DZA,DZA
ALG,CAI,2,2706.0,DZA,EGY
ALG,CDG,5,1371.0,DZA,FXX
ALG,CGN,1,1607.0,DZA,DEU
ALG,CMN,2,1050.0,DZA,MAR
ALG,CZL,1,308.0,DZA,DZA
ALG,DJG,1,1502.0,DZA,DZA
ALG,DKR,1,3188.0,DZA,SEN
ALG,DOH,1,4732.0,DZA,QAT
ALG,DXB,2,5068.0,DZA,ARE
ALG,EBH,1,382.0,DZA,DZA
ALG,ELU,1,479.0,DZA,DZA
ALG,ETZ,1,1389.0,DZA,FXX
ALG,FCO,2,962.0,DZA,ITA
ALG,FRA,2,1544.0,DZA,DEU
ALG,GHA,1,482.0,DZA,DZA
ALG,GVA,1,1088.0,DZA,CHE
ALG,HME,1,619.0,DZA,DZA
ALG,HRM,1,418.0,DZA,DZA
ALG,INZ,1,1052.0,DZA,DZA
ALG,IST,2,2257.0,DZA,TUR
ALG,LGW,1,1630.0,DZA,ENG
ALG,LHR,1,1669.0,DZA,ENG
ALG,LIL,2,1543.0,DZA,FXX
ALG,LIS,2,1110.0,DZA,PRX
ALG,LYS,2,1017.0,DZA,FXX
ALG,MAD,2,723.0,DZA,ESP
ALG,MED,1,3716.0,DZA,SAU
ALG,MLA,1,1013.0,DZA,MLT
ALG,MRS,3,769.0,DZA,FXX
ALG,MUW,1,322.0,DZA,DZA
ALG,MXP,1,1095.0,DZA,ITA
ALG,MZW,1,471.0,DZA,DZA
ALG,NCE,1,846.0,DZA,FXX
ALG,NIM,1,2583.0,DZA,NER
ALG,OGX,1,568.0,DZA,DZA
ALG,ORN,1,364.0,DZA,DZA
ALG,ORY,2,1340.0,DZA,FXX
ALG,OUA,1,2747.0,DZA,BFA
ALG,PEK,1,9104.0,DZA,CHN
ALG,PMI,1,321.0,DZA,ESP
ALG,QSF,1,197.0,DZA,DZA
ALG,SVO,1,3332.0,DZA,RUS
ALG,TEE,1,463.0,DZA,DZA
ALG,TGR,1,481.0,DZA,DZA
ALG,TID,1,218.0,DZA,DZA
ALG,TIP,2,1013.0,DZA,LBY
ALG,TLM,1,460.0,DZA,DZA
ALG,TLS,2,787.0,DZA,FXX
ALG,TUN,2,625.0,DZA,TUN
ALG,VIE,1,1673.0,DZA,AUT
ALG,YUL,1,6275.0,DZA,CAN
ALH,BQB,1,261.0,AUS,AUS
ALH,PER,2,375.0,AUS,AUS
ALO,ORD,2,375.0,USA,USA
ALS,DEN,3,289.0,USA,USA
ALS,FMN,3,223.0,USA,USA
ALW,SEA,1,341.0,USA,USA
AMA,DAL,2,519.0,USA,USA
AMA,DEN,3,579.0,USA,USA
AMA,DFW,2,502.0,USA,USA
AMA,IAH,1,833.0,USA,USA
AMA,LAS,1,1218.0,USA,USA
AMA,MDW,1,1414.0,USA,USA
AMD,AUH,2,1835.0,IND,ARE
AMD,BLR,1,1222.0,IND,IND
AMD,BOM,6,444.0,IND,IND
AMD,CCU,2,1620.0,IND,IND
AMD,DEL,6,757.0,IND,IND
AMD,DOH,1,2145.0,IND,QAT
AMD,DWC,1,1785.0,IND,ARE
AMD,DXB,2,1767.0,IND,ARE
AMD,GOI,1,865.0,IND,IND
AMD,HYD,3,888.0,IND,IND
AMD,JAI,1,526.0,IND,IND
AMD,KUL,1,3861.0,IND,MYS
AMD,KWI,1,2550.0,IND,KWT
AMD,MAA,2,1375.0,IND,IND
AMD,MCT,1,1466.0,IND,OMN
AMD,PNQ,2,517.0,IND,IND
AMD,SHJ,1,1753.0,IND,ARE
AMD,SIN,1,4157.0,IND,SGP
AMH,ADD,1,353.0,ETH,ETH
AMM,ADE,2,2295.0,JOR,YEM
AMM,ALG,2,3049.0,JOR,DZA
AMM,AMS,1,3402.0,JOR,NLX
AMM,AQJ,1,253.0,JOR,JOR
AMM,ATH,1,1297.0,JOR,GRC
AMM,AUH,3,1998.0,JOR,ARE
AMM,BAH,2,1546.0,JOR,BHR
AMM,BCN,2,3189.0,JOR,ESP
AMM,BEN,3,1483.0,JOR,LBY
AMM,BEY,3,238.0,JOR,LBN
AMM,BGW,1,791.0,JOR,IRR
AMM,BKK,2,6841.0,JOR,THA
AMM,BOM,1,3938.0,JOR,IND
AMM,BSR,1,1118.0,JOR,IRR
AMM,CAI,3,472.0,JOR,EGY
AMM,CDG,2,3381.0,JOR,FXX
AMM,DEL,1,3945.0,JOR,IND
AMM,DME,2,2638.0,JOR,RUS
AMM,DMM,1,1461.0,JOR,SAU
AMM,DOH,2,1684.0,JOR,QAT
AMM,DWC,1,2020.0,JOR,ARE
AMM,DXB,4,2022.0,JOR,ARE
AMM,EBL,3,889.0,JOR,IRK
AMM,FCO,3,2383.0,JOR,ITA
AMM,FRA,3,3045.0,JOR,DEU
AMM,GVA,1,3018.0,JOR,CHE
AMM,HBE,1,605.0,JOR,EGY
AMM,HOD,1,2016.0,JOR,YEM
AMM,IST,2,1243.0,JOR,TUR
AMM,ISU,1,962.0,JOR,IRK
AMM,JED,4,1160.0,JOR,SAU
AMM,JFK,3,9215.0,JOR,USA
AMM,KBP,1,2113.0,JOR,UKR
AMM,KRT,1,1827.0,JOR,SDN
AMM,KWI,3,1180.0,JOR,KWT
AMM,LCA,1,414.0,JOR,CYP
AMM,LHR,2,3683.0,JOR,ENG
AMM,LOS,1,4393.0,JOR,NGA
AMM,MAD,2,3652.0,JOR,ESP
AMM,MCT,2,2368.0,JOR,OMN
AMM,MED,3,876.0,JOR,SAU
AMM,MUC,2,2747.0,JOR,DEU
AMM,ORD,3,10014.0,JOR,USA
AMM,OSM,2,833.0,JOR,IRR
AMM,OTP,2,1668.0,JOR,ROU
AMM,RUH,3,1289.0,JOR,SAU
AMM,SAH,2,1990.0,JOR,YEM
AMM,SHJ,1,2032.0,JOR,ARE
AMM,SSH,1,444.0,JOR,EGY
AMM,TIP,3,2147.0,JOR,LBY
AMM,TLV,2,109.0,JOR,ISR
AMM,TUN,1,2427.0,JOR,TUN
AMM,TXL,2,2953.0,JOR,DEU
AMM,VIE,3,2449.0,JOR,AUT
AMM,YUL,3,8897.0,JOR,CAN
AMM,ZRH,1,2906.0,JOR,CHE
AMQ,CGK,3,2389.0,IDN,IDN
AMQ,FKQ,1,472.0,IDN,IDN
AMQ,LUV,1,558.0,IDN,IDN
AMQ,MKW,1,733.0,IDN,IDN
AMQ,NBX,1,823.0,IDN,IDN
AMQ,SOQ,1,474.0,IDN,IDN
AMQ,SUB,2,1742.0,IDN,IDN
AMQ,SXK,1,594.0,IDN,IDN
AMQ,UPG,3,958.0,IDN,IDN
AMS,AAL,2,624.0,NLX,DNK
AMS,ABZ,1,703.0,NLX,SCT
AMS,ACC,1,5213.0,NLX,GHA
AMS,ACE,1,3006.0,NLX,ESP
AMS,ADB,3,2327.0,NLX,TUR
AMS,AES,2,1143.0,NLX,NOW
AMS,AGP,3,1884.0,NLX,ESP
AMS,AJA,1,1194.0,NLX,FXX
AMS,ALA,1,5256.0,NLX,KAZ
AMS,ALC,3,1613.0,NLX,ESP
AMS,AMM,1,3402.0,NLX,JOR
AMS,ARN,4,1152.0,NLX,SWE
AMS,ASR,2,2795.0,NLX,TUR
AMS,ATH,2,2182.0,NLX,GRC
AMS,ATL,2,7066.0,NLX,USA
AMS,AUA,2,7878.0,NLX,ABW
AMS,AUH,7,5192.0,NLX,ARE
AMS,AYT,2,2655.0,NLX,TUR
AMS,BCN,5,1241.0,NLX,ESP
AMS,BEG,2,1410.0,NLX,SRS
AMS,BFS,1,771.0,NLX,NIR
AMS,BGO,2,888.0,NLX,NOW
AMS,BHX,2,442.0,NLX,ENG
AMS,BIO,2,1153.0,NLX,ESP
AMS,BJV,1,2444.0,NLX,TUR
AMS,BKK,3,9208.0,NLX,THA
AMS,BLL,2,477.0,NLX,DNK
AMS,BLQ,3,988.0,NLX,ITA
AMS,BOD,3,924.0,NLX,FXX
AMS,BOM,2,6860.0,NLX,IND
AMS,BON,1,7792.0,NLX,NLY
AMS,BOS,2,5547.0,NLX,USA
AMS,BRE,2,283.0,NLX,DEU
AMS,BRI,1,1538.0,NLX,ITA
AMS,BRN,1,631.0,NLX,CHE
AMS,BRS,3,524.0,NLX,ENG
AMS,BRU,1,158.0,NLX,BFR
AMS,BSL,3,561.0,NLX,FXX
AMS,BUD,1,1169.0,NLX,HUN
AMS,CAI,2,3287.0,NLX,EGY
AMS,CAN,2,9140.0,NLX,CHN
AMS,CDG,3,398.0,NLX,FXX
AMS,CFE,3,734.0,NLX,FXX
AMS,CFU,1,1827.0,NLX,GRC
AMS,CGN,2,230.0,NLX,DEU
AMS,CHQ,1,2411.0,NLX,GRC
AMS,CMN,2,2327.0,NLX,MAR
AMS,CPH,6,633.0,NLX,DNK
AMS,CPT,2,9687.0,NLX,ZAF
AMS,CTA,3,1835.0,NLX,ITA
AMS,CTU,2,7942.0,NLX,CHN
AMS,CUR,2,7834.0,NLX,CUW
AMS,CWL,2,566.0,NLX,WLS
AMS,DBV,1,1481.0,NLX,HRV
AMS,DEL,1,6363.0,NLX,IND
AMS,DFW,2,7900.0,NLX,USA
AMS,DLM,1,2554.0,NLX,TUR
AMS,DMM,3,4705.0,NLX,SAU
AMS,DOH,3,4923.0,NLX,QAT
AMS,DTW,2,6324.0,NLX,USA
AMS,DUB,1,750.0,NLX,IRL
AMS,DUS,2,178.0,NLX,DEU
AMS,DXB,3,5169.0,NLX,ARE
AMS,EBL,1,3535.0,NLX,IRK
AMS,EDI,2,666.0,NLX,SCT
AMS,EMA,1,416.0,NLX,ENG
AMS,EWR,4,5868.0,NLX,USA
AMS,EXT,1,592.0,NLX,ENG
AMS,EZE,1,11462.0,NLX,ARG
AMS,FAO,1,1970.0,NLX,PRX
AMS,FCO,4,1297.0,NLX,ITA
AMS,FLR,2,1058.0,NLX,ITA
AMS,FNC,1,2784.0,NLX,PMD
AMS,FRA,4,367.0,NLX,DEU
AMS,FUE,1,3066.0,NLX,ESP
AMS,FUK,1,9109.0,NLX,JPN
AMS,GCI,1,607.0,NLX,GGY
AMS,GDN,1,937.0,NLX,POL
AMS,GIG,1,9560.0,NLX,BRA
AMS,GLA,3,718.0,NLX,SCT
AMS,GOT,1,764.0,NLX,SWE
AMS,GRO,1,1167.0,NLX,ESP
AMS,GRU,1,9775.0,NLX,BRA
AMS,GUW,1,3370.0,NLX,KAZ
AMS,GVA,2,682.0,NLX,CHE
AMS,HAJ,2,334.0,NLX,DEU
AMS,HAM,3,379.0,NLX,DEU
AMS,HAV,1,7819.0,NLX,CUB
AMS,HEL,4,1521.0,NLX,FIN
AMS,HER,1,2481.0,NLX,GRC
AMS,HGH,2,8922.0,NLX,CHN
AMS,HKG,2,9274.0,NLX,HKG
AMS,HOG,1,7597.0,NLX,CUB
AMS,HRE,3,8215.0,NLX,ZWE
AMS,HUY,2,370.0,NLX,ENG
AMS,IAD,4,6207.0,NLX,USA
AMS,IAH,4,8049.0,NLX,USA
AMS,IBZ,3,1517.0,NLX,ESP
AMS,ICN,2,8552.0,NLX,KOR
AMS,IKA,1,4076.0,NLX,IRN
AMS,INN,1,733.0,NLX,AUT
AMS,INV,1,809.0,NLX,SCT
AMS,IST,2,2184.0,NLX,TUR
AMS,JER,1,598.0,NLX,JEY
AMS,JFK,2,5848.0,NLX,USA
AMS,JKH,1,2265.0,NLX,GRC
AMS,JMK,1,2301.0,NLX,GRC
AMS,JNB,1,9017.0,NLX,ZAF
AMS,JRO,3,6901.0,NLX,TZA
AMS,JTR,1,2400.0,NLX,GRC
AMS,KBP,2,1819.0,NLX,UKR
AMS,KEF,1,2038.0,NLX,ISL
AMS,KGL,3,6487.0,NLX,RWA
AMS,KGS,1,2452.0,NLX,GRC
AMS,KIT,1,2286.0,NLX,GRC
AMS,KIX,1,9241.0,NLX,JPN
AMS,KRK,1,1074.0,NLX,POL
AMS,KRS,2,688.0,NLX,NOW
AMS,KUL,3,10237.0,NLX,MYS
AMS,KWI,3,4355.0,NLX,KWT
AMS,KYA,1,2673.0,NLX,TUR
AMS,LAD,1,6849.0,NLX,AGO
AMS,LAX,2,8956.0,NLX,USA
AMS,LBA,3,462.0,NLX,ENG
AMS,LCA,2,2992.0,NLX,CYP
AMS,LCY,4,335.0,NLX,ENG
AMS,LED,2,1773.0,NLX,RUS
AMS,LEJ,1,522.0,NLX,DEU
AMS,LGW,2,365.0,NLX,ENG
AMS,LHR,5,370.0,NLX,ENG
AMS,LIM,2,10520.0,NLX,PER
AMS,LIN,3,831.0,NLX,ITA
AMS,LIS,8,1846.0,NLX,PRX
AMS,LJU,1,974.0,NLX,SVN
AMS,LOS,1,5087.0,NLX,NGA
AMS,LPA,1,3183.0,NLX,ESP
AMS,LPI,1,965.0,NLX,SWE
AMS,LPL,1,524.0,NLX,ENG
AMS,LTN,1,354.0,NLX,ENG
AMS,LUX,1,315.0,NLX,LUX
AMS,LYS,2,732.0,NLX,FXX
AMS,MAD,3,1461.0,NLX,ESP
AMS,MAN,3,487.0,NLX,ENG
AMS,MEX,1,9206.0,NLX,MEX
AMS,MLA,2,1983.0,NLX,MLT
AMS,MME,2,478.0,NLX,ENG
AMS,MRS,2,987.0,NLX,FXX
AMS,MSP,2,6685.0,NLX,USA
AMS,MSQ,1,1556.0,NLX,BLR
AMS,MUC,2,664.0,NLX,DEU
AMS,MXP,1,797.0,NLX,ITA
AMS,NAP,1,1461.0,NLX,ITA
AMS,NBO,3,6677.0,NLX,KEN
AMS,NCE,3,979.0,NLX,FXX
AMS,NCL,2,522.0,NLX,ENG
AMS,NDR,2,2023.0,NLX,MAR
AMS,NRT,1,9319.0,NLX,JPN
AMS,NTE,2,733.0,NLX,FXX
AMS,NUE,1,542.0,NLX,DEU
AMS,NWI,2,239.0,NLX,ENG
AMS,OPO,4,1595.0,NLX,PRX
AMS,ORD,4,6612.0,NLX,USA
AMS,ORK,1,906.0,NLX,IRL
AMS,OSL,3,951.0,NLX,NOW
AMS,OTP,2,1783.0,NLX,ROU
AMS,PBM,2,7524.0,NLX,SUR
AMS,PDL,1,2857.0,NLX,PAZ
AMS,PDX,2,8029.0,NLX,USA
AMS,PEK,2,7827.0,NLX,CHN
AMS,PFO,1,2938.0,NLX,CYP
AMS,PHL,2,5997.0,NLX,USA
AMS,PMI,3,1427.0,NLX,ESP
AMS,PMO,3,1699.0,NLX,ITA
AMS,POP,1,7294.0,NLX,DOM
AMS,PRG,4,705.0,NLX,CZE
AMS,PSA,1,1046.0,NLX,ITA
AMS,PTY,2,8813.0,NLX,PAN
AMS,PUJ,1,7245.0,NLX,DOM
AMS,PVG,3,8910.0,NLX,CHN
AMS,PVK,1,1931.0,NLX,GRC
AMS,RAK,1,2525.0,NLX,MAR
AMS,RHO,1,2541.0,NLX,GRC
AMS,RIX,2,1333.0,NLX,LVA
AMS,SAW,3,2246.0,NLX,TUR
AMS,SEA,2,7840.0,NLX,USA
AMS,SEN,1,291.0,NLX,ENG
AMS,SFB,1,7258.0,NLX,USA
AMS,SFO,2,8786.0,NLX,USA
AMS,SIN,2,10514.0,NLX,SGP
AMS,SKG,1,1905.0,NLX,GRC
AMS,SMI,1,2364.0,NLX,GRC
AMS,SOF,1,1753.0,NLX,BGR
AMS,SOU,1,448.0,NLX,ENG
AMS,SPC,1,3221.0,NLX,ESP
AMS,STN,1,313.0,NLX,ENG
AMS,STR,1,511.0,NLX,DEU
AMS,SUF,1,1733.0,NLX,ITA
AMS,SVG,2,732.0,NLX,NOW
AMS,SVO,2,2144.0,NLX,RUS
AMS,SVQ,3,1852.0,NLX,ESP
AMS,SXB,3,466.0,NLX,FXX
AMS,SXF,1,595.0,NLX,DEU
AMS,SXM,1,6933.0,NLX,SXM
AMS,TBS,2,3220.0,NLX,GEG
AMS,TFS,1,3224.0,NLX,ESP
AMS,TLL,2,1472.0,NLX,EST
AMS,TLS,2,997.0,NLX,FXX
AMS,TLV,4,3312.0,NLX,ISR
AMS,TNG,2,2027.0,NLX,MAR
AMS,TPE,2,9443.0,NLX,TWN
AMS,TRD,2,1291.0,NLX,NOW
AMS,TRF,2,838.0,NLX,NOW
AMS,TRN,1,818.0,NLX,ITA
AMS,TUN,1,1771.0,NLX,TUN
AMS,TXL,2,578.0,NLX,DEU
AMS,UIO,2,9552.0,NLX,ECU
AMS,VCE,3,937.0,NLX,ITA
AMS,VIE,2,959.0,NLX,AUT
AMS,VLC,3,1481.0,NLX,ESP
AMS,VRA,1,7750.0,NLX,CUB
AMS,VRN,1,889.0,NLX,ITA
AMS,VXE,1,4730.0,NLX,CPV
AMS,VXO,1,821.0,NLX,SWE
AMS,WAW,2,1101.0,NLX,POL
AMS,XMN,2,9317.0,NLX,CHN
AMS,YUL,2,5503.0,NLX,CAN
AMS,YVR,2,7707.0,NLX,CAN
AMS,YYC,3,7168.0,NLX,CAN
AMS,YYZ,3,5990.0,NLX,CAN
AMS,ZAG,1,1099.0,NLX,HRV
AMS,ZRH,3,603.0,NLX,CHE
AMS,ZTH,1,2046.0,NLX,GRC
ANC,ADK,1,1913.0,USA,USA
ANC,ADQ,2,406.0,USA,USA
ANC,AKN,2,463.0,USA,USA
ANC,ANI,3,510.0,USA,USA
ANC,BET,2,639.0,USA,USA
ANC,BRW,1,1163.0,USA,USA
ANC,CDB,2,995.0,USA,USA
ANC,CDV,2,256.0,USA,USA
ANC,DEN,1,3863.0,USA,USA
ANC,DLG,2,527.0,USA,USA
ANC,ENA,3,95.0,USA,USA
ANC,FAI,2,419.0,USA,USA
ANC,HNL,1,4474.0,USA,USA
ANC,HOM,2,188.0,USA,USA
ANC,ILI,1,312.0,USA,USA
ANC,JNU,1,916.0,USA,USA
ANC,KSM,2,709.0,USA,USA
ANC,LAS,1,3703.0,USA,USA
ANC,LAX,2,3771.0,USA,USA
ANC,MCG,2,353.0,USA,USA
ANC,MSP,1,4042.0,USA,USA
ANC,OME,1,865.0,USA,USA
ANC,ORD,2,4568.0,USA,USA
ANC,OTZ,1,880.0,USA,USA
ANC,PDX,1,2477.0,USA,USA
ANC,PHX,2,4101.0,USA,USA
ANC,SCC,1,1005.0,USA,USA
ANC,SDP,2,895.0,USA,USA
ANC,SEA,3,2326.0,USA,USA
ANC,SLC,1,3413.0,USA,USA
ANC,SNP,2,1229.0,USA,USA
ANC,STG,2,1234.0,USA,USA
ANC,UNK,3,630.0,USA,USA
ANC,VDZ,2,201.0,USA,USA
ANF,CJC,2,190.0,CHL,CHL
ANF,IQQ,3,325.0,CHL,CHL
ANF,LIM,1,1453.0,CHL,PER
ANF,LSC,2,724.0,CHL,CHL
ANF,SCL,3,1107.0,CHL,CHL
ANG,FSC,1,855.0,FXX,FXX
ANI,ANC,3,510.0,USA,USA
ANI,CHU,1,17.0,USA,USA
ANI,HCR,2,69.0,USA,USA
ANI,KLG,2,43.0,USA,USA
ANI,MCG,2,254.0,USA,USA
ANI,RSH,1,96.0,USA,USA
ANI,SHX,1,124.0,USA,USA
ANM,TMM,1,360.0,MDG,MDG
ANM,TNR,1,519.0,MDG,MDG
ANM,WMN,1,83.0,MDG,MDG
ANR,LCY,2,308.0,BFR,ENG
ANS,LIM,1,449.0,PER,PER
ANU,AXA,1,179.0,ACA,AIA
ANU,BGI,2,515.0,ACA,BRB
ANU,CLT,2,2763.0,ACA,USA
ANU,DOM,1,184.0,ACA,DMA
ANU,EWR,1,2876.0,ACA,USA
ANU,FRA,1,7161.0,ACA,DEU
ANU,JFK,2,2855.0,ACA,USA
ANU,KIN,1,1592.0,ACA,JAM
ANU,LGW,3,6564.0,ACA,ENG
ANU,MIA,2,2139.0,ACA,USA
ANU,NEV,1,85.0,ACA,KNA
ANU,PTP,2,101.0,ACA,GLP
ANU,PUJ,2,713.0,ACA,DOM
ANU,SBH,2,140.0,ACA,BLM
ANU,SDQ,1,846.0,ACA,DOM
ANU,SJU,1,469.0,ACA,PRI
ANU,SKB,3,100.0,ACA,KNA
ANU,SLU,1,357.0,ACA,LCA
ANU,SXM,1,172.0,ACA,SXM
ANU,TAB,2,674.0,ACA,TTO
ANU,UVF,1,389.0,ACA,LCA
ANU,YYZ,2,3394.0,ACA,CAN
ANV,HCR,1,55.0,USA,USA
ANX,BOO,1,237.0,NOW,NOW
ANX,EVE,1,92.0,NOW,NOW
ANX,TOS,1,117.0,NOW,NOW
AOE,BRU,1,2360.0,TUR,BFR
AOG,PEK,1,541.0,CHN,CHN
AOG,PVG,2,1112.0,CHN,CHN
AOI,AHO,1,534.0,ITA,ITA
AOI,CRL,1,1016.0,ITA,BWR
AOI,CTA,1,699.0,ITA,ITA
AOI,DUS,1,986.0,ITA,DEU
AOI,FCO,1,222.0,ITA,ITA
AOI,MUC,1,541.0,ITA,DEU
AOI,NRN,1,1039.0,ITA,DEU
AOI,STN,1,1341.0,ITA,ENG
AOI,TPS,1,639.0,ITA,ITA
AOI,TXL,1,994.0,ITA,DEU
AOJ,CTS,1,242.0,JPN,JPN
AOJ,HND,1,582.0,JPN,JPN
AOJ,ICN,1,1280.0,JPN,KOR
AOJ,ITM,1,806.0,JPN,JPN
AOJ,NKM,1,693.0,JPN,JPN
AOK,ATH,2,400.0,GRC,GRC
AOK,KSJ,2,21.0,GRC,GRC
AOK,RHO,2,138.0,GRC,GRC
AOO,IAD,1,168.0,USA,USA
AOO,JST,1,44.0,USA,USA
AOR,KUL,2,410.0,MYS,MYS
AOR,SZB,3,363.0,MYS,MYS
APF,MIA,1,154.0,USA,USA
APL,BEW,1,698.0,MOZ,MOZ
APL,JNB,2,1679.0,MOZ,ZAF
APL,MPM,1,1390.0,MOZ,MOZ
APL,NBO,1,1555.0,MOZ,KEN
APL,POL,2,271.0,MOZ,MOZ
APL,TET,1,614.0,MOZ,MOZ
APL,VXC,1,478.0,MOZ,MOZ
APN,DTW,1,319.0,USA,USA
APN,MSP,1,760.0,USA,USA
APO,BOG,1,448.0,COL,COL
APO,EOH,3,216.0,COL,COL
APW,AKL,3,2891.0,WSM,NZL
APW,HNL,1,4200.0,WSM,USA
APW,NAN,1,1210.0,WSM,FJI
AQA,VCP,1,168.0,BRA,BRA
AQG,CAN,1,881.0,CHN,CHN
AQG,CKG,1,1005.0,CHN,CHN
AQG,HAK,1,1356.0,CHN,CHN
AQG,PEK,1,1057.0,CHN,CHN
AQG,SHA,1,415.0,CHN,CHN
AQG,WUH,1,273.0,CHN,CHN
AQG,XMN,1,680.0,CHN,CHN
AQI,JED,1,1020.0,SAU,SAU
AQI,RUH,1,380.0,SAU,SAU
AQJ,AMM,1,253.0,JOR,JOR
AQJ,IST,1,1415.0,JOR,TUR
AQP,CUZ,1,314.0,PER,PER
AQP,JUL,2,181.0,PER,PER
AQP,LIM,5,766.0,PER,PER
AQP,LPB,1,362.0,PER,BOL
AQP,TCQ,1,236.0,PER,PER
ARC,VEE,1,127.0,USA,USA
ARH,CSH,1,241.0,RUS,RUS
ARH,LED,2,759.0,RUS,RUS
ARH,MMK,1,581.0,RUS,RUS
ARH,NNM,2,651.0,RUS,RUS
ARH,SVO,2,976.0,RUS,RUS
ARH,USK,1,787.0,RUS,RUS
ARI,ANF,1,567.0,CHL,CHL
ARI,IQQ,2,244.0,CHL,CHL
ARI,LPB,1,306.0,CHL,BOL
ARI,SCL,1,1673.0,CHL,CHL
ARK,ZNZ,1,428.0,TZA,TZZ
ARM,SYD,2,382.0,AUS,AUS
ARN,AAL,1,549.0,SWE,DNK
ARN,ADB,1,2463.0,SWE,TUR
ARN,ADD,2,5900.0,SWE,ETH
ARN,AGH,1,478.0,SWE,SWE
ARN,AGP,2,3016.0,SWE,ESP
ARN,AJA,1,2068.0,SWE,FXX
ARN,ALC,2,2711.0,SWE,ESP
ARN,AMS,4,1152.0,SWE,NLX
ARN,ATH,2,2452.0,SWE,GRC
ARN,BCN,4,2315.0,SWE,ESP
ARN,BEG,3,1657.0,SWE,SRS
ARN,BGO,2,709.0,SWE,NOW
ARN,BGW,1,3510.0,SWE,IRR
ARN,BHX,1,1452.0,SWE,ENG
ARN,BKK,3,8296.0,SWE,THA
ARN,BLL,1,678.0,SWE,DNK
ARN,BLQ,1,1739.0,SWE,ITA
ARN,BRU,1,1288.0,SWE,BFR
ARN,BUD,1,1362.0,SWE,HUN
ARN,CDG,3,1539.0,SWE,FXX
ARN,CGN,1,1189.0,SWE,DEU
ARN,CHQ,1,2720.0,SWE,GRC
ARN,CMN,1,3468.0,SWE,MAR
ARN,CPH,3,547.0,SWE,DNK
ARN,CTA,1,2475.0,SWE,ITA
ARN,DBV,2,1901.0,SWE,HRV
ARN,DOH,1,4618.0,SWE,QAT
ARN,DUB,2,1625.0,SWE,IRL
ARN,DUS,3,1162.0,SWE,DEU
ARN,DXB,2,4785.0,SWE,ARE
ARN,EBL,3,3203.0,SWE,IRK
ARN,EDI,2,1320.0,SWE,SCT
ARN,EVG,1,327.0,SWE,SWE
ARN,EWR,2,6307.0,SWE,USA
ARN,FAO,1,3120.0,SWE,PRX
ARN,FCO,2,2023.0,SWE,ITA
ARN,FLL,1,7962.0,SWE,USA
ARN,FRA,3,1223.0,SWE,DEU
ARN,GEV,1,844.0,SWE,SWE
ARN,GOT,4,394.0,SWE,SWE
ARN,GVA,4,1683.0,SWE,CHE
ARN,HAD,1,444.0,SWE,SWE
ARN,HAM,2,826.0,SWE,DEU
ARN,HEL,5,399.0,SWE,FIN
ARN,HFS,1,246.0,SWE,SWE
ARN,IKA,2,3600.0,SWE,IRN
ARN,IST,2,2176.0,SWE,TUR
ARN,ISU,2,3326.0,SWE,IRK
ARN,JFK,1,6292.0,SWE,USA
ARN,JKG,1,306.0,SWE,SWE
ARN,KEF,1,2143.0,SWE,ISL
ARN,KID,1,473.0,SWE,SWE
ARN,KLR,1,343.0,SWE,SWE
ARN,KLX,2,2528.0,SWE,GRC
ARN,KRF,2,378.0,SWE,SWE
ARN,KRK,1,1071.0,SWE,POL
ARN,KRN,2,916.0,SWE,SWE
ARN,KSD,1,259.0,SWE,SWE
ARN,LAX,1,8863.0,SWE,USA
ARN,LCA,1,2982.0,SWE,CYP
ARN,LCY,1,1435.0,SWE,ENG
ARN,LED,2,691.0,SWE,RUS
ARN,LGW,1,1475.0,SWE,ENG
ARN,LHR,6,1463.0,SWE,ENG
ARN,LIN,1,1681.0,SWE,ITA
ARN,LIS,2,2998.0,SWE,PRX
ARN,LLA,2,689.0,SWE,SWE
ARN,LPA,1,4335.0,SWE,ESP
ARN,LUX,1,1342.0,SWE,LUX
ARN,LYC,2,546.0,SWE,SWE
ARN,MAD,2,2601.0,SWE,ESP
ARN,MAN,3,1415.0,SWE,ENG
ARN,MHQ,1,122.0,SWE,ALD
ARN,MLA,1,2657.0,SWE,MLT
ARN,MMX,2,531.0,SWE,SWE
ARN,MSQ,1,888.0,SWE,BLR
ARN,MUC,3,1317.0,SWE,DEU
ARN,MXX,1,237.0,SWE,SWE
ARN,NCE,2,1920.0,SWE,FXX
ARN,OAK,1,8586.0,SWE,USA
ARN,OER,1,422.0,SWE,SWE
ARN,OLB,1,2165.0,SWE,ITA
ARN,ORD,1,6856.0,SWE,USA
ARN,ORY,1,1573.0,SWE,FXX
ARN,OSD,1,434.0,SWE,SWE
ARN,OSL,3,387.0,SWE,NOW
ARN,OUL,1,701.0,SWE,FIN
ARN,PEK,2,6691.0,SWE,CHN
ARN,PMI,2,2475.0,SWE,ESP
ARN,PMO,1,2412.0,SWE,ITA
ARN,POR,1,292.0,SWE,FIN
ARN,PRG,4,1087.0,SWE,CZE
ARN,PSA,1,1847.0,SWE,ITA
ARN,PUY,1,1663.0,SWE,HRV
ARN,RIX,3,466.0,SWE,LVA
ARN,RNB,1,408.0,SWE,SWE
ARN,SAW,1,2230.0,SWE,TUR
ARN,SDL,1,321.0,SWE,SWE
ARN,SFT,1,577.0,SWE,SWE
ARN,SJJ,1,1760.0,SWE,BHF
ARN,SKG,2,2156.0,SWE,GRC
ARN,SPU,2,1795.0,SWE,HRV
ARN,SVG,1,702.0,SWE,NOW
ARN,SVO,2,1220.0,SWE,RUS
ARN,SXF,1,853.0,SWE,DEU
ARN,TKU,2,259.0,SWE,FIN
ARN,TLL,2,391.0,SWE,EST
ARN,TLV,1,3321.0,SWE,ISR
ARN,TMP,3,367.0,SWE,FIN
ARN,TOS,1,1116.0,SWE,NOW
ARN,TRD,1,562.0,SWE,NOW
ARN,TRF,1,436.0,SWE,NOW
ARN,TXL,5,839.0,SWE,DEU
ARN,UME,2,477.0,SWE,SWE
ARN,VAA,4,430.0,SWE,FIN
ARN,VBY,2,223.0,SWE,SWE
ARN,VCE,1,1616.0,SWE,ITA
ARN,VHM,2,551.0,SWE,SWE
ARN,VIE,4,1286.0,SWE,AUT
ARN,VNO,2,712.0,SWE,LTU
ARN,VXO,1,355.0,SWE,SWE
ARN,WAW,1,854.0,SWE,POL
ARN,ZRH,2,1486.0,SWE,CHE
ART,ORD,2,991.0,USA,USA
ART,PHL,2,463.0,USA,USA
ARU,GRU,1,480.0,BRA,BRA
ARU,VCP,1,397.0,BRA,BRA
ARW,BGY,1,895.0,ROU,ITA
ASB,ATQ,1,1651.0,TKM,IND
ASB,BHX,1,4819.0,TKM,ENG
ASB,DEL,1,2027.0,TKM,IND
ASB,DME,2,2468.0,TKM,RUS
ASB,DXB,2,1444.0,TKM,ARE
ASB,FRA,1,4115.0,TKM,DEU
ASB,GYD,2,767.0,TKM,AZE
ASB,IST,2,2549.0,TKM,TUR
ASB,LHR,1,4741.0,TKM,ENG
ASB,MSQ,1,2900.0,TKM,BLR
ASB,URC,1,2518.0,TKM,CHN
ASE,DEN,1,201.0,USA,USA
ASE,LAX,1,1185.0,USA,USA
ASF,DME,2,1235.0,RUS,RUS
ASF,KZN,1,1040.0,RUS,RUS
ASF,LED,1,1902.0,RUS,RUS
ASF,MRV,1,448.0,RUS,RUS
ASF,SAW,1,1616.0,RUS,TUR
ASF,SCO,1,362.0,RUS,KAZ
ASF,SVO,1,1303.0,RUS,RUS
ASJ,HND,1,1235.0,JPN,JPN
ASJ,ITM,1,890.0,JPN,JPN
ASM,ADE,1,714.0,ERI,YEM
ASM,CAI,1,1818.0,ERI,EGY
ASM,JED,1,711.0,ERI,SAU
ASM,JUB,1,1407.0,ERI,SDS
ASM,KRT,1,682.0,ERI,SDN
ASM,NBO,1,1860.0,ERI,KEN
ASM,SAH,1,570.0,ERI,YEM
ASO,ADD,1,476.0,ETH,ETH
ASP,ADL,1,1317.0,AUS,AUS
ASP,AYQ,1,333.0,AUS,AUS
ASP,BNE,1,1965.0,AUS,AUS
ASP,CNS,1,1455.0,AUS,AUS
ASP,DRW,1,1306.0,AUS,AUS
ASP,MEL,2,1860.0,AUS,AUS
ASP,PER,1,1978.0,AUS,AUS
ASP,SYD,3,2020.0,AUS,AUS
ASR,ADB,2,727.0,TUR,TUR
ASR,AMS,1,2795.0,TUR,NLX
ASR,DUS,1,2627.0,TUR,DEU
ASR,IST,1,638.0,TUR,TUR
ASR,SAW,2,579.0,TUR,TUR
ASU,AEP,1,1040.0,PRY,ARG
ASU,AGT,2,270.0,PRY,PRY
ASU,EZE,3,1070.0,PRY,ARG
ASU,GRU,3,1137.0,PRY,BRA
ASU,LIM,1,2528.0,PRY,PER
ASU,MIA,2,6179.0,PRY,USA
ASU,MVD,1,1077.0,PRY,URY
ASU,PTY,1,4490.0,PRY,PAN
ASU,SCL,2,1571.0,PRY,CHL
ASU,VVI,2,1025.0,PRY,BOL
ASV,WIL,2,155.0,KEN,KEN
ASW,ABS,1,216.0,EGY,EGY
ASW,CAI,2,699.0,EGY,EGY
ASW,JED,1,697.0,EGY,SAU
ATA,LIM,1,302.0,PER,PER
ATC,NAS,2,187.0,BHS,BHS
ATC,TBI,1,42.0,BHS,BHS
ATD,HIR,1,122.0,SLB,SLB
ATH,ADB,1,284.0,GRC,TUR
ATH,AMM,1,1297.0,GRC,JOR
ATH,AMS,2,2182.0,GRC,NLX
ATH,AOK,2,400.0,GRC,GRC
ATH,ARN,2,2452.0,GRC,SWE
ATH,AUH,2,3263.0,GRC,ARE
ATH,AXD,2,368.0,GRC,GRC
ATH,BCN,4,1905.0,GRC,ESP
ATH,BEG,3,823.0,GRC,SRS
ATH,BEY,1,1135.0,GRC,LBN
ATH,BGY,1,1457.0,GRC,ITA
ATH,BRU,2,2101.0,GRC,BFR
ATH,BUD,1,1122.0,GRC,HUN
ATH,CAI,2,1107.0,GRC,EGY
ATH,CDG,3,2109.0,GRC,FXX
ATH,CFU,2,396.0,GRC,GRC
ATH,CGN,1,1953.0,GRC,DEU
ATH,CHQ,3,268.0,GRC,GRC
ATH,CPH,2,2139.0,GRC,DNK
ATH,DBV,1,704.0,GRC,HRV
ATH,DME,2,2206.0,GRC,RUS
ATH,DOH,2,2958.0,GRC,QAT
ATH,DUB,1,2876.0,GRC,IRL
ATH,DUS,2,2003.0,GRC,DEU
ATH,DXB,1,3272.0,GRC,ARE
ATH,EDI,1,2848.0,GRC,SCT
ATH,EFL,2,302.0,GRC,GRC
ATH,EIN,1,2089.0,GRC,NLX
ATH,EVN,1,1779.0,GRC,ARM
ATH,FCO,4,1086.0,GRC,ITA
ATH,FRA,2,1816.0,GRC,DEU
ATH,GVA,3,1731.0,GRC,CHE
ATH,HAM,1,2045.0,GRC,DEU
ATH,HBE,2,942.0,GRC,EGY
ATH,HEL,1,2490.0,GRC,FIN
ATH,HER,4,309.0,GRC,GRC
ATH,IEV,1,1479.0,GRC,UKR
ATH,IOA,2,334.0,GRC,GRC
ATH,IST,3,554.0,GRC,TUR
ATH,JIK,2,213.0,GRC,GRC
ATH,JKH,2,197.0,GRC,GRC
ATH,JKL,2,286.0,GRC,GRC
ATH,JMK,2,136.0,GRC,GRC
ATH,JNX,2,158.0,GRC,GRC
ATH,JSH,1,359.0,GRC,GRC
ATH,JSI,2,143.0,GRC,GRC
ATH,JSY,2,105.0,GRC,GRC
ATH,JTR,2,218.0,GRC,GRC
ATH,JTY,2,263.0,GRC,GRC
ATH,KBP,1,1485.0,GRC,UKR
ATH,KGS,2,306.0,GRC,GRC
ATH,KIT,2,202.0,GRC,GRC
ATH,KIV,1,1080.0,GRC,MDA
ATH,KRR,1,1490.0,GRC,RUS
ATH,KSO,1,361.0,GRC,GRC
ATH,KVA,2,336.0,GRC,GRC
ATH,KZI,1,318.0,GRC,GRC
ATH,LCA,4,930.0,GRC,CYP
ATH,LED,1,2472.0,GRC,RUS
ATH,LGW,1,2393.0,GRC,ENG
ATH,LHR,4,2427.0,GRC,ENG
ATH,LRS,2,265.0,GRC,GRC
ATH,LXS,2,247.0,GRC,GRC
ATH,LYS,3,1780.0,GRC,FXX
ATH,MAD,2,2377.0,GRC,ESP
ATH,MAN,3,2637.0,GRC,ENG
ATH,MJT,2,262.0,GRC,GRC
ATH,MLA,1,873.0,GRC,MLT
ATH,MLO,2,146.0,GRC,GRC
ATH,MRS,3,1688.0,GRC,FXX
ATH,MUC,3,1518.0,GRC,DEU
ATH,MXP,3,1520.0,GRC,ITA
ATH,NTE,2,2317.0,GRC,FXX
ATH,ORY,2,2105.0,GRC,FXX
ATH,OSL,3,2629.0,GRC,NOW
ATH,OTP,3,759.0,GRC,ROU
ATH,PAS,2,145.0,GRC,GRC
ATH,PFO,1,844.0,GRC,CYP
ATH,PHL,3,8083.0,GRC,USA
ATH,PRG,1,1556.0,GRC,CZE
ATH,RHO,3,404.0,GRC,GRC
ATH,RIX,1,2111.0,GRC,LVA
ATH,SAW,1,566.0,GRC,TUR
ATH,SKG,3,299.0,GRC,GRC
ATH,SKU,2,124.0,GRC,GRC
ATH,SMI,2,262.0,GRC,GRC
ATH,SOF,4,531.0,GRC,BGR
ATH,SPU,1,895.0,GRC,HRV
ATH,STN,1,2408.0,GRC,ENG
ATH,STR,1,1682.0,GRC,DEU
ATH,SVO,1,2242.0,GRC,RUS
ATH,SXF,1,1798.0,GRC,DEU
ATH,TBS,1,1837.0,GRC,GEG
ATH,TIA,2,529.0,GRC,ALB
ATH,TLS,1,1996.0,GRC,FXX
ATH,TLV,2,1194.0,GRC,ISR
ATH,TXL,2,1823.0,GRC,DEU
ATH,VCE,2,1276.0,GRC,ITA
ATH,VIE,2,1279.0,GRC,AUT
ATH,WAW,2,1599.0,GRC,POL
ATH,YUL,1,7632.0,GRC,CAN
ATH,YYZ,1,8128.0,GRC,CAN
ATH,ZRH,1,1639.0,GRC,CHE
ATH,ZTH,2,269.0,GRC,GRC
ATK,AIN,1,97.0,USA,USA
ATK,BRW,1,94.0,USA,USA
ATL,ABE,3,1114.0,USA,USA
ATL,ABQ,5,2038.0,USA,USA
ATL,ABY,4,235.0,USA,USA
ATL,AEX,3,804.0,USA,USA
ATL,AGS,3,230.0,USA,USA
ATL,ALB,4,1372.0,USA,USA
ATL,AMS,2,7066.0,USA,NLX
ATL,ATW,3,1232.0,USA,USA
ATL,AUA,3,2767.0,USA,ABW
ATL,AUS,7,1306.0,USA,USA
ATL,AVL,4,264.0,USA,USA
ATL,AVP,3,1149.0,USA,USA
ATL,AZO,2,961.0,USA,USA
ATL,BDA,1,1844.0,USA,BMU
ATL,BDL,7,1382.0,USA,USA
ATL,BHM,6,216.0,USA,USA
ATL,BJX,1,2189.0,USA,MEX
ATL,BMI,3,858.0,USA,USA
ATL,BNA,7,344.0,USA,USA
ATL,BOG,1,3389.0,USA,COL
ATL,BON,1,2899.0,USA,NLY
ATL,BOS,8,1522.0,USA,USA
ATL,BQK,3,384.0,USA,USA
ATL,BRU,3,7106.0,USA,BFR
ATL,BSB,1,6729.0,USA,BRA
ATL,BTR,3,721.0,USA,USA
ATL,BTV,3,1546.0,USA,USA
ATL,BUF,4,1147.0,USA,USA
ATL,BWI,7,928.0,USA,USA
ATL,BZE,1,1831.0,USA,BLZ
ATL,CAE,4,308.0,USA,USA
ATL,CAK,5,851.0,USA,USA
ATL,CCS,1,3117.0,USA,VEN
ATL,CDG,4,7056.0,USA,FXX
ATL,CHA,5,171.0,USA,USA
ATL,CHO,3,735.0,USA,USA
ATL,CHS,7,416.0,USA,USA
ATL,CID,4,1118.0,USA,USA
ATL,CLE,5,894.0,USA,USA
ATL,CLT,8,365.0,USA,USA
ATL,CMH,8,720.0,USA,USA
ATL,COS,3,1903.0,USA,USA
ATL,CRW,4,585.0,USA,USA
ATL,CSG,3,133.0,USA,USA
ATL,CUN,9,1422.0,USA,MEX
ATL,CVG,7,602.0,USA,USA
ATL,CZM,5,1479.0,USA,MEX
ATL,DAB,3,590.0,USA,USA
ATL,DAL,4,1158.0,USA,USA
ATL,DAY,6,697.0,USA,USA
ATL,DCA,7,880.0,USA,USA
ATL,DEN,11,1927.0,USA,USA
ATL,DFW,11,1175.0,USA,USA
ATL,DHN,3,275.0,USA,USA
ATL,DSM,3,1196.0,USA,USA
ATL,DTW,8,958.0,USA,USA
ATL,DUB,3,6323.0,USA,IRL
ATL,DUS,3,7236.0,USA,DEU
ATL,DXB,1,12209.0,USA,ARE
ATL,ECP,3,387.0,USA,USA
ATL,ELP,4,2060.0,USA,USA
ATL,EVV,4,564.0,USA,USA
ATL,EWN,3,696.0,USA,USA
ATL,EWR,7,1199.0,USA,USA
ATL,EYW,3,1042.0,USA,USA
ATL,EZE,1,8076.0,USA,ARG
ATL,FAR,1,1808.0,USA,USA
ATL,FAY,3,531.0,USA,USA
ATL,FCO,5,8085.0,USA,ITA
ATL,FLL,8,936.0,USA,USA
ATL,FNT,3,1039.0,USA,USA
ATL,FPO,1,961.0,USA,BHS
ATL,FRA,5,7410.0,USA,DEU
ATL,FSD,1,1535.0,USA,USA
ATL,FSM,3,930.0,USA,USA
ATL,FWA,4,819.0,USA,USA
ATL,GCM,1,1624.0,USA,CYM
ATL,GDL,6,2364.0,USA,MEX
ATL,GGT,1,1396.0,USA,BHS
ATL,GIG,2,7641.0,USA,BRA
ATL,GNV,4,484.0,USA,USA
ATL,GPT,4,566.0,USA,USA
ATL,GRB,3,1248.0,USA,USA
ATL,GRK,3,1290.0,USA,USA
ATL,GRR,3,1032.0,USA,USA
ATL,GRU,1,7510.0,USA,BRA
ATL,GSO,6,493.0,USA,USA
ATL,GSP,4,247.0,USA,USA
ATL,GTR,3,386.0,USA,USA
ATL,GUA,1,2206.0,USA,GTM
ATL,HNL,1,7234.0,USA,USA
ATL,HOU,6,1118.0,USA,USA
ATL,HPN,3,1255.0,USA,USA
ATL,HSV,5,243.0,USA,USA
ATL,IAD,9,859.0,USA,USA
ATL,IAH,9,1108.0,USA,USA
ATL,ICN,2,11487.0,USA,KOR
ATL,ICT,4,1256.0,USA,USA
ATL,ILM,4,606.0,USA,USA
ATL,IND,9,696.0,USA,USA
ATL,JAN,5,547.0,USA,USA
ATL,JAX,9,434.0,USA,USA
ATL,JFK,10,1222.0,USA,USA
ATL,JNB,1,13583.0,USA,ZAF
ATL,KIN,1,1904.0,USA,JAM
ATL,LAN,2,1017.0,USA,USA
ATL,LAS,7,2805.0,USA,USA
ATL,LAX,10,3126.0,USA,USA
ATL,LEX,4,489.0,USA,USA
ATL,LFT,3,809.0,USA,USA
ATL,LGA,8,1225.0,USA,USA
ATL,LHR,8,6761.0,USA,ENG
ATL,LIM,1,5136.0,USA,PER
ATL,LIR,1,2565.0,USA,CRI
ATL,LIT,4,727.0,USA,USA
ATL,LOS,1,9395.0,USA,NGA
ATL,LWB,1,594.0,USA,USA
ATL,MAD,4,6962.0,USA,ESP
ATL,MAN,4,6581.0,USA,ENG
ATL,MBJ,3,1803.0,USA,JAM
ATL,MBS,2,1101.0,USA,USA
ATL,MCI,8,1113.0,USA,USA
ATL,MCN,1,128.0,USA,USA
ATL,MCO,8,651.0,USA,USA
ATL,MDT,3,997.0,USA,USA
ATL,MDW,5,952.0,USA,USA
ATL,MEI,1,429.0,USA,USA
ATL,MEM,7,533.0,USA,USA
ATL,MEX,7,2143.0,USA,MEX
ATL,MGA,1,2397.0,USA,NIC
ATL,MGM,3,236.0,USA,USA
ATL,MHT,3,1531.0,USA,USA
ATL,MIA,12,959.0,USA,USA
ATL,MKE,6,1078.0,USA,USA
ATL,MLB,3,713.0,USA,USA
ATL,MLI,3,1020.0,USA,USA
ATL,MLU,3,720.0,USA,USA
ATL,MOB,3,486.0,USA,USA
ATL,MSL,1,318.0,USA,USA
ATL,MSN,3,1140.0,USA,USA
ATL,MSP,8,1460.0,USA,USA
ATL,MSY,9,684.0,USA,USA
ATL,MTY,6,1745.0,USA,MEX
ATL,MUC,3,7702.0,USA,DEU
ATL,MYR,4,509.0,USA,USA
ATL,NAS,4,1169.0,USA,BHS
ATL,NRT,1,11002.0,USA,JPN
ATL,OAJ,3,640.0,USA,USA
ATL,OKC,7,1222.0,USA,USA
ATL,OMA,4,1321.0,USA,USA
ATL,ORD,19,976.0,USA,USA
ATL,ORF,7,830.0,USA,USA
ATL,PAP,1,2063.0,USA,HTI
ATL,PBI,8,878.0,USA,USA
ATL,PDX,5,3489.0,USA,USA
ATL,PHF,3,817.0,USA,USA
ATL,PHL,9,1072.0,USA,USA
ATL,PHX,9,2549.0,USA,USA
ATL,PIA,3,910.0,USA,USA
ATL,PIB,1,519.0,USA,USA
ATL,PIT,7,848.0,USA,USA
ATL,PLS,1,1779.0,USA,TCA
ATL,PNS,5,437.0,USA,USA
ATL,PTY,3,2780.0,USA,PAN
ATL,PUJ,3,2313.0,USA,DOM
ATL,PVD,3,1453.0,USA,USA
ATL,PVR,2,2506.0,USA,MEX
ATL,PWM,3,1652.0,USA,USA
ATL,RDU,9,572.0,USA,USA
ATL,RIC,7,773.0,USA,USA
ATL,ROA,4,575.0,USA,USA
ATL,ROC,4,1207.0,USA,USA
ATL,RSW,8,830.0,USA,USA
ATL,RTB,1,1937.0,USA,HND
ATL,SAL,1,2294.0,USA,SLV
ATL,SAN,8,3038.0,USA,USA
ATL,SAP,1,2052.0,USA,HND
ATL,SAT,7,1405.0,USA,USA
ATL,SAV,6,345.0,USA,USA
ATL,SBN,3,913.0,USA,USA
ATL,SCL,2,7588.0,USA,CHL
ATL,SDF,6,518.0,USA,USA
ATL,SDQ,1,2238.0,USA,DOM
ATL,SEA,6,3505.0,USA,USA
ATL,SFO,9,3435.0,USA,USA
ATL,SGF,3,905.0,USA,USA
ATL,SHV,3,886.0,USA,USA
ATL,SJC,3,3398.0,USA,USA
ATL,SJD,4,2725.0,USA,MEX
ATL,SJO,2,2629.0,USA,CRI
ATL,SJU,7,2491.0,USA,PRI
ATL,SLC,6,2554.0,USA,USA
ATL,SMF,4,3360.0,USA,USA
ATL,SNA,4,3081.0,USA,USA
ATL,SRQ,5,717.0,USA,USA
ATL,STL,8,779.0,USA,USA
ATL,STR,3,7517.0,USA,DEU
ATL,STT,2,2575.0,USA,VIR
ATL,SXM,1,2739.0,USA,SXM
ATL,SYR,4,1278.0,USA,USA
ATL,TGU,1,2195.0,USA,HND
ATL,TLH,3,360.0,USA,USA
ATL,TPA,7,655.0,USA,USA
ATL,TRI,3,365.0,USA,USA
ATL,TTN,1,1128.0,USA,USA
ATL,TUL,4,1082.0,USA,USA
ATL,TUP,1,407.0,USA,USA
ATL,TUS,5,2475.0,USA,USA
ATL,TYS,6,245.0,USA,USA
ATL,UIO,1,3808.0,USA,ECU
ATL,UVF,1,3242.0,USA,LCA
ATL,VLD,3,335.0,USA,USA
ATL,VPS,4,402.0,USA,USA
ATL,XNA,5,947.0,USA,USA
ATL,YUL,3,1600.0,USA,CAN
ATL,YYZ,6,1191.0,USA,CAN
ATL,ZRH,1,7532.0,USA,CHE
ATM,BEL,2,469.0,BRA,BRA
ATM,ORX,1,433.0,BRA,BRA
ATM,STM,1,296.0,BRA,BRA
ATQ,ASB,1,1651.0,IND,TKM
ATQ,BOM,1,1417.0,IND,IND
ATQ,DEL,4,414.0,IND,IND
ATQ,DOH,1,2371.0,IND,QAT
ATQ,SXR,1,253.0,IND,IND
ATQ,TAS,1,1170.0,IND,UZB
ATW,ATL,3,1232.0,USA,USA
ATW,AZA,1,2334.0,USA,USA
ATW,DTW,1,476.0,USA,USA
ATW,LAS,1,2425.0,USA,USA
ATW,MSP,1,379.0,USA,USA
ATW,ORD,1,258.0,USA,USA
ATW,SFB,1,1838.0,USA,USA
ATY,MSP,1,310.0,USA,USA
ATY,PIR,2,255.0,USA,USA
ATZ,CAI,2,344.0,EGY,EGY
ATZ,JED,1,1018.0,EGY,SAU
ATZ,KWI,1,1679.0,EGY,KWT
ATZ,RUH,1,1584.0,EGY,SAU
ATZ,SHJ,1,2449.0,EGY,ARE
AUA,AMS,1,7878.0,ABW,NLX
AUA,ATL,3,2767.0,ABW,USA
AUA,BOG,2,979.0,ABW,COL
AUA,BON,1,194.0,ABW,NLY
AUA,BOS,1,3322.0,ABW,USA
AUA,BWI,1,3038.0,ABW,USA
AUA,CCS,6,391.0,ABW,VEN
AUA,CLT,2,2754.0,ABW,USA
AUA,CUR,2,120.0,ABW,CUW
AUA,EWR,1,3161.0,ABW,USA
AUA,FLL,1,1844.0,ABW,USA
AUA,IAD,1,3031.0,ABW,USA
AUA,JBQ,1,675.0,ABW,DOM
AUA,JFK,2,3150.0,ABW,USA
AUA,LGA,1,3167.0,ABW,USA
AUA,LRM,1,672.0,ABW,DOM
AUA,LSP,1,81.0,ABW,VEN
AUA,MAR,2,285.0,ABW,VEN
AUA,MCO,1,2123.0,ABW,USA
AUA,MIA,5,1828.0,ABW,USA
AUA,PBM,1,1806.0,ABW,SUR
AUA,PHL,2,3086.0,ABW,USA
AUA,PTY,1,1092.0,ABW,PAN
AUA,VLN,2,347.0,ABW,VEN
AUA,YYZ,2,3587.0,ABW,CAN
AUC,BOG,2,460.0,COL,COL
AUG,BOS,1,238.0,USA,USA
AUH,ADE,1,1639.0,ARE,YEM
AUH,ALA,2,2930.0,ARE,KAZ
AUH,AMD,2,1835.0,ARE,IND
AUH,AMM,3,1998.0,ARE,JOR
AUH,AMS,7,5192.0,ARE,NLX
AUH,ATH,2,3263.0,ARE,GRC
AUH,BAH,8,452.0,ARE,BHR
AUH,BEG,2,3829.0,ARE,SRS
AUH,BEY,2,2129.0,ARE,LBN
AUH,BGW,1,1410.0,ARE,IRR
AUH,BKK,3,4966.0,ARE,THA
AUH,BLR,3,2723.0,ARE,IND
AUH,BOM,4,1971.0,ARE,IND
AUH,BRU,3,5167.0,ARE,BFR
AUH,BSR,1,968.0,ARE,IRR
AUH,CAI,2,2378.0,ARE,EGY
AUH,CCJ,3,2690.0,ARE,IND
AUH,CDG,2,5252.0,ARE,FXX
AUH,CGK,3,6575.0,ARE,IDN
AUH,CMB,5,3300.0,ARE,LKA
AUH,CMN,3,6053.0,ARE,MAR
AUH,COK,4,2795.0,ARE,IND
AUH,CTU,3,4872.0,ARE,CHN
AUH,DAC,1,3618.0,ARE,BGD
AUH,DEL,4,2277.0,ARE,IND
AUH,DME,2,3707.0,ARE,RUS
AUH,DMM,3,537.0,ARE,SAU
AUH,DOH,2,321.0,ARE,QAT
AUH,DUB,2,5941.0,ARE,IRL
AUH,DUS,3,5026.0,ARE,DEU
AUH,EBL,1,1663.0,ARE,IRK
AUH,FCO,2,4340.0,ARE,ITA
AUH,FRA,5,4862.0,ARE,DEU
AUH,GRU,1,12121.0,ARE,BRA
AUH,GVA,2,4926.0,ARE,CHE
AUH,GXF,1,1122.0,ARE,YEM
AUH,HKG,2,6007.0,ARE,HKG
AUH,HKT,2,4974.0,ARE,THA
AUH,HYD,2,2593.0,ARE,IND
AUH,IAD,2,11387.0,ARE,USA
AUH,ICN,3,6837.0,ARE,KOR
AUH,IKA,1,1267.0,ARE,IRN
AUH,ISB,6,2036.0,ARE,PAK
AUH,IST,2,3039.0,ARE,TUR
AUH,JAI,1,2136.0,ARE,IND
AUH,JED,3,1614.0,ARE,SAU
AUH,JFK,2,11031.0,ARE,USA
AUH,JNB,4,6299.0,ARE,ZAF
AUH,KHI,3,1265.0,ARE,PAK
AUH,KIH,1,242.0,ARE,IRN
AUH,KRT,4,2505.0,ARE,SDN
AUH,KTM,1,3081.0,ARE,NPL
AUH,KUL,4,5588.0,ARE,MYS
AUH,KWI,5,850.0,ARE,KWT
AUH,LCA,2,2333.0,ARE,CYP
AUH,LHE,7,2090.0,ARE,PAK
AUH,LHR,5,5517.0,ARE,ENG
AUH,LOS,1,5808.0,ARE,NGA
AUH,MAA,2,2966.0,ARE,IND
AUH,MAN,1,5678.0,ARE,ENG
AUH,MCT,12,381.0,ARE,OMN
AUH,MED,3,1512.0,ARE,SAU
AUH,MEL,3,11652.0,ARE,AUS
AUH,MLE,2,3025.0,ARE,MDV
AUH,MNL,2,6984.0,ARE,PHL
AUH,MSQ,2,3950.0,ARE,BLR
AUH,MUC,3,4580.0,ARE,DEU
AUH,MXP,2,4714.0,ARE,ITA
AUH,NBO,3,3443.0,ARE,KEN
AUH,NRT,2,8088.0,ARE,JPN
AUH,ORD,2,11688.0,ARE,USA
AUH,PEK,5,5955.0,ARE,CHN
AUH,PEW,4,1947.0,ARE,PAK
AUH,PVG,2,6550.0,ARE,CHN
AUH,RIY,1,1219.0,ARE,YEM
AUH,RUH,3,805.0,ARE,SAU
AUH,RYK,1,1616.0,ARE,PAK
AUH,SAH,1,1475.0,ARE,YEM
AUH,SEZ,3,3238.0,ARE,SYC
AUH,SGN,2,5680.0,ARE,VNM
AUH,SIN,6,5886.0,ARE,SGP
AUH,SYD,3,12061.0,ARE,AUS
AUH,TRV,3,2955.0,ARE,IND
AUH,TSE,2,3288.0,ARE,KAZ
AUH,TXL,2,4664.0,ARE,DEU
AUH,YYZ,2,11122.0,ARE,CAN
AUH,ZYL,1,3748.0,ARE,BGD
AUK,EMK,1,15.0,USA,USA
AUQ,NHV,1,172.0,PYF,PYF
AUQ,PPT,1,1434.0,PYF,PYF
AUQ,UAH,1,110.0,PYF,PYF
AUQ,UAP,1,126.0,PYF,PYF
AUR,ORY,1,426.0,FXX,FXX
AUS,ATL,7,1306.0,USA,USA
AUS,BNA,1,1216.0,USA,USA
AUS,BOS,1,2730.0,USA,USA
AUS,BWI,1,2157.0,USA,USA
AUS,CLE,1,1889.0,USA,USA
AUS,CLT,2,1659.0,USA,USA
AUS,CUN,2,1484.0,USA,MEX
AUS,DAL,1,305.0,USA,USA
AUS,DCA,1,2114.0,USA,USA
AUS,DEN,4,1249.0,USA,USA
AUS,DFW,2,306.0,USA,USA
AUS,DTW,1,1849.0,USA,USA
AUS,ELP,2,849.0,USA,USA
AUS,EWR,2,2417.0,USA,USA
AUS,FLL,2,1776.0,USA,USA
AUS,HOU,1,238.0,USA,USA
AUS,HRL,2,441.0,USA,USA
AUS,IAD,1,2084.0,USA,USA
AUS,IAH,1,225.0,USA,USA
AUS,JFK,4,2445.0,USA,USA
AUS,LAS,2,1751.0,USA,USA
AUS,LAX,5,1994.0,USA,USA
AUS,LBB,1,550.0,USA,USA
AUS,LGB,1,1969.0,USA,USA
AUS,LHR,4,7893.0,USA,ENG
AUS,MCO,4,1597.0,USA,USA
AUS,MDW,2,1565.0,USA,USA
AUS,MEM,1,899.0,USA,USA
AUS,MEX,1,1205.0,USA,MEX
AUS,MSP,1,1679.0,USA,USA
AUS,MSY,2,713.0,USA,USA
AUS,OAK,2,2405.0,USA,USA
AUS,ORD,3,1575.0,USA,USA
AUS,PHL,2,2299.0,USA,USA
AUS,PHX,3,1401.0,USA,USA
AUS,SAN,1,1870.0,USA,USA
AUS,SEA,1,2847.0,USA,USA
AUS,SFO,3,2416.0,USA,USA
AUS,SJC,2,2371.0,USA,USA
AUS,SLC,1,1747.0,USA,USA
AUS,SMF,1,2379.0,USA,USA
AUS,TPA,1,1490.0,USA,USA
AUU,CNS,1,585.0,AUS,AUS
AUU,CUQ,1,157.0,AUS,AUS
AUX,BSB,1,961.0,BRA,BRA
AUX,MAB,1,229.0,BRA,BRA
AUX,PMW,2,341.0,BRA,BRA
AUY,TAH,1,105.0,VUT,VUT
AVA,CAN,1,814.0,CHN,CHN
AVA,CKG,1,392.0,CHN,CHN
AVA,NAY,2,1792.0,CHN,CHN
AVL,ATL,4,264.0,USA,USA
AVL,CLT,2,147.0,USA,USA
AVL,DTW,1,757.0,USA,USA
AVL,FLL,1,1066.0,USA,USA
AVL,ORD,1,863.0,USA,USA
AVL,PGD,1,948.0,USA,USA
AVL,PIE,1,837.0,USA,USA
AVL,SFB,1,751.0,USA,USA
AVN,AJA,1,387.0,FXX,FXX
AVN,LIG,1,365.0,FXX,FXX
AVP,ATL,2,1149.0,USA,USA
AVP,CLT,2,819.0,USA,USA
AVP,DTW,1,640.0,USA,USA
AVP,ORD,1,1014.0,USA,USA
AVP,PHL,2,168.0,USA,USA
AVP,SFB,1,1483.0,USA,USA
AVV,SYD,1,756.0,AUS,AUS
AWD,FTA,1,73.0,VUT,
AWD,TAH,1,47.0,VUT,VUT
AWZ,BND,1,869.0,IRN,IRN
AWZ,DXB,1,935.0,IRN,ARE
AWZ,IFN,2,332.0,IRN,IRN
AWZ,KIH,2,737.0,IRN,IRN
AWZ,KWI,2,247.0,IRN,KWT
AWZ,MED,1,1166.0,IRN,SAU
AWZ,MHD,3,1142.0,IRN,IRN
AWZ,PGU,1,585.0,IRN,IRN
AWZ,RAS,1,670.0,IRN,IRN
AWZ,SRY,2,717.0,IRN,IRN
AWZ,SYZ,3,418.0,IRN,IRN
AWZ,TBZ,1,790.0,IRN,IRN
AWZ,THR,4,539.0,IRN,IRN
AXA,ANU,1,179.0,AIA,ACA
AXA,SJU,2,312.0,AIA,PRI
AXA,STT,1,203.0,AIA,VIR
AXA,SXM,2,19.0,AIA,SXM
AXD,ATH,2,368.0,GRC,GRC
AXD,JSH,1,627.0,GRC,GRC
AXK,SAH,1,298.0,YEM,YEM
AXM,BOG,1,182.0,COL,COL
AXM,FLL,1,2449.0,COL,USA
AXP,CRI,1,40.0,BHS,BHS
AXP,NAS,1,458.0,BHS,BHS
AXR,KKR,1,54.0,PYF,
AXT,CTS,2,372.0,JPN,JPN
AXT,HND,2,453.0,JPN,JPN
AXT,ICN,1,1220.0,JPN,KOR
AXT,ITM,2,684.0,JPN,JPN
AXT,NGO,1,609.0,JPN,JPN
AXU,ADD,1,575.0,ETH,ETH
AXU,LLI,1,243.0,ETH,ETH
AYP,LIM,2,340.0,PER,PER
AYQ,ASP,1,333.0,AUS,AUS
AYQ,CNS,1,1788.0,AUS,AUS
AYQ,SYD,2,2178.0,AUS,AUS
AYT,ADA,2,398.0,TUR,TUR
AYT,ADB,2,356.0,TUR,TUR
AYT,AMS,2,2655.0,TUR,NLX
AYT,BGO,1,3167.0,TUR,NOW
AYT,BGW,1,1286.0,TUR,IRR
AYT,BHX,3,3060.0,TUR,ENG
AYT,BLL,1,2651.0,TUR,DNK
AYT,BRE,1,2475.0,TUR,DEU
AYT,BRS,2,3083.0,TUR,ENG
AYT,BRU,2,2598.0,TUR,BFR
AYT,BSL,2,2241.0,TUR,FXX
AYT,CGN,5,2432.0,TUR,DEU
AYT,CPH,1,2489.0,TUR,DNK
AYT,DRS,2,2078.0,TUR,DEU
AYT,DUS,5,2479.0,TUR,DEU
AYT,EBL,1,1177.0,TUR,IRK
AYT,ECN,1,310.0,TUR,CYN
AYT,EIN,1,2571.0,TUR,NLX
AYT,ERF,1,2217.0,TUR,DEU
AYT,ESB,1,407.0,TUR,TUR
AYT,FDH,1,2111.0,TUR,DEU
AYT,FMO,1,2476.0,TUR,DEU
AYT,FRA,4,2298.0,TUR,DEU
AYT,GLA,1,3368.0,TUR,SCT
AYT,GRQ,1,2599.0,TUR,NLX
AYT,GRZ,2,1690.0,TUR,AUT
AYT,GVA,1,2289.0,TUR,CHE
AYT,HAJ,3,2387.0,TUR,DEU
AYT,HAM,5,2454.0,TUR,DEU
AYT,HEL,1,2637.0,TUR,FIN
AYT,IST,3,518.0,TUR,TUR
AYT,KSF,1,2334.0,TUR,DEU
AYT,KZN,1,2502.0,TUR,RUS
AYT,LBA,1,3116.0,TUR,ENG
AYT,LED,1,2547.0,TUR,RUS
AYT,LEJ,4,2179.0,TUR,DEU
AYT,LGW,5,2908.0,TUR,ENG
AYT,LNZ,1,1847.0,TUR,AUT
AYT,LTN,2,2949.0,TUR,ENG
AYT,LUX,1,2425.0,TUR,LUX
AYT,MAN,5,3130.0,TUR,ENG
AYT,MUC,4,2001.0,TUR,DEU
AYT,NUE,3,2114.0,TUR,DEU
AYT,ORY,1,2643.0,TUR,FXX
AYT,OSL,1,2938.0,TUR,NOW
AYT,PAD,3,2390.0,TUR,DEU
AYT,PRG,1,1975.0,TUR,CZE
AYT,RLG,1,2366.0,TUR,DEU
AYT,ROV,1,1395.0,TUR,RUS
AYT,RTM,1,2655.0,TUR,NLX
AYT,SAW,3,463.0,TUR,TUR
AYT,STR,4,2182.0,TUR,DEU
AYT,SVO,2,2178.0,TUR,RUS
AYT,SXF,2,2186.0,TUR,DEU
AYT,SZG,2,1891.0,TUR,AUT
AYT,TRD,1,3243.0,TUR,NOW
AYT,TRF,1,2885.0,TUR,NOW
AYT,TXL,3,2212.0,TUR,DEU
AYT,TZX,1,900.0,TUR,TUR
AYT,VIE,4,1702.0,TUR,AUT
AYT,VKO,2,2135.0,TUR,RUS
AYT,ZQW,1,2327.0,TUR,DEU
AYT,ZRH,3,2166.0,TUR,CHE
AZA,ATW,1,2334.0,USA,USA
AZA,BIL,1,1415.0,USA,USA
AZA,BIS,1,1758.0,USA,USA
AZA,BLI,1,1944.0,USA,USA
AZA,BZN,1,1387.0,USA,USA
AZA,CID,1,1992.0,USA,USA
AZA,DLH,1,2226.0,USA,USA
AZA,EUG,1,1563.0,USA,USA
AZA,FAR,1,1964.0,USA,USA
AZA,FSD,1,1725.0,USA,USA
AZA,FWA,1,2484.0,USA,USA
AZA,GFK,1,2028.0,USA,USA
AZA,GRI,1,1455.0,USA,USA
AZA,GRR,1,2509.0,USA,USA
AZA,GTF,1,1576.0,USA,USA
AZA,ICT,1,1374.0,USA,USA
AZA,IDA,1,1136.0,USA,USA
AZA,LAS,1,444.0,USA,USA
AZA,MLI,1,2069.0,USA,USA
AZA,MOT,1,1874.0,USA,USA
AZA,MSO,1,1527.0,USA,USA
AZA,OAK,1,1074.0,USA,USA
AZA,OGD,1,878.0,USA,USA
AZA,PIA,1,2108.0,USA,USA
AZA,PSC,1,1574.0,USA,USA
AZA,PVU,1,769.0,USA,USA
AZA,RAP,1,1406.0,USA,USA
AZA,RFD,1,2206.0,USA,USA
AZA,RST,1,2031.0,USA,USA
AZA,SBN,1,2411.0,USA,USA
AZA,SGF,1,1712.0,USA,USA
AZA,STC,1,2025.0,USA,USA
AZD,BND,1,559.0,IRN,IRN
AZD,MED,1,1643.0,IRN,SAU
AZD,MHD,3,690.0,IRN,IRN
AZD,THR,2,502.0,IRN,IRN
AZI,DXB,1,129.0,ARE,ARE
AZI,FJR,1,203.0,ARE,ARE
AZI,XSB,1,191.0,ARE,ARE
AZN,DME,1,2986.0,UZB,RUS
AZN,LED,1,3570.0,UZB,RUS
AZN,TAS,1,260.0,UZB,UZB
AZO,ATL,2,961.0,USA,USA
AZO,DTW,1,181.0,USA,USA
AZO,MSP,1,684.0,USA,USA
AZO,ORD,2,196.0,USA,USA
AZR,ALG,1,1035.0,DZA,DZA
AZR,BMW,1,727.0,DZA,DZA
AZR,CZL,1,1136.0,DZA,DZA
AZR,INZ,1,274.0,DZA,DZA
AZR,OGX,1,705.0,DZA,DZA
AZR,ORN,1,867.0,DZA,DZA
AZS,JFK,1,2407.0,DOM,USA
AZS,SJU,1,404.0,DOM,PRI
AZS,YUL,2,2937.0,DOM,CAN
AZS,YYZ,2,2867.0,DOM,CAN
BAH,ADD,1,2292.0,BHR,ETH
BAH,AMM,2,1546.0,BHR,JOR
BAH,AUH,8,452.0,BHR,ARE
BAH,BEY,1,1679.0,BHR,LBN
BAH,BGW,1,992.0,BHR,IRR
BAH,BKK,3,5386.0,BHR,THA
BAH,BOM,2,2413.0,BHR,IND
BAH,CAI,2,1930.0,BHR,EGY
BAH,CDG,1,4822.0,BHR,FXX
BAH,CMB,2,3752.0,BHR,LKA
BAH,COK,1,3247.0,BHR,IND
BAH,DEL,1,2620.0,BHR,IND
BAH,DMM,2,86.0,BHR,SAU
BAH,DOH,10,148.0,BHR,QAT
BAH,DWC,2,479.0,BHR,ARE
BAH,DXB,5,487.0,BHR,ARE
BAH,FRA,1,4440.0,BHR,DEU
BAH,IKA,1,1018.0,BHR,IRN
BAH,ISB,1,2284.0,BHR,PAK
BAH,IST,2,2608.0,BHR,TUR
BAH,IXE,1,2932.0,BHR,IND
BAH,JED,2,1272.0,BHR,SAU
BAH,KHI,1,1663.0,BHR,PAK
BAH,KRT,1,2218.0,BHR,SDN
BAH,KWI,4,420.0,BHR,KWT
BAH,LCA,1,1885.0,BHR,CYP
BAH,LHE,2,2381.0,BHR,PAK
BAH,LHR,4,5094.0,BHR,ENG
BAH,MAA,1,3415.0,BHR,IND
BAH,MCT,3,827.0,BHR,OMN
BAH,MED,2,1114.0,BHR,SAU
BAH,MHD,2,1399.0,BHR,IRN
BAH,MNL,2,7370.0,BHR,PHL
BAH,NJF,1,877.0,BHR,IRR
BAH,PEW,1,2179.0,BHR,PAK
BAH,RUH,2,421.0,BHR,SAU
BAH,SAH,2,1372.0,BHR,YEM
BAH,SHJ,1,500.0,BHR,ARE
BAH,SKT,1,2396.0,BHR,PAK
BAH,TRV,1,3406.0,BHR,IND
BAL,ESB,1,743.0,TUR,TUR
BAL,IST,1,1122.0,TUR,TUR
BAL,SAW,1,1066.0,TUR,TUR
BAQ,ADZ,1,778.0,COL,COL
BAQ,BOG,3,692.0,COL,COL
BAQ,CLO,1,836.0,COL,COL
BAQ,MDE,1,530.0,COL,COL
BAQ,MIA,3,1756.0,COL,USA
BAQ,PTY,1,543.0,COL,PAN
BAV,CAN,2,1934.0,CHN,CHN
BAV,CGO,2,752.0,CHN,CHN
BAV,CIF,1,766.0,CHN,CHN
BAV,CSX,1,1407.0,CHN,CHN
BAV,CTU,1,1237.0,CHN,CHN
BAV,NAY,2,550.0,CHN,CHN
BAV,NKG,1,1261.0,CHN,CHN
BAV,PEK,3,561.0,CHN,CHN
BAV,PVG,1,1490.0,CHN,CHN
BAV,SHA,2,1456.0,CHN,CHN
BAV,SHE,1,1135.0,CHN,CHN
BAV,SJW,3,477.0,CHN,CHN
BAV,TSN,3,647.0,CHN,CHN
BAV,TYN,2,386.0,CHN,CHN
BAV,URC,1,1885.0,CHN,CHN
BAV,WUH,1,1151.0,CHN,CHN
BAV,XIY,2,689.0,CHN,CHN
BAX,DME,2,2910.0,RUS,RUS
BAX,SVO,1,2924.0,RUS,RUS
BAY,OTP,2,398.0,ROU,ROU
BAZ,MAO,1,392.0,BRA,BRA
BBA,PMC,2,510.0,CHL,CHL
BBA,PUQ,1,790.0,CHL,CHL
BBA,SCL,1,1395.0,CHL,CHL
BBI,BLR,1,1166.0,IND,IND
BBI,BOM,2,1362.0,IND,IND
BBI,CCU,1,382.0,IND,IND
BBI,DEL,2,1278.0,IND,IND
BBI,HYD,1,847.0,IND,IND
BBI,IXZ,1,1208.0,IND,IND
BBI,VTZ,1,391.0,IND,IND
BBK,GBE,1,752.0,BWA,BWA
BBK,JNB,2,977.0,BWA,ZAF
BBK,MUB,1,300.0,BWA,BWA
BBN,MUR,1,137.0,MYS,MYS
BBN,MYY,1,178.0,MYS,MYS
BBO,ADE,1,272.0,SOL,YEM
BBO,BSA,2,470.0,SOL,SOP
BBO,DXB,1,1985.0,SOL,ARE
BBO,JIB,1,233.0,SOL,DJI
BBO,MGQ,1,932.0,SOL,SOX
BBO,SHJ,1,2001.0,SOL,ARE
BCD,CEB,1,118.0,PHL,PHL
BCD,CGY,1,288.0,PHL,PHL
BCD,DVO,1,498.0,PHL,PHL
BCD,MNL,3,468.0,PHL,PHL
BCI,LRE,1,106.0,AUS,AUS
BCN,AAL,2,1842.0,ESP,DNK
BCN,ACE,3,1974.0,ESP,ESP
BCN,AGP,3,766.0,ESP,ESP
BCN,ALC,2,404.0,ESP,ESP
BCN,ALG,3,521.0,ESP,DZA
BCN,AMM,2,3189.0,ESP,JOR
BCN,AMS,5,1241.0,ESP,NLX
BCN,ARN,4,2315.0,ESP,SWE
BCN,ATH,4,1905.0,ESP,GRC
BCN,BES,2,945.0,ESP,FXX
BCN,BFS,1,1606.0,ESP,NIR
BCN,BGO,3,2123.0,ESP,NOW
BCN,BGY,1,784.0,ESP,ITA
BCN,BHX,2,1274.0,ESP,ENG
BCN,BIO,2,467.0,ESP,ESP
BCN,BJL,3,3600.0,ESP,GMB
BCN,BJZ,1,802.0,ESP,ESP
BCN,BLQ,3,831.0,ESP,ITA
BCN,BOD,2,453.0,ESP,FXX
BCN,BOG,1,8513.0,ESP,COL
BCN,BRI,2,1227.0,ESP,ITA
BCN,BRN,1,759.0,ESP,CHE
BCN,BRS,1,1180.0,ESP,ENG
BCN,BRU,5,1084.0,ESP,BFR
BCN,BSL,2,822.0,ESP,FXX
BCN,BUD,2,1522.0,ESP,HUN
BCN,BVA,1,907.0,ESP,FXX
BCN,CAI,1,2906.0,ESP,EGY
BCN,CDG,5,859.0,ESP,FXX
BCN,CGN,1,1133.0,ESP,DEU
BCN,CIA,1,876.0,ESP,ITA
BCN,CLJ,1,1825.0,ESP,ROU
BCN,CMN,4,1227.0,ESP,MAR
BCN,CPH,4,1769.0,ESP,DNK
BCN,CRL,1,1035.0,ESP,BWR
BCN,CTA,2,1193.0,ESP,ITA
BCN,CWL,2,1197.0,ESP,WLS
BCN,DBV,2,1345.0,ESP,HRV
BCN,DKR,2,3504.0,ESP,SEN
BCN,DME,3,3029.0,ESP,RUS
BCN,DOH,2,4862.0,ESP,QAT
BCN,DRS,2,1412.0,ESP,DEU
BCN,DTM,2,1212.0,ESP,DEU
BCN,DUB,2,1485.0,ESP,IRL
BCN,DUS,4,1167.0,ESP,DEU
BCN,DXB,1,5176.0,ESP,ARE
BCN,EAS,2,392.0,ESP,FXX
BCN,EDI,3,1677.0,ESP,SCT
BCN,EIN,1,1157.0,ESP,NLX
BCN,EMA,1,1308.0,ESP,ENG
BCN,EWR,2,6177.0,ESP,USA
BCN,EZE,1,10481.0,ESP,ARG
BCN,FCO,4,847.0,ESP,ITA
BCN,FEZ,3,1028.0,ESP,MAR
BCN,FLR,2,798.0,ESP,ITA
BCN,FRA,4,1094.0,ESP,DEU
BCN,FUE,3,2032.0,ESP,ESP
BCN,GDN,1,1891.0,ESP,POL
BCN,GLA,1,1688.0,ESP,SCT
BCN,GOA,2,651.0,ESP,ITA
BCN,GOT,3,1958.0,ESP,SWE
BCN,GRU,1,8765.0,ESP,BRA
BCN,GRX,2,680.0,ESP,ESP
BCN,GVA,2,637.0,ESP,CHE
BCN,HAJ,3,1368.0,ESP,DEU
BCN,HAM,4,1493.0,ESP,DEU
BCN,HEL,4,2628.0,ESP,FIN
BCN,IBZ,3,276.0,ESP,ESP
BCN,IEV,2,2400.0,ESP,UKR
BCN,ISB,1,6136.0,ESP,PAK
BCN,IST,1,2220.0,ESP,TUR
BCN,JFK,9,6150.0,ESP,USA
BCN,KBP,2,2429.0,ESP,UKR
BCN,KTW,1,1659.0,ESP,POL
BCN,LBA,2,1425.0,ESP,ENG
BCN,LCG,2,888.0,ESP,ESP
BCN,LED,3,2822.0,ESP,RUS
BCN,LEI,2,626.0,ESP,ESP
BCN,LEJ,2,1367.0,ESP,DEU
BCN,LEN,1,655.0,ESP,ESP
BCN,LGW,6,1109.0,ESP,ENG
BCN,LHE,1,6377.0,ESP,PAK
BCN,LHR,3,1148.0,ESP,ENG
BCN,LIL,2,1033.0,ESP,FXX
BCN,LIN,1,742.0,ESP,ITA
BCN,LIS,4,994.0,ESP,PRX
BCN,LPA,3,2174.0,ESP,ESP
BCN,LPL,2,1388.0,ESP,ENG
BCN,LTN,1,1191.0,ESP,ENG
BCN,LUX,3,980.0,ESP,LUX
BCN,LYS,3,549.0,ESP,FXX
BCN,MAD,3,483.0,ESP,ESP
BCN,MAH,3,241.0,ESP,ESP
BCN,MAN,3,1380.0,ESP,ENG
BCN,MIA,5,7545.0,ESP,USA
BCN,MLA,2,1234.0,ESP,MLT
BCN,MRS,2,351.0,ESP,FXX
BCN,MSQ,1,2375.0,ESP,BLR
BCN,MUC,3,1095.0,ESP,DEU
BCN,MXP,4,721.0,ESP,ITA
BCN,NAP,2,1024.0,ESP,ITA
BCN,NCE,3,496.0,ESP,FXX
BCN,NCL,1,1553.0,ESP,ENG
BCN,NDR,4,831.0,ESP,MAR
BCN,NTE,2,714.0,ESP,FXX
BCN,NUE,2,1150.0,ESP,DEU
BCN,NYO,1,2203.0,ESP,SWE
BCN,OPO,5,899.0,ESP,PRX
BCN,ORK,1,1421.0,ESP,IRL
BCN,ORN,3,673.0,ESP,DZA
BCN,ORY,2,826.0,ESP,FXX
BCN,OSL,4,2182.0,ESP,NOW
BCN,OTP,5,1980.0,ESP,ROU
BCN,OVD,2,712.0,ESP,ESP
BCN,PHL,2,6300.0,ESP,USA
BCN,PIK,1,1653.0,ESP,SCT
BCN,PMI,6,202.0,ESP,ESP
BCN,PMO,2,1003.0,ESP,ITA
BCN,POZ,1,1663.0,ESP,POL
BCN,PRG,5,1358.0,ESP,CZE
BCN,PSA,2,731.0,ESP,ITA
BCN,RAK,2,1405.0,ESP,MAR
BCN,RGS,1,487.0,ESP,ESP
BCN,RIX,1,2337.0,ESP,LVA
BCN,RNS,2,811.0,ESP,FXX
BCN,RTM,1,1199.0,ESP,NLX
BCN,RYG,1,2099.0,ESP,NOW
BCN,SAW,1,2273.0,ESP,TUR
BCN,SCQ,3,883.0,ESP,ESP
BCN,SDR,3,539.0,ESP,ESP
BCN,SEN,1,1147.0,ESP,ENG
BCN,SIN,1,10899.0,ESP,SGP
BCN,SLM,1,636.0,ESP,ESP
BCN,SOF,2,1765.0,ESP,BGR
BCN,STN,1,1186.0,ESP,ENG
BCN,STR,3,995.0,ESP,DEU
BCN,SVG,2,1971.0,ESP,NOW
BCN,SVO,2,3017.0,ESP,RUS
BCN,SVQ,3,809.0,ESP,ESP
BCN,SXF,2,1505.0,ESP,DEU
BCN,TFN,5,2195.0,ESP,ESP
BCN,TFS,3,2245.0,ESP,ESP
BCN,TLS,2,266.0,ESP,FXX
BCN,TLV,4,3082.0,ESP,ISR
BCN,TNG,4,931.0,ESP,MAR
BCN,TRF,1,2069.0,ESP,NOW
BCN,TRN,3,626.0,ESP,ITA
BCN,TSF,1,948.0,ESP,ITA
BCN,TSR,1,1626.0,ESP,ROU
BCN,TUN,1,859.0,ESP,TUN
BCN,TXL,4,1510.0,ESP,DEU
BCN,VCE,2,952.0,ESP,ITA
BCN,VGO,2,893.0,ESP,ESP
BCN,VIE,6,1370.0,ESP,AUT
BCN,VLL,3,579.0,ESP,ESP
BCN,VNO,2,2258.0,ESP,LTU
BCN,WAW,5,1870.0,ESP,POL
BCN,WMI,1,1869.0,ESP,POL
BCN,XRY,3,866.0,ESP,ESP
BCN,YUL,1,5911.0,ESP,CAN
BCN,YYZ,2,6418.0,ESP,CAN
BCN,ZAG,3,1229.0,ESP,HRV
BCN,ZRH,3,857.0,ESP,CHE
BDA,ATL,1,1844.0,BMU,USA
BDA,BOS,1,1244.0,BMU,USA
BDA,EWR,1,1254.0,BMU,USA
BDA,JFK,4,1227.0,BMU,USA
BDA,LGW,2,5541.0,BMU,ENG
BDA,MIA,2,1681.0,BMU,USA
BDA,PHL,2,1262.0,BMU,USA
BDA,YYZ,2,1811.0,BMU,CAN
BDB,BNE,2,287.0,AUS,AUS
BDH,DXB,1,152.0,IRN,ARE
BDH,SYZ,1,400.0,IRN,IRN
BDJ,BDO,1,884.0,IDN,IDN
BDJ,BPN,2,338.0,IDN,IDN
BDJ,CGK,4,946.0,IDN,IDN
BDJ,JOG,1,681.0,IDN,IDN
BDJ,PKN,1,353.0,IDN,IDN
BDJ,SRG,1,625.0,IDN,IDN
BDJ,SUB,4,489.0,IDN,IDN
BDL,ATL,7,1382.0,USA,USA
BDL,BWI,2,456.0,USA,USA
BDL,CLT,2,1036.0,USA,USA
BDL,CVG,1,1062.0,USA,USA
BDL,DCA,2,504.0,USA,USA
BDL,DEN,1,2683.0,USA,USA
BDL,DFW,2,2363.0,USA,USA
BDL,DTW,1,881.0,USA,USA
BDL,FLL,2,1892.0,USA,USA
BDL,IAD,1,523.0,USA,USA
BDL,LAS,1,3688.0,USA,USA
BDL,LAX,3,4057.0,USA,USA
BDL,MCO,4,1692.0,USA,USA
BDL,MDW,2,1246.0,USA,USA
BDL,MIA,2,1926.0,USA,USA
BDL,MSP,1,1686.0,USA,USA
BDL,ORD,3,1257.0,USA,USA
BDL,PBI,1,1826.0,USA,USA
BDL,PHL,2,315.0,USA,USA
BDL,PIT,2,651.0,USA,USA
BDL,RDU,1,856.0,USA,USA
BDL,RSW,1,1902.0,USA,USA
BDL,SJU,1,2689.0,USA,PRI
BDL,TPA,2,1791.0,USA,USA
BDL,YUL,2,402.0,USA,CAN
BDL,YYZ,2,599.0,USA,CAN
BDO,BDJ,1,884.0,IDN,IDN
BDO,BTH,1,971.0,IDN,IDN
BDO,DPS,4,861.0,IDN,IDN
BDO,JHB,1,1044.0,IDN,MYS
BDO,JOG,1,330.0,IDN,IDN
BDO,KUL,3,1255.0,IDN,MYS
BDO,PKU,2,1064.0,IDN,IDN
BDO,SIN,5,1000.0,IDN,SGP
BDO,SUB,3,577.0,IDN,IDN
BDP,KTM,1,297.0,NPL,NPL
BDQ,BOM,3,363.0,IND,IND
BDQ,DEL,2,794.0,IND,IND
BDS,BGY,1,870.0,ITA,ITA
BDS,BLQ,1,695.0,ITA,ITA
BDS,BSL,1,1132.0,ITA,FXX
BDS,BVA,1,1577.0,ITA,FXX
BDS,CIA,1,465.0,ITA,ITA
BDS,CRL,1,1509.0,ITA,BWR
BDS,EIN,1,1539.0,ITA,NLX
BDS,FCO,1,494.0,ITA,ITA
BDS,GRO,1,1275.0,ITA,ESP
BDS,GVA,1,1138.0,ITA,CHE
BDS,LIN,1,882.0,ITA,ITA
BDS,MUC,2,985.0,ITA,DEU
BDS,MXP,1,929.0,ITA,ITA
BDS,PSA,1,707.0,ITA,ITA
BDS,STN,1,1838.0,ITA,ENG
BDS,STR,1,1127.0,ITA,DEU
BDS,TRN,1,978.0,ITA,ITA
BDS,TSF,1,725.0,ITA,ITA
BDS,ZRH,3,1065.0,ITA,CHE
BDU,OSL,1,1054.0,NOW,NOW
BEB,GLA,1,253.0,SCT,SCT
BEB,SYY,1,102.0,SCT,SCT
BEG,AMS,2,1410.0,SRS,NLX
BEG,ARN,3,1657.0,SRS,SWE
BEG,ATH,3,823.0,SRS,GRC
BEG,AUH,2,3829.0,SRS,ARE
BEG,BNX,1,238.0,SRS,BIS
BEG,BRU,1,1357.0,SRS,BFR
BEG,BUD,2,301.0,SRS,HUN
BEG,BVA,1,1465.0,SRS,FXX
BEG,CDG,2,1423.0,SRS,FXX
BEG,CPH,1,1317.0,SRS,DNK
BEG,CRL,1,1340.0,SRS,BWR
BEG,DTM,1,1198.0,SRS,DEU
BEG,DUS,2,1234.0,SRS,DEU
BEG,DXB,1,3816.0,SRS,ARE
BEG,EIN,1,1327.0,SRS,NLX
BEG,ESB,1,1162.0,SRS,TUR
BEG,FCO,3,734.0,SRS,ITA
BEG,FMM,1,848.0,SRS,DEU
BEG,FRA,5,1055.0,SRS,DEU
BEG,GSE,1,1553.0,SRS,SWE
BEG,GVA,3,1116.0,SRS,CHE
BEG,IST,1,791.0,SRS,TUR
BEG,LCA,2,1582.0,SRS,CYP
BEG,LHR,2,1701.0,SRS,ENG
BEG,LJU,1,482.0,SRS,SVN
BEG,LTN,1,1710.0,SRS,ENG
BEG,MMX,1,1288.0,SRS,SWE
BEG,MUC,2,760.0,SRS,DEU
BEG,MXP,3,911.0,SRS,ITA
BEG,NYO,1,1570.0,SRS,SWE
BEG,OSL,1,1809.0,SRS,NOW
BEG,OTP,2,457.0,SRS,ROU
BEG,PRG,1,742.0,SRS,CZE
BEG,SAW,2,853.0,SRS,TUR
BEG,SJJ,2,192.0,SRS,BHF
BEG,SKG,1,525.0,SRS,GRC
BEG,SKP,1,335.0,SRS,MKD
BEG,SOF,1,343.0,SRS,BGR
BEG,SPU,1,350.0,SRS,HRV
BEG,STR,3,947.0,SRS,DEU
BEG,SVO,2,1725.0,SRS,RUS
BEG,TGD,2,286.0,SRS,MNE
BEG,TIV,2,297.0,SRS,MNE
BEG,TLV,1,1902.0,SRS,ISR
BEG,TRF,1,1735.0,SRS,NOW
BEG,TUN,1,1225.0,SRS,TUN
BEG,TXL,2,1002.0,SRS,DEU
BEG,VAR,1,626.0,SRS,BGR
BEG,VIE,2,465.0,SRS,AUT
BEG,WAW,2,818.0,SRS,POL
BEG,ZRH,2,952.0,SRS,CHE
BEJ,BPN,3,385.0,IDN,IDN
BEL,ATM,2,469.0,BRA,BRA
BEL,BSB,2,1612.0,BRA,BRA
BEL,BVS,1,221.0,BRA,BRA
BEL,CAY,1,813.0,BRA,GUF
BEL,CKS,1,553.0,BRA,BRA
BEL,CNF,1,2087.0,BRA,BRA
BEL,FOR,3,1136.0,BRA,BRA
BEL,GIG,2,2449.0,BRA,BRA
BEL,GRU,2,2462.0,BRA,BRA
BEL,IMP,1,475.0,BRA,BRA
BEL,MAB,4,450.0,BRA,BRA
BEL,MAO,3,1299.0,BRA,BRA
BEL,MCP,3,330.0,BRA,BRA
BEL,MEU,1,462.0,BRA,BRA
BEL,MIA,1,4562.0,BRA,USA
BEL,PBM,1,1064.0,BRA,SUR
BEL,SLZ,2,490.0,BRA,BRA
BEL,STM,5,711.0,BRA,BRA
BEN,AKF,2,930.0,LBY,LBY
BEN,AMM,3,1483.0,LBY,JOR
BEN,CAI,3,1082.0,LBY,EGY
BEN,CMN,2,2602.0,LBY,MAR
BEN,HBE,1,903.0,LBY,EGY
BEN,IST,3,1269.0,LBY,TUR
BEN,JED,1,2197.0,LBY,SAU
BEN,MLA,1,678.0,LBY,MLT
BEN,SFA,2,935.0,LBY,TUN
BEN,TIP,2,671.0,LBY,LBY
BEN,TUN,3,1061.0,LBY,TUN
BES,AJA,1,1262.0,FXX,FXX
BES,BCN,2,945.0,FXX,ESP
BES,BIA,1,1264.0,FXX,FXX
BES,BOD,1,492.0,FXX,FXX
BES,CDG,2,515.0,FXX,FXX
BES,LCY,2,467.0,FXX,ENG
BES,LYS,2,780.0,FXX,FXX
BES,MRS,2,929.0,FXX,FXX
BES,NCE,1,1042.0,FXX,FXX
BES,ORY,1,501.0,FXX,FXX
BES,SOU,2,355.0,FXX,ENG
BET,ANC,2,639.0,USA,USA
BET,CYF,1,151.0,USA,USA
BET,EEK,2,64.0,USA,USA
BET,EMK,1,263.0,USA,USA
BET,HPB,1,245.0,USA,USA
BET,KKH,1,108.0,USA,USA
BET,KLG,1,116.0,USA,USA
BET,KPN,1,153.0,USA,USA
BET,KUK,1,39.0,USA,USA
BET,KWK,1,124.0,USA,USA
BET,KWN,2,114.0,USA,USA
BET,KWT,2,21.0,USA,USA
BET,MLL,2,121.0,USA,USA
BET,NME,2,160.0,USA,USA
BET,OOK,1,179.0,USA,USA
BET,VAK,1,219.0,USA,USA
BET,WNA,1,13.0,USA,USA
BEU,BQL,1,166.0,AUS,AUS
BEU,BVI,1,173.0,AUS,AUS
BEW,APL,1,698.0,MOZ,MOZ
BEW,JNB,2,981.0,MOZ,ZAF
BEW,MPM,1,722.0,MOZ,MOZ
BEW,POL,1,965.0,MOZ,MOZ
BEW,TET,1,432.0,MOZ,MOZ
BEW,UEL,1,299.0,MOZ,MOZ
BEY,ACC,1,4830.0,LBN,GHA
BEY,ADD,1,2783.0,LBN,ETH
BEY,ALG,1,2934.0,LBN,DZA
BEY,AMM,3,238.0,LBN,JOR
BEY,ATH,1,1135.0,LBN,GRC
BEY,AUH,2,2129.0,LBN,ARE
BEY,BAH,1,1679.0,LBN,BHR
BEY,BGW,1,813.0,LBN,IRR
BEY,BRU,1,3139.0,LBN,BFR
BEY,BSR,1,1201.0,LBN,IRR
BEY,CAI,2,563.0,LBN,EGY
BEY,CDG,2,3187.0,LBN,FXX
BEY,CMN,1,3960.0,LBN,MAR
BEY,DMM,1,1598.0,LBN,SAU
BEY,DOH,2,1823.0,LBN,QAT
BEY,DWC,1,2144.0,LBN,ARE
BEY,DXB,2,2141.0,LBN,ARE
BEY,EBL,2,817.0,LBN,IRK
BEY,EVN,1,1058.0,LBN,ARM
BEY,FCO,2,2218.0,LBN,ITA
BEY,FRA,2,2838.0,LBN,DEU
BEY,GVA,1,2834.0,LBN,CHE
BEY,HBE,1,632.0,LBN,EGY
BEY,IKA,1,1443.0,LBN,IRN
BEY,IST,2,1019.0,LBN,TUR
BEY,JED,2,1397.0,LBN,SAU
BEY,KAN,1,3650.0,LBN,NGA
BEY,KWI,3,1287.0,LBN,KWT
BEY,LCA,2,207.0,LBN,CYP
BEY,LHR,2,3482.0,LBN,ENG
BEY,LOS,1,4484.0,LBN,NGA
BEY,MCT,1,2489.0,LBN,OMN
BEY,MED,2,1108.0,LBN,SAU
BEY,MHD,1,2210.0,LBN,IRN
BEY,MSQ,1,2306.0,LBN,BLR
BEY,MXP,2,2620.0,LBN,ITA
BEY,NJF,1,857.0,LBN,IRR
BEY,OTP,2,1442.0,LBN,ROU
BEY,RUH,2,1465.0,LBN,SAU
BEY,SAH,1,2220.0,LBN,YEM
BEY,SAW,1,957.0,LBN,TUR
BEY,SHJ,1,2150.0,LBN,ARE
BEY,SVO,2,2468.0,LBN,RUS
BEY,SXF,1,2705.0,LBN,DEU
BEY,TUN,2,2309.0,LBN,TUN
BFD,CLE,1,270.0,USA,USA
BFD,JHW,1,64.0,USA,USA
BFF,DEN,1,241.0,USA,USA
BFI,CLM,1,111.0,USA,USA
BFI,ESD,1,139.0,USA,USA
BFJ,CAN,1,897.0,CHN,CHN
BFJ,CKG,1,296.0,CHN,CHN
BFJ,KMG,1,350.0,CHN,CHN
BFJ,KWE,1,155.0,CHN,CHN
BFJ,NAY,2,1718.0,CHN,CHN
BFJ,SHA,1,1598.0,CHN,CHN
BFJ,SZX,1,985.0,CHN,CHN
BFL,DEN,1,1357.0,USA,USA
BFL,IAH,1,2294.0,USA,USA
BFL,LAX,1,176.0,USA,USA
BFL,PHX,2,683.0,USA,USA
BFL,SFO,1,383.0,USA,USA
BFN,CPT,2,908.0,ZAF,ZAF
BFN,DUR,1,470.0,ZAF,ZAF
BFN,JNB,1,380.0,ZAF,ZAF
BFS,ACE,1,2920.0,NIR,ESP
BFS,AGP,2,2004.0,NIR,ESP
BFS,ALC,2,1870.0,NIR,ESP
BFS,AMS,1,771.0,NIR,NLX
BFS,BCN,1,1606.0,NIR,ESP
BFS,BHX,1,383.0,NIR,ENG
BFS,BRS,1,433.0,NIR,ENG
BFS,CDG,1,869.0,NIR,FXX
BFS,DBV,1,2228.0,NIR,HRV
BFS,DLM,1,3318.0,NIR,TUR
BFS,EDI,1,230.0,NIR,SCT
BFS,EWR,2,5099.0,NIR,USA
BFS,FAO,2,1966.0,NIR,PRX
BFS,GLA,1,176.0,NIR,SCT
BFS,KRK,1,1825.0,NIR,POL
BFS,LCA,1,3760.0,NIR,CYP
BFS,LGW,1,561.0,NIR,ENG
BFS,LPL,1,265.0,NIR,ENG
BFS,LTN,1,497.0,NIR,ENG
BFS,MAN,1,295.0,NIR,ENG
BFS,MJV,1,1921.0,NIR,ESP
BFS,MLA,1,2624.0,NIR,MLT
BFS,NBE,1,2428.0,NIR,TUN
BFS,NCE,1,1560.0,NIR,FXX
BFS,NCL,1,293.0,NIR,ENG
BFS,PMI,3,1808.0,NIR,ESP
BFS,REU,1,1598.0,NIR,ESP
BFS,STN,1,528.0,NIR,ENG
BFS,TFS,2,3075.0,NIR,ESP
BFV,DMK,1,320.0,THA,THA
BGA,BOG,3,290.0,COL,COL
BGA,MDE,1,269.0,COL,COL
BGA,PTY,1,716.0,COL,PAN
BGF,CMN,1,4206.0,CAF,MAR
BGF,DLA,1,977.0,CAF,CMR
BGF,NSI,1,776.0,CAF,CMR
BGG,ESB,1,667.0,TUR,TUR
BGG,IST,1,1042.0,TUR,TUR
BGI,ANU,2,515.0,BRB,ACA
BGI,DOM,1,337.0,BRB,DMA
BGI,FDF,1,235.0,BRB,MTQ
BGI,FRA,1,7336.0,BRB,DEU
BGI,GND,1,276.0,BRB,GRD
BGI,GRU,1,4300.0,BRB,BRA
BGI,JFK,1,3366.0,BRB,USA
BGI,KIN,1,1929.0,BRB,JAM
BGI,LGW,3,6759.0,BRB,ENG
BGI,MAN,2,6699.0,BRB,ENG
BGI,MIA,2,2593.0,BRB,USA
BGI,OGL,1,713.0,BRB,GUY
BGI,POS,1,341.0,BRB,TTO
BGI,SLU,1,193.0,BRB,LCA
BGI,SVD,1,180.0,BRB,VCT
BGI,SXM,1,674.0,BRB,SXM
BGI,YYZ,2,3908.0,BRB,CAN
BGM,DTW,1,607.0,USA,USA
BGM,IAD,1,384.0,USA,USA
BGM,PHL,2,267.0,USA,USA
BGO,ABZ,2,548.0,NOW,SCT
BGO,AES,2,257.0,NOW,NOW
BGO,AGP,1,2716.0,NOW,ESP
BGO,ALC,2,2481.0,NOW,ESP
BGO,AMS,2,888.0,NOW,NLX
BGO,ARN,2,709.0,NOW,SWE
BGO,AYT,1,3167.0,NOW,TUR
BGO,BCN,3,2123.0,NOW,ESP
BGO,BLL,1,557.0,NOW,DNK
BGO,BNN,1,674.0,NOW,NOW
BGO,BOO,1,894.0,NOW,NOW
BGO,CHQ,1,3068.0,NOW,GRC
BGO,CPH,2,680.0,NOW,DNK
BGO,DBV,1,2160.0,NOW,HRV
BGO,EDI,1,697.0,NOW,SCT
BGO,FAE,1,697.0,NOW,FRO
BGO,FCO,1,2111.0,NOW,ITA
BGO,FRA,2,1160.0,NOW,DEU
BGO,FRO,1,144.0,NOW,NOW
BGO,GDN,1,1029.0,NOW,POL
BGO,HAM,1,795.0,NOW,DEU
BGO,HAU,1,105.0,NOW,NOW
BGO,HOV,1,215.0,NOW,NOW
BGO,JFK,1,5604.0,NOW,USA
BGO,KEF,1,1489.0,NOW,ISL
BGO,KRK,1,1458.0,NOW,POL
BGO,KRS,1,284.0,NOW,NOW
BGO,KSU,1,342.0,NOW,NOW
BGO,KTW,1,1394.0,NOW,POL
BGO,LGW,2,1071.0,NOW,ENG
BGO,LHR,2,1042.0,NOW,ENG
BGO,LPA,1,3919.0,NOW,ESP
BGO,MAN,1,895.0,NOW,ENG
BGO,MOL,1,293.0,NOW,NOW
BGO,NCE,1,1855.0,NOW,FXX
BGO,ORY,1,1299.0,NOW,FXX
BGO,OSL,3,323.0,NOW,NOW
BGO,PMI,1,2313.0,NOW,ESP
BGO,PRG,1,1268.0,NOW,CZE
BGO,RIX,2,1144.0,NOW,LVA
BGO,SKE,1,273.0,NOW,NOW
BGO,SOG,1,142.0,NOW,NOW
BGO,SVG,4,159.0,NOW,NOW
BGO,SXF,1,1016.0,NOW,DEU
BGO,TOS,1,1221.0,NOW,NOW
BGO,TRD,3,461.0,NOW,NOW
BGO,TRF,2,308.0,NOW,NOW
BGO,VNO,1,1348.0,NOW,LTU
BGR,DCA,2,948.0,USA,USA
BGR,DTW,1,1205.0,USA,USA
BGR,LGA,1,608.0,USA,USA
BGR,PHL,2,760.0,USA,USA
BGR,PIE,1,2245.0,USA,USA
BGR,SFB,1,2092.0,USA,USA
BGW,AMM,1,791.0,IRR,JOR
BGW,ARN,1,3510.0,IRR,SWE
BGW,AUH,1,1410.0,IRR,ARE
BGW,AYT,1,1286.0,IRR,TUR
BGW,BAH,1,992.0,IRR,BHR
BGW,BEY,1,813.0,IRR,LBN
BGW,CAI,1,1262.0,IRR,EGY
BGW,DOH,1,1140.0,IRR,QAT
BGW,DXB,2,1398.0,IRR,ARE
BGW,ESB,1,1258.0,IRR,TUR
BGW,IST,1,1630.0,IRR,TUR
BGW,SHJ,1,1404.0,IRR,ARE
BGW,TBS,1,937.0,IRR,GEG
BGY,ACE,1,2758.0,ITA,ESP
BGY,AGP,1,1550.0,ITA,ESP
BGY,AHO,1,572.0,ITA,ITA
BGY,ALC,1,1179.0,ITA,ESP
BGY,ARW,1,895.0,ITA,ROU
BGY,ATH,1,1457.0,ITA,GRC
BGY,BCN,1,784.0,ITA,ESP
BGY,BDS,1,870.0,ITA,ITA
BGY,BLL,1,1120.0,ITA,DNK
BGY,BRE,1,823.0,ITA,DEU
BGY,BRI,1,761.0,ITA,ITA
BGY,BRS,1,1111.0,ITA,ENG
BGY,BTS,1,634.0,ITA,SVK
BGY,BUD,1,756.0,ITA,HUN
BGY,BVA,1,707.0,ITA,FXX
BGY,CAG,1,716.0,ITA,ITA
BGY,CHQ,1,1656.0,ITA,GRC
BGY,CLJ,1,1081.0,ITA,ROU
BGY,CMN,1,2010.0,ITA,MAR
BGY,CRA,1,1124.0,ITA,ROU
BGY,CRL,1,659.0,ITA,BWR
BGY,CTA,1,1015.0,ITA,ITA
BGY,DUB,1,1434.0,ITA,IRL
BGY,EIN,1,717.0,ITA,NLX
BGY,EMA,1,1127.0,ITA,ENG
BGY,FEZ,1,1805.0,ITA,MAR
BGY,FUE,1,2816.0,ITA,ESP
BGY,GDN,1,1151.0,ITA,POL
BGY,GRO,1,697.0,ITA,ESP
BGY,GSE,1,1354.0,ITA,SWE
BGY,HHN,1,509.0,ITA,DEU
BGY,IBZ,1,1020.0,ITA,ESP
BGY,IEV,1,1623.0,ITA,UKR
BGY,KGS,1,1752.0,ITA,GRC
BGY,KRK,1,896.0,ITA,POL
BGY,KTW,1,876.0,ITA,POL
BGY,LBA,1,1220.0,ITA,ENG
BGY,LBC,1,907.0,ITA,DEU
BGY,LDE,1,819.0,ITA,FXX
BGY,LPA,1,2957.0,ITA,ESP
BGY,LPP,1,2086.0,ITA,FIN
BGY,LWO,1,1158.0,ITA,UKR
BGY,MAD,1,1221.0,ITA,ESP
BGY,MAN,1,1212.0,ITA,ENG
BGY,MLA,1,1163.0,ITA,MLT
BGY,NRN,1,709.0,ITA,DEU
BGY,NYO,1,1537.0,ITA,SWE
BGY,OMO,1,698.0,ITA,BHF
BGY,OPO,1,1559.0,ITA,PRX
BGY,OTP,1,1289.0,ITA,ROU
BGY,PMI,1,887.0,ITA,ESP
BGY,PMO,1,879.0,ITA,ITA
BGY,PRG,1,598.0,ITA,CZE
BGY,PSR,1,508.0,ITA,ITA
BGY,RAK,1,2186.0,ITA,MAR
BGY,RHO,1,1847.0,ITA,GRC
BGY,RIX,1,1590.0,ITA,LVA
BGY,RYG,1,1526.0,ITA,NOW
BGY,SAW,1,1668.0,ITA,TUR
BGY,SCQ,1,1472.0,ITA,ESP
BGY,SDR,1,1099.0,ITA,ESP
BGY,SKG,1,1218.0,ITA,GRC
BGY,SKP,1,1040.0,ITA,MKD
BGY,SOF,1,1140.0,ITA,BGR
BGY,STN,1,977.0,ITA,ENG
BGY,SUF,1,924.0,ITA,ITA
BGY,SVQ,1,1585.0,ITA,ESP
BGY,SXF,1,796.0,ITA,DEU
BGY,TFS,1,3026.0,ITA,ESP
BGY,TIA,1,935.0,ITA,ALB
BGY,TLL,1,1829.0,ITA,EST
BGY,TMP,1,1967.0,ITA,FIN
BGY,TPS,1,893.0,ITA,ITA
BGY,TSR,1,902.0,ITA,ROU
BGY,VLC,1,1079.0,ITA,ESP
BGY,VNO,2,1486.0,ITA,LTU
BGY,WAW,1,1092.0,ITA,POL
BGY,WMI,1,1095.0,ITA,POL
BGY,WRO,1,803.0,ITA,POL
BGY,ZAZ,1,971.0,ITA,ESP
BHB,BOS,1,315.0,USA,USA
BHD,ABZ,1,367.0,NIR,SCT
BHD,AGP,1,1998.0,NIR,ESP
BHD,BHX,1,363.0,NIR,ENG
BHD,CWL,1,396.0,NIR,WLS
BHD,EDI,1,217.0,NIR,SCT
BHD,EMA,1,359.0,NIR,ENG
BHD,EXT,1,462.0,NIR,ENG
BHD,FAO,1,1964.0,NIR,PRX
BHD,GLA,1,167.0,NIR,SCT
BHD,INV,1,344.0,NIR,SCT
BHD,IOM,1,100.0,NIR,IMN
BHD,LBA,1,286.0,NIR,ENG
BHD,LGW,1,542.0,NIR,ENG
BHD,LHR,4,503.0,NIR,ENG
BHD,MAN,1,274.0,NIR,ENG
BHD,NCL,1,272.0,NIR,ENG
BHD,PMI,1,1795.0,NIR,ESP
BHD,SOU,1,508.0,NIR,ENG
BHE,AKL,1,508.0,NZL,NZL
BHE,CHC,1,245.0,NZL,NZL
BHE,WLG,1,81.0,NZL,NZL
BHH,DMM,1,1028.0,SAU,SAU
BHH,JED,1,406.0,SAU,SAU
BHH,RUH,1,694.0,SAU,SAU
BHI,AEP,2,571.0,ARG,ARG
BHI,MDQ,1,410.0,ARG,ARG
BHI,REL,1,563.0,ARG,ARG
BHJ,BOM,2,573.0,IND,IND
BHK,DME,3,2616.0,UZB,RUS
BHK,LED,2,3251.0,UZB,RUS
BHK,TAS,1,438.0,UZB,UZB
BHM,ATL,6,216.0,USA,USA
BHM,BWI,2,1097.0,USA,USA
BHM,CLT,2,564.0,USA,USA
BHM,DAL,2,943.0,USA,USA
BHM,DCA,2,1051.0,USA,USA
BHM,DEN,1,1740.0,USA,USA
BHM,DFW,2,959.0,USA,USA
BHM,DTW,1,1007.0,USA,USA
BHM,FPO,1,1098.0,USA,BHS
BHM,HOU,1,917.0,USA,USA
BHM,IAH,1,904.0,USA,USA
BHM,LAS,2,2598.0,USA,USA
BHM,LGA,1,1393.0,USA,USA
BHM,MCO,3,771.0,USA,USA
BHM,MDW,1,919.0,USA,USA
BHM,MIA,2,1065.0,USA,USA
BHM,MSP,1,1375.0,USA,USA
BHM,ORD,1,941.0,USA,USA
BHM,PHL,2,1241.0,USA,USA
BHM,TPA,2,740.0,USA,USA
BHO,BOM,3,658.0,IND,IND
BHO,DEL,3,587.0,IND,IND
BHQ,ADL,1,426.0,AUS,AUS
BHQ,DBO,1,669.0,AUS,AUS
BHQ,MQL,1,254.0,AUS,AUS
BHQ,SYD,1,930.0,AUS,AUS
BHR,KTM,1,92.0,NPL,NPL
BHS,PKE,1,135.0,AUS,AUS
BHS,SYD,1,153.0,AUS,AUS
BHU,BOM,2,305.0,IND,IND
BHV,ISB,1,481.0,PAK,PAK
BHV,KHI,2,669.0,PAK,PAK
BHV,LHE,2,353.0,PAK,PAK
BHX,ABZ,1,529.0,ENG,SCT
BHX,ACE,6,2790.0,ENG,ESP
BHX,ADB,1,2723.0,ENG,TUR
BHX,AGP,2,1768.0,ENG,ESP
BHX,ALC,4,1579.0,ENG,ESP
BHX,AMS,2,442.0,ENG,NLX
BHX,ARN,1,1452.0,ENG,SWE
BHX,ASB,1,4819.0,ENG,TKM
BHX,AYT,3,3060.0,ENG,TUR
BHX,BCN,2,1274.0,ENG,ESP
BHX,BFS,1,383.0,ENG,NIR
BHX,BHD,1,363.0,ENG,NIR
BHX,BJV,2,2837.0,ENG,TUR
BHX,BRU,2,463.0,ENG,BFR
BHX,BTS,1,1423.0,ENG,SVK
BHX,BVC,2,4445.0,ENG,CPV
BHX,BZG,1,1325.0,ENG,POL
BHX,CDG,2,488.0,ENG,FXX
BHX,CGN,1,638.0,ENG,DEU
BHX,CPH,1,1002.0,ENG,DNK
BHX,DBV,3,1853.0,ENG,HRV
BHX,DEL,1,6799.0,ENG,IND
BHX,DLM,4,2950.0,ENG,TUR
BHX,DUB,2,322.0,ENG,IRL
BHX,DUS,2,598.0,ENG,DEU
BHX,DXB,2,5603.0,ENG,ARE
BHX,EDI,1,403.0,ENG,SCT
BHX,EWR,2,5445.0,ENG,USA
BHX,FAO,3,1784.0,ENG,PRX
BHX,FCO,1,1583.0,ENG,ITA
BHX,FLR,1,1356.0,ENG,ITA
BHX,FNC,2,2506.0,ENG,PMD
BHX,FRA,1,766.0,ENG,DEU
BHX,FUE,5,2850.0,ENG,ESP
BHX,GCI,1,341.0,ENG,GGY
BHX,GDN,1,1352.0,ENG,POL
BHX,GIB,1,1835.0,ENG,ESP
BHX,GLA,1,418.0,ENG,SCT
BHX,GOT,1,1062.0,ENG,SWE
BHX,HAJ,1,774.0,ENG,DEU
BHX,HAM,1,794.0,ENG,DEU
BHX,HER,1,2847.0,ENG,GRC
BHX,HRG,1,4065.0,ENG,EGY
BHX,IBZ,1,1529.0,ENG,ESP
BHX,INV,1,584.0,ENG,SCT
BHX,IOM,1,263.0,ENG,IMN
BHX,ISB,1,6119.0,ENG,PAK
BHX,IST,1,2604.0,ENG,TUR
BHX,JER,1,362.0,ENG,JEY
BHX,KRK,1,1515.0,ENG,POL
BHX,KTW,1,1454.0,ENG,POL
BHX,KUN,1,1713.0,ENG,LTU
BHX,LCA,3,3399.0,ENG,CYP
BHX,LDY,1,458.0,ENG,NIR
BHX,LEI,1,1736.0,ENG,ESP
BHX,LPA,3,2951.0,ENG,ESP
BHX,LYS,2,897.0,ENG,FXX
BHX,MAH,1,1472.0,ENG,ESP
BHX,MJV,1,1634.0,ENG,ESP
BHX,MLA,2,2243.0,ENG,MLT
BHX,MUC,1,1060.0,ENG,DEU
BHX,MXP,1,1074.0,ENG,ITA
BHX,NBE,3,2057.0,ENG,TUN
BHX,NCE,1,1181.0,ENG,FXX
BHX,NCL,1,287.0,ENG,ENG
BHX,NOC,1,498.0,ENG,IRL
BHX,OPO,1,1351.0,ENG,PRX
BHX,ORK,1,465.0,ENG,IRL
BHX,PFO,2,3340.0,ENG,CYP
BHX,PMI,5,1475.0,ENG,ESP
BHX,RAK,1,2373.0,ENG,MAR
BHX,REU,1,1276.0,ENG,ESP
BHX,SNN,1,486.0,ENG,IRL
BHX,SPU,1,1661.0,ENG,HRV
BHX,SSH,3,4030.0,ENG,EGY
BHX,STR,1,879.0,ENG,DEU
BHX,TFS,5,2978.0,ENG,ESP
BHX,TXL,1,1016.0,ENG,DEU
BHX,VCE,1,1283.0,ENG,ITA
BHX,WAT,1,364.0,ENG,IRL
BHX,ZRH,1,921.0,ENG,CHE
BHY,CAN,1,460.0,CHN,CHN
BHY,CGO,1,1510.0,CHN,CHN
BHY,CKG,2,948.0,CHN,CHN
BHY,CSX,1,839.0,CHN,CHN
BHY,CTU,1,1138.0,CHN,CHN
BHY,HAK,1,216.0,CHN,CHN
BHY,HGH,2,1473.0,CHN,CHN
BHY,KMG,2,761.0,CHN,CHN
BHY,KWL,1,416.0,CHN,CHN
BHY,LYA,1,1499.0,CHN,CHN
BHY,PEK,2,2174.0,CHN,CHN
BHY,PVG,2,1639.0,CHN,CHN
BHY,SJW,1,1932.0,CHN,CHN
BHY,SZX,1,481.0,CHN,CHN
BHY,XIY,1,1436.0,CHN,CHN
BIA,BES,1,1264.0,FXX,FXX
BIA,BOD,1,858.0,FXX,FXX
BIA,BRU,1,1003.0,FXX,BFR
BIA,CDG,1,896.0,FXX,FXX
BIA,CGN,1,941.0,FXX,DEU
BIA,DUS,1,993.0,FXX,DEU
BIA,EBU,2,531.0,FXX,FXX
BIA,FRA,1,835.0,FXX,DEU
BIA,GVA,1,490.0,FXX,CHE
BIA,HAM,1,1232.0,FXX,DEU
BIA,LGG,2,950.0,FXX,BWR
BIA,LGW,1,1204.0,FXX,ENG
BIA,LIL,2,1015.0,FXX,FXX
BIA,LUX,1,826.0,FXX,LUX
BIA,LYS,3,498.0,FXX,FXX
BIA,MRS,3,360.0,FXX,FXX
BIA,NCE,3,221.0,FXX,FXX
BIA,NTE,3,1012.0,FXX,FXX
BIA,ORY,2,880.0,FXX,FXX
BIA,STR,1,683.0,FXX,DEU
BIA,SXB,1,681.0,FXX,FXX
BIA,TLS,2,670.0,FXX,FXX
BIA,TXL,1,1148.0,FXX,DEU
BIK,DJJ,2,514.0,IDN,IDN
BIK,UPG,2,1887.0,IDN,IDN
BIL,AZA,1,1415.0,USA,USA
BIL,DEN,1,732.0,USA,USA
BIL,GDV,1,322.0,USA,USA
BIL,GGW,1,305.0,USA,USA
BIL,HVR,1,318.0,USA,USA
BIL,LAS,1,1215.0,USA,USA
BIL,MSP,1,1200.0,USA,USA
BIL,OLF,1,340.0,USA,USA
BIL,PDX,1,1090.0,USA,USA
BIL,SDY,1,393.0,USA,USA
BIL,SEA,1,1065.0,USA,USA
BIL,SLC,1,623.0,USA,USA
BIM,FLL,2,98.0,BHS,USA
BIO,ACE,3,1859.0,ESP,ESP
BIO,AGP,2,749.0,ESP,ESP
BIO,ALC,2,592.0,ESP,ESP
BIO,AMS,2,1153.0,ESP,NLX
BIO,BCN,2,467.0,ESP,ESP
BIO,BRU,2,1013.0,ESP,BFR
BIO,CDG,3,761.0,ESP,FXX
BIO,DUB,1,1152.0,ESP,IRL
BIO,DUS,1,1148.0,ESP,DEU
BIO,FCO,1,1250.0,ESP,ITA
BIO,FRA,1,1150.0,ESP,DEU
BIO,FUE,2,1920.0,ESP,ESP
BIO,GVA,1,783.0,ESP,CHE
BIO,IBZ,3,609.0,ESP,ESP
BIO,IST,1,2599.0,ESP,TUR
BIO,LCG,2,442.0,ESP,ESP
BIO,LHR,2,927.0,ESP,ENG
BIO,LIS,4,724.0,ESP,PRX
BIO,LPA,3,2042.0,ESP,ESP
BIO,MAD,2,319.0,ESP,ESP
BIO,MAN,1,1119.0,ESP,ENG
BIO,MUC,1,1267.0,ESP,DEU
BIO,MXP,2,958.0,ESP,ITA
BIO,ORY,2,728.0,ESP,FXX
BIO,OSL,1,2093.0,ESP,NOW
BIO,PMI,4,629.0,ESP,ESP
BIO,SCQ,2,449.0,ESP,ESP
BIO,STN,1,983.0,ESP,ENG
BIO,STR,1,1110.0,ESP,DEU
BIO,SVQ,2,701.0,ESP,ESP
BIO,TFN,3,2038.0,ESP,ESP
BIO,TXL,2,1580.0,ESP,DEU
BIO,VCE,1,1235.0,ESP,ITA
BIO,VGO,1,481.0,ESP,ESP
BIO,VLC,1,470.0,ESP,ESP
BIQ,CDG,1,692.0,FXX,FXX
BIQ,CPH,1,1688.0,FXX,DNK
BIQ,CRL,1,900.0,FXX,BWR
BIQ,DUB,1,1160.0,FXX,IRL
BIQ,GVA,2,676.0,FXX,CHE
BIQ,LIL,1,863.0,FXX,FXX
BIQ,LYS,1,580.0,FXX,FXX
BIQ,MRS,1,545.0,FXX,FXX
BIQ,NCE,1,705.0,FXX,FXX
BIQ,NYO,1,2120.0,FXX,SWE
BIQ,ORY,1,657.0,FXX,FXX
BIQ,STN,1,945.0,FXX,ENG
BIQ,SXB,1,904.0,FXX,FXX
BIR,KTM,1,232.0,NPL,NPL
BIS,AZA,1,1758.0,USA,USA
BIS,DEN,2,831.0,USA,USA
BIS,LAS,1,1685.0,USA,USA
BIS,MSP,1,619.0,USA,USA
BIS,SFB,1,2620.0,USA,USA
BJA,ALG,1,165.0,DZA,DZA
BJA,LYS,1,1002.0,DZA,FXX
BJA,MRS,2,748.0,DZA,FXX
BJA,ORY,2,1353.0,DZA,FXX
BJB,THR,1,571.0,IRN,IRN
BJF,BVG,1,39.0,NOW,NOW
BJF,HFT,1,222.0,NOW,NOW
BJF,MEH,1,83.0,NOW,NOW
BJF,VAW,1,57.0,NOW,NOW
BJF,VDS,1,60.0,NOW,NOW
BJI,MSP,1,320.0,USA,USA
BJL,BCN,3,3600.0,GMB,ESP
BJL,CMN,1,2409.0,GMB,MAR
BJL,DKR,4,180.0,GMB,SEN
BJL,FNA,2,646.0,GMB,SLE
BJL,LPA,1,1628.0,GMB,ESP
BJL,OXB,1,194.0,GMB,GNB
BJL,RAI,1,758.0,GMB,CPV
BJM,EBB,1,511.0,BDI,UGA
BJM,KGL,6,176.0,BDI,RWA
BJM,NBO,6,874.0,BDI,KEN
BJR,ADD,1,334.0,ETH,ETH
BJR,LLI,1,185.0,ETH,ETH
BJV,ADB,1,124.0,TUR,TUR
BJV,AMS,1,2444.0,TUR,NLX
BJV,BHX,1,2837.0,TUR,ENG
BJV,BRS,1,2851.0,TUR,ENG
BJV,BRU,1,2377.0,TUR,BFR
BJV,EDI,1,3107.0,TUR,SCT
BJV,EIN,1,2356.0,TUR,NLX
BJV,EMA,1,2830.0,TUR,ENG
BJV,ESB,2,562.0,TUR,TUR
BJV,GLA,1,3161.0,TUR,SCT
BJV,IST,3,457.0,TUR,TUR
BJV,LBA,2,2901.0,TUR,ENG
BJV,LGW,3,2679.0,TUR,ENG
BJV,LPL,1,2945.0,TUR,ENG
BJV,LTN,1,2724.0,TUR,ENG
BJV,MAN,4,2912.0,TUR,ENG
BJV,NCL,1,2965.0,TUR,ENG
BJV,ORY,1,2403.0,TUR,FXX
BJV,RTM,1,2441.0,TUR,NLX
BJV,SAW,2,430.0,TUR,TUR
BJV,STN,1,2688.0,TUR,ENG
BJX,ATL,1,2189.0,MEX,USA
BJX,CUN,1,1515.0,MEX,MEX
BJX,DFW,2,1394.0,MEX,USA
BJX,IAH,1,1174.0,MEX,USA
BJX,LAX,2,2199.0,MEX,USA
BJX,MDW,1,2646.0,MEX,USA
BJX,MEX,1,305.0,MEX,MEX
BJX,MTY,2,550.0,MEX,MEX
BJX,SFO,1,2730.0,MEX,USA
BJX,TIJ,2,1999.0,MEX,MEX
BJZ,BCN,1,802.0,ESP,ESP
BJZ,MAD,1,330.0,ESP,ESP
BKC,DRG,2,74.0,USA,USA
BKC,OTZ,2,119.0,USA,USA
BKG,DAL,1,528.0,USA,USA
BKG,DEN,1,1068.0,USA,USA
BKG,HOU,1,790.0,USA,USA
BKG,MDW,1,749.0,USA,USA
BKI,BTU,1,459.0,MYS,MYS
BKI,BWN,2,166.0,MYS,BRN
BKI,CAN,1,1963.0,MYS,CHN
BKI,CGK,1,1699.0,MYS,IDN
BKI,DPS,1,1636.0,MYS,IDN
BKI,HGH,1,2740.0,MYS,CHN
BKI,HKG,5,1835.0,MYS,HKG
BKI,ICN,4,3661.0,MYS,KOR
BKI,JHB,1,1454.0,MYS,MYS
BKI,KBR,1,1521.0,MYS,MYS
BKI,KCH,2,803.0,MYS,MYS
BKI,KUD,1,140.0,MYS,MYS
BKI,KUL,3,1629.0,MYS,MYS
BKI,LBU,1,113.0,MYS,MYS
BKI,LDU,1,271.0,MYS,MYS
BKI,LWY,1,140.0,MYS,MYS
BKI,MNL,2,1097.0,MYS,PHL
BKI,MYY,2,291.0,MYS,MYS
BKI,MZV,1,251.0,MYS,MYS
BKI,NRT,2,4144.0,MYS,JPN
BKI,PEN,1,1747.0,MYS,MYS
BKI,PER,1,4212.0,MYS,AUS
BKI,PPS,1,518.0,MYS,PHL
BKI,PVG,2,2866.0,MYS,CHN
BKI,SBW,1,609.0,MYS,MYS
BKI,SDK,2,222.0,MYS,MYS
BKI,SIN,4,1432.0,MYS,SGP
BKI,SZX,2,1873.0,MYS,CHN
BKI,TPE,2,2199.0,MYS,TWN
BKI,TWU,2,292.0,MYS,MYS
BKK,ADD,2,6758.0,THA,ETH
BKK,AKL,2,9555.0,THA,NZL
BKK,ALA,1,4000.0,THA,KAZ
BKK,AMM,2,6841.0,THA,JOR
BKK,AMS,3,9208.0,THA,NLX
BKK,ARN,3,8296.0,THA,SWE
BKK,AUH,3,4966.0,THA,ARE
BKK,BAH,3,5386.0,THA,BHR
BKK,BLR,1,2492.0,THA,IND
BKK,BNE,2,7260.0,THA,AUS
BKK,BOM,5,3031.0,THA,IND
BKK,BRU,2,9262.0,THA,BFR
BKK,BWN,2,1833.0,THA,BRN
BKK,CAI,3,7280.0,THA,EGY
BKK,CAN,6,1706.0,THA,CHN
BKK,CCU,2,1637.0,THA,IND
BKK,CDG,3,9448.0,THA,FXX
BKK,CEI,8,703.0,THA,THA
BKK,CGK,3,2297.0,THA,IDN
BKK,CGO,1,2665.0,THA,CHN
BKK,CGP,1,1341.0,THA,BGD
BKK,CKG,2,1884.0,THA,CHN
BKK,CMB,4,2392.0,THA,LKA
BKK,CNX,10,597.0,THA,THA
BKK,CPH,2,8637.0,THA,DNK
BKK,CRK,1,2139.0,THA,PHL
BKK,CSX,1,2066.0,THA,CHN
BKK,CTS,1,5073.0,THA,JPN
BKK,CTU,2,1907.0,THA,CHN
BKK,DAC,6,1568.0,THA,BGD
BKK,DEL,4,2948.0,THA,IND
BKK,DME,3,7059.0,THA,RUS
BKK,DOH,1,5280.0,THA,QAT
BKK,DPS,1,2959.0,THA,IDN
BKK,DXB,3,4904.0,THA,ARE
BKK,FCO,1,8877.0,THA,ITA
BKK,FOC,2,2397.0,THA,CHN
BKK,FRA,2,8999.0,THA,DEU
BKK,FUK,2,3725.0,THA,JPN
BKK,GAU,1,1680.0,THA,IND
BKK,HAN,4,995.0,THA,VNM
BKK,HDY,1,751.0,THA,THA
BKK,HEL,1,7908.0,THA,FIN
BKK,HKG,12,1689.0,THA,HKG
BKK,HKT,10,674.0,THA,THA
BKK,HND,4,4589.0,THA,JPN
BKK,HYD,1,2423.0,THA,IND
BKK,ICN,10,3669.0,THA,KOR
BKK,IKA,1,5497.0,THA,IRN
BKK,IKT,1,4303.0,THA,RUS
BKK,ISB,1,3579.0,THA,PAK
BKK,IST,2,7512.0,THA,TUR
BKK,IXB,1,1939.0,THA,IND
BKK,JNB,2,8996.0,THA,ZAF
BKK,KBP,1,7416.0,THA,UKR
BKK,KBV,8,650.0,THA,THA
BKK,KHH,1,2292.0,THA,TWN
BKK,KHI,2,3727.0,THA,PAK
BKK,KIX,4,4161.0,THA,JPN
BKK,KJA,1,4777.0,THA,RUS
BKK,KKC,1,379.0,THA,THA
BKK,KMG,2,1290.0,THA,CHN
BKK,KTM,2,2230.0,THA,NPL
BKK,KUL,9,1221.0,THA,MYS
BKK,KWI,1,5678.0,THA,KWT
BKK,LHE,1,3337.0,THA,PAK
BKK,LHR,4,9578.0,THA,ENG
BKK,LPQ,4,707.0,THA,LAO
BKK,LPT,1,527.0,THA,THA
BKK,MAA,2,2227.0,THA,IND
BKK,MAD,1,10193.0,THA,ESP
BKK,MCT,1,4590.0,THA,OMN
BKK,MDL,3,1025.0,THA,MMR
BKK,MEL,3,7332.0,THA,AUS
BKK,MFM,2,1652.0,THA,MAC
BKK,MLE,1,3166.0,THA,MDV
BKK,MNL,4,2188.0,THA,PHL
BKK,MUC,2,8800.0,THA,DEU
BKK,MXP,1,9080.0,THA,ITA
BKK,NBO,3,7224.0,THA,KEN
BKK,NGB,1,2784.0,THA,CHN
BKK,NGO,2,4310.0,THA,JPN
BKK,NNG,2,1265.0,THA,CHN
BKK,NRT,8,4649.0,THA,JPN
BKK,NYT,1,819.0,THA,MMR
BKK,OSL,3,8675.0,THA,NOW
BKK,OVB,1,4856.0,THA,RUS
BKK,PEK,3,3317.0,THA,CHN
BKK,PEN,2,934.0,THA,MYS
BKK,PER,2,5326.0,THA,AUS
BKK,PNH,4,504.0,THA,KHM
BKK,PUS,4,3698.0,THA,KOR
BKK,PVG,5,2897.0,THA,CHN
BKK,REP,2,333.0,THA,KHM
BKK,RGN,4,611.0,THA,MMR
BKK,SGN,4,716.0,THA,VNM
BKK,SIN,10,1417.0,THA,SGP
BKK,SVO,1,7105.0,THA,RUS
BKK,SVX,1,5858.0,THA,RUS
BKK,SWA,1,1988.0,THA,CHN
BKK,SYD,4,7515.0,THA,AUS
BKK,SZX,2,1700.0,THA,CHN
BKK,TAO,1,3183.0,THA,CHN
BKK,TAS,1,4318.0,THA,UZB
BKK,TDX,1,231.0,THA,THA
BKK,THS,1,408.0,THA,THA
BKK,TLV,2,6946.0,THA,ISR
BKK,TNA,1,3052.0,THA,CHN
BKK,TNR,2,6862.0,THA,MDG
BKK,TPE,6,2489.0,THA,TWN
BKK,UBP,1,477.0,THA,THA
BKK,ULN,1,3839.0,THA,MNG
BKK,URT,1,535.0,THA,THA
BKK,USM,2,466.0,THA,THA
BKK,UTH,2,466.0,THA,THA
BKK,VIE,3,8451.0,THA,AUT
BKK,VTE,4,517.0,THA,LAO
BKK,WUH,1,2348.0,THA,CHN
BKK,XMN,3,2186.0,THA,CHN
BKK,ZRH,2,9054.0,THA,CHE
BKK,ZVK,1,536.0,THA,LAO
BKM,LWY,1,100.0,IDN,MYS
BKO,ABJ,3,921.0,MLI,CIV
BKO,ADD,2,5116.0,MLI,ETH
BKO,ALG,1,2908.0,MLI,DZA
BKO,CDG,1,4170.0,MLI,FXX
BKO,CKY,2,700.0,MLI,GIN
BKO,CMN,1,2317.0,MLI,MAR
BKO,COO,3,1325.0,MLI,BEN
BKO,DKR,5,1060.0,MLI,SEN
BKO,LFW,1,1233.0,MLI,TGO
BKO,LIS,1,2921.0,MLI,PRX
BKO,LOS,1,1402.0,MLI,NGA
BKO,NBO,1,5186.0,MLI,KEN
BKO,NKC,1,1073.0,MLI,MRT
BKO,ORY,1,4135.0,MLI,FXX
BKO,OUA,3,699.0,MLI,BFA
BKO,TUN,1,3255.0,MLI,TUN
BKQ,LRE,1,161.0,AUS,AUS
BKS,BTH,1,589.0,IDN,IDN
BKS,CGK,4,540.0,IDN,IDN
BKW,IAD,1,345.0,USA,USA
BKW,SHD,1,202.0,USA,USA
BKY,KND,1,328.0,COD,COD
BKY,KOO,1,398.0,COD,COD
BKZ,MWZ,1,175.0,TZA,TZA
BLA,CCS,4,257.0,VEN,VEN
BLA,MIA,1,2396.0,VEN,USA
BLA,PMV,1,119.0,VEN,VEN
BLA,PTY,1,1615.0,VEN,PAN
BLA,PZO,2,293.0,VEN,VEN
BLA,VLN,2,354.0,VEN,VEN
BLE,GOT,1,358.0,SWE,SWE
BLE,ORB,1,136.0,SWE,SWE
BLI,AZA,1,1944.0,USA,USA
BLI,HNL,1,4370.0,USA,USA
BLI,LAS,2,1536.0,USA,USA
BLI,LAX,1,1686.0,USA,USA
BLI,OAK,1,1231.0,USA,USA
BLI,PDX,1,356.0,USA,USA
BLI,PSP,1,1737.0,USA,USA
BLI,SAN,1,1840.0,USA,USA
BLI,SEA,1,150.0,USA,USA
BLJ,ALG,1,296.0,DZA,DZA
BLJ,LYS,1,1114.0,DZA,FXX
BLJ,MRS,1,860.0,DZA,FXX
BLJ,ORY,1,1478.0,DZA,FXX
BLK,ACE,1,2891.0,ENG,ESP
BLK,AGP,1,1904.0,ENG,ESP
BLK,ALC,1,1733.0,ENG,ESP
BLK,DLM,1,3088.0,ENG,TUR
BLK,DUB,1,217.0,ENG,IRL
BLK,FAO,1,1902.0,ENG,PRX
BLK,IOM,1,110.0,ENG,IMN
BLK,PMI,1,1640.0,ENG,ESP
BLK,TFS,1,3067.0,ENG,ESP
BLL,AAL,2,156.0,DNK,DNK
BLL,AGP,1,2356.0,DNK,ESP
BLL,AHO,1,1681.0,DNK,ITA
BLL,ALC,2,2071.0,DNK,ESP
BLL,AMS,2,477.0,DNK,NLX
BLL,ARN,1,678.0,DNK,SWE
BLL,AYT,1,2651.0,DNK,TUR
BLL,BGO,1,557.0,DNK,NOW
BLL,BGY,1,1120.0,DNK,ITA
BLL,BRU,1,621.0,DNK,BFR
BLL,BUD,1,1156.0,DNK,HUN
BLL,CCF,1,1476.0,DNK,FXX
BLL,CDG,2,871.0,DNK,FXX
BLL,CFU,1,1962.0,DNK,GRC
BLL,CHQ,1,2519.0,DNK,GRC
BLL,CIA,1,1570.0,DNK,ITA
BLL,CPH,1,220.0,DNK,DNK
BLL,DUS,1,519.0,DNK,DEU
BLL,EBJ,1,44.0,DNK,DNK
BLL,FAE,1,1171.0,DNK,FRO
BLL,FAO,1,2447.0,DNK,PRX
BLL,FRA,2,636.0,DNK,DEU
BLL,GRO,1,1607.0,DNK,ESP
BLL,IST,2,2146.0,DNK,TUR
BLL,KEF,1,1967.0,DNK,ISL
BLL,LCY,1,762.0,DNK,ENG
BLL,MAN,1,782.0,DNK,ENG
BLL,MLA,1,2247.0,DNK,MLT
BLL,MUC,1,841.0,DNK,DEU
BLL,OSL,3,500.0,DNK,NOW
BLL,PMI,1,1861.0,DNK,ESP
BLL,PSA,1,1344.0,DNK,ITA
BLL,RIX,1,921.0,DNK,LVA
BLL,STN,1,725.0,DNK,ENG
BLL,SVG,1,408.0,DNK,NOW
BLL,TFS,1,3698.0,DNK,ESP
BLL,TSF,1,1142.0,DNK,ITA
BLL,ZAD,1,1366.0,DNK,HRV
BLL,ZRH,1,921.0,DNK,CHE
BLQ,ACE,1,2796.0,ITA,ESP
BLQ,AGP,1,1590.0,ITA,ESP
BLQ,AHO,1,499.0,ITA,ITA
BLQ,ALC,1,1206.0,ITA,ESP
BLQ,AMS,3,988.0,ITA,NLX
BLQ,ARN,1,1739.0,ITA,SWE
BLQ,BCN,3,831.0,ITA,ESP
BLQ,BDS,1,695.0,ITA,ITA
BLQ,BOD,1,949.0,ITA,FXX
BLQ,BRI,1,584.0,ITA,ITA
BLQ,BRS,1,1288.0,ITA,ENG
BLQ,BRU,1,871.0,ITA,BFR
BLQ,BVA,1,884.0,ITA,FXX
BLQ,CAG,1,616.0,ITA,ITA
BLQ,CDG,3,830.0,ITA,FXX
BLQ,CGN,1,769.0,ITA,DEU
BLQ,CLJ,1,994.0,ITA,ROU
BLQ,CMN,2,2043.0,ITA,MAR
BLQ,CPH,1,1236.0,ITA,DNK
BLQ,CRL,1,834.0,ITA,BWR
BLQ,CTA,4,847.0,ITA,ITA
BLQ,DUB,2,1611.0,ITA,IRL
BLQ,EDI,1,1636.0,ITA,SCT
BLQ,EIN,1,885.0,ITA,NLX
BLQ,FCO,1,314.0,ITA,ITA
BLQ,FRA,1,645.0,ITA,DEU
BLQ,IAS,2,1296.0,ITA,ROU
BLQ,IBZ,1,1035.0,ITA,ESP
BLQ,IST,1,1465.0,ITA,TUR
BLQ,KIV,2,1392.0,ITA,MDA
BLQ,KRK,1,888.0,ITA,POL
BLQ,LGW,1,1127.0,ITA,ENG
BLQ,LHR,2,1163.0,ITA,ENG
BLQ,LIS,3,1807.0,ITA,PRX
BLQ,LYS,2,504.0,ITA,FXX
BLQ,MAD,2,1296.0,ITA,ESP
BLQ,MAN,1,1389.0,ITA,ENG
BLQ,MLA,1,1002.0,ITA,MLT
BLQ,MUC,1,426.0,ITA,DEU
BLQ,NRN,1,873.0,ITA,DEU
BLQ,OLB,1,429.0,ITA,ITA
BLQ,OPO,1,1663.0,ITA,PRX
BLQ,ORY,2,824.0,ITA,FXX
BLQ,OTP,1,1171.0,ITA,ROU
BLQ,PMI,1,897.0,ITA,ESP
BLQ,PMO,1,723.0,ITA,ITA
BLQ,RYG,1,1651.0,ITA,NOW
BLQ,SAW,1,1523.0,ITA,TUR
BLQ,SOF,1,996.0,ITA,BGR
BLQ,STN,1,1155.0,ITA,ENG
BLQ,SUF,1,749.0,ITA,ITA
BLQ,SVO,2,2230.0,ITA,RUS
BLQ,SVQ,1,1641.0,ITA,ESP
BLQ,TFS,1,3073.0,ITA,ESP
BLQ,TIA,4,768.0,ITA,ALB
BLQ,TPS,1,743.0,ITA,ITA
BLQ,TSR,1,800.0,ITA,ROU
BLQ,TUN,1,859.0,ITA,TUN
BLQ,TXL,1,904.0,ITA,DEU
BLQ,VIE,1,568.0,ITA,AUT
BLQ,VLC,1,1121.0,ITA,ESP
BLQ,WMI,1,1116.0,ITA,POL
BLQ,WRO,1,841.0,ITA,POL
BLQ,ZAG,2,398.0,ITA,HRV
BLR,AMD,1,1222.0,IND,IND
BLR,AUH,3,2723.0,IND,ARE
BLR,BBI,1,1166.0,IND,IND
BLR,BKK,1,2492.0,IND,THA
BLR,BOM,6,834.0,IND,IND
BLR,CCJ,1,298.0,IND,IND
BLR,CCU,5,1547.0,IND,IND
BLR,CDG,1,7825.0,IND,FXX
BLR,CJB,2,252.0,IND,IND
BLR,CMB,2,710.0,IND,LKA
BLR,COK,5,367.0,IND,IND
BLR,DEL,6,1710.0,IND,IND
BLR,DMM,1,3260.0,IND,SAU
BLR,DOH,1,3043.0,IND,QAT
BLR,DXB,1,2695.0,IND,ARE
BLR,FRA,2,7402.0,IND,DEU
BLR,GAU,1,2039.0,IND,IND
BLR,GOI,6,483.0,IND,IND
BLR,HBX,1,371.0,IND,IND
BLR,HKG,2,3955.0,IND,HKG
BLR,HYD,5,455.0,IND,IND
BLR,IDR,2,1078.0,IND,IND
BLR,IXE,4,306.0,IND,IND
BLR,IXG,1,445.0,IND,IND
BLR,JAI,1,1528.0,IND,IND
BLR,JED,1,4185.0,IND,SAU
BLR,KUL,3,2884.0,IND,MYS
BLR,LHR,2,8047.0,IND,ENG
BLR,LKO,1,1544.0,IND,IND
BLR,MAA,6,268.0,IND,IND
BLR,MCT,1,2349.0,IND,OMN
BLR,MYQ,1,157.0,IND,IND
BLR,NAG,1,889.0,IND,IND
BLR,PNQ,5,723.0,IND,IND
BLR,RUH,1,3500.0,IND,SAU
BLR,SHJ,1,2685.0,IND,ARE
BLR,SIN,3,3179.0,IND,SGP
BLR,TRV,4,531.0,IND,IND
BLR,VGA,1,498.0,IND,IND
BLR,VTZ,4,776.0,IND,IND
BLV,SFB,1,1345.0,USA,USA
BLZ,ADD,1,2774.0,MWI,ETH
BLZ,JNB,2,1356.0,MWI,ZAF
BLZ,LLW,1,246.0,MWI,MWI
BLZ,NBO,1,1611.0,MWI,KEN
BMA,AAR,1,550.0,SWE,DNK
BMA,AGH,2,454.0,SWE,SWE
BMA,BRU,2,1266.0,SWE,BFR
BMA,GOT,2,379.0,SWE,SWE
BMA,HAD,2,422.0,SWE,SWE
BMA,HEL,2,406.0,SWE,FIN
BMA,KLR,2,312.0,SWE,SWE
BMA,MMX,2,505.0,SWE,SWE
BMA,OSD,1,465.0,SWE,SWE
BMA,RNB,2,378.0,SWE,SWE
BMA,SDL,2,354.0,SWE,SWE
BMA,THN,1,342.0,SWE,SWE
BMA,UME,2,509.0,SWE,SWE
BMA,VBY,2,190.0,SWE,SWE
BMA,VXO,2,329.0,SWE,SWE
BME,BNE,1,3328.0,AUS,AUS
BME,DRW,2,1113.0,AUS,AUS
BME,KNX,2,730.0,AUS,AUS
BME,KTA,2,650.0,AUS,AUS
BME,MEL,1,3107.0,AUS,AUS
BME,PER,2,1679.0,AUS,AUS
BME,PHE,1,465.0,AUS,AUS
BME,SYD,1,3378.0,AUS,AUS
BMI,ATL,3,858.0,USA,USA
BMI,DEN,1,1339.0,USA,USA
BMI,DFW,2,1110.0,USA,USA
BMI,DTW,1,503.0,USA,USA
BMI,MCO,1,1509.0,USA,USA
BMI,MSP,1,603.0,USA,USA
BMI,ORD,2,187.0,USA,USA
BMI,SFB,1,1477.0,USA,USA
BMU,DPS,2,388.0,IDN,IDN
BMU,LOP,1,266.0,IDN,IDN
BMV,DAD,1,375.0,VNM,VNM
BMV,HAN,2,982.0,VNM,VNM
BMV,SGN,3,260.0,VNM,VNM
BMV,VII,1,724.0,VNM,VNM
BMW,AZR,1,727.0,DZA,DZA
BMY,GEA,1,406.0,NCL,NCL
BMY,KOC,1,111.0,NCL,NCL
BNA,AHN,1,389.0,USA,USA
BNA,ATL,6,344.0,USA,USA
BNA,AUS,1,1216.0,USA,USA
BNA,BOS,1,1514.0,USA,USA
BNA,BWI,2,944.0,USA,USA
BNA,CHS,2,706.0,USA,USA
BNA,CLE,2,721.0,USA,USA
BNA,CLT,2,528.0,USA,USA
BNA,CMH,1,543.0,USA,USA
BNA,CVG,1,370.0,USA,USA
BNA,DCA,2,902.0,USA,USA
BNA,DEN,3,1628.0,USA,USA
BNA,DFW,2,1014.0,USA,USA
BNA,DTW,2,735.0,USA,USA
BNA,ECP,1,647.0,USA,USA
BNA,EWR,2,1201.0,USA,USA
BNA,FLL,1,1278.0,USA,USA
BNA,GSP,1,426.0,USA,USA
BNA,HOU,2,1078.0,USA,USA
BNA,IAD,1,871.0,USA,USA
BNA,IAH,1,1057.0,USA,USA
BNA,JAX,1,779.0,USA,USA
BNA,JFK,3,1230.0,USA,USA
BNA,LAS,1,2549.0,USA,USA
BNA,LAX,5,2886.0,USA,USA
BNA,LGA,4,1228.0,USA,USA
BNA,MCI,1,790.0,USA,USA
BNA,MCO,3,993.0,USA,USA
BNA,MDW,2,636.0,USA,USA
BNA,MIA,2,1299.0,USA,USA
BNA,MKL,1,210.0,USA,USA
BNA,MSP,1,1119.0,USA,USA
BNA,MSY,1,759.0,USA,USA
BNA,ORD,3,659.0,USA,USA
BNA,PHL,3,1084.0,USA,USA
BNA,PHX,1,2326.0,USA,USA
BNA,PIT,2,743.0,USA,USA
BNA,PNS,1,630.0,USA,USA
BNA,PVD,1,1457.0,USA,USA
BNA,RDU,1,710.0,USA,USA
BNA,SAN,1,2812.0,USA,USA
BNA,SAT,1,1322.0,USA,USA
BNA,SLC,1,2255.0,USA,USA
BNA,STL,1,437.0,USA,USA
BNA,TPA,2,986.0,USA,USA
BNA,TTN,1,1134.0,USA,USA
BNA,YYZ,1,1032.0,USA,CAN
BNB,MDK,1,286.0,COD,COD
BNC,BUX,1,138.0,COD,COD
BNC,GOM,1,251.0,COD,RWA
BND,AWZ,1,869.0,IRN,IRN
BND,AZD,1,559.0,IRN,IRN
BND,DXB,2,241.0,IRN,ARE
BND,IFN,2,753.0,IRN,IRN
BND,KIH,3,250.0,IRN,IRN
BND,MHD,2,1049.0,IRN,IRN
BND,RAS,1,1290.0,IRN,IRN
BND,SRY,1,1089.0,IRN,IRN
BND,SYZ,2,452.0,IRN,IRN
BND,TBZ,1,1539.0,IRN,IRN
BND,THR,2,1057.0,IRN,IRN
BND,ZBR,1,445.0,IRN,IRN
BNE,ADL,5,1620.0,AUS,AUS
BNE,AKL,8,2295.0,AUS,NZL
BNE,APW,1,3912.0,AUS,WSM
BNE,ASP,1,1965.0,AUS,AUS
BNE,BCI,1,891.0,AUS,AUS
BNE,BDB,2,287.0,AUS,AUS
BNE,BKK,2,7260.0,AUS,THA
BNE,BKQ,2,836.0,AUS,AUS
BNE,BME,1,3328.0,AUS,AUS
BNE,CAN,1,7081.0,AUS,CHN
BNE,CBR,3,956.0,AUS,AUS
BNE,CHC,3,2498.0,AUS,NZL
BNE,CNJ,3,1481.0,AUS,AUS
BNE,CNS,8,1391.0,AUS,AUS
BNE,CTL,1,688.0,AUS,AUS
BNE,DPS,3,4488.0,AUS,IDN
BNE,DRW,6,2851.0,AUS,AUS
BNE,DUD,2,2552.0,AUS,NZL
BNE,DXB,2,11979.0,AUS,ARE
BNE,EMD,2,652.0,AUS,AUS
BNE,GLT,2,434.0,AUS,AUS
BNE,HBA,2,1791.0,AUS,AUS
BNE,HIR,2,2125.0,AUS,SLB
BNE,HKG,3,6948.0,AUS,HKG
BNE,HNL,1,7552.0,AUS,USA
BNE,HTI,2,888.0,AUS,AUS
BNE,HVB,1,231.0,AUS,AUS
BNE,ICN,1,7730.0,AUS,KOR
BNE,INU,1,3328.0,AUS,NRU
BNE,ISA,2,1571.0,AUS,AUS
BNE,KTA,1,3751.0,AUS,AUS
BNE,KUL,1,6440.0,AUS,MYS
BNE,LAX,4,11533.0,AUS,USA
BNE,LDH,1,739.0,AUS,AUS
BNE,LRE,2,990.0,AUS,AUS
BNE,LST,1,1664.0,AUS,AUS
BNE,MEL,5,1381.0,AUS,AUS
BNE,MKY,3,798.0,AUS,AUS
BNE,MOV,2,781.0,AUS,AUS
BNE,NAN,3,2711.0,AUS,FJI
BNE,NLK,1,1463.0,AUS,NFK
BNE,NOU,2,1450.0,AUS,NCL
BNE,NTL,3,614.0,AUS,AUS
BNE,PER,4,3608.0,AUS,AUS
BNE,PHE,1,3580.0,AUS,AUS
BNE,POM,4,2089.0,AUS,PNX
BNE,PPP,2,895.0,AUS,AUS
BNE,PQQ,2,451.0,AUS,AUS
BNE,RMA,2,440.0,AUS,AUS
BNE,ROK,3,518.0,AUS,AUS
BNE,SIN,9,6143.0,AUS,SGP
BNE,SON,2,1965.0,AUS,VUT
BNE,SYD,5,753.0,AUS,AUS
BNE,TPE,2,6760.0,AUS,TWN
BNE,TSV,4,1112.0,AUS,AUS
BNE,TWB,1,120.0,AUS,AUS
BNE,VLI,3,1894.0,AUS,VUT
BNE,WLG,2,2511.0,AUS,NZL
BNE,ZQN,2,2401.0,AUS,NZL
BNI,ABV,1,351.0,NGA,NGA
BNI,LOS,1,253.0,NGA,NGA
BNK,MEL,1,1273.0,AUS,AUS
BNK,NTL,1,470.0,AUS,AUS
BNK,SYD,3,612.0,AUS,AUS
BNN,BGO,1,674.0,NOW,NOW
BNN,MQN,1,138.0,NOW,NOW
BNN,OSL,1,597.0,NOW,NOW
BNN,SSJ,1,56.0,NOW,NOW
BNN,TRD,1,231.0,NOW,NOW
BNS,CCS,2,417.0,VEN,VEN
BNX,BEG,1,238.0,BIS,SRS
BNX,SJJ,1,149.0,BIS,BHF
BNX,ZRH,1,729.0,BIS,CHE
BOB,HUH,1,82.0,PYF,PYF
BOB,MAU,1,53.0,PYF,PYF
BOB,MOZ,1,241.0,PYF,PYF
BOB,PPT,1,259.0,PYF,PYF
BOB,RFP,1,43.0,PYF,PYF
BOB,RGI,1,468.0,PYF,PYF
BOB,TIH,1,404.0,PYF,PYF
BOC,PAC,1,299.0,PAN,PAN
BOC,SJO,1,227.0,PAN,CRI
BOD,AGP,1,961.0,FXX,ESP
BOD,AJA,1,834.0,FXX,FXX
BOD,ALG,1,963.0,FXX,DZA
BOD,AMS,3,924.0,FXX,NLX
BOD,BCN,2,453.0,FXX,ESP
BOD,BES,1,492.0,FXX,FXX
BOD,BIA,1,858.0,FXX,FXX
BOD,BLQ,1,949.0,FXX,ITA
BOD,BRS,1,744.0,FXX,ENG
BOD,BRU,1,778.0,FXX,BFR
BOD,BSL,1,704.0,FXX,FXX
BOD,CDG,2,527.0,FXX,FXX
BOD,CIA,1,1127.0,FXX,ITA
BOD,CLY,1,806.0,FXX,FXX
BOD,CMN,1,1404.0,FXX,MAR
BOD,CRL,1,736.0,FXX,BWR
BOD,DUB,1,1037.0,FXX,IRL
BOD,EDI,1,1251.0,FXX,SCT
BOD,FCO,3,1099.0,FXX,ITA
BOD,FLR,1,954.0,FXX,ITA
BOD,FSC,1,877.0,FXX,FXX
BOD,GVA,2,554.0,FXX,CHE
BOD,HER,1,2428.0,FXX,GRC
BOD,LGW,2,704.0,FXX,ENG
BOD,LIL,2,698.0,FXX,FXX
BOD,LIS,2,968.0,FXX,PRX
BOD,LTN,1,784.0,FXX,ENG
BOD,LYS,2,464.0,FXX,FXX
BOD,MAD,1,537.0,FXX,ESP
BOD,MRS,2,498.0,FXX,FXX
BOD,MUC,1,1031.0,FXX,DEU
BOD,MXP,1,744.0,FXX,ITA
BOD,NCE,2,645.0,FXX,FXX
BOD,NTE,2,268.0,FXX,FXX
BOD,OLB,1,941.0,FXX,ITA
BOD,OPO,1,759.0,FXX,PRX
BOD,ORY,1,493.0,FXX,FXX
BOD,PMI,3,652.0,FXX,ESP
BOD,PMO,1,1364.0,FXX,ITA
BOD,RAK,2,1602.0,FXX,MAR
BOD,RNS,1,369.0,FXX,FXX
BOD,STN,1,788.0,FXX,ENG
BOD,SVQ,1,931.0,FXX,ESP
BOD,SXB,2,758.0,FXX,FXX
BOD,TFS,1,2335.0,FXX,ESP
BOD,TUN,1,1276.0,FXX,TUN
BOD,VCE,1,1026.0,FXX,ITA
BOD,YUL,1,5518.0,FXX,CAN
BOD,ZRH,1,771.0,FXX,CHE
BOG,ADZ,3,1208.0,COL,COL
BOG,APO,1,448.0,COL,COL
BOG,ATL,1,3389.0,COL,USA
BOG,AUA,2,979.0,COL,ABW
BOG,AUC,2,460.0,COL,COL
BOG,AXM,1,182.0,COL,COL
BOG,BAQ,3,692.0,COL,COL
BOG,BCN,1,8513.0,COL,ESP
BOG,BGA,3,290.0,COL,COL
BOG,BUN,2,330.0,COL,COL
BOG,CCS,4,1025.0,COL,VEN
BOG,CDG,1,8645.0,COL,FXX
BOG,CLO,3,279.0,COL,COL
BOG,CTG,3,656.0,COL,COL
BOG,CUC,2,402.0,COL,COL
BOG,CUN,2,2278.0,COL,MEX
BOG,CUR,1,1009.0,COL,CUW
BOG,CZU,2,530.0,COL,COL
BOG,DFW,3,3933.0,COL,USA
BOG,EJA,1,261.0,COL,COL
BOG,EOH,1,233.0,COL,COL
BOG,EWR,2,4002.0,COL,USA
BOG,EYP,2,207.0,COL,COL
BOG,EZE,2,4689.0,COL,ARG
BOG,FLA,2,380.0,COL,COL
BOG,FLL,4,2461.0,COL,USA
BOG,FRA,2,9087.0,COL,DEU
BOG,GIG,1,4541.0,COL,BRA
BOG,GRU,3,4336.0,COL,BRA
BOG,GUA,1,2103.0,COL,GTM
BOG,GYE,2,994.0,COL,ECU
BOG,HAV,3,2219.0,COL,CUB
BOG,IAD,2,3822.0,COL,USA
BOG,IAH,2,3585.0,COL,USA
BOG,IBE,2,114.0,COL,COL
BOG,IPI,1,579.0,COL,COL
BOG,JFK,4,3996.0,COL,USA
BOG,LET,3,1094.0,COL,BRA
BOG,LIM,2,1888.0,COL,PER
BOG,LPB,1,2448.0,COL,BOL
BOG,MAD,2,8031.0,COL,ESP
BOG,MCO,3,2745.0,COL,USA
BOG,MDE,3,215.0,COL,COL
BOG,MEX,4,3159.0,COL,MEX
BOG,MIA,5,2435.0,COL,USA
BOG,MTR,2,494.0,COL,COL
BOG,MVP,1,579.0,COL,COL
BOG,MZL,1,150.0,COL,COL
BOG,NVA,2,233.0,COL,COL
BOG,PCR,2,755.0,COL,COL
BOG,PDA,2,698.0,COL,COL
BOG,PEI,3,177.0,COL,COL
BOG,PPN,1,370.0,COL,COL
BOG,PSO,2,507.0,COL,COL
BOG,PTY,2,755.0,COL,PAN
BOG,PUJ,2,1665.0,COL,DOM
BOG,PUU,2,535.0,COL,COL
BOG,RCH,1,771.0,COL,COL
BOG,RVE,1,356.0,COL,COL
BOG,SAL,1,1902.0,COL,SLV
BOG,SCL,2,4251.0,COL,CHL
BOG,SDQ,1,1602.0,COL,DOM
BOG,SJE,2,289.0,COL,COL
BOG,SJO,1,1256.0,COL,CRI
BOG,SJU,1,1765.0,COL,PRI
BOG,SMR,3,714.0,COL,COL
BOG,SVI,1,292.0,COL,COL
BOG,TME,1,328.0,COL,COL
BOG,UIB,3,297.0,COL,COL
BOG,UIO,4,712.0,COL,ECU
BOG,VGZ,1,496.0,COL,COL
BOG,VUP,2,645.0,COL,COL
BOG,VVC,3,84.0,COL,COL
BOG,YYZ,2,4367.0,COL,CAN
BOH,ACE,1,2620.0,ENG,ESP
BOH,AGP,1,1583.0,ENG,ESP
BOH,ALC,1,1393.0,ENG,ESP
BOH,CCF,1,898.0,ENG,FXX
BOH,CHQ,1,2681.0,ENG,GRC
BOH,DUB,1,421.0,ENG,IRL
BOH,FAO,1,1606.0,ENG,PRX
BOH,FUE,1,2680.0,ENG,ESP
BOH,GRO,1,1048.0,ENG,ESP
BOH,IBZ,1,1348.0,ENG,ESP
BOH,LPA,1,2784.0,ENG,ESP
BOH,MJV,1,1448.0,ENG,ESP
BOH,MLA,1,2111.0,ENG,MLT
BOH,PMI,2,1299.0,ENG,ESP
BOH,PSA,1,1212.0,ENG,ITA
BOH,RHO,1,2861.0,ENG,GRC
BOH,TFS,2,2815.0,ENG,ESP
BOI,DEN,3,1042.0,USA,USA
BOI,GEG,1,462.0,USA,USA
BOI,LAS,2,837.0,USA,USA
BOI,LAX,1,1086.0,USA,USA
BOI,LWS,1,319.0,USA,USA
BOI,MSP,1,1833.0,USA,USA
BOI,OAK,1,823.0,USA,USA
BOI,ORD,1,2307.0,USA,USA
BOI,PDX,1,553.0,USA,USA
BOI,PHX,3,1184.0,USA,USA
BOI,SAN,1,1207.0,USA,USA
BOI,SEA,1,641.0,USA,USA
BOI,SFO,1,840.0,USA,USA
BOI,SJC,1,841.0,USA,USA
BOI,SLC,1,466.0,USA,USA
BOI,SMF,1,703.0,USA,USA
BOJ,BRU,1,1973.0,BGR,BFR
BOJ,CPH,1,1802.0,BGR,DNK
BOJ,DME,1,1613.0,BGR,RUS
BOJ,DUB,1,2754.0,BGR,IRL
BOJ,HEL,1,1981.0,BGR,FIN
BOJ,LED,2,1925.0,BGR,RUS
BOJ,LTN,1,2327.0,BGR,ENG
BOJ,OSL,1,2248.0,BGR,NOW
BOJ,SOF,1,336.0,BGR,BGR
BOJ,SVO,1,1651.0,BGR,RUS
BOJ,VAR,1,78.0,BGR,BGR
BOM,ADD,2,3835.0,IND,ETH
BOM,ADE,1,3053.0,IND,YEM
BOM,AGR,1,1037.0,IND,IND
BOM,AMD,6,444.0,IND,IND
BOM,AMM,1,3938.0,IND,JOR
BOM,AMS,2,6860.0,IND,NLX
BOM,ATQ,1,1417.0,IND,IND
BOM,AUH,4,1971.0,IND,ARE
BOM,BAH,2,2413.0,IND,BHR
BOM,BBI,2,1362.0,IND,IND
BOM,BDQ,3,363.0,IND,IND
BOM,BHJ,2,573.0,IND,IND
BOM,BHO,3,658.0,IND,IND
BOM,BHU,2,305.0,IND,IND
BOM,BKK,5,3031.0,IND,THA
BOM,BLR,6,834.0,IND,IND
BOM,BRU,2,6866.0,IND,BFR
BOM,CAI,2,4341.0,IND,EGY
BOM,CCJ,3,944.0,IND,IND
BOM,CCU,5,1665.0,IND,IND
BOM,CDG,1,6994.0,IND,FXX
BOM,CJB,5,1002.0,IND,IND
BOM,CMB,4,1526.0,IND,LKA
BOM,COK,7,1064.0,IND,IND
BOM,CTU,1,3372.0,IND,CHN
BOM,DAC,1,1888.0,IND,BGD
BOM,DEL,6,1138.0,IND,IND
BOM,DIU,2,272.0,IND,IND
BOM,DMM,2,2499.0,IND,SAU
BOM,DOH,3,2291.0,IND,QAT
BOM,DXB,4,1926.0,IND,ARE
BOM,EWR,2,12546.0,IND,USA
BOM,FRA,2,6569.0,IND,DEU
BOM,GAU,1,2071.0,IND,IND
BOM,GOI,6,425.0,IND,IND
BOM,GWL,1,971.0,IND,IND
BOM,HBX,1,477.0,IND,IND
BOM,HKG,3,4272.0,IND,HKG
BOM,HYD,5,623.0,IND,IND
BOM,ICN,1,5548.0,IND,KOR
BOM,IDR,4,506.0,IND,IND
BOM,IKA,1,2799.0,IND,IRN
BOM,IST,2,4835.0,IND,TUR
BOM,IXC,4,1347.0,IND,IND
BOM,IXD,1,1153.0,IND,IND
BOM,IXE,5,715.0,IND,IND
BOM,IXJ,1,1525.0,IND,IND
BOM,IXU,3,279.0,IND,IND
BOM,JAI,5,911.0,IND,IND
BOM,JDH,3,797.0,IND,IND
BOM,JED,3,3519.0,IND,SAU
BOM,JGA,1,479.0,IND,IND
BOM,JLR,1,873.0,IND,IND
BOM,JNB,3,6964.0,IND,ZAF
BOM,KHI,1,874.0,IND,PAK
BOM,KTM,1,1592.0,IND,NPL
BOM,KUL,3,3624.0,IND,MYS
BOM,KWI,2,2758.0,IND,KWT
BOM,LHR,5,7213.0,IND,ENG
BOM,LKO,5,1184.0,IND,IND
BOM,MAA,7,1033.0,IND,IND
BOM,MCT,4,1590.0,IND,OMN
BOM,MRU,2,4695.0,IND,MUS
BOM,MUC,2,6312.0,IND,DEU
BOM,NAG,5,683.0,IND,IND
BOM,NBO,2,4533.0,IND,KEN
BOM,NRT,2,6786.0,IND,JPN
BOM,PAT,2,1449.0,IND,IND
BOM,PNQ,2,124.0,IND,IND
BOM,RAJ,3,419.0,IND,IND
BOM,RPR,3,955.0,IND,IND
BOM,RUH,3,2770.0,IND,SAU
BOM,SAH,1,3065.0,IND,YEM
BOM,SHJ,1,1914.0,IND,ARE
BOM,SIN,3,3922.0,IND,SGP
BOM,STV,1,226.0,IND,IND
BOM,SXR,2,1667.0,IND,IND
BOM,TLV,1,4047.0,IND,ISR
BOM,TRV,6,1258.0,IND,IND
BOM,UDR,3,624.0,IND,IND
BOM,VNS,1,1247.0,IND,IND
BOM,VTZ,2,1103.0,IND,IND
BOM,ZRH,2,6540.0,IND,CHE
BON,AMS,2,7792.0,NLY,NLX
BON,ATL,1,2899.0,NLY,USA
BON,AUA,1,194.0,NLY,ABW
BON,CUR,4,75.0,NLY,CUW
BON,EWR,1,3228.0,NLY,USA
BON,IAH,1,3424.0,NLY,USA
BOO,ANX,1,237.0,NOW,NOW
BOO,BGO,1,894.0,NOW,NOW
BOO,BNN,1,223.0,NOW,NOW
BOO,EVE,1,167.0,NOW,NOW
BOO,LKN,1,103.0,NOW,NOW
BOO,MJF,1,173.0,NOW,NOW
BOO,MQN,1,101.0,NOW,NOW
BOO,NVK,1,181.0,NOW,NOW
BOO,OSL,2,811.0,NOW,NOW
BOO,RET,1,101.0,NOW,
BOO,SKN,1,148.0,NOW,NOW
BOO,SSJ,1,168.0,NOW,NOW
BOO,SVJ,1,109.0,NOW,NOW
BOO,TOS,2,326.0,NOW,NOW
BOO,TRD,2,453.0,NOW,NOW
BOS,ACK,1,146.0,USA,USA
BOS,ACY,1,441.0,USA,USA
BOS,ALB,1,233.0,USA,USA
BOS,AMS,2,5547.0,USA,NLX
BOS,ATL,7,1522.0,USA,USA
BOS,AUA,1,3322.0,USA,ABW
BOS,AUG,1,238.0,USA,USA
BOS,AUS,1,2730.0,USA,USA
BOS,BDA,1,1244.0,USA,BMU
BOS,BHB,1,315.0,USA,USA
BOS,BNA,1,1514.0,USA,USA
BOS,BUF,3,635.0,USA,USA
BOS,BWI,3,594.0,USA,USA
BOS,CAK,2,882.0,USA,USA
BOS,CDG,3,5534.0,USA,FXX
BOS,CHS,2,1318.0,USA,USA
BOS,CLE,1,903.0,USA,USA
BOS,CLT,3,1171.0,USA,USA
BOS,CMH,1,1028.0,USA,USA
BOS,CUN,5,2796.0,USA,MEX
BOS,CVG,1,1208.0,USA,USA
BOS,DCA,3,641.0,USA,USA
BOS,DEN,3,2816.0,USA,USA
BOS,DFW,4,2509.0,USA,USA
BOS,DTW,2,1015.0,USA,USA
BOS,DUB,2,4803.0,USA,IRL
BOS,DXB,2,10702.0,USA,ARE
BOS,EWR,2,322.0,USA,USA
BOS,FCO,2,6569.0,USA,ITA
BOS,FLL,2,1994.0,USA,USA
BOS,FRA,2,5889.0,USA,DEU
BOS,HOU,2,2587.0,USA,USA
BOS,HYA,1,98.0,USA,USA
BOS,IAD,2,664.0,USA,USA
BOS,IAH,1,2568.0,USA,USA
BOS,IND,1,1314.0,USA,USA
BOS,ISP,2,247.0,USA,USA
BOS,JAX,2,1627.0,USA,USA
BOS,JFK,4,300.0,USA,USA
BOS,KEF,1,3874.0,USA,ISL
BOS,LAS,2,3823.0,USA,USA
BOS,LAX,7,4193.0,USA,USA
BOS,LEB,1,176.0,USA,USA
BOS,LGA,3,297.0,USA,USA
BOS,LGB,1,4178.0,USA,USA
BOS,LHR,9,5240.0,USA,ENG
BOS,LIS,2,5124.0,USA,PRX
BOS,MAD,4,5474.0,USA,ESP
BOS,MCI,1,2017.0,USA,USA
BOS,MCO,3,1806.0,USA,USA
BOS,MDT,2,538.0,USA,USA
BOS,MDW,2,1382.0,USA,USA
BOS,MIA,2,2028.0,USA,USA
BOS,MKE,1,1381.0,USA,USA
BOS,MSP,2,1804.0,USA,USA
BOS,MSY,2,2200.0,USA,USA
BOS,MUC,2,6181.0,USA,DEU
BOS,MVY,1,113.0,USA,USA
BOS,MYR,2,1188.0,USA,USA
BOS,NAS,2,2015.0,USA,BHS
BOS,NRT,2,10761.0,USA,JPN
BOS,ORD,5,1391.0,USA,USA
BOS,PBG,2,323.0,USA,USA
BOS,PBI,1,1929.0,USA,USA
BOS,PDL,2,3844.0,USA,PAZ
BOS,PDX,3,4072.0,USA,USA
BOS,PHL,3,450.0,USA,USA
BOS,PHX,3,3694.0,USA,USA
BOS,PIT,3,797.0,USA,USA
BOS,PLS,2,2293.0,USA,TCA
BOS,PQI,2,535.0,USA,USA
BOS,PTY,2,3791.0,USA,PAN
BOS,PUJ,1,2658.0,USA,DOM
BOS,PVC,1,72.0,USA,USA
BOS,RAI,1,5451.0,USA,CPV
BOS,RDU,2,985.0,USA,USA
BOS,RIC,4,762.0,USA,USA
BOS,RKD,1,244.0,USA,USA
BOS,ROC,2,551.0,USA,USA
BOS,RSW,1,2013.0,USA,USA
BOS,RUT,1,205.0,USA,USA
BOS,SAN,3,4156.0,USA,USA
BOS,SAV,1,1450.0,USA,USA
BOS,SDQ,1,2664.0,USA,DOM
BOS,SEA,3,4006.0,USA,USA
BOS,SFO,3,4341.0,USA,USA
BOS,SJC,1,4317.0,USA,USA
BOS,SJU,1,2702.0,USA,PRI
BOS,SLC,1,3380.0,USA,USA
BOS,SLK,1,343.0,USA,USA
BOS,SNN,1,4646.0,USA,IRL
BOS,STI,1,2553.0,USA,DOM
BOS,STL,1,1681.0,USA,USA
BOS,STT,1,2732.0,USA,VIR
BOS,SXM,1,2806.0,USA,SXM
BOS,SYR,2,425.0,USA,USA
BOS,TPA,1,1908.0,USA,USA
BOS,YHZ,2,665.0,USA,CAN
BOS,YOW,2,498.0,USA,CAN
BOS,YTZ,1,696.0,USA,CAN
BOS,YUL,2,409.0,USA,CAN
BOS,YYZ,2,716.0,USA,CAN
BOS,ZRH,2,6010.0,USA,CHE
BOY,ABJ,1,657.0,BFA,CIV
BOY,OUA,1,334.0,BFA,BFA
BPL,URC,1,425.0,CHN,CHN
BPN,BDJ,2,338.0,IDN,IDN
BPN,BEJ,3,385.0,IDN,IDN
BPN,BTH,1,1445.0,IDN,IDN
BPN,CGK,5,1258.0,IDN,IDN
BPN,DPS,1,853.0,IDN,IDN
BPN,JOG,4,1019.0,IDN,IDN
BPN,KUL,1,1746.0,IDN,MYS
BPN,MDC,2,946.0,IDN,IDN
BPN,PLW,2,338.0,IDN,IDN
BPN,SIN,3,1464.0,IDN,SGP
BPN,SRG,1,962.0,IDN,IDN
BPN,SUB,4,818.0,IDN,IDN
BPN,TRK,3,516.0,IDN,IDN
BPN,UPG,4,515.0,IDN,IDN
BPS,CGH,1,1124.0,BRA,BRA
BPS,CNF,4,627.0,BRA,BRA
BPS,GRU,2,1096.0,BRA,BRA
BPS,SDU,1,837.0,BRA,BRA
BPS,SSA,2,401.0,BRA,BRA
BPS,VCP,1,1115.0,BRA,BRA
BPT,DFW,2,435.0,USA,USA
BPX,CTU,2,655.0,CHN,CHN
BPX,LXA,1,613.0,CHN,CHN
BQB,ALH,1,261.0,AUS,AUS
BQB,PER,2,201.0,AUS,AUS
BQK,ATL,3,384.0,USA,USA
BQL,BEU,1,166.0,AUS,AUS
BQL,ISA,1,254.0,AUS,AUS
BQN,EWR,1,2558.0,PRI,USA
BQN,FLL,1,1581.0,PRI,USA
BQN,JFK,1,2543.0,PRI,USA
BQN,MCO,1,1817.0,PRI,USA
BQS,DME,1,5602.0,RUS,RUS
BQS,HTA,1,997.0,RUS,RUS
BQS,KHV,1,600.0,RUS,RUS
BQS,VVO,1,860.0,RUS,RUS
BQS,YKS,1,1305.0,RUS,RUS
BRA,BSB,3,526.0,BRA,BRA
BRA,SSA,3,732.0,BRA,BRA
BRC,AEP,2,1335.0,ARG,ARG
BRC,COR,1,1257.0,ARG,ARG
BRC,CRD,1,595.0,ARG,ARG
BRC,EQS,1,195.0,ARG,ARG
BRC,EZE,1,1309.0,ARG,ARG
BRC,MDZ,1,949.0,ARG,ARG
BRD,INL,1,247.0,USA,USA
BRD,MSP,1,183.0,USA,USA
BRE,ACE,1,3244.0,DEU,ESP
BRE,ADB,1,2162.0,DEU,TUR
BRE,AGP,1,2093.0,DEU,ESP
BRE,ALC,1,1792.0,DEU,ESP
BRE,AMS,2,283.0,DEU,NLX
BRE,AYT,1,2475.0,DEU,TUR
BRE,BGY,1,823.0,DEU,ITA
BRE,BZR,1,1153.0,DEU,FXX
BRE,CDG,2,625.0,DEU,FXX
BRE,CFU,1,1717.0,DEU,GRC
BRE,CHQ,1,2289.0,DEU,GRC
BRE,CPH,1,380.0,DEU,DNK
BRE,DUB,1,1001.0,DEU,IRL
BRE,EDI,1,847.0,DEU,SCT
BRE,FAO,1,2204.0,DEU,PRX
BRE,FMO,1,126.0,DEU,DEU
BRE,FNC,1,3043.0,DEU,PMD
BRE,FRA,1,335.0,DEU,DEU
BRE,FUE,2,3304.0,DEU,ESP
BRE,GRO,1,1318.0,DEU,ESP
BRE,HAU,1,734.0,DEU,NOW
BRE,IBZ,1,1675.0,DEU,ESP
BRE,IST,1,1986.0,DEU,TUR
BRE,LEJ,1,296.0,DEU,DEU
BRE,LPA,2,3426.0,DEU,ESP
BRE,MAN,1,737.0,DEU,ENG
BRE,MUC,1,563.0,DEU,DEU
BRE,NBE,1,1892.0,DEU,TUN
BRE,NYO,1,814.0,DEU,SWE
BRE,OPO,1,1852.0,DEU,PRX
BRE,PMI,3,1570.0,DEU,ESP
BRE,RIX,1,1057.0,DEU,LVA
BRE,SKG,1,1756.0,DEU,GRC
BRE,STN,1,593.0,DEU,ENG
BRE,STR,1,486.0,DEU,DEU
BRE,TFS,2,3472.0,DEU,ESP
BRE,TLL,1,1213.0,DEU,EST
BRE,TLS,1,1181.0,DEU,FXX
BRE,TMP,1,1283.0,DEU,FIN
BRE,TSF,1,859.0,DEU,ITA
BRE,VIE,1,776.0,DEU,AUT
BRE,VNO,1,1094.0,DEU,LTU
BRE,ZRH,1,621.0,DEU,CHE
BRI,AMS,1,1538.0,ITA,NLX
BRI,BCN,2,1227.0,ITA,ESP
BRI,BGY,1,761.0,ITA,ITA
BRI,BLQ,1,584.0,ITA,ITA
BRI,BUD,1,727.0,ITA,HUN
BRI,BVA,1,1468.0,ITA,FXX
BRI,CAG,1,687.0,ITA,ITA
BRI,CDG,1,1414.0,ITA,FXX
BRI,CGN,1,1310.0,ITA,DEU
BRI,CIA,1,355.0,ITA,ITA
BRI,CRL,1,1405.0,ITA,BWR
BRI,CTA,2,434.0,ITA,ITA
BRI,DUB,1,2193.0,ITA,IRL
BRI,DUS,1,1363.0,ITA,DEU
BRI,FCO,1,384.0,ITA,ITA
BRI,FKB,1,1089.0,ITA,DEU
BRI,FLR,2,544.0,ITA,ITA
BRI,GOA,1,742.0,ITA,ITA
BRI,HHN,1,1225.0,ITA,DEU
BRI,LGW,2,1709.0,ITA,ENG
BRI,LIN,2,772.0,ITA,ITA
BRI,MLA,1,620.0,ITA,MLT
BRI,MST,1,1376.0,ITA,NLX
BRI,MUC,2,893.0,ITA,DEU
BRI,MXP,1,818.0,ITA,ITA
BRI,NRN,1,1417.0,ITA,DEU
BRI,OTP,1,850.0,ITA,ROU
BRI,PMO,2,455.0,ITA,ITA
BRI,PRG,1,1015.0,ITA,CZE
BRI,PSA,1,594.0,ITA,ITA
BRI,STN,1,1732.0,ITA,ENG
BRI,STR,1,1027.0,ITA,DEU
BRI,SVQ,1,1987.0,ITA,ESP
BRI,TIA,1,249.0,ITA,ALB
BRI,TRN,2,865.0,ITA,ITA
BRI,TRS,1,585.0,ITA,ITA
BRI,TSF,1,622.0,ITA,ITA
BRI,TXL,2,1297.0,ITA,DEU
BRI,VCE,1,602.0,ITA,ITA
BRI,VLC,1,1471.0,ITA,ESP
BRI,VRN,1,671.0,ITA,ITA
BRL,ORD,1,300.0,USA,USA
BRL,STL,1,235.0,USA,USA
BRM,CCS,3,266.0,VEN,VEN
BRM,CUR,1,243.0,VEN,CUW
BRM,PMV,1,597.0,VEN,VEN
BRN,AMS,1,631.0,CHE,NLX
BRN,BCN,1,759.0,CHE,ESP
BRN,CGN,1,440.0,CHE,DEU
BRN,EBA,1,510.0,CHE,ITA
BRN,HAM,1,767.0,CHE,DEU
BRN,IBZ,1,1023.0,CHE,ESP
BRN,LCY,1,743.0,CHE,ENG
BRN,MUC,1,359.0,CHE,DEU
BRN,OLB,1,688.0,CHE,ITA
BRN,PMI,1,904.0,CHE,ESP
BRN,TXL,1,753.0,CHE,DEU
BRN,VIE,1,694.0,CHE,AUT
BRO,DFW,2,778.0,USA,USA
BRO,IAH,1,497.0,USA,USA
BRQ,STN,1,1200.0,CZE,ENG
BRR,GLA,1,225.0,SCT,SCT
BRS,ABZ,1,648.0,ENG,SCT
BRS,ACE,2,2654.0,ENG,ESP
BRS,AGP,2,1641.0,ENG,ESP
BRS,ALC,3,1466.0,ENG,ESP
BRS,AMS,3,524.0,ENG,NLX
BRS,AYT,1,3083.0,ENG,TUR
BRS,BCN,1,1180.0,ENG,ESP
BRS,BFS,1,433.0,ENG,NIR
BRS,BGY,1,1111.0,ENG,ITA
BRS,BJV,1,2851.0,ENG,TUR
BRS,BLQ,1,1288.0,ENG,ITA
BRS,BOD,1,744.0,ENG,FXX
BRS,BRU,1,505.0,ENG,BFR
BRS,BUD,1,1643.0,ENG,HUN
BRS,BZR,1,1005.0,ENG,FXX
BRS,CDG,1,458.0,ENG,FXX
BRS,CEG,1,200.0,ENG,WLS
BRS,CFU,2,2182.0,ENG,GRC
BRS,CHQ,1,2767.0,ENG,GRC
BRS,CPH,1,1118.0,ENG,DNK
BRS,DLM,3,2965.0,ENG,TUR
BRS,DUB,2,331.0,ENG,IRL
BRS,EDI,1,510.0,ENG,SCT
BRS,EGC,1,768.0,ENG,FXX
BRS,FAO,2,1650.0,ENG,PRX
BRS,FCO,1,1557.0,ENG,ITA
BRS,FNC,1,2371.0,ENG,PMD
BRS,FRA,1,808.0,ENG,DEU
BRS,FUE,2,2714.0,ENG,ESP
BRS,GCI,1,217.0,ENG,GGY
BRS,GDN,1,1454.0,ENG,POL
BRS,GLA,1,512.0,ENG,SCT
BRS,GRO,1,1133.0,ENG,ESP
BRS,GVA,1,862.0,ENG,CHE
BRS,HAM,1,894.0,ENG,DEU
BRS,HER,1,2846.0,ENG,GRC
BRS,IBZ,1,1427.0,ENG,ESP
BRS,INV,1,690.0,ENG,SCT
BRS,JER,1,245.0,ENG,JEY
BRS,KEF,1,1817.0,ENG,ISL
BRS,KRK,1,1584.0,ENG,POL
BRS,KUN,1,1818.0,ENG,LTU
BRS,LIG,1,677.0,ENG,FXX
BRS,LIS,1,1488.0,ENG,PRX
BRS,LPA,3,2815.0,ENG,ESP
BRS,MAD,1,1215.0,ENG,ESP
BRS,MAH,1,1388.0,ENG,ESP
BRS,MJV,1,1520.0,ENG,ESP
BRS,MLA,2,2201.0,ENG,MLT
BRS,MUC,1,1091.0,ENG,DEU
BRS,MXP,1,1056.0,ENG,ITA
BRS,NBE,2,1997.0,ENG,TUN
BRS,NCE,1,1136.0,ENG,FXX
BRS,NCL,1,412.0,ENG,ENG
BRS,NOC,1,498.0,ENG,IRL
BRS,ORK,1,402.0,ENG,IRL
BRS,PFO,2,3359.0,ENG,CYP
BRS,PMI,5,1382.0,ENG,ESP
BRS,POZ,1,1342.0,ENG,POL
BRS,PRG,1,1200.0,ENG,CZE
BRS,PSA,1,1301.0,ENG,ITA
BRS,RAK,1,2242.0,ENG,MAR
BRS,REU,2,1176.0,ENG,ESP
BRS,RZE,1,1738.0,ENG,POL
BRS,SNN,1,449.0,ENG,IRL
BRS,SXF,1,1118.0,ENG,DEU
BRS,TFS,5,2842.0,ENG,ESP
BRS,TLS,2,915.0,ENG,FXX
BRS,TSF,1,1267.0,ENG,ITA
BRS,VLC,1,1334.0,ENG,ESP
BRS,WMI,1,1600.0,ENG,POL
BRS,WRO,1,1361.0,ENG,POL
BRS,ZRH,1,923.0,ENG,CHE
BRU,ABJ,3,5135.0,BFR,CIV
BRU,ACE,1,2871.0,BFR,ESP
BRU,ADB,1,2262.0,BFR,TUR
BRU,AGA,3,2561.0,BFR,MAR
BRU,AGP,4,1735.0,BFR,ESP
BRU,ALC,4,1458.0,BFR,ESP
BRU,ALG,1,1583.0,BFR,DZA
BRU,AMS,1,158.0,BFR,NLX
BRU,AOE,1,2360.0,BFR,TUR
BRU,ARN,1,1288.0,BFR,SWE
BRU,ATH,3,2101.0,BFR,GRC
BRU,ATL,3,7106.0,BFR,USA
BRU,AUH,3,5167.0,BFR,ARE
BRU,AYT,2,2598.0,BFR,TUR
BRU,BCN,5,1084.0,BFR,ESP
BRU,BEG,1,1357.0,BFR,SRS
BRU,BEY,1,3139.0,BFR,LBN
BRU,BHX,2,463.0,BFR,ENG
BRU,BIA,1,1003.0,BFR,FXX
BRU,BIO,2,1013.0,BFR,ESP
BRU,BJM,4,6476.0,BFR,BDI
BRU,BJV,1,2377.0,BFR,TUR
BRU,BKK,2,9262.0,BFR,THA
BRU,BLL,1,621.0,BFR,DNK
BRU,BLQ,1,871.0,BFR,ITA
BRU,BMA,2,1266.0,BFR,SWE
BRU,BOD,1,778.0,BFR,FXX
BRU,BOJ,1,1973.0,BFR,BGR
BRU,BOM,2,6866.0,BFR,IND
BRU,BRS,1,505.0,BFR,ENG
BRU,BSL,3,429.0,BFR,FXX
BRU,BUD,1,1139.0,BFR,HUN
BRU,CAI,2,3209.0,BFR,EGY
BRU,CDG,2,251.0,BFR,FXX
BRU,CFU,1,1736.0,BFR,GRC
BRU,CHQ,1,2322.0,BFR,GRC
BRU,CMN,3,2183.0,BFR,MAR
BRU,COO,4,4957.0,BFR,BEN
BRU,CPH,4,754.0,BFR,DNK
BRU,CTA,2,1712.0,BFR,ITA
BRU,DBV,1,1397.0,BFR,HRV
BRU,DEL,2,6399.0,BFR,IND
BRU,DJE,1,1961.0,BFR,TUN
BRU,DKR,5,4477.0,BFR,SEN
BRU,DLA,5,5237.0,BFR,CMR
BRU,DME,1,2261.0,BFR,RUS
BRU,DOH,1,4892.0,BFR,QAT
BRU,DUB,1,784.0,BFR,IRL
BRU,EDI,1,765.0,BFR,SCT
BRU,EMA,1,453.0,BFR,ENG
BRU,EWR,5,5907.0,BFR,USA
BRU,FAO,2,1832.0,BFR,PRX
BRU,FCO,6,1173.0,BFR,ITA
BRU,FIH,1,6236.0,BFR,COD
BRU,FLR,1,936.0,BFR,ITA
BRU,FNA,3,4974.0,BFR,SLE
BRU,FNC,1,2664.0,BFR,PMD
BRU,FRA,3,305.0,BFR,DEU
BRU,GDN,1,1017.0,BFR,POL
BRU,GOT,3,905.0,BFR,SWE
BRU,GVA,4,532.0,BFR,CHE
BRU,HAJ,3,398.0,BFR,DEU
BRU,HAM,2,482.0,BFR,DEU
BRU,HEL,1,1647.0,BFR,FIN
BRU,HER,3,2395.0,BFR,GRC
BRU,IAD,3,6247.0,BFR,USA
BRU,IBZ,3,1359.0,BFR,ESP
BRU,IST,1,2141.0,BFR,TUR
BRU,JFK,6,5886.0,BFR,USA
BRU,JMK,1,2224.0,BFR,GRC
BRU,KBP,2,1854.0,BFR,UKR
BRU,KEF,1,2148.0,BFR,ISL
BRU,KGL,5,6362.0,BFR,RWA
BRU,KGS,1,2380.0,BFR,GRC
BRU,LAD,4,6698.0,BFR,AGO
BRU,LDE,1,923.0,BFR,FXX
BRU,LEI,1,1655.0,BFR,ESP
BRU,LGW,1,328.0,BFR,ENG
BRU,LHR,3,350.0,BFR,ENG
BRU,LIN,4,703.0,BFR,ITA
BRU,LIS,8,1717.0,BFR,PRX
BRU,LJU,2,898.0,BFR,SVN
BRU,LPA,1,3051.0,BFR,ESP
BRU,LYS,4,577.0,BFR,FXX
BRU,MAD,5,1316.0,BFR,ESP
BRU,MAH,1,1228.0,BFR,ESP
BRU,MAN,2,536.0,BFR,ENG
BRU,MIR,1,1757.0,BFR,TUN
BRU,MLA,2,1854.0,BFR,MLT
BRU,MRS,1,832.0,BFR,FXX
BRU,MUC,2,597.0,BFR,DEU
BRU,MXP,4,665.0,BFR,ITA
BRU,NAP,2,1345.0,BFR,ITA
BRU,NBE,1,1716.0,BFR,TUN
BRU,NCE,2,831.0,BFR,FXX
BRU,NCL,2,618.0,BFR,ENG
BRU,NDR,2,1870.0,BFR,MAR
BRU,NSI,4,5287.0,BFR,CMR
BRU,NTE,2,609.0,BFR,FXX
BRU,OPO,5,1473.0,BFR,PRX
BRU,ORD,2,6675.0,BFR,USA
BRU,ORK,1,906.0,BFR,IRL
BRU,OSL,2,1104.0,BFR,NOW
BRU,OTP,2,1754.0,BFR,ROU
BRU,OUA,4,4321.0,BFR,BFA
BRU,OUD,1,1865.0,BFR,MAR
BRU,PEK,2,7945.0,BFR,CHN
BRU,PFO,1,2878.0,BFR,CYP
BRU,PHL,2,6036.0,BFR,USA
BRU,PMI,4,1269.0,BFR,ESP
BRU,PMO,1,1568.0,BFR,ITA
BRU,PRG,4,697.0,BFR,CZE
BRU,RAK,3,2380.0,BFR,MAR
BRU,REU,1,1114.0,BFR,ESP
BRU,RHO,1,2471.0,BFR,GRC
BRU,RIX,2,1434.0,BFR,LVA
BRU,SAW,1,2204.0,BFR,TUR
BRU,SCQ,2,1321.0,BFR,ESP
BRU,SOF,1,1698.0,BFR,BGR
BRU,STR,1,420.0,BFR,DEU
BRU,SVO,1,2230.0,BFR,RUS
BRU,SVQ,1,1709.0,BFR,ESP
BRU,SXB,2,347.0,BFR,FXX
BRU,SXF,1,645.0,BFR,DEU
BRU,TFS,1,3095.0,BFR,ESP
BRU,TIV,1,1436.0,BFR,MNE
BRU,TLL,2,1592.0,BFR,EST
BRU,TLS,2,842.0,BFR,FXX
BRU,TLV,2,3251.0,BFR,ISR
BRU,TNG,2,1881.0,BFR,MAR
BRU,TRN,1,676.0,BFR,ITA
BRU,TSF,1,816.0,BFR,ITA
BRU,TUN,1,1627.0,BFR,TUN
BRU,TXL,3,633.0,BFR,DEU
BRU,VAR,1,1951.0,BFR,BGR
BRU,VCE,3,836.0,BFR,ITA
BRU,VIE,2,925.0,BFR,AUT
BRU,VLC,3,1327.0,BFR,ESP
BRU,VNO,4,1454.0,BFR,LTU
BRU,WAW,1,1146.0,BFR,POL
BRU,WRO,1,867.0,BFR,POL
BRU,YUL,4,5554.0,BFR,CAN
BRU,YYZ,3,6044.0,BFR,CAN
BRU,ZAG,2,1029.0,BFR,HRV
BRU,ZRH,2,483.0,BFR,CHE
BRU,ZTH,1,1951.0,BFR,GRC
BRW,AIN,1,137.0,USA,USA
BRW,ANC,1,1163.0,USA,USA
BRW,ATK,1,94.0,USA,USA
BRW,FAI,1,807.0,USA,USA
BRW,NUI,1,243.0,USA,USA
BRW,PIZ,1,289.0,USA,USA
BRW,SCC,1,327.0,USA,USA
BSA,BBO,2,470.0,SOP,SOL
BSA,GLK,2,533.0,SOP,SOP
BSB,AJU,1,1293.0,BRA,BRA
BSB,ATL,1,6729.0,BRA,USA
BSB,AUX,1,961.0,BRA,BRA
BSB,BEL,2,1612.0,BRA,BRA
BSB,BRA,3,526.0,BRA,BRA
BSB,CDG,1,8756.0,BRA,FXX
BSB,CGB,4,877.0,BRA,BRA
BSB,CGH,3,873.0,BRA,BRA
BSB,CGR,3,877.0,BRA,BRA
BSB,CNF,4,591.0,BRA,BRA
BSB,CWB,3,1082.0,BRA,BRA
BSB,EZE,1,2358.0,BRA,ARG
BSB,FLN,2,1314.0,BRA,BRA
BSB,FOR,3,1692.0,BRA,BRA
BSB,GIG,3,914.0,BRA,BRA
BSB,GRU,4,855.0,BRA,BRA
BSB,GYN,3,163.0,BRA,BRA
BSB,IMP,2,1151.0,BRA,BRA
BSB,IOS,1,960.0,BRA,BRA
BSB,JDO,1,1346.0,BRA,BRA
BSB,JPA,3,1713.0,BRA,BRA
BSB,LIS,1,7294.0,BRA,PRX
BSB,MAB,3,1175.0,BRA,BRA
BSB,MAO,2,1949.0,BRA,BRA
BSB,MCZ,3,1493.0,BRA,BRA
BSB,MIA,3,5808.0,BRA,USA
BSB,NAT,3,1770.0,BRA,BRA
BSB,OPS,1,938.0,BRA,BRA
BSB,PMW,3,622.0,BRA,BRA
BSB,PNZ,1,1077.0,BRA,BRA
BSB,POA,2,1605.0,BRA,BRA
BSB,PTY,1,4437.0,BRA,PAN
BSB,PVH,2,1909.0,BRA,BRA
BSB,RAO,2,586.0,BRA,BRA
BSB,RBR,2,2264.0,BRA,BRA
BSB,REC,3,1654.0,BRA,BRA
BSB,SDU,3,928.0,BRA,BRA
BSB,SJP,1,572.0,BRA,BRA
BSB,SLZ,2,1531.0,BRA,BRA
BSB,SSA,3,1085.0,BRA,BRA
BSB,THE,2,1324.0,BRA,BRA
BSB,UDI,2,337.0,BRA,BRA
BSB,VCP,3,798.0,BRA,BRA
BSB,VIX,1,943.0,BRA,BRA
BSC,EOH,1,199.0,COL,COL
BSD,KMG,2,379.0,CHN,CHN
BSG,COO,1,960.0,GNQ,BEN
BSG,SSG,1,239.0,GNQ,GNQ
BSK,ALG,1,310.0,DZA,DZA
BSK,LYS,1,1217.0,DZA,FXX
BSK,ORY,2,1573.0,DZA,FXX
BSL,ADB,2,1895.0,FXX,TUR
BSL,AGP,1,1564.0,FXX,ESP
BSL,AJA,1,638.0,FXX,FXX
BSL,ALC,1,1225.0,FXX,ESP
BSL,AMS,3,561.0,FXX,NLX
BSL,AYT,2,2241.0,FXX,TUR
BSL,BCN,2,822.0,FXX,ESP
BSL,BDS,1,1132.0,FXX,ITA
BSL,BOD,1,704.0,FXX,FXX
BSL,BRU,3,429.0,FXX,BFR
BSL,BUD,1,881.0,FXX,HUN
BSL,CAG,1,935.0,FXX,ITA
BSL,CDG,3,401.0,FXX,FXX
BSL,CPH,1,960.0,FXX,DNK
BSL,CTA,3,1282.0,FXX,ITA
BSL,DJE,1,1549.0,FXX,TUN
BSL,DRS,1,599.0,FXX,DEU
BSL,DUB,1,1169.0,FXX,IRL
BSL,DUS,1,415.0,FXX,DEU
BSL,EDI,1,1192.0,FXX,SCT
BSL,FAO,1,1728.0,FXX,PRX
BSL,FCO,2,743.0,FXX,ITA
BSL,FNC,1,2628.0,FXX,PMD
BSL,FRA,3,282.0,FXX,DEU
BSL,FUE,2,2816.0,FXX,ESP
BSL,HAM,3,694.0,FXX,DEU
BSL,HER,2,1996.0,FXX,GRC
BSL,HRG,1,3216.0,FXX,EGY
BSL,IBZ,1,1089.0,FXX,ESP
BSL,IST,1,1818.0,FXX,TUR
BSL,KEF,1,2576.0,FXX,ISL
BSL,KGS,1,2000.0,FXX,GRC
BSL,KRK,1,937.0,FXX,POL
BSL,LCA,1,2581.0,FXX,CYP
BSL,LCY,1,692.0,FXX,ENG
BSL,LGW,1,684.0,FXX,ENG
BSL,LHR,3,720.0,FXX,ENG
BSL,LIS,1,1663.0,FXX,PRX
BSL,LPA,3,2950.0,FXX,ESP
BSL,MAD,1,1186.0,FXX,ESP
BSL,MAN,1,943.0,FXX,ENG
BSL,MPL,1,525.0,FXX,FXX
BSL,MUC,3,328.0,FXX,DEU
BSL,NAP,1,919.0,FXX,ITA
BSL,NCE,1,438.0,FXX,FXX
BSL,NTE,1,690.0,FXX,FXX
BSL,OLB,1,761.0,FXX,ITA
BSL,OPO,1,1464.0,FXX,PRX
BSL,PMI,3,973.0,FXX,ESP
BSL,PRG,1,566.0,FXX,CZE
BSL,PRN,1,1196.0,FXX,KOS
BSL,RAK,1,2213.0,FXX,MAR
BSL,RHO,1,2095.0,FXX,GRC
BSL,SAW,1,1880.0,FXX,TUR
BSL,SCQ,1,1350.0,FXX,ESP
BSL,SKG,1,1459.0,FXX,GRC
BSL,SPU,1,817.0,FXX,HRV
BSL,STN,1,709.0,FXX,ENG
BSL,SVQ,1,1574.0,FXX,ESP
BSL,SXF,1,683.0,FXX,DEU
BSL,TFS,3,3010.0,FXX,ESP
BSL,TLS,1,651.0,FXX,FXX
BSL,TLV,1,2884.0,FXX,ISR
BSL,VCE,1,435.0,FXX,ITA
BSL,VIE,2,677.0,FXX,AUT
BSL,ZQW,1,180.0,FXX,DEU
BSO,MNL,2,669.0,PHL,PHL
BSR,AMM,1,1118.0,IRR,JOR
BSR,AUH,1,968.0,IRR,ARE
BSR,BEY,1,1201.0,IRR,LBN
BSR,DOH,1,703.0,IRR,QAT
BSR,DXB,2,959.0,IRR,ARE
BSR,IST,1,2072.0,IRR,TUR
BSR,SHJ,1,965.0,IRR,ARE
BTC,GIU,1,108.0,LKA,LKA
BTH,BDO,1,971.0,IDN,IDN
BTH,BKS,1,589.0,IDN,IDN
BTH,BPN,1,1445.0,IDN,IDN
BTH,CGK,4,854.0,IDN,IDN
BTH,DJB,2,311.0,IDN,IDN
BTH,DPS,1,1644.0,IDN,IDN
BTH,JOG,1,1213.0,IDN,IDN
BTH,NTX,1,567.0,IDN,IDN
BTH,PDG,2,477.0,IDN,IDN
BTH,PGK,1,429.0,IDN,IDN
BTH,PKU,2,306.0,IDN,IDN
BTH,PLM,2,452.0,IDN,IDN
BTH,PNK,1,604.0,IDN,IDN
BTH,SRG,1,1137.0,IDN,IDN
BTH,SUB,2,1348.0,IDN,IDN
BTH,SZB,2,363.0,IDN,MYS
BTH,TKG,2,717.0,IDN,IDN
BTI,FYU,1,402.0,USA,USA
BTI,SCC,1,184.0,USA,USA
BTJ,CGK,2,1798.0,IDN,IDN
BTJ,KUL,1,763.0,IDN,MYS
BTJ,PEN,2,538.0,IDN,MYS
BTK,DME,1,3834.0,RUS,RUS
BTK,IKT,1,488.0,RUS,RUS
BTK,OVB,1,1199.0,RUS,RUS
BTK,VKO,1,3860.0,RUS,RUS
BTM,SLC,1,576.0,USA,USA
BTR,ATL,3,721.0,USA,USA
BTR,CLT,2,1085.0,USA,USA
BTR,DFW,2,616.0,USA,USA
BTR,IAH,1,407.0,USA,USA
BTS,AGP,1,2181.0,SVK,ESP
BTS,AHO,1,1096.0,SVK,ITA
BTS,BGY,1,634.0,SVK,ITA
BTS,BHX,1,1423.0,SVK,ENG
BTS,BVA,1,1113.0,SVK,FXX
BTS,CIA,1,796.0,SVK,ITA
BTS,CRL,1,958.0,SVK,BWR
BTS,DUB,1,1741.0,SVK,IRL
BTS,EDI,1,1642.0,SVK,SCT
BTS,GRO,1,1329.0,SVK,ESP
BTS,KSC,1,302.0,SVK,SVK
BTS,LPL,1,1517.0,SVK,ENG
BTS,LTN,1,1318.0,SVK,ENG
BTS,OSL,1,1387.0,SVK,NOW
BTS,PMI,1,1501.0,SVK,ESP
BTS,PRG,3,304.0,SVK,CZE
BTS,STN,1,1278.0,SVK,ENG
BTS,TPS,1,1203.0,SVK,ITA
BTT,AET,1,63.0,USA,USA
BTT,AKP,2,136.0,USA,USA
BTT,FAI,1,287.0,USA,USA
BTU,BKI,1,459.0,MYS,MYS
BTU,KCH,2,348.0,MYS,MYS
BTU,KUL,2,1257.0,MYS,MYS
BTU,MYY,1,171.0,MYS,MYS
BTU,SBW,1,150.0,MYS,MYS
BTV,ATL,2,1546.0,USA,USA
BTV,DCA,2,703.0,USA,USA
BTV,DTW,1,862.0,USA,USA
BTV,EWR,1,428.0,USA,USA
BTV,IAD,1,711.0,USA,USA
BTV,JFK,1,429.0,USA,USA
BTV,LGA,1,415.0,USA,USA
BTV,ORD,1,1225.0,USA,USA
BTV,PHL,2,540.0,USA,USA
BTV,SFB,1,1886.0,USA,USA
BUA,POM,1,935.0,PNB,PNX
BUA,RAB,2,281.0,PNB,PNX
BUC,DMD,1,78.0,AUS,AUS
BUC,ONG,1,127.0,AUS,AUS
BUD,AGP,1,2284.0,HUN,ESP
BUD,AMS,1,1169.0,HUN,NLX
BUD,ARN,1,1362.0,HUN,SWE
BUD,ATH,1,1122.0,HUN,GRC
BUD,BCN,2,1522.0,HUN,ESP
BUD,BEG,2,301.0,HUN,SRS
BUD,BGY,1,756.0,HUN,ITA
BUD,BLL,1,1156.0,HUN,DNK
BUD,BRI,1,727.0,HUN,ITA
BUD,BRS,1,1643.0,HUN,ENG
BUD,BRU,1,1139.0,HUN,BFR
BUD,BSL,1,881.0,HUN,FXX
BUD,BVA,1,1282.0,HUN,FXX
BUD,CAI,1,2188.0,HUN,EGY
BUD,CDG,2,1248.0,HUN,FXX
BUD,CGN,1,959.0,HUN,DEU
BUD,CIA,1,818.0,HUN,ITA
BUD,CPH,2,1018.0,HUN,DNK
BUD,CRL,2,1130.0,HUN,BWR
BUD,CTA,1,1160.0,HUN,ITA
BUD,DOH,1,3756.0,HUN,QAT
BUD,DTM,1,955.0,HUN,DEU
BUD,DUB,2,1915.0,HUN,IRL
BUD,DUS,1,1000.0,HUN,DEU
BUD,DWC,1,4024.0,HUN,ARE
BUD,EDI,1,1813.0,HUN,SCT
BUD,EIN,1,1097.0,HUN,NLX
BUD,EMA,1,1579.0,HUN,ENG
BUD,FCO,3,836.0,HUN,ITA
BUD,FRA,3,835.0,HUN,DEU
BUD,GSE,1,1252.0,HUN,SWE
BUD,GVA,1,1008.0,HUN,CHE
BUD,GYD,1,2564.0,HUN,AZE
BUD,HAM,1,950.0,HUN,DEU
BUD,HEL,2,1480.0,HUN,FIN
BUD,HHN,1,923.0,HUN,DEU
BUD,IEV,1,881.0,HUN,UKR
BUD,IST,1,1017.0,HUN,TUR
BUD,KRR,1,1550.0,HUN,RUS
BUD,LBA,1,1631.0,HUN,ENG
BUD,LCA,1,1837.0,HUN,CYP
BUD,LGW,2,1465.0,HUN,ENG
BUD,LHR,3,1490.0,HUN,ENG
BUD,LIS,1,2480.0,HUN,PRX
BUD,LTN,2,1492.0,HUN,ENG
BUD,MAD,2,1975.0,HUN,ESP
BUD,MAN,2,1654.0,HUN,ENG
BUD,MLA,2,1346.0,HUN,MLT
BUD,MMX,1,988.0,HUN,SWE
BUD,MSQ,1,946.0,HUN,BLR
BUD,MUC,1,566.0,HUN,DEU
BUD,MXP,1,830.0,HUN,ITA
BUD,NAP,1,828.0,HUN,ITA
BUD,NYO,1,1273.0,HUN,SWE
BUD,ORY,1,1260.0,HUN,FXX
BUD,OSL,1,1508.0,HUN,NOW
BUD,OTP,1,615.0,HUN,ROU
BUD,PRG,2,472.0,HUN,CZE
BUD,PSA,1,806.0,HUN,ITA
BUD,RIX,1,1103.0,HUN,LVA
BUD,ROV,1,1549.0,HUN,RUS
BUD,RTM,1,1176.0,HUN,NLX
BUD,SAW,1,1080.0,HUN,TUR
BUD,SKG,1,823.0,HUN,GRC
BUD,STN,1,1451.0,HUN,ENG
BUD,STR,1,759.0,HUN,DEU
BUD,SVO,1,1563.0,HUN,RUS
BUD,SXF,1,686.0,HUN,DEU
BUD,TLV,2,2165.0,HUN,ISR
BUD,TMP,1,1579.0,HUN,FIN
BUD,TSF,1,575.0,HUN,ITA
BUD,TXL,1,712.0,HUN,DEU
BUD,VIE,1,215.0,HUN,AUT
BUD,VKO,1,1534.0,HUN,RUS
BUD,WAW,2,541.0,HUN,POL
BUD,ZAG,1,308.0,HUN,HRV
BUD,ZRH,1,805.0,HUN,CHE
BUF,ATL,4,1147.0,USA,USA
BUF,BOS,3,635.0,USA,USA
BUF,BWI,2,453.0,USA,USA
BUF,CLE,1,308.0,USA,USA
BUF,CLT,2,880.0,USA,USA
BUF,DCA,2,476.0,USA,USA
BUF,DTW,1,387.0,USA,USA
BUF,EWR,1,453.0,USA,USA
BUF,FLL,2,1880.0,USA,USA
BUF,IAD,1,457.0,USA,USA
BUF,JFK,2,484.0,USA,USA
BUF,LAS,1,3189.0,USA,USA
BUF,LGA,1,469.0,USA,USA
BUF,MCO,3,1630.0,USA,USA
BUF,MDW,2,752.0,USA,USA
BUF,MSP,1,1179.0,USA,USA
BUF,ORD,3,760.0,USA,USA
BUF,PHL,2,448.0,USA,USA
BUF,PHX,1,3071.0,USA,USA
BUF,TPA,1,1699.0,USA,USA
BUL,POM,1,255.0,PNX,PNX
BUN,BOG,2,330.0,COL,COL
BUQ,HRE,1,349.0,ZWE,ZWE
BUQ,JNB,2,682.0,ZWE,ZAF
BUQ,VFA,1,362.0,ZWE,ZWE
BUR,DEN,2,1366.0,USA,USA
BUR,IPL,1,299.0,USA,USA
BUR,JFK,1,3958.0,USA,USA
BUR,LAS,2,359.0,USA,USA
BUR,OAK,1,523.0,USA,USA
BUR,PDX,2,1316.0,USA,USA
BUR,PHX,3,592.0,USA,USA
BUR,SEA,2,1510.0,USA,USA
BUR,SFO,1,525.0,USA,USA
BUR,SJC,1,477.0,USA,USA
BUR,SLC,1,923.0,USA,USA
BUR,SMF,1,577.0,USA,USA
BUS,DME,2,1558.0,GEA,RUS
BUS,DNK,1,907.0,GEA,UKR
BUS,IST,1,1071.0,GEA,TUR
BUS,MSQ,1,1694.0,GEA,BLR
BUS,TBS,1,279.0,GEA,GEG
BUW,UPG,1,337.0,IDN,IDN
BUX,BNC,1,138.0,COD,COD
BUX,GOM,1,376.0,COD,RWA
BUX,IRP,1,324.0,COD,COD
BUZ,DXB,1,608.0,IRN,ARE
BUZ,MHD,1,1156.0,IRN,IRN
BUZ,SYZ,1,183.0,IRN,IRN
BUZ,THR,2,751.0,IRN,IRN
BVA,ACE,1,2640.0,FXX,ESP
BVA,AGP,1,1518.0,FXX,ESP
BVA,AHO,1,1094.0,FXX,ITA
BVA,ALC,1,1260.0,FXX,ESP
BVA,BCN,1,907.0,FXX,ESP
BVA,BDS,1,1577.0,FXX,ITA
BVA,BEG,1,1465.0,FXX,SRS
BVA,BGY,1,707.0,FXX,ITA
BVA,BLQ,1,884.0,FXX,ITA
BVA,BRI,1,1468.0,FXX,ITA
BVA,BTS,1,1113.0,FXX,SVK
BVA,BUD,1,1282.0,FXX,HUN
BVA,BZR,1,688.0,FXX,FXX
BVA,CAG,1,1260.0,FXX,ITA
BVA,CIA,1,1176.0,FXX,ITA
BVA,CLJ,1,1623.0,FXX,ROU
BVA,DUB,1,729.0,FXX,IRL
BVA,FAO,1,1603.0,FXX,PRX
BVA,FEZ,1,1822.0,FXX,MAR
BVA,GDN,1,1244.0,FXX,POL
BVA,GRO,1,841.0,FXX,ESP
BVA,GSE,1,1125.0,FXX,SWE
BVA,KIV,1,1997.0,FXX,MDA
BVA,KRK,1,1268.0,FXX,POL
BVA,KTW,1,1216.0,FXX,POL
BVA,LIS,1,1485.0,FXX,PRX
BVA,MAD,1,1093.0,FXX,ESP
BVA,MAN,1,530.0,FXX,ENG
BVA,NDR,1,1662.0,FXX,MAR
BVA,NYO,1,1411.0,FXX,SWE
BVA,OPO,1,1240.0,FXX,PRX
BVA,OTP,1,1888.0,FXX,ROU
BVA,OUD,1,1664.0,FXX,MAR
BVA,PMI,1,1102.0,FXX,ESP
BVA,POZ,1,1080.0,FXX,POL
BVA,PSA,1,900.0,FXX,ITA
BVA,PSR,1,1214.0,FXX,ITA
BVA,PUY,1,1025.0,FXX,HRV
BVA,RAK,1,2157.0,FXX,MAR
BVA,RBA,1,1861.0,FXX,MAR
BVA,RYG,1,1236.0,FXX,NOW
BVA,RZE,1,1427.0,FXX,POL
BVA,SNN,1,850.0,FXX,IRL
BVA,SOF,1,1798.0,FXX,BGR
BVA,SVQ,1,1484.0,FXX,ESP
BVA,TFS,1,2862.0,FXX,ESP
BVA,TGM,1,1687.0,FXX,ROU
BVA,TNG,1,1660.0,FXX,MAR
BVA,TPS,1,1528.0,FXX,ITA
BVA,TRS,1,940.0,FXX,ITA
BVA,TSF,1,866.0,FXX,ITA
BVA,TSR,1,1492.0,FXX,ROU
BVA,VLC,1,1127.0,FXX,ESP
BVA,VNO,2,1677.0,FXX,LTU
BVA,WAW,1,1354.0,FXX,POL
BVA,WMI,1,1337.0,FXX,POL
BVA,WRO,1,1064.0,FXX,POL
BVA,ZAD,1,1168.0,FXX,HRV
BVA,ZAZ,1,900.0,FXX,ESP
BVB,MAO,3,658.0,BRA,BRA
BVC,BHX,2,4445.0,CPV,ENG
BVC,LGW,1,4385.0,CPV,ENG
BVC,LIS,2,2852.0,CPV,PRX
BVC,MAN,2,4511.0,CPV,ENG
BVC,RAI,1,150.0,CPV,CPV
BVC,SID,4,68.0,CPV,CPV
BVE,AJA,1,684.0,FXX,FXX
BVE,LCY,2,727.0,FXX,ENG
BVE,ORY,1,415.0,FXX,FXX
BVE,STN,1,767.0,FXX,ENG
BVG,BJF,1,39.0,NOW,NOW
BVG,HFT,1,198.0,NOW,NOW
BVG,MEH,1,47.0,NOW,NOW
BVG,VDS,1,95.0,NOW,NOW
BVH,CGB,1,541.0,BRA,BRA
BVI,BEU,1,173.0,AUS,AUS
BVI,WNR,1,337.0,AUS,AUS
BWA,KTM,1,193.0,NPL,NPL
BWI,ABQ,2,2682.0,USA,USA
BWI,ALB,2,464.0,USA,USA
BWI,ATL,7,928.0,USA,USA
BWI,AUA,1,3038.0,USA,ABW
BWI,AUS,2,2157.0,USA,USA
BWI,BDL,2,456.0,USA,USA
BWI,BHM,1,1097.0,USA,USA
BWI,BNA,2,944.0,USA,USA
BWI,BOS,3,594.0,USA,USA
BWI,BUF,2,453.0,USA,USA
BWI,CHS,1,761.0,USA,USA
BWI,CLE,3,505.0,USA,USA
BWI,CLT,4,581.0,USA,USA
BWI,CMH,2,541.0,USA,USA
BWI,CUN,1,2240.0,USA,MEX
BWI,CVG,1,690.0,USA,USA
BWI,DAY,2,652.0,USA,USA
BWI,DEN,3,2394.0,USA,USA
BWI,DFW,3,1955.0,USA,USA
BWI,DTW,3,657.0,USA,USA
BWI,ECP,1,1286.0,USA,USA
BWI,EWR,1,272.0,USA,USA
BWI,FLL,3,1493.0,USA,USA
BWI,FNT,2,727.0,USA,USA
BWI,FPO,1,1416.0,USA,BHS
BWI,GRR,1,849.0,USA,USA
BWI,GSP,1,685.0,USA,USA
BWI,HOU,1,2003.0,USA,USA
BWI,IAH,1,1986.0,USA,USA
BWI,IND,2,828.0,USA,USA
BWI,ISP,2,353.0,USA,USA
BWI,JAX,1,1068.0,USA,USA
BWI,JFK,3,295.0,USA,USA
BWI,LAS,3,3381.0,USA,USA
BWI,LAX,3,3740.0,USA,USA
BWI,LHR,4,5833.0,USA,ENG
BWI,LIT,1,1466.0,USA,USA
BWI,MBJ,1,2302.0,USA,JAM
BWI,MCI,1,1552.0,USA,USA
BWI,MCO,2,1269.0,USA,USA
BWI,MDW,2,981.0,USA,USA
BWI,MEM,2,1265.0,USA,USA
BWI,MHT,2,606.0,USA,USA
BWI,MIA,2,1526.0,USA,USA
BWI,MKE,1,1029.0,USA,USA
BWI,MSP,2,1504.0,USA,USA
BWI,MSY,2,1606.0,USA,USA
BWI,MYR,1,644.0,USA,USA
BWI,NAS,1,1574.0,USA,BHS
BWI,OKC,1,1894.0,USA,USA
BWI,ORD,3,998.0,USA,USA
BWI,ORF,2,257.0,USA,USA
BWI,PBI,1,1425.0,USA,USA
BWI,PHL,2,145.0,USA,USA
BWI,PHX,4,3210.0,USA,USA
BWI,PIT,2,338.0,USA,USA
BWI,PUJ,1,2427.0,USA,DOM
BWI,PVD,2,527.0,USA,USA
BWI,PWM,2,726.0,USA,USA
BWI,RDU,3,412.0,USA,USA
BWI,ROC,2,446.0,USA,USA
BWI,RSW,2,1483.0,USA,USA
BWI,SAN,2,3686.0,USA,USA
BWI,SAT,2,2262.0,USA,USA
BWI,SDF,2,795.0,USA,USA
BWI,SEA,1,3748.0,USA,USA
BWI,SFO,1,3944.0,USA,USA
BWI,SJU,2,2525.0,USA,PRI
BWI,SLC,3,2993.0,USA,USA
BWI,STL,2,1184.0,USA,USA
BWI,TPA,2,1358.0,USA,USA
BWI,YYZ,1,558.0,USA,CAN
BWK,ZAG,1,277.0,HRV,HRV
BWN,BKI,2,166.0,BRN,MYS
BWN,BKK,2,1833.0,BRN,THA
BWN,CGK,2,1536.0,BRN,IDN
BWN,DWC,1,6735.0,BRN,ARE
BWN,HKG,2,1934.0,BRN,HKG
BWN,JED,1,8336.0,BRN,SAU
BWN,KUL,3,1487.0,BRN,MYS
BWN,MEL,1,5659.0,BRN,AUS
BWN,MNL,2,1255.0,BRN,PHL
BWN,MZV,2,101.0,BRN,MYS
BWN,PVG,1,3001.0,BRN,CHN
BWN,SIN,2,1278.0,BRN,SGP
BWN,SUB,2,1391.0,BRN,IDN
BWT,KNS,1,200.0,AUS,AUS
BWT,LST,1,138.0,AUS,AUS
BWT,MEL,1,378.0,AUS,AUS
BXB,SOQ,1,301.0,IDN,IDN
BXR,THR,1,994.0,IRN,IRN
BXU,CEB,1,223.0,PHL,PHL
BXU,MNL,3,786.0,PHL,PHL
BYC,SRZ,2,464.0,BOL,BOL
BYC,TJA,2,117.0,BOL,BOL
BYN,LTI,1,345.0,MNG,MNG
BYN,ULN,1,496.0,MNG,MNG
BYO,VCP,1,979.0,BRA,BRA
BZE,ATL,1,1831.0,BLZ,USA
BZE,CLT,2,2096.0,BLZ,USA
BZE,CUN,1,417.0,BLZ,MEX
BZE,DFW,2,1918.0,BLZ,USA
BZE,EWR,1,2909.0,BLZ,USA
BZE,FRS,2,180.0,BLZ,GTM
BZE,IAH,1,1557.0,BLZ,USA
BZE,LAX,1,3503.0,BLZ,USA
BZE,MIA,2,1236.0,BLZ,USA
BZE,MID,1,404.0,BLZ,MEX
BZE,RTB,1,234.0,BLZ,HND
BZE,SAL,1,463.0,BLZ,SLV
BZE,SAP,1,236.0,BLZ,HND
BZE,SPR,2,55.0,BLZ,BLZ
BZG,BHX,1,1325.0,POL,ENG
BZG,DUB,1,1606.0,POL,IRL
BZG,STN,1,1206.0,POL,ENG
BZL,DAC,1,116.0,BGD,BGD
BZN,AZA,1,1387.0,USA,USA
BZN,DEN,2,843.0,USA,USA
BZN,LAS,1,1129.0,USA,USA
BZN,MSP,1,1402.0,USA,USA
BZN,ORD,1,1903.0,USA,USA
BZN,SEA,1,871.0,USA,USA
BZN,SLC,1,559.0,USA,USA
BZO,FCO,2,523.0,ITA,ITA
BZR,BRE,1,1153.0,FXX,DEU
BZR,BRS,1,1005.0,FXX,ENG
BZR,BVA,1,688.0,FXX,FXX
BZR,EDI,1,1484.0,FXX,SCT
BZR,LTN,1,991.0,FXX,ENG
BZR,MAN,1,1189.0,FXX,ENG
BZR,NRN,1,944.0,FXX,DEU
BZR,NYO,1,1955.0,FXX,SWE
BZR,RYG,1,1856.0,FXX,NOW
BZV,ADD,1,2996.0,COG,ETH
BZV,CDG,2,6049.0,COG,FXX
BZV,CMN,1,4824.0,COG,MAR
BZV,COO,3,1853.0,COG,BEN
BZV,DLA,3,1105.0,COG,CMR
BZV,FIH,3,26.0,COG,COD
BZV,JNB,1,2800.0,COG,ZAF
BZV,KGL,1,1672.0,COG,RWA
BZV,LAD,1,559.0,COG,AGO
BZV,LBV,2,834.0,COG,GAB
BZV,NBO,2,2429.0,COG,KEN
BZV,OLL,1,344.0,COG,COG
BZV,PNR,4,378.0,COG,COG
CAB,LAD,2,380.0,AGO,AGO
CAB,SZA,1,64.0,AGO,AGO
CAC,CWB,1,439.0,BRA,BRA
CAC,GRU,1,733.0,BRA,BRA
CAC,VCP,1,683.0,BRA,BRA
CAE,ATL,4,308.0,USA,USA
CAE,CLT,2,143.0,USA,USA
CAE,DCA,2,657.0,USA,USA
CAE,DFW,2,1480.0,USA,USA
CAE,DTW,1,940.0,USA,USA
CAE,IAD,1,646.0,USA,USA
CAE,IAH,1,1410.0,USA,USA
CAE,LGA,1,993.0,USA,USA
CAE,ORD,1,1073.0,USA,USA
CAE,PHL,2,841.0,USA,USA
CAG,BGY,1,716.0,ITA,ITA
CAG,BLQ,1,616.0,ITA,ITA
CAG,BRI,1,687.0,ITA,ITA
CAG,BSL,1,935.0,ITA,FXX
CAG,BVA,1,1260.0,ITA,FXX
CAG,CGN,1,1300.0,ITA,DEU
CAG,CIA,1,412.0,ITA,ITA
CAG,CRL,1,1297.0,ITA,BWR
CAG,CUF,1,601.0,ITA,ITA
CAG,DUS,3,1350.0,ITA,DEU
CAG,FCO,1,391.0,ITA,ITA
CAG,FKB,1,1062.0,ITA,DEU
CAG,FLR,2,538.0,ITA,ITA
CAG,GOA,1,574.0,ITA,ITA
CAG,GRO,1,608.0,ITA,ESP
CAG,GVA,1,813.0,ITA,CHE
CAG,HHN,1,1198.0,ITA,DEU
CAG,KRK,1,1470.0,ITA,POL
CAG,KUN,1,2075.0,ITA,LTU
CAG,LIN,1,689.0,ITA,ITA
CAG,LUX,1,1175.0,ITA,LUX
CAG,MAD,1,1084.0,ITA,ESP
CAG,MRS,1,565.0,ITA,FXX
CAG,MUC,3,1035.0,ITA,DEU
CAG,MXP,1,710.0,ITA,ITA
CAG,NAP,1,481.0,ITA,ITA
CAG,NRN,1,1392.0,ITA,DEU
CAG,PEG,1,516.0,ITA,ITA
CAG,PMF,1,628.0,ITA,ITA
CAG,PSA,1,505.0,ITA,ITA
CAG,PSR,1,558.0,ITA,ITA
CAG,STN,1,1561.0,ITA,ENG
CAG,STR,1,1050.0,ITA,DEU
CAG,SXF,1,1500.0,ITA,DEU
CAG,TPS,1,334.0,ITA,ITA
CAG,TRN,1,672.0,ITA,ITA
CAG,TSF,1,756.0,ITA,ITA
CAG,VRN,1,700.0,ITA,ITA
CAH,SGN,1,244.0,VNM,VNM
CAI,ABV,1,3435.0,EGY,NGA
CAI,ACC,1,4283.0,EGY,GHA
CAI,ADD,2,2474.0,EGY,ETH
CAI,ADE,1,2379.0,EGY,YEM
CAI,AHB,3,1743.0,EGY,SAU
CAI,ALG,2,2706.0,EGY,DZA
CAI,AMM,3,472.0,EGY,JOR
CAI,AMS,2,3287.0,EGY,NLX
CAI,ASM,1,1818.0,EGY,ERI
CAI,ASW,2,699.0,EGY,EGY
CAI,ATH,2,1107.0,EGY,GRC
CAI,ATZ,2,344.0,EGY,EGY
CAI,AUH,2,2378.0,EGY,ARE
CAI,BAH,2,1930.0,EGY,BHR
CAI,BCN,1,2906.0,EGY,ESP
CAI,BEN,3,1082.0,EGY,LBY
CAI,BEY,2,563.0,EGY,LBN
CAI,BGW,1,1262.0,EGY,IRR
CAI,BKK,3,7280.0,EGY,THA
CAI,BOM,2,4341.0,EGY,IND
CAI,BRU,2,3209.0,EGY,BFR
CAI,BUD,1,2188.0,EGY,HUN
CAI,CAN,2,7991.0,EGY,CHN
CAI,CDG,3,3210.0,EGY,FXX
CAI,CGK,1,8949.0,EGY,IDN
CAI,CMN,2,3684.0,EGY,MAR
CAI,CPH,2,3197.0,EGY,DNK
CAI,DAR,1,4198.0,EGY,TZA
CAI,DME,1,2859.0,EGY,RUS
CAI,DMM,2,1844.0,EGY,SAU
CAI,DOH,2,2058.0,EGY,QAT
CAI,DXB,3,2415.0,EGY,ARE
CAI,EBB,1,3346.0,EGY,UGA
CAI,EBL,1,1350.0,EGY,IRK
CAI,ELQ,4,1283.0,EGY,SAU
CAI,FCO,2,2151.0,EGY,ITA
CAI,FRA,2,2922.0,EGY,DEU
CAI,GVA,2,2824.0,EGY,CHE
CAI,HBE,2,186.0,EGY,EGY
CAI,HMB,2,422.0,EGY,EGY
CAI,HRG,2,402.0,EGY,EGY
CAI,IST,2,1263.0,EGY,TUR
CAI,JED,3,1217.0,EGY,SAU
CAI,JFK,2,9016.0,EGY,USA
CAI,JNB,2,6265.0,EGY,ZAF
CAI,JUB,2,2808.0,EGY,SDS
CAI,KAN,1,3098.0,EGY,NGA
CAI,KRT,2,1620.0,EGY,SDN
CAI,KWI,3,1602.0,EGY,KWT
CAI,LCA,2,568.0,EGY,CYP
CAI,LHR,2,3533.0,EGY,ENG
CAI,LOS,1,3931.0,EGY,NGA
CAI,LXR,2,511.0,EGY,EGY
CAI,MAD,1,3350.0,EGY,ESP
CAI,MAN,1,3744.0,EGY,ENG
CAI,MCT,2,2756.0,EGY,OMN
CAI,MED,2,1027.0,EGY,SAU
CAI,MUC,2,2623.0,EGY,DEU
CAI,MXP,2,2617.0,EGY,ITA
CAI,NBO,1,3545.0,EGY,KEN
CAI,PEK,2,7533.0,EGY,CHN
CAI,PZU,1,1326.0,EGY,SDN
CAI,RIY,1,2516.0,EGY,YEM
CAI,RMF,1,596.0,EGY,EGY
CAI,RUH,3,1612.0,EGY,SAU
CAI,SAH,2,2089.0,EGY,YEM
CAI,SHJ,2,2427.0,EGY,ARE
CAI,SSH,2,376.0,EGY,EGY
CAI,SVO,1,2913.0,EGY,RUS
CAI,SXF,1,2874.0,EGY,DEU
CAI,TAI,1,2247.0,EGY,YEM
CAI,TIF,3,1325.0,EGY,SAU
CAI,TIP,3,1753.0,EGY,LBY
CAI,TLV,1,392.0,EGY,ISR
CAI,TUN,2,2096.0,EGY,TUN
CAI,TUU,3,542.0,EGY,SAU
CAI,VIE,2,2365.0,EGY,AUT
CAI,YNB,3,935.0,EGY,SAU
CAI,YYZ,1,9228.0,EGY,CAN
CAI,ZRH,2,2745.0,EGY,CHE
CAJ,PZO,1,229.0,VEN,VEN
CAK,ATL,5,851.0,USA,USA
CAK,BOS,2,882.0,USA,USA
CAK,CLT,2,636.0,USA,USA
CAK,DCA,2,440.0,USA,USA
CAK,DEN,1,1965.0,USA,USA
CAK,DTW,1,215.0,USA,USA
CAK,LGA,2,637.0,USA,USA
CAK,MCO,2,1389.0,USA,USA
CAK,ORD,1,551.0,USA,USA
CAK,PHL,2,538.0,USA,USA
CAK,TPA,2,1442.0,USA,USA
CAL,GLA,1,92.0,SCT,SCT
CAN,ACX,1,866.0,CHN,CHN
CAN,ADD,3,8038.0,CHN,ETH
CAN,AEB,1,647.0,CHN,CHN
CAN,AKL,1,9300.0,CHN,NZL
CAN,AMS,2,9140.0,CHN,NLX
CAN,AQG,1,881.0,CHN,CHN
CAN,AVA,1,814.0,CHN,CHN
CAN,BAV,2,1934.0,CHN,CHN
CAN,BFJ,1,897.0,CHN,CHN
CAN,BHY,1,460.0,CHN,CHN
CAN,BKI,1,1963.0,CHN,MYS
CAN,BKK,6,1706.0,CHN,THA
CAN,BNE,1,7081.0,CHN,AUS
CAN,CAI,2,7991.0,CHN,EGY
CAN,CDG,2,9456.0,CHN,FXX
CAN,CGD,1,636.0,CHN,CHN
CAN,CGK,2,3361.0,CHN,IDN
CAN,CGO,4,1238.0,CHN,CHN
CAN,CGQ,3,2555.0,CHN,CHN
CAN,CIH,1,1430.0,CHN,CHN
CAN,CKG,8,966.0,CHN,CHN
CAN,CNX,1,1573.0,CHN,THA
CAN,CSX,1,533.0,CHN,CHN
CAN,CTU,6,1223.0,CHN,CHN
CAN,CZX,3,1142.0,CHN,CHN
CAN,DAC,1,2331.0,CHN,BGD
CAN,DAD,2,976.0,CHN,VNM
CAN,DAX,2,1037.0,CHN,CHN
CAN,DEL,1,3650.0,CHN,IND
CAN,DIG,1,1450.0,CHN,CHN
CAN,DLC,1,1899.0,CHN,CHN
CAN,DMK,2,1701.0,CHN,THA
CAN,DOH,1,6197.0,CHN,QAT
CAN,DOY,1,1655.0,CHN,CHN
CAN,DPS,1,3580.0,CHN,IDN
CAN,DXB,2,5827.0,CHN,ARE
CAN,DYG,1,696.0,CHN,CHN
CAN,FOC,3,702.0,CHN,CHN
CAN,FUG,1,1082.0,CHN,CHN
CAN,FUK,1,2019.0,CHN,JPN
CAN,GYS,2,1248.0,CHN,CHN
CAN,HAK,5,484.0,CHN,CHN
CAN,HAN,2,808.0,CHN,VNM
CAN,HDG,1,1464.0,CHN,CHN
CAN,HET,4,1946.0,CHN,CHN
CAN,HFE,5,1012.0,CHN,CHN
CAN,HGH,12,1038.0,CHN,CHN
CAN,HIA,1,1288.0,CHN,CHN
CAN,HJJ,1,577.0,CHN,CHN
CAN,HKG,3,136.0,CHN,HKG
CAN,HKT,1,2332.0,CHN,THA
CAN,HRB,3,2734.0,CHN,CHN
CAN,HYN,3,995.0,CHN,CHN
CAN,HZH,1,530.0,CHN,CHN
CAN,ICN,3,2005.0,CHN,KOR
CAN,IKA,1,6069.0,CHN,IRN
CAN,IST,2,7882.0,CHN,TUR
CAN,JDZ,2,766.0,CHN,CHN
CAN,JED,1,7526.0,CHN,SAU
CAN,JGS,1,412.0,CHN,CHN
CAN,JIQ,1,813.0,CHN,CHN
CAN,JIU,1,721.0,CHN,CHN
CAN,JJN,4,559.0,CHN,CHN
CAN,JNG,1,1356.0,CHN,CHN
CAN,JUH,1,925.0,CHN,CHN
CAN,JZH,2,1411.0,CHN,CHN
CAN,KHH,1,727.0,CHN,TWN
CAN,KHN,5,662.0,CHN,CHN
CAN,KIX,2,2455.0,CHN,JPN
CAN,KMG,5,1068.0,CHN,CHN
CAN,KOW,1,312.0,CHN,CHN
CAN,KTM,1,2837.0,CHN,NPL
CAN,KUL,3,2613.0,CHN,MYS
CAN,KWE,4,742.0,CHN,CHN
CAN,KWL,1,388.0,CHN,CHN
CAN,LAX,2,11618.0,CHN,USA
CAN,LHR,1,9496.0,CHN,ENG
CAN,LHW,2,1729.0,CHN,CHN
CAN,LJG,2,1364.0,CHN,CHN
CAN,LLB,1,587.0,CHN,CHN
CAN,LUM,1,1505.0,CHN,CHN
CAN,LYA,1,1265.0,CHN,CHN
CAN,LYG,1,1356.0,CHN,CHN
CAN,LYI,2,1387.0,CHN,CHN
CAN,LZH,1,408.0,CHN,CHN
CAN,LZO,2,995.0,CHN,CHN
CAN,MEL,1,7548.0,CHN,AUS
CAN,MIG,1,1229.0,CHN,CHN
CAN,MLE,1,4770.0,CHN,MDV
CAN,MNL,3,1278.0,CHN,PHL
CAN,MXZ,1,307.0,CHN,CHN
CAN,NAO,1,1084.0,CHN,CHN
CAN,NAY,2,1846.0,CHN,CHN
CAN,NBO,2,8679.0,CHN,KEN
CAN,NGB,3,1081.0,CHN,CHN
CAN,NKG,6,1078.0,CHN,CHN
CAN,NNG,3,532.0,CHN,CHN
CAN,NNY,1,1068.0,CHN,CHN
CAN,NRT,6,2944.0,CHN,JPN
CAN,PEK,4,1881.0,CHN,CHN
CAN,PEN,1,2449.0,CHN,MYS
CAN,PER,1,6159.0,CHN,AUS
CAN,PNH,1,1592.0,CHN,KHM
CAN,PUS,1,2000.0,CHN,KOR
CAN,PVG,6,1203.0,CHN,CHN
CAN,REP,2,1493.0,CHN,KHM
CAN,RGN,2,1930.0,CHN,MMR
CAN,RMQ,1,751.0,CHN,TWN
CAN,RUH,1,6686.0,CHN,SAU
CAN,SGN,2,1566.0,CHN,VNM
CAN,SHA,7,1176.0,CHN,CHN
CAN,SHE,4,2238.0,CHN,CHN
CAN,SIN,4,2648.0,CHN,SGP
CAN,SJW,3,1661.0,CHN,CHN
CAN,SPN,1,3518.0,CHN,MNP
CAN,SVO,2,7003.0,CHN,RUS
CAN,SWA,1,327.0,CHN,CHN
CAN,SYD,1,7529.0,CHN,AUS
CAN,SYX,3,695.0,CHN,CHN
CAN,TAO,5,1585.0,CHN,CHN
CAN,TEN,1,640.0,CHN,CHN
CAN,TNA,5,1543.0,CHN,CHN
CAN,TPE,4,826.0,CHN,TWN
CAN,TSN,5,1791.0,CHN,CHN
CAN,TXN,1,860.0,CHN,CHN
CAN,TYN,3,1597.0,CHN,CHN
CAN,URC,3,3278.0,CHN,CHN
CAN,VTE,1,1267.0,CHN,LAO
CAN,WEF,1,1576.0,CHN,CHN
CAN,WNZ,6,908.0,CHN,CHN
CAN,WUH,5,827.0,CHN,CHN
CAN,WUS,2,672.0,CHN,CHN
CAN,WUX,4,1142.0,CHN,CHN
CAN,WXN,2,954.0,CHN,CHN
CAN,XFN,1,979.0,CHN,CHN
CAN,XIY,5,1306.0,CHN,CHN
CAN,XMN,6,507.0,CHN,CHN
CAN,XUZ,1,1256.0,CHN,CHN
CAN,YBP,2,1060.0,CHN,CHN
CAN,YCU,2,1322.0,CHN,CHN
CAN,YIH,2,817.0,CHN,CHN
CAN,YIW,1,942.0,CHN,CHN
CAN,YNT,3,1738.0,CHN,CHN
CAN,YNZ,1,1303.0,CHN,CHN
CAN,YTY,1,1198.0,CHN,CHN
CAN,YVR,1,10203.0,CHN,CAN
CAN,ZHA,1,388.0,CHN,CHN
CAN,ZYI,1,786.0,CHN,CHN
CAP,PAP,1,129.0,HTI,HTI
CAP,PLS,2,227.0,HTI,TCA
CAW,MEA,1,86.0,BRA,BRA
CAW,SDU,2,234.0,BRA,BRA
CAW,VIX,1,192.0,BRA,BRA
CAY,BEL,1,813.0,GUF,BRA
CAY,FDF,2,1441.0,GUF,MTQ
CAY,ORY,3,7086.0,GUF,FXX
CAY,PBM,1,321.0,GUF,SUR
CBB,CIJ,1,763.0,BOL,BOL
CBB,LPB,2,237.0,BOL,BOL
CBB,SRE,1,200.0,BOL,BOL
CBB,TDD,1,319.0,BOL,BOL
CBB,TJA,1,485.0,BOL,BOL
CBB,VVI,2,323.0,BOL,BOL
CBH,ORN,1,468.0,DZA,DZA
CBO,MNL,3,888.0,PHL,PHL
CBQ,ABV,1,464.0,NGA,NGA
CBQ,LOS,1,584.0,NGA,NGA
CBR,ADL,2,970.0,AUS,AUS
CBR,BNE,3,956.0,AUS,AUS
CBR,MEL,3,470.0,AUS,AUS
CBR,OOL,1,892.0,AUS,AUS
CBR,PER,1,3085.0,AUS,AUS
CBR,SYD,3,236.0,AUS,AUS
CBT,LAD,1,404.0,AGO,AGO
CBT,VPE,1,560.0,AGO,AGO
CCC,HAV,1,423.0,CUB,CUB
CCC,VRA,1,325.0,CUB,CUB
CCC,YHZ,1,2835.0,CUB,CAN
CCC,YUL,1,2592.0,CUB,CAN
CCC,YYZ,2,2362.0,CUB,CAN
CCF,BLL,1,1476.0,FXX,DNK
CCF,BOH,1,898.0,FXX,ENG
CCF,CRL,1,822.0,FXX,BWR
CCF,DUB,1,1298.0,FXX,IRL
CCF,EIN,1,944.0,FXX,NLX
CCF,EMA,1,1102.0,FXX,ENG
CCF,LPL,1,1187.0,FXX,ENG
CCF,OPO,1,930.0,FXX,PRX
CCF,PIK,1,1454.0,FXX,SCT
CCF,STN,1,976.0,FXX,ENG
CCJ,AAN,1,2597.0,IND,ARE
CCJ,AUH,3,2690.0,IND,ARE
CCJ,BAH,1,3143.0,IND,BHR
CCJ,BLR,1,298.0,IND,IND
CCJ,BOM,3,944.0,IND,IND
CCJ,CJB,1,119.0,IND,IND
CCJ,COK,2,120.0,IND,IND
CCJ,DMM,2,3227.0,IND,SAU
CCJ,DOH,1,3005.0,IND,QAT
CCJ,DXB,3,2675.0,IND,ARE
CCJ,IXE,1,234.0,IND,IND
CCJ,JED,2,4084.0,IND,SAU
CCJ,KWI,1,3529.0,IND,KWT
CCJ,MAA,1,502.0,IND,IND
CCJ,MCT,2,2327.0,IND,OMN
CCJ,RUH,2,3442.0,IND,SAU
CCJ,SHJ,3,2667.0,IND,ARE
CCJ,SLL,1,2446.0,IND,OMN
CCK,XCH,1,985.0,CCK,CXR
CCM,FLN,1,145.0,BRA,BRA
CCM,VCP,1,676.0,BRA,BRA
CCP,PMC,1,519.0,CHL,CHL
CCP,SCL,3,429.0,CHL,CHL
CCP,ZAL,1,320.0,CHL,CHL
CCP,ZCO,1,242.0,CHL,CHL
CCS,ATL,1,3117.0,VEN,USA
CCS,AUA,6,391.0,VEN,ABW
CCS,BLA,4,257.0,VEN,VEN
CCS,BNS,2,417.0,VEN,VEN
CCS,BOG,4,1025.0,VEN,COL
CCS,BRM,3,266.0,VEN,VEN
CCS,CDG,1,7633.0,VEN,FXX
CCS,CUM,1,313.0,VEN,VEN
CCS,CUR,2,278.0,VEN,CUW
CCS,CZE,1,307.0,VEN,VEN
CCS,DFW,1,3945.0,VEN,USA
CCS,EZE,2,5129.0,VEN,ARG
CCS,FCO,1,8335.0,VEN,ITA
CCS,FNC,1,5676.0,VEN,PMD
CCS,FRA,1,8077.0,VEN,DEU
CCS,GRU,2,4394.0,VEN,BRA
CCS,GYE,1,2012.0,VEN,ECU
CCS,HAV,2,2139.0,VEN,CUB
CCS,IAH,1,3640.0,VEN,USA
CCS,JFK,1,3406.0,VEN,USA
CCS,LFR,1,636.0,VEN,VEN
CCS,LIM,2,2753.0,VEN,PER
CCS,LIS,1,6502.0,VEN,PRX
CCS,LSP,2,369.0,VEN,VEN
CCS,MAD,3,7006.0,VEN,ESP
CCS,MAR,5,518.0,VEN,VEN
CCS,MDE,1,1050.0,VEN,COL
CCS,MEX,1,3576.0,VEN,MEX
CCS,MIA,3,2193.0,VEN,USA
CCS,MRD,2,509.0,VEN,VEN
CCS,MUN,3,431.0,VEN,VEN
CCS,OPO,1,6601.0,VEN,PRX
CCS,PMV,4,332.0,VEN,VEN
CCS,POS,1,618.0,VEN,TTO
CCS,PTY,3,1368.0,VEN,PAN
CCS,PUJ,1,898.0,VEN,DOM
CCS,PYH,1,558.0,VEN,VEN
CCS,PZO,4,531.0,VEN,VEN
CCS,SCL,1,4908.0,VEN,CHL
CCS,SJU,1,878.0,VEN,PRI
CCS,SOM,1,362.0,VEN,VEN
CCS,STD,3,649.0,VEN,VEN
CCS,SVZ,1,672.0,VEN,VEN
CCS,TFN,1,5620.0,VEN,ESP
CCS,VIG,2,558.0,VEN,VEN
CCS,VLV,2,418.0,VEN,VEN
CCU,AJL,3,446.0,IND,IND
CCU,AMD,2,1620.0,IND,IND
CCU,BBI,1,382.0,IND,IND
CCU,BKK,2,1637.0,IND,THA
CCU,BLR,5,1547.0,IND,IND
CCU,BOM,5,1665.0,IND,IND
CCU,CGP,2,349.0,IND,BGD
CCU,DAC,5,239.0,IND,BGD
CCU,DEL,6,1313.0,IND,IND
CCU,DIB,2,852.0,IND,IND
CCU,DMU,1,648.0,IND,IND
CCU,DOH,1,3743.0,IND,QAT
CCU,DXB,1,3366.0,IND,ARE
CCU,GAU,6,498.0,IND,IND
CCU,HKG,2,2614.0,IND,HKG
CCU,HYD,3,1208.0,IND,IND
CCU,IMF,2,602.0,IND,IND
CCU,IXA,5,317.0,IND,IND
CCU,IXB,6,448.0,IND,IND
CCU,IXR,3,328.0,IND,IND
CCU,IXS,3,525.0,IND,IND
CCU,IXZ,5,1306.0,IND,IND
CCU,JAI,1,1357.0,IND,IND
CCU,KMG,1,1497.0,IND,CHN
CCU,KTM,1,641.0,IND,NPL
CCU,KUL,1,2636.0,IND,MYS
CCU,MAA,3,1386.0,IND,IND
CCU,NAG,2,985.0,IND,IND
CCU,PAT,4,472.0,IND,IND
CCU,PBH,1,537.0,IND,BTN
CCU,PNQ,1,1577.0,IND,IND
CCU,RGN,1,1027.0,IND,MMR
CCU,RPR,1,711.0,IND,IND
CCU,SHL,1,493.0,IND,IND
CCU,SIN,4,2904.0,IND,SGP
CCU,VNS,2,647.0,IND,IND
CCU,VTZ,2,773.0,IND,IND
CCV,LNB,1,43.0,VUT,VUT
CCV,NUS,1,60.0,VUT,VUT
CCV,ULB,1,41.0,VUT,VUT
CDB,ANC,2,995.0,USA,USA
CDB,KFP,1,59.0,USA,USA
CDB,KVC,1,31.0,USA,USA
CDB,NLG,1,133.0,USA,USA
CDC,SLC,1,357.0,USA,USA
CDG,AAE,1,1421.0,FXX,DZA
CDG,ABJ,2,4903.0,FXX,CIV
CDG,ABV,3,4470.0,FXX,NGA
CDG,ABZ,3,964.0,FXX,SCT
CDG,ADB,2,2295.0,FXX,TUR
CDG,ADD,1,5581.0,FXX,ETH
CDG,AGA,1,2310.0,FXX,MAR
CDG,AGP,3,1486.0,FXX,ESP
CDG,AJA,1,926.0,FXX,FXX
CDG,ALG,5,1371.0,FXX,DZA
CDG,AMM,2,3381.0,FXX,JOR
CDG,AMS,3,398.0,FXX,NLX
CDG,ARN,3,1539.0,FXX,SWE
CDG,ATH,4,2109.0,FXX,GRC
CDG,ATL,4,7056.0,FXX,USA
CDG,AUH,2,5252.0,FXX,ARE
CDG,BAH,1,4822.0,FXX,BHR
CDG,BCN,5,859.0,FXX,ESP
CDG,BEG,2,1423.0,FXX,SRS
CDG,BES,2,515.0,FXX,FXX
CDG,BEY,2,3187.0,FXX,LBN
CDG,BFS,1,869.0,FXX,NIR
CDG,BGF,1,5186.0,FXX,CAF
CDG,BHX,2,488.0,FXX,ENG
CDG,BIA,1,896.0,FXX,FXX
CDG,BIO,3,761.0,FXX,ESP
CDG,BIQ,1,692.0,FXX,FXX
CDG,BKK,3,9448.0,FXX,THA
CDG,BKO,1,4170.0,FXX,MLI
CDG,BLL,2,871.0,FXX,DNK
CDG,BLQ,3,830.0,FXX,ITA
CDG,BLR,1,7825.0,FXX,IND
CDG,BOD,2,527.0,FXX,FXX
CDG,BOG,1,8645.0,FXX,COL
CDG,BOM,1,6994.0,FXX,IND
CDG,BOS,3,5534.0,FXX,USA
CDG,BRE,2,625.0,FXX,DEU
CDG,BRI,1,1414.0,FXX,ITA
CDG,BRS,1,458.0,FXX,ENG
CDG,BRU,2,251.0,FXX,BFR
CDG,BSB,1,8756.0,FXX,BRA
CDG,BSL,3,401.0,FXX,FXX
CDG,BUD,2,1248.0,FXX,HUN
CDG,BVC,1,4320.0,FXX,CPV
CDG,BZV,2,6049.0,FXX,COG
CDG,CAI,3,3210.0,FXX,EGY
CDG,CAN,2,9456.0,FXX,CHN
CDG,CCS,1,7633.0,FXX,VEN
CDG,CFE,2,362.0,FXX,FXX
CDG,CKY,1,4636.0,FXX,GIN
CDG,CLT,2,6701.0,FXX,USA
CDG,CLY,1,868.0,FXX,FXX
CDG,CMB,1,8483.0,FXX,LKA
CDG,CMN,6,1932.0,FXX,MAR
CDG,COO,1,4743.0,FXX,BEN
CDG,CPH,4,1004.0,FXX,DNK
CDG,CTA,3,1631.0,FXX,ITA
CDG,CUN,1,8219.0,FXX,MEX
CDG,CVG,2,6670.0,FXX,USA
CDG,CZL,1,1454.0,FXX,DZA
CDG,DBV,1,1410.0,FXX,HRV
CDG,DEL,2,6565.0,FXX,IND
CDG,DFW,6,7944.0,FXX,USA
CDG,DJE,2,1815.0,FXX,TUN
CDG,DKR,2,4226.0,FXX,SEN
CDG,DLA,2,5050.0,FXX,CMR
CDG,DOH,1,4969.0,FXX,QAT
CDG,DTW,3,6359.0,FXX,USA
CDG,DUB,3,785.0,FXX,IRL
CDG,DUS,3,393.0,FXX,DEU
CDG,DXB,3,5239.0,FXX,ARE
CDG,EDI,4,869.0,FXX,SCT
CDG,EMA,1,504.0,FXX,ENG
CDG,EVN,3,3410.0,FXX,ARM
CDG,EWR,4,5857.0,FXX,USA
CDG,EXT,2,468.0,FXX,ENG
CDG,EZE,2,11101.0,FXX,ARG
CDG,FAO,1,1581.0,FXX,PRX
CDG,FCO,3,1101.0,FXX,ITA
CDG,FDF,1,6870.0,FXX,MTQ
CDG,FIH,1,6068.0,FXX,COD
CDG,FLR,2,879.0,FXX,ITA
CDG,FRA,2,449.0,FXX,DEU
CDG,GIG,1,9184.0,FXX,BRA
CDG,GLA,1,897.0,FXX,SCT
CDG,GOA,2,701.0,FXX,ITA
CDG,GOT,3,1156.0,FXX,SWE
CDG,GRU,2,9405.0,FXX,BRA
CDG,GVA,2,408.0,FXX,CHE
CDG,GYD,2,3803.0,FXX,AZE
CDG,HAJ,2,631.0,FXX,DEU
CDG,HAM,3,728.0,FXX,DEU
CDG,HAN,3,9158.0,FXX,VNM
CDG,HAV,1,7744.0,FXX,CUB
CDG,HEL,3,1896.0,FXX,FIN
CDG,HER,1,2390.0,FXX,GRC
CDG,HKG,3,9590.0,FXX,HKG
CDG,HND,3,9707.0,FXX,JPN
CDG,IAD,5,6198.0,FXX,USA
CDG,IAH,3,8071.0,FXX,USA
CDG,ICN,3,8927.0,FXX,KOR
CDG,ISB,1,5896.0,FXX,PAK
CDG,IST,3,2214.0,FXX,TUR
CDG,JED,2,4427.0,FXX,SAU
CDG,JER,1,346.0,FXX,JEY
CDG,JFK,11,5834.0,FXX,USA
CDG,JIB,1,5592.0,FXX,DJI
CDG,JNB,2,8738.0,FXX,ZAF
CDG,KBP,2,2032.0,FXX,UKR
CDG,KEF,3,2241.0,FXX,ISL
CDG,KIX,1,9626.0,FXX,JPN
CDG,KRK,1,1246.0,FXX,POL
CDG,KUL,3,10442.0,FXX,MYS
CDG,LAD,1,6519.0,FXX,AGO
CDG,LAX,4,9103.0,FXX,USA
CDG,LBA,1,613.0,FXX,ENG
CDG,LBV,1,5439.0,FXX,GAB
CDG,LCA,2,2981.0,FXX,CYP
CDG,LED,2,2133.0,FXX,RUS
CDG,LEJ,1,739.0,FXX,DEU
CDG,LFW,1,4766.0,FXX,TGO
CDG,LGW,1,308.0,FXX,ENG
CDG,LHE,1,6153.0,FXX,PAK
CDG,LHR,3,347.0,FXX,ENG
CDG,LIM,2,10276.0,FXX,PER
CDG,LIN,3,644.0,FXX,ITA
CDG,LIS,3,1470.0,FXX,PRX
CDG,LJU,2,944.0,FXX,SVN
CDG,LOS,1,4719.0,FXX,NGA
CDG,LPA,1,2801.0,FXX,ESP
CDG,LPL,1,610.0,FXX,ENG
CDG,LTN,1,379.0,FXX,ENG
CDG,LUX,2,273.0,FXX,LUX
CDG,LXR,1,3676.0,FXX,EGY
CDG,LYS,5,412.0,FXX,FXX
CDG,MAD,3,1065.0,FXX,ESP
CDG,MAN,4,588.0,FXX,ENG
CDG,MCT,1,5578.0,FXX,OMN
CDG,MEX,3,9199.0,FXX,MEX
CDG,MIA,9,7371.0,FXX,USA
CDG,MIR,2,1618.0,FXX,TUN
CDG,MLA,2,1755.0,FXX,MLT
CDG,MPL,2,614.0,FXX,FXX
CDG,MRS,3,653.0,FXX,FXX
CDG,MRU,2,9447.0,FXX,MUS
CDG,MSP,2,6775.0,FXX,USA
CDG,MSQ,1,1835.0,FXX,BLR
CDG,MUC,2,682.0,FXX,DEU
CDG,MXP,2,598.0,FXX,ITA
CDG,NAP,3,1290.0,FXX,ITA
CDG,NBO,2,6495.0,FXX,KEN
CDG,NCE,2,695.0,FXX,FXX
CDG,NCL,3,730.0,FXX,ENG
CDG,NDJ,1,4259.0,FXX,TCD
CDG,NIM,3,3951.0,FXX,NER
CDG,NKC,1,3797.0,FXX,MRT
CDG,NRT,3,9710.0,FXX,JPN
CDG,NSI,2,5108.0,FXX,CMR
CDG,NTE,2,372.0,FXX,FXX
CDG,NUE,2,621.0,FXX,DEU
CDG,OLB,1,1055.0,FXX,ITA
CDG,OPO,1,1231.0,FXX,PRX
CDG,ORD,10,6664.0,FXX,USA
CDG,ORK,1,842.0,FXX,IRL
CDG,ORN,2,1511.0,FXX,DZA
CDG,OSL,3,1349.0,FXX,NOW
CDG,OSR,1,1128.0,FXX,CZE
CDG,OTP,2,1850.0,FXX,ROU
CDG,OUA,1,4094.0,FXX,BFA
CDG,OVD,2,895.0,FXX,ESP
CDG,PEK,4,8189.0,FXX,CHN
CDG,PHL,4,5984.0,FXX,USA
CDG,PIT,2,6276.0,FXX,USA
CDG,PMO,4,1471.0,FXX,ITA
CDG,PNR,2,6054.0,FXX,COG
CDG,POP,1,7144.0,FXX,DOM
CDG,PRG,5,852.0,FXX,CZE
CDG,PTP,1,6770.0,FXX,GLP
CDG,PTY,1,8660.0,FXX,PAN
CDG,PUF,2,667.0,FXX,FXX
CDG,PUJ,4,7079.0,FXX,DOM
CDG,PVG,3,9266.0,FXX,CHN
CDG,RAI,1,4470.0,FXX,CPV
CDG,RAK,1,2129.0,FXX,MAR
CDG,RBA,1,1832.0,FXX,MAR
CDG,RHO,1,2495.0,FXX,GRC
CDG,RIX,2,1672.0,FXX,LVA
CDG,RNS,2,332.0,FXX,FXX
CDG,ROB,2,4910.0,FXX,LBR
CDG,RUH,2,4651.0,FXX,SAU
CDG,RUN,1,9369.0,FXX,REU
CDG,SAW,1,2275.0,FXX,TUR
CDG,SCL,2,11673.0,FXX,CHL
CDG,SCQ,2,1085.0,FXX,ESP
CDG,SEA,3,8049.0,FXX,USA
CDG,SFA,1,1724.0,FXX,TUN
CDG,SFO,4,8962.0,FXX,USA
CDG,SGN,3,10105.0,FXX,VNM
CDG,SID,1,4263.0,FXX,CPV
CDG,SIN,2,10725.0,FXX,SGP
CDG,SKG,1,1860.0,FXX,GRC
CDG,SLC,2,8153.0,FXX,USA
CDG,SOF,2,1754.0,FXX,BGR
CDG,SPU,1,1217.0,FXX,HRV
CDG,STR,2,489.0,FXX,DEU
CDG,SVG,2,1115.0,FXX,NOW
CDG,SVO,2,2454.0,FXX,RUS
CDG,SVX,1,3877.0,FXX,RUS
CDG,SXM,2,6739.0,FXX,SXM
CDG,TAS,1,5133.0,FXX,UZB
CDG,TBS,2,3366.0,FXX,GEG
CDG,TFS,1,2847.0,FXX,ESP
CDG,TGD,1,1489.0,FXX,MNE
CDG,TIV,1,1451.0,FXX,MNE
CDG,TLS,8,606.0,FXX,FXX
CDG,TLV,3,3284.0,FXX,ISR
CDG,TNR,2,8748.0,FXX,MDG
CDG,TPE,1,9786.0,FXX,TWN
CDG,TRN,2,573.0,FXX,ITA
CDG,TUN,3,1488.0,FXX,TUN
CDG,TXL,3,850.0,FXX,DEU
CDG,UGC,1,4504.0,FXX,UZB
CDG,VCE,3,835.0,FXX,ITA
CDG,VGO,3,1149.0,FXX,ESP
CDG,VIE,4,1035.0,FXX,AUT
CDG,VLC,2,1086.0,FXX,ESP
CDG,VNO,1,1674.0,FXX,LTU
CDG,VRN,2,747.0,FXX,ITA
CDG,VXE,1,4359.0,FXX,CPV
CDG,WAW,2,1342.0,FXX,POL
CDG,WRO,1,1048.0,FXX,POL
CDG,WUH,1,8865.0,FXX,CHN
CDG,YQB,1,5292.0,FXX,CAN
CDG,YUL,6,5523.0,FXX,CAN
CDG,YYZ,6,6020.0,FXX,CAN
CDG,ZAG,2,1079.0,FXX,HRV
CDG,ZRH,2,476.0,FXX,CHE
CDJ,CMP,1,156.0,BRA,BRA
CDR,DEN,3,356.0,USA,USA
CDV,ANC,2,256.0,USA,USA
CDV,YAK,1,342.0,USA,USA
CEB,BCD,1,118.0,PHL,PHL
CEB,BXU,1,223.0,PHL,PHL
CEB,CGM,1,142.0,PHL,PHL
CEB,CGY,1,196.0,PHL,PHL
CEB,CRK,1,657.0,PHL,PHL
CEB,DGT,1,131.0,PHL,PHL
CEB,DPL,1,202.0,PHL,PHL
CEB,DVO,3,398.0,PHL,PHL
CEB,GES,1,488.0,PHL,PHL
CEB,HKG,3,1711.0,PHL,HKG
CEB,IAO,1,228.0,PHL,PHL
CEB,ICN,7,3030.0,PHL,KOR
CEB,ILO,1,173.0,PHL,PHL
CEB,KLO,1,232.0,PHL,PHL
CEB,KUL,1,2598.0,PHL,MYS
CEB,LGP,1,318.0,PHL,PHL
CEB,MNL,5,567.0,PHL,PHL
CEB,MPH,1,285.0,PHL,PHL
CEB,NRT,1,3280.0,PHL,JPN
CEB,OZC,1,237.0,PHL,PHL
CEB,PAG,1,281.0,PHL,PHL
CEB,POM,1,3382.0,PHL,PNX
CEB,PPS,1,575.0,PHL,PHL
CEB,PUS,4,2811.0,PHL,KOR
CEB,SIN,4,2423.0,PHL,SGP
CEB,SUG,1,176.0,PHL,PHL
CEB,TAC,1,154.0,PHL,PHL
CEB,USU,1,469.0,PHL,PHL
CEB,ZAM,1,431.0,PHL,PHL
CEC,ACV,1,90.0,USA,USA
CEC,SFO,1,489.0,USA,USA
CED,ADL,1,545.0,AUS,AUS
CEE,DME,1,430.0,RUS,RUS
CEE,HEL,1,738.0,RUS,FIN
CEE,KGD,1,1156.0,RUS,RUS
CEE,LED,1,441.0,RUS,RUS
CEE,MMK,1,1087.0,RUS,RUS
CEE,VKO,1,412.0,RUS,RUS
CEE,VUS,1,488.0,RUS,RUS
CEG,BRS,1,200.0,WLS,ENG
CEG,TLS,1,1109.0,WLS,FXX
CEI,BKK,8,703.0,THA,THA
CEI,DMK,2,676.0,THA,THA
CEI,KMG,1,652.0,THA,CHN
CEK,DME,2,1484.0,RUS,RUS
CEK,DWC,1,3421.0,RUS,ARE
CEK,DYU,2,1942.0,RUS,TJK
CEK,EVN,1,2104.0,RUS,ARM
CEK,FRU,1,1650.0,RUS,KGZ
CEK,KZN,1,771.0,RUS,RUS
CEK,LBD,2,1783.0,RUS,TJK
CEK,LED,1,1910.0,RUS,RUS
CEK,NMA,1,1754.0,RUS,UZB
CEK,OSS,2,1832.0,RUS,KGZ
CEK,OVB,2,1339.0,RUS,RUS
CEK,PRG,2,3171.0,RUS,CZE
CEK,SVO,1,1506.0,RUS,RUS
CEK,TAS,1,1662.0,RUS,UZB
CEM,IRC,1,43.0,USA,USA
CEN,GDL,1,1011.0,MEX,MEX
CEN,HMO,1,224.0,MEX,MEX
CEN,MEX,2,1409.0,MEX,MEX
CEN,TIJ,1,894.0,MEX,MEX
CEZ,DEN,1,446.0,USA,USA
CFB,PLU,1,393.0,BRA,BRA
CFB,SDU,1,112.0,BRA,BRA
CFB,VCP,1,518.0,BRA,BRA
CFC,CWB,1,225.0,BRA,BRA
CFC,JCB,1,74.0,BRA,BRA
CFE,AMS,3,734.0,FXX,NLX
CFE,CDG,2,362.0,FXX,FXX
CFE,LYS,1,148.0,FXX,FXX
CFE,NCE,1,398.0,FXX,FXX
CFE,OPO,1,1079.0,FXX,PRX
CFE,ORY,1,332.0,FXX,FXX
CFK,MRS,1,869.0,DZA,FXX
CFN,DUB,1,225.0,IRL,IRL
CFN,GLA,1,263.0,IRL,SCT
CFR,AJA,1,1080.0,FXX,FXX
CFR,LYS,1,565.0,FXX,FXX
CFR,NCE,1,849.0,FXX,FXX
CFR,ORY,1,213.0,FXX,FXX
CFS,MEL,1,1117.0,AUS,AUS
CFS,SYD,3,443.0,AUS,AUS
CFU,AMS,1,1827.0,GRC,NLX
CFU,ATH,2,396.0,GRC,GRC
CFU,BLL,1,1962.0,GRC,DNK
CFU,BRE,1,1717.0,GRC,DEU
CFU,BRS,2,2182.0,GRC,ENG
CFU,BRU,1,1736.0,GRC,BFR
CFU,CGN,2,1598.0,GRC,DEU
CFU,CIA,1,663.0,GRC,ITA
CFU,CRL,1,1706.0,GRC,BWR
CFU,DME,1,2203.0,GRC,RUS
CFU,DRS,1,1368.0,GRC,DEU
CFU,DUB,1,2501.0,GRC,IRL
CFU,DUS,2,1650.0,GRC,DEU
CFU,EDI,1,2493.0,GRC,SCT
CFU,EFL,1,172.0,GRC,GRC
CFU,EIN,1,1731.0,GRC,NLX
CFU,EMA,1,2184.0,GRC,ENG
CFU,FMO,1,1680.0,GRC,DEU
CFU,FRA,3,1461.0,GRC,DEU
CFU,HAJ,1,1630.0,GRC,DEU
CFU,HAM,2,1730.0,GRC,DEU
CFU,LBA,1,2267.0,GRC,ENG
CFU,LGW,2,2017.0,GRC,ENG
CFU,LIL,1,1790.0,GRC,FXX
CFU,LTN,1,2070.0,GRC,ENG
CFU,LUX,1,1551.0,GRC,LUX
CFU,MAN,3,2268.0,GRC,ENG
CFU,MUC,2,1169.0,GRC,DEU
CFU,NRN,1,1705.0,GRC,DEU
CFU,PIK,1,2526.0,GRC,SCT
CFU,PVK,1,105.0,GRC,GRC
CFU,RYG,1,2291.0,GRC,NOW
CFU,SKG,1,280.0,GRC,GRC
CFU,STN,1,2037.0,GRC,ENG
CFU,STR,2,1320.0,GRC,DEU
CFU,TXL,1,1527.0,GRC,DEU
CFU,VIE,2,983.0,GRC,AUT
CGB,AFL,1,643.0,BRA,BRA
CGB,BSB,4,877.0,BRA,BRA
CGB,BVH,1,541.0,BRA,BRA
CGB,CGH,2,1329.0,BRA,BRA
CGB,CGR,3,557.0,BRA,BRA
CGB,CNF,1,1360.0,BRA,BRA
CGB,GIG,1,1567.0,BRA,BRA
CGB,GRU,4,1330.0,BRA,BRA
CGB,GYN,3,745.0,BRA,BRA
CGB,JPR,2,817.0,BRA,BRA
CGB,LDB,1,1001.0,BRA,BRA
CGB,MGF,1,971.0,BRA,BRA
CGB,OAL,1,739.0,BRA,BRA
CGB,OPS,2,423.0,BRA,BRA
CGB,PVH,3,1145.0,BRA,BRA
CGB,ROO,1,181.0,BRA,BRA
CGB,SJP,1,912.0,BRA,BRA
CGB,VCP,1,1247.0,BRA,BRA
CGD,CAN,1,636.0,CHN,CHN
CGD,HAK,1,1006.0,CHN,CHN
CGD,KMG,1,961.0,CHN,CHN
CGD,PEK,1,1321.0,CHN,CHN
CGD,SHA,1,967.0,CHN,CHN
CGD,SZX,1,731.0,CHN,CHN
CGD,XIY,1,673.0,CHN,CHN
CGD,XMN,1,807.0,CHN,CHN
CGH,BPS,1,1124.0,BRA,BRA
CGH,BSB,3,873.0,BRA,BRA
CGH,CGB,2,1329.0,BRA,BRA
CGH,CGR,2,897.0,BRA,BRA
CGH,CLV,1,687.0,BRA,BRA
CGH,CNF,2,524.0,BRA,BRA
CGH,CWB,2,331.0,BRA,BRA
CGH,CXJ,1,766.0,BRA,BRA
CGH,FLN,3,488.0,BRA,BRA
CGH,GIG,2,360.0,BRA,BRA
CGH,GYN,2,822.0,BRA,BRA
CGH,IGU,1,821.0,BRA,BRA
CGH,IOS,1,1264.0,BRA,BRA
CGH,JOI,2,361.0,BRA,BRA
CGH,JTC,1,294.0,BRA,BRA
CGH,LDB,2,457.0,BRA,BRA
CGH,MGF,1,546.0,BRA,BRA
CGH,NVT,2,414.0,BRA,BRA
CGH,POA,2,838.0,BRA,BRA
CGH,PPB,1,514.0,BRA,BRA
CGH,RAO,1,300.0,BRA,BRA
CGH,SDU,4,366.0,BRA,BRA
CGH,SJP,1,422.0,BRA,BRA
CGH,SSA,3,1480.0,BRA,BRA
CGH,UDI,2,552.0,BRA,BRA
CGH,VIX,2,756.0,BRA,BRA
CGI,STL,1,183.0,USA,USA
CGK,AMQ,3,2389.0,IDN,IDN
CGK,AUH,3,6575.0,IDN,ARE
CGK,BDJ,4,946.0,IDN,IDN
CGK,BKI,1,1699.0,IDN,MYS
CGK,BKK,3,2297.0,IDN,THA
CGK,BKS,4,540.0,IDN,IDN
CGK,BPN,5,1258.0,IDN,IDN
CGK,BTH,4,854.0,IDN,IDN
CGK,BTJ,2,1798.0,IDN,IDN
CGK,BWN,2,1536.0,IDN,BRN
CGK,CAI,1,8949.0,IDN,EGY
CGK,CAN,2,3361.0,IDN,CHN
CGK,CMB,2,3318.0,IDN,LKA
CGK,DJB,4,600.0,IDN,IDN
CGK,DJJ,3,3774.0,IDN,IDN
CGK,DMK,1,2326.0,IDN,THA
CGK,DOH,1,6894.0,IDN,QAT
CGK,DPS,7,983.0,IDN,IDN
CGK,DXB,2,6547.0,IDN,ARE
CGK,FOC,2,3832.0,IDN,CHN
CGK,HKG,4,3259.0,IDN,HKG
CGK,HKT,1,1834.0,IDN,THA
CGK,HND,2,5784.0,IDN,JPN
CGK,ICN,3,5264.0,IDN,KOR
CGK,JED,4,7971.0,IDN,SAU
CGK,JHB,1,925.0,IDN,MYS
CGK,JOG,5,456.0,IDN,IDN
CGK,KDI,1,1760.0,IDN,IDN
CGK,KIX,2,5417.0,IDN,JPN
CGK,KUL,10,1129.0,IDN,MYS
CGK,LOP,2,1100.0,IDN,IDN
CGK,MDC,3,2201.0,IDN,IDN
CGK,MED,1,8001.0,IDN,SAU
CGK,MEL,1,5211.0,IDN,AUS
CGK,MLG,2,698.0,IDN,IDN
CGK,MNL,3,2788.0,IDN,PHL
CGK,NRT,3,5839.0,IDN,JPN
CGK,PDG,4,923.0,IDN,IDN
CGK,PEK,1,5238.0,IDN,CHN
CGK,PEN,1,1454.0,IDN,MYS
CGK,PER,2,3029.0,IDN,AUS
CGK,PGK,4,444.0,IDN,IDN
CGK,PKN,1,674.0,IDN,IDN
CGK,PKU,6,933.0,IDN,IDN
CGK,PKY,2,917.0,IDN,IDN
CGK,PLM,4,419.0,IDN,IDN
CGK,PLW,2,1580.0,IDN,IDN
CGK,PNK,3,731.0,IDN,IDN
CGK,PVG,2,4446.0,IDN,CHN
CGK,RUH,1,7342.0,IDN,SAU
CGK,SGN,1,1884.0,IDN,VNM
CGK,SIN,10,882.0,IDN,SGP
CGK,SOC,3,478.0,IDN,IDN
CGK,SRG,3,421.0,IDN,IDN
CGK,SUB,6,691.0,IDN,IDN
CGK,SYD,3,5519.0,IDN,AUS
CGK,TJQ,3,395.0,IDN,IDN
CGK,TKG,3,191.0,IDN,IDN
CGK,TNJ,3,818.0,IDN,IDN
CGK,TPE,3,3811.0,IDN,TWN
CGK,TRK,1,1604.0,IDN,IDN
CGK,TTE,2,2427.0,IDN,IDN
CGK,UPG,4,1432.0,IDN,IDN
CGK,XMN,3,3630.0,IDN,CHN
CGM,CEB,1,142.0,PHL,PHL
CGN,ACE,1,2990.0,DEU,ESP
CGN,ADB,1,2101.0,DEU,TUR
CGN,AGP,3,1829.0,DEU,ESP
CGN,ALC,1,1524.0,DEU,ESP
CGN,ALG,1,1607.0,DEU,DZA
CGN,AMS,2,230.0,DEU,NLX
CGN,ARN,1,1189.0,DEU,SWE
CGN,ATH,1,1953.0,DEU,GRC
CGN,AYT,5,2432.0,DEU,TUR
CGN,BCN,1,1133.0,DEU,ESP
CGN,BHX,1,638.0,DEU,ENG
CGN,BIA,1,941.0,DEU,FXX
CGN,BLQ,1,769.0,DEU,ITA
CGN,BRI,1,1310.0,DEU,ITA
CGN,BRN,1,440.0,DEU,CHE
CGN,BUD,1,959.0,DEU,HUN
CGN,BVC,1,4696.0,DEU,CPV
CGN,CAG,1,1300.0,DEU,ITA
CGN,CFU,2,1598.0,DEU,GRC
CGN,CLY,2,936.0,DEU,FXX
CGN,CTA,1,1616.0,DEU,ITA
CGN,DBV,1,1251.0,DEU,HRV
CGN,DME,1,2095.0,DEU,RUS
CGN,DRS,1,464.0,DEU,DEU
CGN,DUB,1,957.0,DEU,IRL
CGN,EDI,1,896.0,DEU,SCT
CGN,ESB,1,2324.0,DEU,TUR
CGN,FAO,2,1951.0,DEU,PRX
CGN,FCO,1,1081.0,DEU,ITA
CGN,FDH,1,395.0,DEU,DEU
CGN,FNC,1,2806.0,DEU,PMD
CGN,FUE,2,3050.0,DEU,ESP
CGN,GDN,1,857.0,DEU,POL
CGN,GRO,1,1052.0,DEU,ESP
CGN,HAM,1,363.0,DEU,DEU
CGN,HDF,1,582.0,DEU,DEU
CGN,HER,2,2251.0,DEU,GRC
CGN,HRG,1,3461.0,DEU,EGY
CGN,IBZ,2,1408.0,DEU,ESP
CGN,IEV,1,1638.0,DEU,UKR
CGN,IKA,1,3889.0,DEU,IRN
CGN,IST,1,1968.0,DEU,TUR
CGN,JMK,1,2072.0,DEU,GRC
CGN,JTR,1,2171.0,DEU,GRC
CGN,KGS,3,2224.0,DEU,GRC
CGN,KLU,2,706.0,DEU,AUT
CGN,KTW,1,841.0,DEU,POL
CGN,KVA,1,1740.0,DEU,GRC
CGN,LEJ,1,361.0,DEU,DEU
CGN,LGW,1,514.0,DEU,ENG
CGN,LHR,1,534.0,DEU,ENG
CGN,LIS,1,1850.0,DEU,PRX
CGN,LPA,4,3175.0,DEU,ESP
CGN,MAH,1,1244.0,DEU,ESP
CGN,MAN,1,699.0,DEU,ENG
CGN,MUC,3,436.0,DEU,DEU
CGN,MXP,1,594.0,DEU,ITA
CGN,NAP,1,1239.0,DEU,ITA
CGN,NBE,1,1666.0,DEU,TUN
CGN,NCE,1,801.0,DEU,FXX
CGN,NDR,2,1946.0,DEU,MAR
CGN,OLB,3,1123.0,DEU,ITA
CGN,OSL,1,1058.0,DEU,NOW
CGN,PMI,5,1304.0,DEU,ESP
CGN,PMO,1,1487.0,DEU,ITA
CGN,PRG,1,510.0,DEU,CZE
CGN,PSA,1,835.0,DEU,ITA
CGN,PUY,1,834.0,DEU,HRV
CGN,RAK,1,2478.0,DEU,MAR
CGN,RHO,2,2314.0,DEU,GRC
CGN,RJK,1,836.0,DEU,HRV
CGN,RLG,1,486.0,DEU,DEU
CGN,SAW,3,2030.0,DEU,TUR
CGN,SJJ,1,1148.0,DEU,BHF
CGN,SKG,1,1677.0,DEU,GRC
CGN,SKP,1,1483.0,DEU,MKD
CGN,SPU,1,1067.0,DEU,HRV
CGN,STN,1,492.0,DEU,ENG
CGN,SUF,1,1508.0,DEU,ITA
CGN,SZG,2,545.0,DEU,AUT
CGN,TFS,4,3224.0,DEU,ESP
CGN,TLV,1,3088.0,DEU,ISR
CGN,TUN,1,1578.0,DEU,TUN
CGN,TXL,5,463.0,DEU,DEU
CGN,VCE,1,710.0,DEU,ITA
CGN,VIE,3,746.0,DEU,AUT
CGN,VRN,1,669.0,DEU,ITA
CGN,WAW,1,966.0,DEU,POL
CGN,XRY,1,1888.0,DEU,ESP
CGN,ZAD,1,971.0,DEU,HRV
CGN,ZAG,1,871.0,DEU,HRV
CGN,ZRH,2,392.0,DEU,CHE
CGO,BAV,2,752.0,CHN,CHN
CGO,BHY,1,1510.0,CHN,CHN
CGO,BKK,1,2665.0,CHN,THA
CGO,CAN,4,1238.0,CHN,CHN
CGO,CGQ,3,1463.0,CHN,CHN
CGO,CJU,1,1171.0,CHN,KOR
CGO,CKG,6,862.0,CHN,CHN
CGO,CTU,5,1025.0,CHN,CHN
CGO,DLC,6,845.0,CHN,CHN
CGO,DSN,2,656.0,CHN,CHN
CGO,FOC,4,1106.0,CHN,CHN
CGO,HAK,5,1656.0,CHN,CHN
CGO,HET,3,726.0,CHN,CHN
CGO,HFE,1,443.0,CHN,CHN
CGO,HGH,10,781.0,CHN,CHN
CGO,HKG,3,1358.0,CHN,HKG
CGO,HMI,1,1973.0,CHN,CHN
CGO,HRB,7,1621.0,CHN,CHN
CGO,ICN,2,1180.0,CHN,KOR
CGO,JJN,1,1174.0,CHN,CHN
CGO,KHH,2,1471.0,CHN,TWN
CGO,KHN,1,658.0,CHN,CHN
CGO,KMG,7,1483.0,CHN,CHN
CGO,KRL,1,2540.0,CHN,CHN
CGO,KWE,7,1114.0,CHN,CHN
CGO,KWL,6,1097.0,CHN,CHN
CGO,LHW,4,951.0,CHN,CHN
CGO,LJG,1,1564.0,CHN,CHN
CGO,MFM,2,1376.0,CHN,MAC
CGO,MIG,2,915.0,CHN,CHN
CGO,NGB,1,887.0,CHN,CHN
CGO,NKG,1,560.0,CHN,CHN
CGO,NNG,4,1435.0,CHN,CHN
CGO,NNY,1,205.0,CHN,CHN
CGO,PEK,3,664.0,CHN,CHN
CGO,PVG,3,833.0,CHN,CHN
CGO,RMQ,1,1315.0,CHN,TWN
CGO,SHA,3,791.0,CHN,CHN
CGO,SHE,3,1156.0,CHN,CHN
CGO,SWA,1,1247.0,CHN,CHN
CGO,SYX,5,1856.0,CHN,CHN
CGO,SZX,4,1321.0,CHN,CHN
CGO,TAO,5,623.0,CHN,CHN
CGO,TNA,2,401.0,CHN,CHN
CGO,TPE,3,1268.0,CHN,TWN
CGO,TSN,4,599.0,CHN,CHN
CGO,URC,9,2486.0,CHN,CHN
CGO,UYN,1,572.0,CHN,CHN
CGO,WNZ,2,992.0,CHN,CHN
CGO,XMN,5,1184.0,CHN,CHN
CGO,XNN,5,1090.0,CHN,CHN
CGO,YIW,1,820.0,CHN,CHN
CGO,YTY,1,587.0,CHN,CHN
CGO,ZUH,2,1392.0,CHN,CHN
CGP,AUH,1,3791.0,BGD,ARE
CGP,BKK,1,1341.0,BGD,THA
CGP,CCU,2,349.0,BGD,IND
CGP,DAC,4,229.0,BGD,BGD
CGP,DWC,1,3736.0,BGD,ARE
CGP,DXB,1,3714.0,BGD,ARE
CGP,JED,1,5402.0,BGD,SAU
CGP,KUL,1,2418.0,BGD,MYS
CGP,MCT,3,3429.0,BGD,OMN
CGP,SHJ,1,3698.0,BGD,ARE
CGQ,CAN,3,2555.0,CHN,CHN
CGQ,CGO,3,1463.0,CHN,CHN
CGQ,CJU,1,1168.0,CHN,KOR
CGQ,CKG,1,2311.0,CHN,CHN
CGQ,CTU,2,2421.0,CHN,CHN
CGQ,FOC,1,2080.0,CHN,CHN
CGQ,HET,1,1189.0,CHN,CHN
CGQ,HFE,1,1543.0,CHN,CHN
CGQ,HGH,2,1599.0,CHN,CHN
CGQ,ICN,2,729.0,CHN,KOR
CGQ,KHN,1,1893.0,CHN,CHN
CGQ,NBS,1,265.0,CHN,CHN
CGQ,NGB,2,1619.0,CHN,CHN
CGQ,NKG,5,1487.0,CHN,CHN
CGQ,NRT,1,1549.0,CHN,JPN
CGQ,PEK,5,868.0,CHN,CHN
CGQ,PVG,5,1469.0,CHN,CHN
CGQ,SJW,1,1117.0,CHN,CHN
CGQ,SZX,2,2612.0,CHN,CHN
CGQ,TAO,5,970.0,CHN,CHN
CGQ,TNA,5,1068.0,CHN,CHN
CGQ,TPE,1,2142.0,CHN,TWN
CGQ,TSN,2,879.0,CHN,CHN
CGQ,TYN,1,1297.0,CHN,CHN
CGQ,WUH,3,1781.0,CHN,CHN
CGQ,XIY,1,1798.0,CHN,CHN
CGQ,YNJ,1,328.0,CHN,CHN
CGQ,YNT,3,818.0,CHN,CHN
CGR,BSB,3,877.0,BRA,BRA
CGR,CGB,3,557.0,BRA,BRA
CGR,CGH,2,897.0,BRA,BRA
CGR,CMG,1,353.0,BRA,BRA
CGR,CWB,1,795.0,BRA,BRA
CGR,DOU,1,195.0,BRA,BRA
CGR,GIG,1,1209.0,BRA,BRA
CGR,GRU,3,907.0,BRA,BRA
CGR,MGF,1,433.0,BRA,BRA
CGR,VCP,1,828.0,BRA,BRA
CGY,BCD,1,288.0,PHL,PHL
CGY,CEB,1,196.0,PHL,PHL
CGY,DVO,1,211.0,PHL,PHL
CGY,ILO,1,328.0,PHL,PHL
CGY,MNL,3,755.0,PHL,PHL
CHA,ATL,5,171.0,USA,USA
CHA,CLT,2,388.0,USA,USA
CHA,DCA,2,840.0,USA,USA
CHA,DFW,2,1116.0,USA,USA
CHA,DTW,1,814.0,USA,USA
CHA,ORD,2,807.0,USA,USA
CHA,PIE,1,827.0,USA,USA
CHA,SFB,1,790.0,USA,USA
CHC,AKL,2,746.0,NZL,NZL
CHC,BHE,1,245.0,NZL,NZL
CHC,BNE,2,2498.0,NZL,AUS
CHC,DUD,1,328.0,NZL,NZL
CHC,HKK,1,152.0,NZL,NZL
CHC,HLZ,1,668.0,NZL,NZL
CHC,IVC,1,464.0,NZL,NZL
CHC,MEL,3,2414.0,NZL,AUS
CHC,NPE,1,575.0,NZL,NZL
CHC,NPL,1,517.0,NZL,NZL
CHC,NSN,1,250.0,NZL,NZL
CHC,OOL,3,2407.0,NZL,AUS
CHC,PMR,1,435.0,NZL,NZL
CHC,PPQ,1,351.0,NZL,NZL
CHC,ROT,1,678.0,NZL,NZL
CHC,SIN,2,8403.0,NZL,SGP
CHC,SYD,7,2126.0,NZL,AUS
CHC,TRG,1,717.0,NZL,NZL
CHC,WLG,2,304.0,NZL,NZL
CHC,ZQN,1,347.0,NZL,NZL
CHG,DLC,1,301.0,CHN,CHN
CHG,PEK,2,362.0,CHN,CHN
CHO,ATL,3,735.0,USA,USA
CHO,CLT,2,394.0,USA,USA
CHO,IAD,1,125.0,USA,USA
CHO,LGA,3,491.0,USA,USA
CHO,ORD,2,910.0,USA,USA
CHO,PHL,2,338.0,USA,USA
CHQ,AMS,1,2411.0,GRC,NLX
CHQ,ARN,1,2720.0,GRC,SWE
CHQ,ATH,3,268.0,GRC,GRC
CHQ,BGO,1,3068.0,GRC,NOW
CHQ,BGY,1,1656.0,GRC,ITA
CHQ,BLL,1,2519.0,GRC,DNK
CHQ,BOH,1,2681.0,GRC,ENG
CHQ,BRE,1,2289.0,GRC,DEU
CHQ,BRS,1,2767.0,GRC,ENG
CHQ,BRU,1,2322.0,GRC,BFR
CHQ,CIA,1,1220.0,GRC,ITA
CHQ,CPH,1,2399.0,GRC,DNK
CHQ,CRL,1,2293.0,GRC,BWR
CHQ,DUB,1,3087.0,GRC,IRL
CHQ,DUS,1,2234.0,GRC,DEU
CHQ,EIN,1,2316.0,GRC,NLX
CHQ,EMA,1,2770.0,GRC,ENG
CHQ,FMM,1,1797.0,GRC,DEU
CHQ,HEL,1,2757.0,GRC,FIN
CHQ,HHN,1,2105.0,GRC,DEU
CHQ,KTW,1,1711.0,GRC,POL
CHQ,LBA,1,2853.0,GRC,ENG
CHQ,LGW,1,2603.0,GRC,ENG
CHQ,MRS,1,1841.0,GRC,FXX
CHQ,NRN,1,2289.0,GRC,DEU
CHQ,NYO,1,2640.0,GRC,SWE
CHQ,OSL,2,2892.0,GRC,NOW
CHQ,PFO,1,763.0,GRC,CYP
CHQ,RYG,1,2823.0,GRC,NOW
CHQ,SKG,3,564.0,GRC,GRC
CHQ,STN,1,2623.0,GRC,ENG
CHQ,TSF,1,1508.0,GRC,ITA
CHQ,VIE,3,1531.0,GRC,AUT
CHQ,VNO,1,2126.0,GRC,LTU
CHQ,WMI,1,1901.0,GRC,POL
CHQ,WRO,1,1826.0,GRC,POL
CHQ,ZTH,1,382.0,GRC,GRC
CHS,ATL,6,416.0,USA,USA
CHS,BNA,1,706.0,USA,USA
CHS,BOS,2,1318.0,USA,USA
CHS,BWI,2,761.0,USA,USA
CHS,CLE,1,960.0,USA,USA
CHS,CLT,2,271.0,USA,USA
CHS,DCA,2,715.0,USA,USA
CHS,DFW,2,1585.0,USA,USA
CHS,DTW,1,1076.0,USA,USA
CHS,EWR,1,1012.0,USA,USA
CHS,HOU,1,1491.0,USA,USA
CHS,IAD,1,711.0,USA,USA
CHS,IAH,1,1486.0,USA,USA
CHS,JFK,2,1025.0,USA,USA
CHS,LGA,1,1033.0,USA,USA
CHS,MDW,2,1199.0,USA,USA
CHS,MIA,2,790.0,USA,USA
CHS,ORD,1,1224.0,USA,USA
CHS,PHL,2,886.0,USA,USA
CHS,TPA,1,597.0,USA,USA
CHX,BOC,1,32.0,PAN,PAN
CHY,GZO,1,163.0,SLB,SLB
CIA,AGP,1,1575.0,ITA,ESP
CIA,AHO,1,383.0,ITA,ITA
CIA,BCN,1,876.0,ITA,ESP
CIA,BDS,1,465.0,ITA,ITA
CIA,BLL,1,1570.0,ITA,DNK
CIA,BOD,1,1127.0,ITA,FXX
CIA,BRI,1,355.0,ITA,ITA
CIA,BTS,1,796.0,ITA,SVK
CIA,BUD,1,818.0,ITA,HUN
CIA,BVA,1,1176.0,ITA,FXX
CIA,CAG,1,412.0,ITA,ITA
CIA,CFU,1,663.0,ITA,GRC
CIA,CHQ,1,1220.0,ITA,GRC
CIA,CIY,1,562.0,ITA,ITA
CIA,CLJ,1,1041.0,ITA,ROU
CIA,CRL,1,1148.0,ITA,BWR
CIA,DUB,1,1905.0,ITA,IRL
CIA,EDI,1,1949.0,ITA,SCT
CIA,EIN,1,1205.0,ITA,NLX
CIA,EMA,1,1609.0,ITA,ENG
CIA,FKB,1,852.0,ITA,DEU
CIA,FMM,1,713.0,ITA,DEU
CIA,GSE,1,1777.0,ITA,SWE
CIA,HHN,1,995.0,ITA,DEU
CIA,IBZ,1,1004.0,ITA,ESP
CIA,KIV,1,1415.0,ITA,MDA
CIA,KRK,1,1074.0,ITA,POL
CIA,KTW,1,1085.0,ITA,POL
CIA,MAD,1,1359.0,ITA,ESP
CIA,MAN,1,1695.0,ITA,ENG
CIA,MRS,1,630.0,ITA,FXX
CIA,NRN,1,1195.0,ITA,DEU
CIA,NYO,1,1913.0,ITA,SWE
CIA,OPO,1,1768.0,ITA,PRX
CIA,OTP,1,1135.0,ITA,ROU
CIA,PIK,1,1968.0,ITA,SCT
CIA,PMI,1,867.0,ITA,ESP
CIA,POZ,1,1223.0,ITA,POL
CIA,RAK,1,2152.0,ITA,MAR
CIA,RYG,1,1959.0,ITA,NOW
CIA,SDR,1,1353.0,ITA,ESP
CIA,SKG,1,880.0,ITA,GRC
CIA,STN,1,1459.0,ITA,ENG
CIA,SVQ,1,1653.0,ITA,ESP
CIA,TPS,1,432.0,ITA,ITA
CIA,TSR,1,831.0,ITA,ROU
CIA,VLC,1,1132.0,ITA,ESP
CIA,VNO,1,1703.0,ITA,LTU
CIA,WMI,1,1330.0,ITA,POL
CIA,WRO,1,1085.0,ITA,POL
CIC,SFO,1,246.0,USA,USA
CID,ATL,3,1118.0,USA,USA
CID,AZA,1,1992.0,USA,USA
CID,DEN,2,1112.0,USA,USA
CID,DFW,2,1104.0,USA,USA
CID,DTW,1,691.0,USA,USA
CID,LAS,1,2119.0,USA,USA
CID,MSP,1,355.0,USA,USA
CID,ORD,3,315.0,USA,USA
CID,PGD,1,1885.0,USA,USA
CID,PIE,1,1756.0,USA,USA
CID,SFB,1,1737.0,USA,USA
CIF,BAV,1,766.0,CHN,CHN
CIF,DLC,1,426.0,CHN,CHN
CIF,HET,3,609.0,CHN,CHN
CIF,HLD,1,778.0,CHN,CHN
CIF,HRB,1,698.0,CHN,CHN
CIF,NAY,2,345.0,CHN,CHN
CIF,NKG,1,1167.0,CHN,CHN
CIF,PEK,2,309.0,CHN,CHN
CIF,SHE,1,384.0,CHN,CHN
CIF,TSN,2,370.0,CHN,CHN
CIH,CAN,1,1430.0,CHN,CHN
CIH,CTU,2,1059.0,CHN,CHN
CIH,DAT,1,425.0,CHN,CHN
CIH,HAK,1,1832.0,CHN,CHN
CIH,NAY,2,486.0,CHN,CHN
CIH,PEK,2,522.0,CHN,CHN
CIH,SHA,1,944.0,CHN,CHN
CIH,TSN,1,490.0,CHN,CHN
CIH,TYN,3,172.0,CHN,CHN
CIH,WUH,1,616.0,CHN,CHN
CIH,XMN,1,1386.0,CHN,CHN
CIJ,CBB,1,763.0,BOL,BOL
CIJ,TDD,1,593.0,BOL,BOL
CIK,FAI,1,277.0,USA,USA
CIK,FYU,1,67.0,USA,USA
CIP,LUN,1,487.0,ZMB,ZMB
CIT,ALA,2,626.0,KAZ,KAZ
CIT,DME,1,2691.0,KAZ,RUS
CIT,LED,1,3280.0,KAZ,RUS
CIT,OVB,1,1701.0,KAZ,RUS
CIT,SCO,1,1499.0,KAZ,KAZ
CIT,SHJ,1,2285.0,KAZ,ARE
CIT,TSE,2,974.0,KAZ,KAZ
CIT,VKO,1,2736.0,KAZ,RUS
CIU,DTW,1,458.0,USA,USA
CIX,LIM,1,654.0,PER,PER
CIY,CIA,1,562.0,ITA,ITA
CIY,CRL,1,1701.0,ITA,BWR
CIY,DUB,1,2434.0,ITA,IRL
CIY,HHN,1,1556.0,ITA,DEU
CIY,KUN,1,2124.0,ITA,LTU
CIY,LIN,1,1039.0,ITA,ITA
CIY,PSA,1,825.0,ITA,ITA
CIY,STN,1,2003.0,ITA,ENG
CIZ,MAO,1,363.0,BRA,BRA
CJA,LIM,2,563.0,PER,PER
CJB,BLR,2,252.0,IND,IND
CJB,BOM,5,1002.0,IND,IND
CJB,CCJ,1,119.0,IND,IND
CJB,DEL,1,1950.0,IND,IND
CJB,HYD,1,706.0,IND,IND
CJB,MAA,4,404.0,IND,IND
CJB,SHJ,1,2767.0,IND,ARE
CJB,SIN,2,3164.0,IND,SGP
CJC,ANF,1,190.0,CHL,CHL
CJC,CPO,1,562.0,CHL,CHL
CJC,LSC,2,856.0,CHL,CHL
CJC,SCL,2,1225.0,CHL,CHL
CJJ,CJU,4,368.0,KOR,KOR
CJJ,HGH,2,974.0,KOR,CHN
CJJ,PEK,2,1021.0,KOR,CHN
CJJ,SHE,1,647.0,KOR,CHN
CJL,ISB,1,276.0,PAK,PAK
CJL,PEW,1,212.0,PAK,PAK
CJM,DMK,1,381.0,THA,THA
CJS,CUU,1,329.0,MEX,MEX
CJS,GDL,2,1274.0,MEX,MEX
CJS,HMO,1,525.0,MEX,MEX
CJS,MEX,3,1543.0,MEX,MEX
CJS,MTY,3,896.0,MEX,MEX
CJS,TIJ,2,998.0,MEX,MEX
CJU,CGO,1,1171.0,KOR,CHN
CJU,CGQ,1,1168.0,KOR,CHN
CJU,CJJ,4,368.0,KOR,KOR
CJU,CSX,2,1397.0,KOR,CHN
CJU,DLC,1,752.0,KOR,CHN
CJU,FOC,1,1069.0,KOR,CHN
CJU,FUK,2,367.0,KOR,JPN
CJU,GMP,6,451.0,KOR,KOR
CJU,HIN,2,228.0,KOR,KOR
CJU,HKG,2,1752.0,KOR,HKG
CJU,HRB,1,1347.0,KOR,CHN
CJU,ICN,2,440.0,KOR,KOR
CJU,KIX,2,813.0,KOR,JPN
CJU,KPO,1,384.0,KOR,KOR
CJU,KUV,2,266.0,KOR,KOR
CJU,KWJ,2,182.0,KOR,KOR
CJU,MWX,1,165.0,KOR,KOR
CJU,NGB,1,628.0,KOR,CHN
CJU,NGO,1,960.0,KOR,JPN
CJU,NRT,2,1294.0,KOR,JPN
CJU,PEK,2,1144.0,KOR,CHN
CJU,PUS,3,291.0,KOR,KOR
CJU,PVG,4,513.0,KOR,CHN
CJU,RSU,1,181.0,KOR,KOR
CJU,SHE,1,942.0,KOR,CHN
CJU,SZX,1,1732.0,KOR,CHN
CJU,TAE,3,331.0,KOR,KOR
CJU,TPE,1,1067.0,KOR,TWN
CJU,TSN,2,1029.0,KOR,CHN
CJU,USN,1,349.0,KOR,KOR
CJU,WJU,1,457.0,KOR,KOR
CJU,WNZ,1,823.0,KOR,CHN
CJU,XMN,1,1286.0,KOR,CHN
CKB,IAD,1,242.0,USA,USA
CKB,MGW,1,47.0,USA,USA
CKB,SFB,1,1173.0,USA,USA
CKG,ACX,1,541.0,CHN,CHN
CKG,AEB,1,668.0,CHN,CHN
CKG,AQG,1,1005.0,CHN,CHN
CKG,AVA,1,392.0,CHN,CHN
CKG,BFJ,1,296.0,CHN,CHN
CKG,BHY,2,948.0,CHN,CHN
CKG,BKK,2,1884.0,CHN,THA
CKG,CAN,8,966.0,CHN,CHN
CKG,CGO,6,862.0,CHN,CHN
CKG,CGQ,1,2311.0,CHN,CHN
CKG,CNX,1,1444.0,CHN,THA
CKG,CSX,6,662.0,CHN,CHN
CKG,CTU,1,276.0,CHN,CHN
CKG,CZX,2,1277.0,CHN,CHN
CKG,DLC,1,1707.0,CHN,CHN
CKG,DMK,1,1864.0,CHN,THA
CKG,DOH,1,5401.0,CHN,QAT
CKG,DOY,1,1417.0,CHN,CHN
CKG,DSN,1,1125.0,CHN,CHN
CKG,DYG,2,374.0,CHN,CHN
CKG,ENY,1,815.0,CHN,CHN
CKG,FOC,3,1347.0,CHN,CHN
CKG,HAK,5,1154.0,CHN,CHN
CKG,HDG,1,1047.0,CHN,CHN
CKG,HEL,1,6724.0,CHN,FIN
CKG,HET,1,1324.0,CHN,CHN
CKG,HFE,2,1043.0,CHN,CHN
CKG,HGH,6,1329.0,CHN,CHN
CKG,HIA,1,1263.0,CHN,CHN
CKG,HKG,5,1098.0,CHN,HKG
CKG,HKT,2,2555.0,CHN,THA
CKG,HYN,2,1441.0,CHN,CHN
CKG,ICN,2,2022.0,CHN,KOR
CKG,JHG,1,1043.0,CHN,CHN
CKG,JIQ,1,213.0,CHN,CHN
CKG,JZH,3,448.0,CHN,CHN
CKG,KHH,1,1580.0,CHN,TWN
CKG,KHN,4,903.0,CHN,CHN
CKG,KMG,9,631.0,CHN,CHN
CKG,KRL,1,2272.0,CHN,CHN
CKG,KWE,5,354.0,CHN,CHN
CKG,KWL,6,602.0,CHN,CHN
CKG,LHW,3,806.0,CHN,CHN
CKG,LJG,7,712.0,CHN,CHN
CKG,LXA,8,1522.0,CHN,CHN
CKG,LYA,1,777.0,CHN,CHN
CKG,LZH,1,671.0,CHN,CHN
CKG,MFM,2,1091.0,CHN,MAC
CKG,NAY,2,1428.0,CHN,CHN
CKG,NGB,3,1429.0,CHN,CHN
CKG,NKG,5,1189.0,CHN,CHN
CKG,NNG,4,805.0,CHN,CHN
CKG,PEK,6,1464.0,CHN,CHN
CKG,PVG,7,1461.0,CHN,CHN
CKG,PZI,1,592.0,CHN,CHN
CKG,SHA,7,1417.0,CHN,CHN
CKG,SHE,1,2011.0,CHN,CHN
CKG,SIN,2,3167.0,CHN,SGP
CKG,SJW,4,1206.0,CHN,CHN
CKG,SWA,1,1195.0,CHN,CHN
CKG,SYD,1,8485.0,CHN,AUS
CKG,SYX,5,1300.0,CHN,CHN
CKG,SZX,6,1063.0,CHN,CHN
CKG,TAO,3,1471.0,CHN,CHN
CKG,TNA,5,1262.0,CHN,CHN
CKG,TPE,2,1529.0,CHN,TWN
CKG,TSA,2,1559.0,CHN,TWN
CKG,TSN,7,1432.0,CHN,CHN
CKG,TXN,2,1121.0,CHN,CHN
CKG,TYN,3,1050.0,CHN,CHN
CKG,URC,6,2313.0,CHN,CHN
CKG,WNZ,5,1398.0,CHN,CHN
CKG,WUH,6,736.0,CHN,CHN
CKG,WUS,2,1130.0,CHN,CHN
CKG,WUX,4,1333.0,CHN,CHN
CKG,XFN,1,603.0,CHN,CHN
CKG,XIC,1,475.0,CHN,CHN
CKG,XIY,10,562.0,CHN,CHN
CKG,XMN,5,1273.0,CHN,CHN
CKG,XNN,7,869.0,CHN,CHN
CKG,XUZ,1,1137.0,CHN,CHN
CKG,YCU,1,728.0,CHN,CHN
CKG,YIH,3,474.0,CHN,CHN
CKG,YTY,2,1283.0,CHN,CHN
CKG,ZAT,1,388.0,CHN,CHN
CKG,ZHA,1,1016.0,CHN,CHN
CKG,ZUH,3,1090.0,CHN,CHN
CKH,YKS,2,1236.0,RUS,RUS
CKS,BEL,1,553.0,BRA,BRA
CKS,CNF,1,1637.0,BRA,BRA
CKS,MAB,2,127.0,BRA,BRA
CKY,ABJ,2,1171.0,GIN,CIV
CKY,BKO,2,700.0,GIN,MLI
CKY,CDG,1,4636.0,GIN,FXX
CKY,CMN,1,2716.0,GIN,MAR
CKY,DKR,8,712.0,GIN,SEN
CKY,LFW,1,1681.0,GIN,TGO
CKY,NKC,1,1004.0,GIN,MRT
CKY,OXB,2,341.0,GIN,GNB
CKZ,ESB,1,558.0,TUR,TUR
CLD,LAX,1,138.0,USA,USA
CLE,ALB,1,680.0,USA,USA
CLE,ATL,6,894.0,USA,USA
CLE,AUS,1,1889.0,USA,USA
CLE,BFD,1,270.0,USA,USA
CLE,BNA,2,721.0,USA,USA
CLE,BOS,1,903.0,USA,USA
CLE,BUF,1,308.0,USA,USA
CLE,BWI,2,505.0,USA,USA
CLE,CHS,1,960.0,USA,USA
CLE,CLT,3,694.0,USA,USA
CLE,CMH,1,180.0,USA,USA
CLE,CUN,2,2314.0,USA,MEX
CLE,DAY,1,261.0,USA,USA
CLE,DCA,1,498.0,USA,USA
CLE,DEN,3,1928.0,USA,USA
CLE,DFW,3,1642.0,USA,USA
CLE,DTW,1,153.0,USA,USA
CLE,DUJ,1,248.0,USA,USA
CLE,ERI,1,158.0,USA,USA
CLE,EWR,1,649.0,USA,USA
CLE,FKL,1,166.0,USA,USA
CLE,FLL,1,1713.0,USA,USA
CLE,FNT,1,233.0,USA,USA
CLE,GRR,1,344.0,USA,USA
CLE,GSP,1,725.0,USA,USA
CLE,IAD,1,463.0,USA,USA
CLE,IAH,1,1756.0,USA,USA
CLE,IND,1,420.0,USA,USA
CLE,JFK,3,682.0,USA,USA
CLE,JHW,1,230.0,USA,USA
CLE,LAS,2,2929.0,USA,USA
CLE,LAX,1,3296.0,USA,USA
CLE,LGA,2,672.0,USA,USA
CLE,MCI,1,1114.0,USA,USA
CLE,MCO,1,1444.0,USA,USA
CLE,MDW,2,492.0,USA,USA
CLE,MIA,2,1743.0,USA,USA
CLE,MKE,1,527.0,USA,USA
CLE,MSP,2,999.0,USA,USA
CLE,MSY,1,1478.0,USA,USA
CLE,ORD,3,507.0,USA,USA
CLE,PBI,1,1646.0,USA,USA
CLE,PHL,2,583.0,USA,USA
CLE,PHX,1,2791.0,USA,USA
CLE,PKB,1,232.0,USA,USA
CLE,PUJ,1,2845.0,USA,DOM
CLE,RIC,1,583.0,USA,USA
CLE,ROC,1,393.0,USA,USA
CLE,RSW,1,1654.0,USA,USA
CLE,SDF,1,490.0,USA,USA
CLE,SFO,1,3470.0,USA,USA
CLE,STL,1,783.0,USA,USA
CLE,SYR,1,509.0,USA,USA
CLE,TPA,1,1495.0,USA,USA
CLE,TTN,1,605.0,USA,USA
CLE,YYZ,2,311.0,USA,CAN
CLJ,BCN,1,1825.0,ROU,ESP
CLJ,BGY,1,1081.0,ROU,ITA
CLJ,BLQ,1,994.0,ROU,ITA
CLJ,BVA,1,1623.0,ROU,FXX
CLJ,CIA,1,1041.0,ROU,ITA
CLJ,CRL,1,1467.0,ROU,BWR
CLJ,DTM,1,1279.0,ROU,DEU
CLJ,EIN,1,1425.0,ROU,NLX
CLJ,LTN,1,1823.0,ROU,ENG
CLJ,MAD,1,2289.0,ROU,ESP
CLJ,MUC,1,909.0,ROU,DEU
CLJ,OTP,2,309.0,ROU,ROU
CLJ,PRG,2,786.0,ROU,CZE
CLJ,TLV,1,1900.0,ROU,ISR
CLJ,TSF,1,892.0,ROU,ITA
CLJ,VIE,2,555.0,ROU,AUT
CLJ,VLC,1,2111.0,ROU,ESP
CLJ,ZAZ,1,2041.0,ROU,ESP
CLL,DFW,2,264.0,USA,USA
CLL,IAH,1,119.0,USA,USA
CLM,BFI,1,111.0,USA,USA
CLO,ADZ,2,1164.0,COL,COL
CLO,BAQ,1,836.0,COL,COL
CLO,BOG,6,279.0,COL,COL
CLO,CTG,1,773.0,COL,COL
CLO,ESM,1,460.0,COL,ECU
CLO,GPI,2,200.0,COL,COL
CLO,GYE,2,744.0,COL,ECU
CLO,LIM,1,1733.0,COL,PER
CLO,MAD,1,8303.0,COL,ESP
CLO,MDE,1,310.0,COL,COL
CLO,MIA,5,2509.0,COL,USA
CLO,PSO,1,259.0,COL,COL
CLO,PTY,1,698.0,COL,PAN
CLO,PUU,1,338.0,COL,COL
CLO,SAL,1,1774.0,COL,SLV
CLO,TCO,1,326.0,COL,COL
CLO,UIB,1,241.0,COL,COL
CLO,UIO,1,464.0,COL,ECU
CLQ,MEX,2,473.0,MEX,MEX
CLQ,TIJ,1,1989.0,MEX,MEX
CLT,ABE,2,773.0,USA,USA
CLT,AGS,2,225.0,USA,USA
CLT,ALB,2,1040.0,USA,USA
CLT,ANU,2,2763.0,USA,ACA
CLT,ATL,8,365.0,USA,USA
CLT,AUA,2,2754.0,USA,ABW
CLT,AUS,2,1659.0,USA,USA
CLT,AVL,2,147.0,USA,USA
CLT,AVP,2,819.0,USA,USA
CLT,BDL,2,1036.0,USA,USA
CLT,BHM,2,564.0,USA,USA
CLT,BNA,2,528.0,USA,USA
CLT,BOS,3,1171.0,USA,USA
CLT,BTR,2,1085.0,USA,USA
CLT,BUF,2,880.0,USA,USA
CLT,BWI,4,581.0,USA,USA
CLT,BZE,2,2096.0,USA,BLZ
CLT,CAE,2,143.0,USA,USA
CLT,CAK,2,636.0,USA,USA
CLT,CDG,2,6701.0,USA,FXX
CLT,CHA,2,388.0,USA,USA
CLT,CHO,2,394.0,USA,USA
CLT,CHS,2,271.0,USA,USA
CLT,CLE,3,694.0,USA,USA
CLT,CMH,2,559.0,USA,USA
CLT,CRW,2,356.0,USA,USA
CLT,CUN,2,1679.0,USA,MEX
CLT,CUR,1,2830.0,USA,CUW
CLT,CVG,3,539.0,USA,USA
CLT,CZM,2,1735.0,USA,MEX
CLT,DAB,2,671.0,USA,USA
CLT,DAY,2,596.0,USA,USA
CLT,DCA,2,533.0,USA,USA
CLT,DEN,2,2148.0,USA,USA
CLT,DFW,2,1503.0,USA,USA
CLT,DSM,2,1311.0,USA,USA
CLT,DTW,3,806.0,USA,USA
CLT,DUB,2,5973.0,USA,IRL
CLT,EWN,2,355.0,USA,USA
CLT,EWR,3,850.0,USA,USA
CLT,FAY,2,189.0,USA,USA
CLT,FCO,2,7726.0,USA,ITA
CLT,FLL,2,1019.0,USA,USA
CLT,FLO,2,160.0,USA,USA
CLT,FPO,2,986.0,USA,BHS
CLT,FRA,2,7059.0,USA,DEU
CLT,GCM,2,1771.0,USA,CYM
CLT,GIG,1,7576.0,USA,BRA
CLT,GNV,2,627.0,USA,USA
CLT,GPT,2,928.0,USA,USA
CLT,GRU,2,7464.0,USA,BRA
CLT,GSO,2,134.0,USA,USA
CLT,GSP,2,121.0,USA,USA
CLT,HHH,2,333.0,USA,USA
CLT,HOU,1,1479.0,USA,USA
CLT,HPN,2,907.0,USA,USA
CLT,HSV,2,535.0,USA,USA
CLT,HTS,2,379.0,USA,USA
CLT,IAD,3,517.0,USA,USA
CLT,IAH,3,1467.0,USA,USA
CLT,ILM,2,297.0,USA,USA
CLT,IND,2,688.0,USA,USA
CLT,JAN,2,903.0,USA,USA
CLT,JAX,2,529.0,USA,USA
CLT,JFK,4,871.0,USA,USA
CLT,LAS,2,3077.0,USA,USA
CLT,LAX,2,3413.0,USA,USA
CLT,LEX,2,453.0,USA,USA
CLT,LGA,3,875.0,USA,USA
CLT,LHR,2,6409.0,USA,ENG
CLT,LIR,2,2777.0,USA,CRI
CLT,LIT,2,1029.0,USA,USA
CLT,LUK,1,531.0,USA,USA
CLT,LYH,2,282.0,USA,USA
CLT,MBJ,2,1882.0,USA,JAM
CLT,MCI,2,1299.0,USA,USA
CLT,MCO,4,755.0,USA,USA
CLT,MDT,2,664.0,USA,USA
CLT,MDW,2,940.0,USA,USA
CLT,MEM,2,821.0,USA,USA
CLT,MEX,2,2499.0,USA,MEX
CLT,MGM,2,599.0,USA,USA
CLT,MHT,2,1186.0,USA,USA
CLT,MIA,2,1049.0,USA,USA
CLT,MKE,2,1048.0,USA,USA
CLT,MLB,2,791.0,USA,USA
CLT,MOB,2,846.0,USA,USA
CLT,MSP,3,1496.0,USA,USA
CLT,MSY,2,1047.0,USA,USA
CLT,MUC,1,7351.0,USA,DEU
CLT,MYR,2,251.0,USA,USA
CLT,NAS,2,1180.0,USA,BHS
CLT,OAJ,2,306.0,USA,USA
CLT,OMA,2,1468.0,USA,USA
CLT,ORD,3,965.0,USA,USA
CLT,ORF,2,465.0,USA,USA
CLT,PBI,2,952.0,USA,USA
CLT,PDX,2,3664.0,USA,USA
CLT,PGV,2,326.0,USA,USA
CLT,PHF,2,453.0,USA,USA
CLT,PHL,2,721.0,USA,USA
CLT,PHX,2,2848.0,USA,USA
CLT,PIT,2,590.0,USA,USA
CLT,PLS,2,1716.0,USA,TCA
CLT,PNS,2,786.0,USA,USA
CLT,PUJ,2,2228.0,USA,DOM
CLT,PVD,2,1100.0,USA,USA
CLT,PWM,2,1307.0,USA,USA
CLT,RDU,2,209.0,USA,USA
CLT,RIC,2,412.0,USA,USA
CLT,ROA,2,250.0,USA,USA
CLT,ROC,2,923.0,USA,USA
CLT,RSW,2,968.0,USA,USA
CLT,SAN,2,3335.0,USA,USA
CLT,SAT,2,1760.0,USA,USA
CLT,SAV,2,344.0,USA,USA
CLT,SBY,2,596.0,USA,USA
CLT,SDF,2,539.0,USA,USA
CLT,SEA,2,3660.0,USA,USA
CLT,SFO,2,3687.0,USA,USA
CLT,SJD,2,3084.0,USA,MEX
CLT,SJO,3,2824.0,USA,CRI
CLT,SJU,2,2376.0,USA,PRI
CLT,SLC,3,2774.0,USA,USA
CLT,SMF,2,3603.0,USA,USA
CLT,SRQ,2,883.0,USA,USA
CLT,STL,2,924.0,USA,USA
CLT,STT,2,2449.0,USA,VIR
CLT,SXM,2,2597.0,USA,SXM
CLT,SYR,2,972.0,USA,USA
CLT,TLH,2,623.0,USA,USA
CLT,TPA,2,819.0,USA,USA
CLT,TRI,2,193.0,USA,USA
CLT,TTN,1,779.0,USA,USA
CLT,TYS,2,284.0,USA,USA
CLT,UVF,2,3117.0,USA,LCA
CLT,VPS,2,740.0,USA,USA
CLT,XNA,2,1211.0,USA,USA
CLT,YOW,2,1209.0,USA,CAN
CLT,YUL,2,1292.0,USA,CAN
CLT,YYZ,3,948.0,USA,CAN
CLV,CGH,1,687.0,BRA,BRA
CLV,VCP,1,607.0,BRA,BRA
CLY,BOD,1,806.0,FXX,FXX
CLY,CDG,1,868.0,FXX,FXX
CLY,CGN,2,936.0,FXX,DEU
CLY,DUS,1,987.0,FXX,DEU
CLY,FMM,2,618.0,FXX,DEU
CLY,LUX,1,814.0,FXX,LUX
CLY,MRS,3,308.0,FXX,FXX
CLY,NCE,3,180.0,FXX,FXX
CLY,NTE,2,967.0,FXX,FXX
CLY,ORY,2,850.0,FXX,FXX
CLY,SZG,2,672.0,FXX,AUT
CMA,SGO,1,292.0,AUS,AUS
CMA,XTG,1,178.0,AUS,AUS
CMB,AUH,5,3300.0,LKA,ARE
CMB,BAH,2,3752.0,LKA,BHR
CMB,BKK,4,2392.0,LKA,THA
CMB,BLR,2,710.0,LKA,IND
CMB,BOM,4,1526.0,LKA,IND
CMB,CDG,1,8483.0,LKA,FXX
CMB,CGK,2,3318.0,LKA,IDN
CMB,COK,2,506.0,LKA,IND
CMB,DAC,2,2166.0,LKA,BGD
CMB,DEL,3,2396.0,LKA,IND
CMB,DME,1,6511.0,LKA,RUS
CMB,DMM,3,3835.0,LKA,SAU
CMB,DOH,2,3613.0,LKA,QAT
CMB,DWC,1,3284.0,LKA,ARE
CMB,DXB,3,3288.0,LKA,ARE
CMB,FCO,3,7630.0,LKA,ITA
CMB,FRA,1,8066.0,LKA,DEU
CMB,GAN,1,1151.0,LKA,MDV
CMB,GIU,1,127.0,LKA,LKA
CMB,HRI,2,169.0,LKA,LKA
CMB,ICN,1,5768.0,LKA,KOR
CMB,IXM,3,355.0,LKA,IND
CMB,JED,3,4654.0,LKA,SAU
CMB,KCT,1,141.0,LKA,LKA
CMB,KHI,2,2391.0,LKA,PAK
CMB,KMG,1,3156.0,LKA,CHN
CMB,KUL,4,2467.0,LKA,MYS
CMB,KWI,3,4142.0,LKA,KWT
CMB,LHR,1,8715.0,LKA,ENG
CMB,MAA,4,647.0,LKA,IND
CMB,MCT,3,2940.0,LKA,OMN
CMB,MLE,10,778.0,LKA,MDV
CMB,NRT,1,6894.0,LKA,JPN
CMB,PEK,1,5164.0,LKA,CHN
CMB,PVG,1,5099.0,LKA,CHN
CMB,RUH,3,4040.0,LKA,SAU
CMB,SEZ,2,3008.0,LKA,SYC
CMB,SHJ,3,3280.0,LKA,ARE
CMB,SIN,5,2750.0,LKA,SGP
CMB,TRV,2,357.0,LKA,IND
CMB,TRZ,2,419.0,LKA,IND
CME,IAH,1,1310.0,MEX,USA
CME,MEX,2,769.0,MEX,MEX
CMG,CGR,1,353.0,BRA,BRA
CMH,ATL,8,720.0,USA,USA
CMH,BNA,1,543.0,USA,USA
CMH,BOS,1,1028.0,USA,USA
CMH,BWI,2,541.0,USA,USA
CMH,CLE,1,180.0,USA,USA
CMH,CLT,2,559.0,USA,USA
CMH,DCA,2,519.0,USA,USA
CMH,DEN,2,1853.0,USA,USA
CMH,DFW,2,1489.0,USA,USA
CMH,DTW,1,249.0,USA,USA
CMH,EWR,1,743.0,USA,USA
CMH,FLL,1,1569.0,USA,USA
CMH,FPO,1,1544.0,USA,BHS
CMH,IAD,1,481.0,USA,USA
CMH,IAH,1,1586.0,USA,USA
CMH,JFK,3,776.0,USA,USA
CMH,LAS,1,2843.0,USA,USA
CMH,LAX,4,3204.0,USA,USA
CMH,LGA,3,768.0,USA,USA
CMH,MCO,2,1295.0,USA,USA
CMH,MDW,2,454.0,USA,USA
CMH,MIA,2,1598.0,USA,USA
CMH,MSP,1,1006.0,USA,USA
CMH,ORD,3,475.0,USA,USA
CMH,PHL,2,652.0,USA,USA
CMH,PHX,3,2683.0,USA,USA
CMH,RDU,1,582.0,USA,USA
CMH,RNO,1,3130.0,USA,USA
CMH,RSW,2,1501.0,USA,USA
CMH,STL,2,657.0,USA,USA
CMH,TPA,2,1337.0,USA,USA
CMH,YYZ,2,490.0,USA,CAN
CMI,DFW,2,1114.0,USA,USA
CMI,ORD,2,218.0,USA,USA
CMN,ABJ,1,3148.0,MAR,CIV
CMN,AGA,1,380.0,MAR,MAR
CMN,AGP,2,463.0,MAR,ESP
CMN,ALG,2,1050.0,MAR,DZA
CMN,AMS,2,2327.0,MAR,NLX
CMN,ARN,1,3468.0,MAR,SWE
CMN,AUH,3,6053.0,MAR,ARE
CMN,BCN,4,1227.0,MAR,ESP
CMN,BEN,2,2602.0,MAR,LBY
CMN,BEY,1,3960.0,MAR,LBN
CMN,BGY,1,2010.0,MAR,ITA
CMN,BJL,1,2409.0,MAR,GMB
CMN,BKO,1,2317.0,MAR,MLI
CMN,BLQ,2,2043.0,MAR,ITA
CMN,BOD,1,1404.0,MAR,FXX
CMN,BRU,3,2183.0,MAR,BFR
CMN,BZV,1,4824.0,MAR,COG
CMN,CAI,2,3684.0,MAR,EGY
CMN,CDG,6,1932.0,MAR,FXX
CMN,CKY,1,2716.0,MAR,GIN
CMN,COO,1,3175.0,MAR,BEN
CMN,CUF,1,1804.0,MAR,ITA
CMN,DKR,1,2299.0,MAR,SEN
CMN,DLA,1,3726.0,MAR,CMR
CMN,DOH,1,5734.0,MAR,QAT
CMN,DXB,1,6080.0,MAR,ARE
CMN,EUN,1,877.0,MAR,MAR
CMN,FCO,2,1976.0,MAR,ITA
CMN,FEZ,1,250.0,MAR,MAR
CMN,FIH,1,4847.0,MAR,COD
CMN,FNA,1,2812.0,MAR,SLE
CMN,FRA,2,2277.0,MAR,DEU
CMN,GRU,1,7540.0,MAR,BRA
CMN,GVA,1,1843.0,MAR,CHE
CMN,IST,2,3305.0,MAR,TUR
CMN,JED,3,4747.0,MAR,SAU
CMN,JFK,1,5795.0,MAR,USA
CMN,LAD,1,5186.0,MAR,AGO
CMN,LBV,1,4067.0,MAR,GAB
CMN,LFW,1,3160.0,MAR,TGO
CMN,LGW,2,2066.0,MAR,ENG
CMN,LHR,1,2094.0,MAR,ENG
CMN,LIS,2,618.0,MAR,PRX
CMN,LPA,2,959.0,MAR,ESP
CMN,LYS,3,1747.0,MAR,FXX
CMN,MAD,2,867.0,MAR,ESP
CMN,MPL,1,1514.0,MAR,FXX
CMN,MRS,1,1578.0,MAR,FXX
CMN,MUC,1,2318.0,MAR,DEU
CMN,MXP,2,1947.0,MAR,ITA
CMN,NCE,1,1718.0,MAR,FXX
CMN,NDR,1,457.0,MAR,MAR
CMN,NIM,1,2422.0,MAR,NER
CMN,NKC,2,1871.0,MAR,MRT
CMN,NSI,1,3849.0,MAR,CMR
CMN,NTE,1,1613.0,MAR,FXX
CMN,ORN,1,686.0,MAR,DZA
CMN,ORY,1,1897.0,MAR,FXX
CMN,OUA,1,2417.0,MAR,BFA
CMN,OUD,1,545.0,MAR,MAR
CMN,OUZ,1,1273.0,MAR,MRT
CMN,OXB,1,2525.0,MAR,GNB
CMN,OZZ,1,278.0,MAR,MAR
CMN,PNR,1,4715.0,MAR,COG
CMN,RAI,1,2602.0,MAR,CPV
CMN,RAK,1,200.0,MAR,MAR
CMN,RBA,1,109.0,MAR,MAR
CMN,ROB,1,3031.0,MAR,LBR
CMN,RUH,1,5295.0,MAR,SAU
CMN,SAW,1,3350.0,MAR,TUR
CMN,SSG,1,3702.0,MAR,GNQ
CMN,SVO,2,4243.0,MAR,RUS
CMN,SXB,1,2108.0,MAR,FXX
CMN,TFN,1,995.0,MAR,ESP
CMN,TIP,3,1933.0,MAR,LBY
CMN,TLS,3,1380.0,MAR,FXX
CMN,TNG,1,304.0,MAR,MAR
CMN,TRN,1,1852.0,MAR,ITA
CMN,TSF,1,2168.0,MAR,ITA
CMN,TTU,1,323.0,MAR,MAR
CMN,TUN,2,1664.0,MAR,TUN
CMN,TXL,1,2707.0,MAR,DEU
CMN,VIL,1,1346.0,MAR,MAR
CMN,VLC,2,931.0,MAR,ESP
CMN,YUL,1,5674.0,MAR,CAN
CMN,ZRH,1,2071.0,MAR,CHE
CMU,POM,1,454.0,PNX,PNX
CMW,HAV,1,501.0,CUB,CUB
CMW,YUL,1,2700.0,CUB,CAN
CMW,YYZ,1,2480.0,CUB,CAN
CMX,ORD,1,579.0,USA,USA
CND,IST,1,344.0,ROU,TUR
CNF,AEP,1,2186.0,BRA,ARG
CNF,BEL,1,2087.0,BRA,BRA
CNF,BPS,3,627.0,BRA,BRA
CNF,BSB,4,591.0,BRA,BRA
CNF,CGB,1,1360.0,BRA,BRA
CNF,CGH,2,524.0,BRA,BRA
CNF,CKS,1,1637.0,BRA,BRA
CNF,CPV,1,1627.0,BRA,BRA
CNF,CWB,1,846.0,BRA,BRA
CNF,FOR,1,1858.0,BRA,BRA
CNF,GIG,2,362.0,BRA,BRA
CNF,GRU,4,496.0,BRA,BRA
CNF,GYN,2,647.0,BRA,BRA
CNF,IMP,1,1612.0,BRA,BRA
CNF,IOS,1,749.0,BRA,BRA
CNF,IPN,1,156.0,BRA,BRA
CNF,IZA,1,226.0,BRA,BRA
CNF,LIS,1,7439.0,BRA,PRX
CNF,MAO,1,2540.0,BRA,BRA
CNF,MIA,3,6395.0,BRA,USA
CNF,MOC,2,325.0,BRA,BRA
CNF,POA,1,1362.0,BRA,BRA
CNF,PTY,1,5022.0,BRA,PAN
CNF,RAO,1,431.0,BRA,BRA
CNF,REC,2,1608.0,BRA,BRA
CNF,SDU,3,375.0,BRA,BRA
CNF,SLZ,1,1895.0,BRA,BRA
CNF,SSA,3,960.0,BRA,BRA
CNF,UBA,1,418.0,BRA,BRA
CNF,UDI,2,454.0,BRA,BRA
CNF,VCP,2,499.0,BRA,BRA
CNF,VDC,1,624.0,BRA,BRA
CNF,VIX,2,392.0,BRA,BRA
CNJ,BNE,3,1481.0,AUS,AUS
CNJ,ISA,1,106.0,AUS,AUS
CNJ,TSV,1,673.0,AUS,AUS
CNM,ABQ,1,371.0,USA,USA
CNP,OBY,1,38.0,GRL,GRL
CNS,ABM,1,750.0,AUS,AUS
CNS,ADL,1,2132.0,AUS,AUS
CNS,AKL,3,3619.0,AUS,NZL
CNS,ASP,1,1455.0,AUS,AUS
CNS,AUU,1,585.0,AUS,AUS
CNS,AYQ,1,1788.0,AUS,AUS
CNS,BNE,9,1391.0,AUS,AUS
CNS,CUQ,1,448.0,AUS,AUS
CNS,DRW,2,1675.0,AUS,AUS
CNS,EDR,1,495.0,AUS,AUS
CNS,GOV,2,1090.0,AUS,AUS
CNS,GTE,1,1047.0,AUS,AUS
CNS,GUM,1,3379.0,AUS,GUM
CNS,HID,1,794.0,AUS,AUS
CNS,HKG,3,5568.0,AUS,HKG
CNS,HTI,1,512.0,AUS,AUS
CNS,IRG,1,526.0,AUS,AUS
CNS,ISA,1,782.0,AUS,AUS
CNS,KIX,3,5813.0,AUS,JPN
CNS,KWM,1,455.0,AUS,AUS
CNS,MEL,4,2313.0,AUS,AUS
CNS,NRT,3,5882.0,AUS,JPN
CNS,NTN,1,505.0,AUS,AUS
CNS,OOL,1,1484.0,AUS,AUS
CNS,PER,1,3432.0,AUS,AUS
CNS,POM,2,843.0,AUS,PNX
CNS,RAB,1,1571.0,AUS,PNX
CNS,SYD,4,1973.0,AUS,AUS
CNS,TSV,1,284.0,AUS,AUS
CNS,WEI,2,623.0,AUS,AUS
CNX,BKK,11,597.0,THA,THA
CNX,CAN,1,1573.0,THA,CHN
CNX,CKG,1,1444.0,THA,CHN
CNX,DMK,2,568.0,THA,THA
CNX,HDY,1,1325.0,THA,THA
CNX,HGH,1,2512.0,THA,CHN
CNX,HGN,1,120.0,THA,THA
CNX,HKG,4,1605.0,THA,HKG
CNX,HKT,2,1187.0,THA,THA
CNX,ICN,3,3382.0,THA,KOR
CNX,KBV,1,1186.0,THA,THA
CNX,KMG,1,814.0,THA,CHN
CNX,KUL,1,1806.0,THA,MYS
CNX,LPQ,1,358.0,THA,LAO
CNX,MFM,1,1569.0,THA,MAC
CNX,NNT,1,192.0,THA,THA
CNX,PEK,1,2908.0,THA,CHN
CNX,PHS,1,261.0,THA,THA
CNX,PVG,3,2674.0,THA,CHN
CNX,PYY,1,87.0,THA,THA
CNX,RGN,1,364.0,THA,MMR
CNX,SIN,4,2013.0,THA,SGP
CNX,TPE,1,2398.0,THA,TWN
CNX,USM,1,1032.0,THA,THA
CNX,UTH,1,433.0,THA,THA
CNX,WUH,1,2034.0,THA,CHN
CNY,SLC,1,295.0,USA,USA
COD,DEN,1,630.0,USA,USA
COD,SLC,1,480.0,USA,USA
COK,AGX,1,468.0,IND,IND
COK,AUH,4,2795.0,IND,ARE
COK,BAH,1,3247.0,IND,BHR
COK,BLR,5,367.0,IND,IND
COK,BOM,7,1064.0,IND,IND
COK,CCJ,2,120.0,IND,IND
COK,CMB,2,506.0,IND,LKA
COK,DEL,2,2049.0,IND,IND
COK,DMM,2,3331.0,IND,SAU
COK,DOH,2,3108.0,IND,QAT
COK,DXB,4,2783.0,IND,ARE
COK,HYD,2,817.0,IND,IND
COK,KUL,3,2913.0,IND,MYS
COK,KWI,1,3637.0,IND,KWT
COK,MAA,5,518.0,IND,IND
COK,MCT,3,2434.0,IND,OMN
COK,MLE,1,735.0,IND,MDV
COK,PNQ,1,975.0,IND,IND
COK,RUH,1,3540.0,IND,SAU
COK,SHJ,4,2774.0,IND,ARE
COK,SIN,3,3202.0,IND,SGP
COK,TRV,3,194.0,IND,IND
COO,ABJ,8,709.0,BEN,CIV
COO,ABV,1,613.0,BEN,NGA
COO,ACC,1,294.0,BEN,GHA
COO,ADD,1,4022.0,BEN,ETH
COO,BKO,3,1325.0,BEN,MLI
COO,BSG,1,960.0,BEN,GNQ
COO,BZV,3,1853.0,BEN,COG
COO,CDG,1,4743.0,BEN,FXX
COO,DKR,2,2362.0,BEN,SEN
COO,DLA,4,853.0,BEN,CMR
COO,LBV,3,1019.0,BEN,GAB
COO,LFW,3,127.0,BEN,TGO
COO,LOS,2,106.0,BEN,NGA
COO,NBO,1,3928.0,BEN,KEN
COO,NIM,1,792.0,BEN,NER
COO,OUA,1,792.0,BEN,BFA
COO,PNR,4,1630.0,BEN,COG
COO,SSG,1,758.0,BEN,GNQ
COQ,HLD,1,398.0,MNG,CHN
COQ,NZH,1,253.0,MNG,CHN
COQ,ULN,2,587.0,MNG,MNG
COR,AEP,2,649.0,ARG,ARG
COR,BRC,1,1257.0,ARG,ARG
COR,EZE,1,656.0,ARG,ARG
COR,GRU,1,1955.0,ARG,BRA
COR,JUJ,1,776.0,ARG,ARG
COR,LIM,1,2522.0,ARG,PER
COR,MDZ,2,463.0,ARG,ARG
COR,PTY,1,4774.0,ARG,PAN
COR,ROS,1,367.0,ARG,ARG
COR,SCL,1,659.0,ARG,CHL
COR,SLA,1,730.0,ARG,ARG
COS,ATL,2,1903.0,USA,USA
COS,DEN,1,117.0,USA,USA
COS,DFW,2,953.0,USA,USA
COS,IAD,1,2350.0,USA,USA
COS,IAH,1,1302.0,USA,USA
COS,LAS,1,970.0,USA,USA
COS,LAX,1,1339.0,USA,USA
COS,ORD,1,1463.0,USA,USA
COS,SEA,1,1716.0,USA,USA
COS,SFO,1,1547.0,USA,USA
COS,SLC,1,659.0,USA,USA
COU,DFW,2,788.0,USA,USA
COU,ORD,2,507.0,USA,USA
CPC,AEP,1,1280.0,ARG,ARG
CPD,ADL,1,748.0,AUS,AUS
CPE,MEX,2,899.0,MEX,MEX
CPH,AAL,2,238.0,DNK,DNK
CPH,AAR,1,148.0,DNK,DNK
CPH,ABZ,1,929.0,DNK,SCT
CPH,ADB,1,2209.0,DNK,TUR
CPH,AES,1,857.0,DNK,NOW
CPH,AGP,4,2472.0,DNK,ESP
CPH,ALC,3,2165.0,DNK,ESP
CPH,AMS,6,633.0,DNK,NLX
CPH,ARN,3,547.0,DNK,SWE
CPH,ATH,2,2139.0,DNK,GRC
CPH,AYT,1,2489.0,DNK,TUR
CPH,BCN,4,1769.0,DNK,ESP
CPH,BEG,1,1317.0,DNK,SRS
CPH,BGO,2,680.0,DNK,NOW
CPH,BHX,1,1002.0,DNK,ENG
CPH,BIQ,1,1688.0,DNK,FXX
CPH,BKK,2,8637.0,DNK,THA
CPH,BLL,1,220.0,DNK,DNK
CPH,BLQ,1,1236.0,DNK,ITA
CPH,BOJ,1,1802.0,DNK,BGR
CPH,BRE,1,380.0,DNK,DEU
CPH,BRS,1,1118.0,DNK,ENG
CPH,BRU,4,754.0,DNK,BFR
CPH,BSL,1,960.0,DNK,FXX
CPH,BUD,2,1018.0,DNK,HUN
CPH,CAI,2,3197.0,DNK,EGY
CPH,CDG,4,1004.0,DNK,FXX
CPH,CHQ,1,2399.0,DNK,GRC
CPH,CMN,1,2926.0,DNK,MAR
CPH,CTA,1,2026.0,DNK,ITA
CPH,DOH,1,4610.0,DNK,QAT
CPH,DUB,3,1242.0,DNK,IRL
CPH,DUS,4,619.0,DNK,DEU
CPH,DXB,2,4818.0,DNK,ARE
CPH,EDI,2,1001.0,DNK,SCT
CPH,EIN,1,667.0,DNK,NLX
CPH,EWR,1,6207.0,DNK,USA
CPH,FAE,1,1344.0,DNK,FRO
CPH,FAO,1,2584.0,DNK,PRX
CPH,FCO,4,1537.0,DNK,ITA
CPH,FLL,1,7812.0,DNK,USA
CPH,FLR,2,1317.0,DNK,ITA
CPH,FRA,4,679.0,DNK,DEU
CPH,GDN,1,395.0,DNK,POL
CPH,GOT,1,229.0,DNK,SWE
CPH,GVA,4,1138.0,DNK,CHE
CPH,GZP,1,2611.0,DNK,TUR
CPH,HAJ,1,401.0,DNK,DEU
CPH,HAM,2,280.0,DNK,DEU
CPH,HAU,2,608.0,DNK,NOW
CPH,HEL,3,892.0,DNK,FIN
CPH,IAD,1,6539.0,DNK,USA
CPH,IST,2,1978.0,DNK,TUR
CPH,JFK,1,6189.0,DNK,USA
CPH,KEF,3,2144.0,DNK,ISL
CPH,KRK,1,779.0,DNK,POL
CPH,KRP,1,232.0,DNK,DNK
CPH,KRS,2,399.0,DNK,NOW
CPH,LAX,1,9029.0,DNK,USA
CPH,LBA,1,938.0,DNK,ENG
CPH,LED,1,1140.0,DNK,RUS
CPH,LGW,2,984.0,DNK,ENG
CPH,LHE,1,5421.0,DNK,PAK
CPH,LHR,3,980.0,DNK,ENG
CPH,LIN,1,1156.0,DNK,ITA
CPH,LIS,3,2472.0,DNK,PRX
CPH,LJU,2,1052.0,DNK,SVN
CPH,LPA,1,3805.0,DNK,ESP
CPH,LPI,1,360.0,DNK,SWE
CPH,LUX,2,795.0,DNK,LUX
CPH,MAD,3,2060.0,DNK,ESP
CPH,MAN,3,995.0,DNK,ENG
CPH,MLA,1,2202.0,DNK,MLT
CPH,MOL,1,849.0,DNK,NOW
CPH,MUC,2,810.0,DNK,DEU
CPH,MXP,2,1144.0,DNK,ITA
CPH,NCE,2,1385.0,DNK,FXX
CPH,NCL,1,908.0,DNK,ENG
CPH,NRT,1,8712.0,DNK,JPN
CPH,ORD,1,6854.0,DNK,USA
CPH,ORY,1,1037.0,DNK,FXX
CPH,OSL,6,510.0,DNK,NOW
CPH,OTP,1,1552.0,DNK,ROU
CPH,PEK,2,7194.0,DNK,CHN
CPH,PLQ,1,529.0,DNK,LTU
CPH,PMI,3,1931.0,DNK,ESP
CPH,POZ,1,448.0,DNK,POL
CPH,PRG,4,623.0,DNK,CZE
CPH,PRN,1,1571.0,DNK,KOS
CPH,PSA,1,1337.0,DNK,ITA
CPH,PVG,1,8277.0,DNK,CHN
CPH,RAK,1,3120.0,DNK,MAR
CPH,RIX,3,713.0,DNK,LVA
CPH,RNN,1,147.0,DNK,DNK
CPH,SAW,1,2038.0,DNK,TUR
CPH,SFJ,1,3429.0,DNK,GRL
CPH,SFO,1,8807.0,DNK,USA
CPH,SGD,1,195.0,DNK,DNK
CPH,SIN,2,9968.0,DNK,SGP
CPH,SJJ,1,1372.0,DNK,BHF
CPH,SKG,2,1841.0,DNK,GRC
CPH,SPU,2,1368.0,DNK,HRV
CPH,STN,1,914.0,DNK,ENG
CPH,STR,1,805.0,DNK,DEU
CPH,SVG,1,556.0,DNK,NOW
CPH,SVO,2,1540.0,DNK,RUS
CPH,SXF,2,364.0,DNK,DEU
CPH,TKU,1,783.0,DNK,FIN
CPH,TLL,2,839.0,DNK,EST
CPH,TLV,2,3143.0,DNK,ISR
CPH,TRD,3,877.0,DNK,NOW
CPH,TRF,2,422.0,DNK,NOW
CPH,TXL,5,343.0,DNK,DEU
CPH,VCE,4,1125.0,DNK,ITA
CPH,VIE,5,877.0,DNK,AUT
CPH,VNO,2,809.0,DNK,LTU
CPH,WAW,3,666.0,DNK,POL
CPH,WRO,1,575.0,DNK,POL
CPH,YYZ,3,6269.0,DNK,CAN
CPH,ZAG,3,1124.0,DNK,HRV
CPH,ZRH,2,950.0,DNK,CHE
CPO,CJC,1,562.0,CHL,CHL
CPO,LSC,1,298.0,CHL,CHL
CPO,SCL,2,682.0,CHL,CHL
CPR,DEN,1,370.0,USA,USA
CPR,LAS,1,1063.0,USA,USA
CPR,SLC,1,514.0,USA,USA
CPT,AMS,2,9687.0,ZAF,NLX
CPT,BFN,2,908.0,ZAF,ZAF
CPT,DOH,1,7452.0,ZAF,QAT
CPT,DUR,4,1277.0,ZAF,ZAF
CPT,DXB,2,7644.0,ZAF,ARE
CPT,ELS,1,861.0,ZAF,ZAF
CPT,GBE,1,1263.0,ZAF,BWA
CPT,GRJ,1,348.0,ZAF,ZAF
CPT,HDS,1,1610.0,ZAF,ZAF
CPT,HLA,3,1265.0,ZAF,ZAF
CPT,JNB,9,1271.0,ZAF,ZAF
CPT,KIM,1,819.0,ZAF,ZAF
CPT,LAD,1,2845.0,ZAF,AGO
CPT,LHR,3,9681.0,ZAF,ENG
CPT,MPM,1,1614.0,ZAF,MOZ
CPT,MQP,1,1537.0,ZAF,ZAF
CPT,MRU,1,4118.0,ZAF,MUS
CPT,MUB,1,1627.0,ZAF,BWA
CPT,PBZ,1,436.0,ZAF,ZAF
CPT,PLZ,3,647.0,ZAF,ZAF
CPT,UTN,1,668.0,ZAF,ZAF
CPT,WDH,2,1282.0,ZAF,NAM
CPT,WVB,1,1281.0,ZAF,NAM
CPV,PNZ,1,564.0,BRA,BRA
CPV,SSA,1,681.0,BRA,BRA
CPX,SJU,1,75.0,PRI,PRI
CRA,BGY,1,1124.0,ROU,ITA
CRA,LTN,1,1975.0,ROU,ENG
CRD,AEP,2,1464.0,ARG,ARG
CRD,NQN,2,762.0,ARG,ARG
CRD,REL,1,335.0,ARG,ARG
CRD,RGL,1,662.0,ARG,ARG
CRI,AXP,1,40.0,BHS,BHS
CRI,NAS,1,420.0,BHS,BHS
CRK,BKK,1,2139.0,PHL,THA
CRK,CEB,1,657.0,PHL,PHL
CRK,DOH,1,7209.0,PHL,QAT
CRK,HKG,3,1056.0,PHL,HKG
CRK,ICN,2,2545.0,PHL,KOR
CRK,KLO,1,437.0,PHL,PHL
CRK,MFM,1,1067.0,PHL,MAC
CRK,SIN,3,2382.0,PHL,SGP
CRL,ACE,1,2831.0,BWR,ESP
CRL,AGA,1,2519.0,BWR,MAR
CRL,AGP,1,1691.0,BWR,ESP
CRL,AHO,1,1132.0,BWR,ITA
CRL,ALC,1,1411.0,BWR,ESP
CRL,AOI,1,1016.0,BWR,ITA
CRL,BCN,1,1035.0,BWR,ESP
CRL,BDS,1,1509.0,BWR,ITA
CRL,BEG,1,1340.0,BWR,SRS
CRL,BGY,1,659.0,BWR,ITA
CRL,BIQ,1,900.0,BWR,FXX
CRL,BLQ,1,834.0,BWR,ITA
CRL,BOD,1,736.0,BWR,FXX
CRL,BRI,1,1405.0,BWR,ITA
CRL,BTS,1,958.0,BWR,SVK
CRL,BUD,2,1130.0,BWR,HUN
CRL,CAG,1,1297.0,BWR,ITA
CRL,CCF,1,822.0,BWR,FXX
CRL,CFU,1,1706.0,BWR,GRC
CRL,CHQ,1,2293.0,BWR,GRC
CRL,CIA,1,1148.0,BWR,ITA
CRL,CIY,1,1701.0,BWR,ITA
CRL,CLJ,1,1467.0,BWR,ROU
CRL,DUB,1,804.0,BWR,IRL
CRL,EDI,1,802.0,BWR,SCT
CRL,EGC,1,692.0,BWR,FXX
CRL,FAO,1,1792.0,BWR,PRX
CRL,FEZ,1,1992.0,BWR,MAR
CRL,FNI,1,745.0,BWR,FXX
CRL,FSC,1,1058.0,BWR,FXX
CRL,FUE,1,2891.0,BWR,ESP
CRL,GOA,1,748.0,BWR,ITA
CRL,GRO,1,960.0,BWR,ESP
CRL,IBZ,1,1311.0,BWR,ESP
CRL,KRK,1,1089.0,BWR,POL
CRL,LEI,1,1609.0,BWR,ESP
CRL,LJU,1,876.0,BWR,SVN
CRL,LPA,1,3012.0,BWR,ESP
CRL,LRH,1,633.0,BWR,FXX
CRL,MAD,1,1273.0,BWR,ESP
CRL,MAN,1,562.0,BWR,ENG
CRL,MPL,1,766.0,BWR,FXX
CRL,MRS,1,783.0,BWR,FXX
CRL,NDR,1,1823.0,BWR,MAR
CRL,NYO,1,1221.0,BWR,SWE
CRL,OPO,1,1440.0,BWR,PRX
CRL,OTP,1,1744.0,BWR,ROU
CRL,OUD,1,1817.0,BWR,MAR
CRL,PEG,1,1022.0,BWR,ITA
CRL,PFO,1,2857.0,BWR,CYP
CRL,PGF,1,867.0,BWR,FXX
CRL,PMI,1,1220.0,BWR,ESP
CRL,PSA,1,877.0,BWR,ITA
CRL,PSR,1,1161.0,BWR,ITA
CRL,PUY,1,940.0,BWR,HRV
CRL,RAK,1,2336.0,BWR,MAR
CRL,RBA,1,2039.0,BWR,MAR
CRL,RDZ,1,689.0,BWR,FXX
CRL,REU,1,1066.0,BWR,ESP
CRL,RHO,1,2448.0,BWR,GRC
CRL,RYG,1,1070.0,BWR,NOW
CRL,SAW,1,2189.0,BWR,TUR
CRL,SDR,1,1002.0,BWR,ESP
CRL,SKG,1,1810.0,BWR,GRC
CRL,SKP,1,1618.0,BWR,MKD
CRL,SOF,1,1679.0,BWR,BGR
CRL,SUF,1,1583.0,BWR,ITA
CRL,SVQ,1,1666.0,BWR,ESP
CRL,TFS,1,3058.0,BWR,ESP
CRL,TGD,1,1444.0,BWR,MNE
CRL,TNG,1,1838.0,BWR,MAR
CRL,TPS,1,1533.0,BWR,ITA
CRL,TRN,1,631.0,BWR,ITA
CRL,TRS,1,843.0,BWR,ITA
CRL,TSF,1,785.0,BWR,ITA
CRL,VLC,1,1279.0,BWR,ESP
CRL,VNO,1,1477.0,BWR,LTU
CRL,VOL,1,1902.0,BWR,GRC
CRL,WAW,1,1161.0,BWR,POL
CRL,WMI,1,1141.0,BWR,POL
CRL,ZAD,1,1081.0,BWR,HRV
CRL,ZAZ,1,1065.0,BWR,ESP
CRL,ZTH,1,1920.0,BWR,GRC
CRM,MNL,2,450.0,PHL,PHL
CRP,DFW,2,572.0,USA,USA
CRP,HOU,1,301.0,USA,USA
CRP,IAH,1,324.0,USA,USA
CRP,LBB,1,774.0,USA,USA
CRW,ATL,4,585.0,USA,USA
CRW,DTW,1,452.0,USA,USA
CRW,MYR,1,574.0,USA,USA
CSG,ATL,3,133.0,USA,USA
CSH,ARH,1,241.0,RUS,RUS
CSK,DKR,1,273.0,SEN,SEN
CSX,BAV,1,1407.0,CHN,CHN
CSX,BHY,1,839.0,CHN,CHN
CSX,BKK,1,2066.0,CHN,THA
CSX,CAN,1,533.0,CHN,CHN
CSX,CJU,2,1397.0,CHN,KOR
CSX,CKG,6,662.0,CHN,CHN
CSX,CTU,6,937.0,CHN,CHN
CSX,CZX,1,755.0,CHN,CHN
CSX,DLC,1,1423.0,CHN,CHN
CSX,DMK,2,2054.0,CHN,THA
CSX,DSN,1,1294.0,CHN,CHN
CSX,DYG,2,289.0,CHN,CHN
CSX,FOC,6,685.0,CHN,CHN
CSX,HAK,4,960.0,CHN,CHN
CSX,HET,3,1414.0,CHN,CHN
CSX,HFE,3,560.0,CHN,CHN
CSX,HGH,5,736.0,CHN,CHN
CSX,HJJ,2,356.0,CHN,CHN
CSX,HKG,2,658.0,CHN,HKG
CSX,HRB,1,2252.0,CHN,CHN
CSX,HYN,2,804.0,CHN,CHN
CSX,ICN,4,1607.0,CHN,KOR
CSX,JJN,3,654.0,CHN,CHN
CSX,KHH,2,950.0,CHN,TWN
CSX,KMG,8,1078.0,CHN,CHN
CSX,KWE,6,660.0,CHN,CHN
CSX,LHW,4,1291.0,CHN,CHN
CSX,LJG,2,1291.0,CHN,CHN
CSX,LLF,1,260.0,CHN,CHN
CSX,LYI,1,907.0,CHN,CHN
CSX,LZH,1,585.0,CHN,CHN
CSX,LZO,2,768.0,CHN,CHN
CSX,MIG,2,893.0,CHN,CHN
CSX,NAY,2,1322.0,CHN,CHN
CSX,NGB,5,822.0,CHN,CHN
CSX,NKG,6,672.0,CHN,CHN
CSX,NNG,4,801.0,CHN,CHN
CSX,PEK,5,1358.0,CHN,CHN
CSX,PUS,1,1675.0,CHN,KOR
CSX,PVG,3,892.0,CHN,CHN
CSX,RMQ,1,857.0,CHN,TWN
CSX,SHA,5,852.0,CHN,CHN
CSX,SHE,1,1761.0,CHN,CHN
CSX,SIN,2,3141.0,CHN,SGP
CSX,SJW,1,1130.0,CHN,CHN
CSX,SWA,2,611.0,CHN,CHN
CSX,SYX,5,1166.0,CHN,CHN
CSX,SZX,2,620.0,CHN,CHN
CSX,TAO,4,1121.0,CHN,CHN
CSX,TEN,1,385.0,CHN,CHN
CSX,TNA,4,1034.0,CHN,CHN
CSX,TPE,4,868.0,CHN,TWN
CSX,TSN,5,1274.0,CHN,CHN
CSX,TXN,1,519.0,CHN,CHN
CSX,TYN,3,1064.0,CHN,CHN
CSX,URC,2,2880.0,CHN,CHN
CSX,WNZ,4,749.0,CHN,CHN
CSX,WUX,2,786.0,CHN,CHN
CSX,XIY,7,815.0,CHN,CHN
CSX,XMN,8,635.0,CHN,CHN
CSX,XNN,1,1399.0,CHN,CHN
CSX,XUZ,1,772.0,CHN,CHN
CSX,YCU,1,798.0,CHN,CHN
CSX,YNT,1,1275.0,CHN,CHN
CSX,YNZ,1,885.0,CHN,CHN
CSX,YTY,1,790.0,CHN,CHN
CSX,ZHA,1,828.0,CHN,CHN
CSX,ZUH,1,688.0,CHN,CHN
CSX,ZYI,1,615.0,CHN,CHN
CSY,DME,1,595.0,RUS,RUS
CSY,LED,1,1085.0,RUS,RUS
CTA,AMS,3,1835.0,ITA,NLX
CTA,AOI,1,699.0,ITA,ITA
CTA,ARN,1,2475.0,ITA,SWE
CTA,BCN,2,1193.0,ITA,ESP
CTA,BGY,1,1015.0,ITA,ITA
CTA,BLQ,4,847.0,ITA,ITA
CTA,BRI,2,434.0,ITA,ITA
CTA,BRU,2,1712.0,ITA,BFR
CTA,BSL,3,1282.0,ITA,FXX
CTA,BUD,1,1160.0,ITA,HUN
CTA,CDG,3,1631.0,ITA,FXX
CTA,CGN,1,1616.0,ITA,DEU
CTA,CPH,1,2026.0,ITA,DNK
CTA,DUB,1,2414.0,ITA,IRL
CTA,DUS,6,1670.0,ITA,DEU
CTA,EIN,1,1731.0,ITA,NLX
CTA,FCO,6,539.0,ITA,ITA
CTA,FLR,3,777.0,ITA,ITA
CTA,FRA,2,1490.0,ITA,DEU
CTA,GOA,1,932.0,ITA,ITA
CTA,GVA,2,1224.0,ITA,CHE
CTA,HAJ,1,1719.0,ITA,DEU
CTA,HAM,2,1839.0,ITA,DEU
CTA,LGW,6,1938.0,ITA,ENG
CTA,LIN,3,1009.0,ITA,ITA
CTA,LMP,1,310.0,ITA,ITA
CTA,LTN,1,2005.0,ITA,ENG
CTA,LYS,2,1236.0,ITA,FXX
CTA,MAD,1,1642.0,ITA,ESP
CTA,MAN,2,2213.0,ITA,ENG
CTA,MLA,3,186.0,ITA,MLT
CTA,MRS,1,1064.0,ITA,FXX
CTA,MUC,5,1239.0,ITA,DEU
CTA,MXP,3,1049.0,ITA,ITA
CTA,NAP,3,386.0,ITA,ITA
CTA,ORY,1,1617.0,ITA,FXX
CTA,OTP,1,1214.0,ITA,ROU
CTA,PSA,2,796.0,ITA,ITA
CTA,STR,5,1334.0,ITA,DEU
CTA,SVO,2,2647.0,ITA,RUS
CTA,TRN,4,1059.0,ITA,ITA
CTA,TSF,1,940.0,ITA,ITA
CTA,TXL,6,1684.0,ITA,DEU
CTA,VCE,3,922.0,ITA,ITA
CTA,VIE,3,1190.0,ITA,AUT
CTA,VRN,3,948.0,ITA,ITA
CTA,ZRH,3,1232.0,ITA,CHE
CTC,AEP,1,960.0,ARG,ARG
CTG,ADZ,1,716.0,COL,COL
CTG,BOG,3,656.0,COL,COL
CTG,CLO,1,773.0,COL,COL
CTG,FLL,1,1805.0,COL,USA
CTG,JFK,1,3362.0,COL,USA
CTG,MDE,1,476.0,COL,COL
CTG,MIA,3,1779.0,COL,USA
CTG,PTY,1,451.0,COL,PAN
CTL,BNE,1,688.0,AUS,AUS
CTL,RMA,1,251.0,AUS,AUS
CTL,TWB,1,574.0,AUS,AUS
CTL,ULP,1,201.0,AUS,AUS
CTM,MEX,1,1134.0,MEX,MEX
CTS,AOJ,1,242.0,JPN,JPN
CTS,AXT,2,372.0,JPN,JPN
CTS,BKK,1,5073.0,JPN,THA
CTS,FKS,2,626.0,JPN,JPN
CTS,FUK,3,1415.0,JPN,JPN
CTS,GUM,2,3271.0,JPN,GUM
CTS,HIJ,2,1199.0,JPN,JPN
CTS,HKD,1,133.0,JPN,JPN
CTS,HKG,2,3429.0,JPN,HKG
CTS,HNA,1,375.0,JPN,JPN
CTS,HND,4,820.0,JPN,JPN
CTS,HNL,1,6028.0,JPN,USA
CTS,IBR,1,741.0,JPN,JPN
CTS,ICN,4,1421.0,JPN,KOR
CTS,ITM,3,1040.0,JPN,JPN
CTS,KIJ,3,578.0,JPN,JPN
CTS,KIX,4,1083.0,JPN,JPN
CTS,KMQ,2,841.0,JPN,JPN
CTS,KUH,1,206.0,JPN,JPN
CTS,MMB,2,235.0,JPN,JPN
CTS,MMJ,1,803.0,JPN,JPN
CTS,NGO,4,976.0,JPN,JPN
CTS,NRT,6,788.0,JPN,JPN
CTS,OKA,1,2242.0,JPN,JPN
CTS,OKJ,2,1120.0,JPN,JPN
CTS,PEK,2,2107.0,JPN,CHN
CTS,PUS,1,1386.0,JPN,KOR
CTS,PVG,2,2181.0,JPN,CHN
CTS,SDJ,5,520.0,JPN,JPN
CTS,SHB,1,280.0,JPN,JPN
CTS,TOY,2,782.0,JPN,JPN
CTS,TPE,4,2712.0,JPN,TWN
CTS,UKB,3,1064.0,JPN,JPN
CTS,UUS,1,464.0,JPN,RUS
CTS,WKJ,1,292.0,JPN,JPN
CTS,YGJ,1,1089.0,JPN,JPN
CTU,AKU,2,2427.0,CHN,CHN
CTU,AMS,2,7942.0,CHN,NLX
CTU,AUH,3,4872.0,CHN,ARE
CTU,BAV,1,1237.0,CHN,CHN
CTU,BHY,1,1138.0,CHN,CHN
CTU,BKK,2,1907.0,CHN,THA
CTU,BOM,1,3372.0,CHN,IND
CTU,BPX,2,655.0,CHN,CHN
CTU,CAN,6,1223.0,CHN,CHN
CTU,CGO,5,1025.0,CHN,CHN
CTU,CGQ,2,2421.0,CHN,CHN
CTU,CIH,2,1059.0,CHN,CHN
CTU,CKG,1,276.0,CHN,CHN
CTU,CSX,6,937.0,CHN,CHN
CTU,CZX,3,1511.0,CHN,CHN
CTU,DAD,1,1673.0,CHN,VNM
CTU,DCY,4,400.0,CHN,CHN
CTU,DIG,1,517.0,CHN,CHN
CTU,DLU,1,653.0,CHN,CHN
CTU,DOH,1,5131.0,CHN,QAT
CTU,DSN,1,1127.0,CHN,CHN
CTU,FOC,4,1622.0,CHN,CHN
CTU,FRA,2,7810.0,CHN,DEU
CTU,HAK,5,1352.0,CHN,CHN
CTU,HAN,1,1057.0,CHN,VNM
CTU,HDG,1,1174.0,CHN,CHN
CTU,HET,3,1344.0,CHN,CHN
CTU,HFE,5,1276.0,CHN,CHN
CTU,HGH,9,1580.0,CHN,CHN
CTU,HKG,6,1352.0,CHN,HKG
CTU,HKT,1,2566.0,CHN,THA
CTU,HRB,2,2555.0,CHN,CHN
CTU,ICN,3,2204.0,CHN,KOR
CTU,JDZ,2,1281.0,CHN,CHN
CTU,JGS,1,1130.0,CHN,CHN
CTU,JHG,2,1008.0,CHN,CHN
CTU,JIQ,1,485.0,CHN,CHN
CTU,JJN,1,1577.0,CHN,CHN
CTU,JNG,1,1269.0,CHN,CHN
CTU,JUH,1,1313.0,CHN,CHN
CTU,JZH,7,254.0,CHN,CHN
CTU,KGT,1,217.0,CHN,CHN
CTU,KHG,2,2716.0,CHN,CHN
CTU,KHH,1,1855.0,CHN,TWN
CTU,KHI,1,3658.0,CHN,PAK
CTU,KHN,4,1169.0,CHN,CHN
CTU,KMG,9,617.0,CHN,CHN
CTU,KOW,1,1183.0,CHN,CHN
CTU,KRL,2,2015.0,CHN,CHN
CTU,KTM,1,1831.0,CHN,NPL
CTU,KUL,1,3104.0,CHN,MYS
CTU,KWE,6,529.0,CHN,CHN
CTU,KWL,5,844.0,CHN,CHN
CTU,LHR,1,8302.0,CHN,ENG
CTU,LHW,4,661.0,CHN,CHN
CTU,LJG,5,564.0,CHN,CHN
CTU,LUM,1,870.0,CHN,CHN
CTU,LXA,5,1263.0,CHN,CHN
CTU,LYG,1,1466.0,CHN,CHN
CTU,LZH,1,889.0,CHN,CHN
CTU,LZY,4,937.0,CHN,CHN
CTU,MEL,1,8697.0,CHN,AUS
CTU,MFM,2,1341.0,CHN,MAC
CTU,NAY,2,1522.0,CHN,CHN
CTU,NGB,3,1684.0,CHN,CHN
CTU,NKG,5,1424.0,CHN,CHN
CTU,NNG,3,981.0,CHN,CHN
CTU,NNY,1,861.0,CHN,CHN
CTU,NRT,2,3420.0,CHN,JPN
CTU,PEK,6,1556.0,CHN,CHN
CTU,PVG,7,1704.0,CHN,CHN
CTU,PZI,3,496.0,CHN,CHN
CTU,SHA,7,1659.0,CHN,CHN
CTU,SHE,3,2135.0,CHN,CHN
CTU,SIN,3,3250.0,CHN,SGP
CTU,SJW,3,1304.0,CHN,CHN
CTU,SWA,3,1467.0,CHN,CHN
CTU,SYX,5,1472.0,CHN,CHN
CTU,SZX,7,1318.0,CHN,CHN
CTU,TAO,5,1648.0,CHN,CHN
CTU,TCZ,1,826.0,CHN,CHN
CTU,TNA,8,1410.0,CHN,CHN
CTU,TPE,3,1804.0,CHN,TWN
CTU,TSA,1,1834.0,CHN,TWN
CTU,TSN,6,1546.0,CHN,CHN
CTU,TXN,2,1378.0,CHN,CHN
CTU,TYN,5,1127.0,CHN,CHN
CTU,URC,5,2071.0,CHN,CHN
CTU,UYN,2,1008.0,CHN,CHN
CTU,WNZ,4,1665.0,CHN,CHN
CTU,WUH,7,981.0,CHN,CHN
CTU,WUX,4,1572.0,CHN,CHN
CTU,WXN,1,430.0,CHN,CHN
CTU,XIC,3,335.0,CHN,CHN
CTU,XIY,8,623.0,CHN,CHN
CTU,XMN,6,1549.0,CHN,CHN
CTU,XNN,5,685.0,CHN,CHN
CTU,XUZ,1,1335.0,CHN,CHN
CTU,YCU,2,832.0,CHN,CHN
CTU,YIH,1,721.0,CHN,CHN
CTU,YIN,2,2480.0,CHN,CHN
CTU,YIW,2,1554.0,CHN,CHN
CTU,YNT,3,1773.0,CHN,CHN
CTU,YTY,1,1509.0,CHN,CHN
CTU,ZHA,2,1222.0,CHN,CHN
CTU,ZUH,2,1337.0,CHN,CHN
CTU,ZYI,1,446.0,CHN,CHN
CUC,BOG,2,402.0,COL,COL
CUC,MDE,1,376.0,COL,COL
CUC,PTY,1,766.0,COL,PAN
CUE,GYE,1,129.0,ECU,ECU
CUE,UIO,2,315.0,ECU,ECU
CUF,AHO,1,439.0,ITA,ITA
CUF,CAG,1,601.0,ITA,ITA
CUF,CMN,1,1804.0,ITA,MAR
CUF,OTP,1,1460.0,ITA,ROU
CUF,TPS,1,842.0,ITA,ITA
CUL,GDL,2,636.0,MEX,MEX
CUL,HMO,2,598.0,MEX,MEX
CUL,LAP,1,302.0,MEX,MEX
CUL,MEX,3,1049.0,MEX,MEX
CUL,MTY,4,749.0,MEX,MEX
CUL,SJD,1,290.0,MEX,MEX
CUL,TIJ,3,1266.0,MEX,MEX
CUM,CCS,1,313.0,VEN,VEN
CUN,AGU,1,1600.0,MEX,MEX
CUN,AMS,1,8281.0,MEX,NLX
CUN,ATL,9,1422.0,MEX,USA
CUN,AUS,2,1484.0,MEX,USA
CUN,BJX,1,1515.0,MEX,MEX
CUN,BOG,2,2278.0,MEX,COL
CUN,BOS,5,2796.0,MEX,USA
CUN,BWI,1,2240.0,MEX,USA
CUN,BZE,1,417.0,MEX,BLZ
CUN,CDG,1,8219.0,MEX,FXX
CUN,CLE,2,2314.0,MEX,USA
CUN,CLT,2,1679.0,MEX,USA
CUN,CUU,1,2102.0,MEX,MEX
CUN,CVG,1,2014.0,MEX,USA
CUN,CZM,1,57.0,MEX,MEX
CUN,DEN,3,2689.0,MEX,USA
CUN,DFW,4,1657.0,MEX,USA
CUN,DTW,3,2378.0,MEX,USA
CUN,DUS,1,8444.0,MEX,DEU
CUN,EWR,1,2493.0,MEX,USA
CUN,EZE,1,6895.0,MEX,ARG
CUN,FCO,2,9183.0,MEX,ITA
CUN,FLL,2,885.0,MEX,USA
CUN,FRA,1,8606.0,MEX,DEU
CUN,GDL,2,1709.0,MEX,MEX
CUN,HAV,2,509.0,MEX,CUB
CUN,HMO,1,2588.0,MEX,MEX
CUN,IAD,1,2185.0,MEX,USA
CUN,IAH,2,1307.0,MEX,USA
CUN,IND,2,2078.0,MEX,USA
CUN,JFK,5,2506.0,MEX,USA
CUN,LAX,4,3407.0,MEX,USA
CUN,LGW,6,7977.0,MEX,ENG
CUN,LIM,1,3828.0,MEX,PER
CUN,MAD,4,7962.0,MEX,ESP
CUN,MAN,4,7795.0,MEX,ENG
CUN,MCI,1,2164.0,MEX,USA
CUN,MCO,3,996.0,MEX,USA
CUN,MDW,1,2309.0,MEX,USA
CUN,MEX,6,1284.0,MEX,MEX
CUN,MIA,3,855.0,MEX,USA
CUN,MID,1,289.0,MEX,MEX
CUN,MKE,1,2438.0,MEX,USA
CUN,MSP,3,2715.0,MEX,USA
CUN,MTY,3,1448.0,MEX,MEX
CUN,MXP,1,8771.0,MEX,ITA
CUN,OAX,1,1128.0,MEX,MEX
CUN,ORD,3,2331.0,MEX,USA
CUN,PBC,1,1218.0,MEX,MEX
CUN,PHL,3,2368.0,MEX,USA
CUN,PHX,2,2830.0,MEX,USA
CUN,PIT,1,2253.0,MEX,USA
CUN,PTY,2,1554.0,MEX,PAN
CUN,QRO,1,1384.0,MEX,MEX
CUN,RDU,2,1828.0,MEX,USA
CUN,REX,1,1282.0,MEX,MEX
CUN,SAL,1,876.0,MEX,SLV
CUN,SAT,1,1499.0,MEX,USA
CUN,SCL,1,6288.0,MEX,CHL
CUN,SFO,2,3871.0,MEX,USA
CUN,SLC,2,3227.0,MEX,USA
CUN,SLP,1,1458.0,MEX,MEX
CUN,STL,1,1998.0,MEX,USA
CUN,TAM,1,1144.0,MEX,MEX
CUN,TGZ,1,816.0,MEX,MEX
CUN,TIJ,1,3235.0,MEX,MEX
CUN,TLC,2,1337.0,MEX,MEX
CUN,TRC,1,1761.0,MEX,MEX
CUN,VER,2,995.0,MEX,MEX
CUN,VKO,1,10006.0,MEX,RUS
CUN,VSA,1,708.0,MEX,MEX
CUN,YEG,1,4246.0,MEX,CAN
CUN,YHZ,2,3407.0,MEX,CAN
CUN,YQB,1,3187.0,MEX,CAN
CUN,YUL,3,2970.0,MEX,CAN
CUN,YVR,2,4476.0,MEX,CAN
CUN,YYC,3,4091.0,MEX,CAN
CUN,YYZ,3,2605.0,MEX,CAN
CUQ,IRG,1,110.0,AUS,AUS
CUR,AMS,2,7834.0,CUW,NLX
CUR,AUA,3,120.0,CUW,ABW
CUR,BOG,1,1009.0,CUW,COL
CUR,BON,3,75.0,CUW,NLY
CUR,BRM,1,243.0,CUW,VEN
CUR,CCS,2,278.0,CUW,VEN
CUR,CLT,1,2830.0,CUW,USA
CUR,DUS,1,7963.0,CUW,DEU
CUR,KIN,1,1055.0,CUW,JAM
CUR,LSP,1,137.0,CUW,VEN
CUR,MAR,1,352.0,CUW,VEN
CUR,MDE,1,975.0,CUW,COL
CUR,MIA,3,1923.0,CUW,USA
CUR,PBM,1,1688.0,CUW,SUR
CUR,POS,3,850.0,CUW,TTO
CUR,PTY,1,1191.0,CUW,PAN
CUR,SDQ,3,698.0,CUW,DOM
CUR,SXM,1,904.0,CUW,SXM
CUR,VLN,1,253.0,CUW,VEN
CUU,CJS,1,329.0,MEX,MEX
CUU,CUN,1,2102.0,MEX,MEX
CUU,DFW,2,971.0,MEX,USA
CUU,GDL,2,948.0,MEX,MEX
CUU,HMO,1,497.0,MEX,MEX
CUU,IAH,1,1039.0,MEX,USA
CUU,MEX,3,1245.0,MEX,MEX
CUU,MTY,3,664.0,MEX,MEX
CUU,TIJ,1,1135.0,MEX,MEX
CUU,TRC,1,431.0,MEX,MEX
CUZ,AQP,1,314.0,PER,PER
CUZ,JUL,3,288.0,PER,PER
CUZ,LIM,4,586.0,PER,PER
CUZ,LPB,1,521.0,PER,BOL
CUZ,PEM,2,311.0,PER,PER
CVG,ATL,7,602.0,USA,USA
CVG,BDL,1,1062.0,USA,USA
CVG,BNA,1,370.0,USA,USA
CVG,BOS,1,1208.0,USA,USA
CVG,BWI,1,690.0,USA,USA
CVG,CDG,2,6670.0,USA,FXX
CVG,CLT,3,539.0,USA,USA
CVG,CUN,2,2014.0,USA,MEX
CVG,DCA,3,660.0,USA,USA
CVG,DEN,3,1716.0,USA,USA
CVG,DFW,3,1305.0,USA,USA
CVG,DTW,1,369.0,USA,USA
CVG,EWR,2,914.0,USA,USA
CVG,FLL,1,1503.0,USA,USA
CVG,GRR,1,432.0,USA,USA
CVG,IAD,1,623.0,USA,USA
CVG,IAH,2,1402.0,USA,USA
CVG,JAX,1,989.0,USA,USA
CVG,JFK,3,946.0,USA,USA
CVG,LAS,1,2694.0,USA,USA
CVG,LAX,1,3051.0,USA,USA
CVG,LGA,1,940.0,USA,USA
CVG,MCI,1,866.0,USA,USA
CVG,MCO,1,1221.0,USA,USA
CVG,MEM,1,648.0,USA,USA
CVG,MIA,2,1530.0,USA,USA
CVG,MKE,1,511.0,USA,USA
CVG,MMU,1,895.0,USA,USA
CVG,MSN,1,600.0,USA,USA
CVG,MSP,1,959.0,USA,USA
CVG,MSY,1,1129.0,USA,USA
CVG,ORD,4,425.0,USA,USA
CVG,PGD,1,1371.0,USA,USA
CVG,PHL,3,814.0,USA,USA
CVG,PIT,1,412.0,USA,USA
CVG,PUJ,1,2767.0,USA,DOM
CVG,RDU,1,627.0,USA,USA
CVG,RIC,1,664.0,USA,USA
CVG,RSW,1,1417.0,USA,USA
CVG,SFB,1,1185.0,USA,USA
CVG,SFO,1,3269.0,USA,USA
CVG,SLC,1,2328.0,USA,USA
CVG,STL,1,495.0,USA,USA
CVG,TPA,1,1247.0,USA,USA
CVG,TTN,1,854.0,USA,USA
CVG,XNA,1,902.0,USA,USA
CVG,YYZ,3,664.0,USA,CAN
CVM,MEX,2,475.0,MEX,MEX
CVU,FLW,1,24.0,PAZ,PAZ
CVU,HOR,1,243.0,PAZ,PAZ
CWA,DTW,1,583.0,USA,USA
CWA,MSP,1,281.0,USA,USA
CWA,ORD,3,342.0,USA,USA
CWB,AEP,1,1340.0,BRA,ARG
CWB,BSB,4,1082.0,BRA,BRA
CWB,CAC,1,439.0,BRA,BRA
CWB,CFC,1,225.0,BRA,BRA
CWB,CGH,2,331.0,BRA,BRA
CWB,CGR,1,795.0,BRA,BRA
CWB,CNF,1,846.0,BRA,BRA
CWB,CXJ,1,454.0,BRA,BRA
CWB,EZE,1,1369.0,BRA,ARG
CWB,FLN,1,246.0,BRA,BRA
CWB,GIG,3,673.0,BRA,BRA
CWB,GPB,1,236.0,BRA,BRA
CWB,GRU,3,359.0,BRA,BRA
CWB,IGU,3,533.0,BRA,BRA
CWB,LDB,4,314.0,BRA,BRA
CWB,MGF,3,366.0,BRA,BRA
CWB,MVD,1,1226.0,BRA,URY
CWB,POA,5,534.0,BRA,BRA
CWB,RAO,1,509.0,BRA,BRA
CWB,SDU,1,676.0,BRA,BRA
CWB,SSA,1,1806.0,BRA,BRA
CWB,VCP,2,348.0,BRA,BRA
CWB,XAP,1,390.0,BRA,BRA
CWL,AGP,3,1640.0,WLS,ESP
CWL,ALC,3,1474.0,WLS,ESP
CWL,AMS,2,566.0,WLS,NLX
CWL,BCN,2,1197.0,WLS,ESP
CWL,BHD,1,396.0,WLS,NIR
CWL,DLM,1,3006.0,WLS,TUR
CWL,DUB,1,300.0,WLS,IRL
CWL,DUS,1,702.0,WLS,DEU
CWL,EDI,2,506.0,WLS,SCT
CWL,GLA,2,503.0,WLS,SCT
CWL,HER,1,2885.0,WLS,GRC
CWL,JER,3,257.0,WLS,JEY
CWL,LCA,1,3464.0,WLS,CYP
CWL,MLA,1,2233.0,WLS,MLT
CWL,NCL,1,419.0,WLS,ENG
CWL,ORY,2,505.0,WLS,FXX
CWL,PMI,1,1399.0,WLS,ESP
CWL,RHO,1,2984.0,WLS,GRC
CWL,TFS,2,2822.0,WLS,ESP
CWL,VLY,1,221.0,WLS,WLS
CXB,DAC,3,311.0,BGD,BGD
CXH,YWH,1,99.0,CAN,CAN
CXI,HNL,2,2151.0,KIR,USA
CXI,NAN,2,3528.0,KIR,FJI
CXJ,CGH,1,766.0,BRA,BRA
CXJ,CWB,1,454.0,BRA,BRA
CXJ,VCP,1,798.0,BRA,BRA
CXR,DAD,1,463.0,VNM,VNM
CXR,DME,1,7736.0,VNM,RUS
CXR,HAN,2,1088.0,VNM,VNM
CXR,SGN,3,309.0,VNM,VNM
CYB,GCM,1,161.0,CYM,CYM
CYB,LYB,1,22.0,CYM,CYM
CYF,BET,2,151.0,USA,USA
CYF,KPN,1,28.0,USA,USA
CYO,HAV,1,177.0,CUB,CUB
CYO,MXP,1,8330.0,CUB,ITA
CYO,SCU,1,621.0,CUB,CUB
CYP,MNL,1,468.0,PHL,PHL
CYS,DEN,3,144.0,USA,USA
CYS,WRL,3,405.0,USA,USA
CYX,YKS,2,1612.0,RUS,RUS
CYZ,MNL,1,280.0,PHL,PHL
CZE,CCS,1,307.0,VEN,VEN
CZL,ALG,1,308.0,DZA,DZA
CZL,AZR,1,1136.0,DZA,DZA
CZL,CDG,1,1454.0,DZA,FXX
CZL,GHA,1,505.0,DZA,DZA
CZL,HME,1,514.0,DZA,DZA
CZL,IST,1,1991.0,DZA,TUR
CZL,LYS,2,1059.0,DZA,FXX
CZL,MRS,2,805.0,DZA,FXX
CZL,NCE,1,822.0,DZA,FXX
CZL,ORN,1,656.0,DZA,DZA
CZL,ORY,2,1426.0,DZA,FXX
CZM,ATL,5,1479.0,MEX,USA
CZM,CLT,2,1735.0,MEX,USA
CZM,CUN,1,57.0,MEX,MEX
CZM,DEN,1,2733.0,MEX,USA
CZM,DFW,2,1701.0,MEX,USA
CZM,IAH,1,1349.0,MEX,USA
CZM,MEX,1,1275.0,MEX,MEX
CZM,MIA,2,896.0,MEX,USA
CZM,YUL,1,3025.0,MEX,CAN
CZS,RBR,1,592.0,BRA,BRA
CZU,BOG,2,530.0,COL,COL
CZX,CAN,3,1142.0,CHN,CHN
CZX,CKG,2,1277.0,CHN,CHN
CZX,CSX,1,755.0,CHN,CHN
CZX,CTU,3,1511.0,CHN,CHN
CZX,DLC,1,799.0,CHN,CHN
CZX,DYG,1,947.0,CHN,CHN
CZX,FOC,2,666.0,CHN,CHN
CZX,HRB,3,1622.0,CHN,CHN
CZX,KMG,2,1810.0,CHN,CHN
CZX,KWL,1,1207.0,CHN,CHN
CZX,NAY,2,926.0,CHN,CHN
CZX,PEK,3,952.0,CHN,CHN
CZX,SHE,3,1130.0,CHN,CHN
CZX,SZX,4,1188.0,CHN,CHN
CZX,TYN,2,919.0,CHN,CHN
CZX,XIY,1,1063.0,CHN,CHN
CZX,XMN,2,836.0,CHN,CHN
CZX,ZUH,1,1271.0,CHN,CHN
DAB,ATL,3,590.0,USA,USA
DAB,CLT,2,671.0,USA,USA
DAC,AUH,1,3618.0,BGD,ARE
DAC,BKK,6,1568.0,BGD,THA
DAC,BOM,1,1888.0,BGD,IND
DAC,BZL,1,116.0,BGD,BGD
DAC,CAN,1,2331.0,BGD,CHN
DAC,CCU,5,239.0,BGD,IND
DAC,CGP,4,229.0,BGD,BGD
DAC,CMB,2,2166.0,BGD,LKA
DAC,CXB,3,311.0,BGD,BGD
DAC,DEL,3,1425.0,BGD,IND
DAC,DMM,2,4080.0,BGD,SAU
DAC,DOH,2,3913.0,BGD,QAT
DAC,DXB,3,3537.0,BGD,ARE
DAC,FCO,1,7321.0,BGD,ITA
DAC,HKG,3,2409.0,BGD,HKG
DAC,IST,1,5962.0,BGD,TUR
DAC,JED,3,5231.0,BGD,SAU
DAC,JSR,3,146.0,BGD,BGD
DAC,KHI,1,2354.0,BGD,PAK
DAC,KMG,1,1275.0,BGD,CHN
DAC,KTM,4,662.0,BGD,NPL
DAC,KUL,5,2642.0,BGD,MYS
DAC,KWI,2,4241.0,BGD,KWT
DAC,LHR,1,8015.0,BGD,ENG
DAC,MAA,1,1617.0,BGD,IND
DAC,MCT,2,3262.0,BGD,OMN
DAC,PBH,1,408.0,BGD,BTN
DAC,RGN,1,975.0,BGD,MMR
DAC,RUH,1,4408.0,BGD,SAU
DAC,SHJ,1,3521.0,BGD,ARE
DAC,SIN,4,2898.0,BGD,SGP
DAC,SPD,1,261.0,BGD,BGD
DAC,ZYL,3,194.0,BGD,BGD
DAD,BMV,1,375.0,VNM,VNM
DAD,CAN,2,976.0,VNM,CHN
DAD,CTU,1,1673.0,VNM,CHN
DAD,CXR,1,463.0,VNM,VNM
DAD,DLI,1,478.0,VNM,VNM
DAD,HAN,3,628.0,VNM,VNM
DAD,HGH,1,2010.0,VNM,CHN
DAD,HKG,2,919.0,VNM,HKG
DAD,HPH,1,553.0,VNM,VNM
DAD,ICN,3,2981.0,VNM,KOR
DAD,KMG,1,1147.0,VNM,CHN
DAD,MFM,1,884.0,VNM,MAC
DAD,PVG,1,2173.0,VNM,CHN
DAD,PXU,1,228.0,VNM,VNM
DAD,REP,4,555.0,VNM,KHM
DAD,SGN,3,605.0,VNM,VNM
DAD,SIN,3,1698.0,VNM,SGP
DAD,VII,1,402.0,VNM,VNM
DAD,WNZ,1,1853.0,VNM,CHN
DAD,XMN,1,1401.0,VNM,CHN
DAL,ABQ,1,932.0,USA,USA
DAL,AMA,2,519.0,USA,USA
DAL,ATL,4,1158.0,USA,USA
DAL,AUS,2,305.0,USA,USA
DAL,BHM,2,943.0,USA,USA
DAL,BKG,1,528.0,USA,USA
DAL,ELD,1,379.0,USA,USA
DAL,ELP,1,902.0,USA,USA
DAL,HOU,2,386.0,USA,USA
DAL,HRL,1,740.0,USA,USA
DAL,IAH,1,349.0,USA,USA
DAL,ICT,1,537.0,USA,USA
DAL,LBB,2,471.0,USA,USA
DAL,LIT,2,476.0,USA,USA
DAL,MAF,2,512.0,USA,USA
DAL,MCI,2,742.0,USA,USA
DAL,MSY,2,701.0,USA,USA
DAL,OKC,2,291.0,USA,USA
DAL,SAT,2,399.0,USA,USA
DAL,SEA,1,2684.0,USA,USA
DAL,SFO,1,2370.0,USA,USA
DAL,SLC,1,1607.0,USA,USA
DAL,STL,2,878.0,USA,USA
DAL,TUL,1,383.0,USA,USA
DAR,ADD,1,1764.0,TZA,ETH
DAR,AMS,3,7345.0,TZA,NLX
DAR,ARK,1,483.0,TZA,TZA
DAR,CAI,1,4198.0,TZA,EGY
DAR,DOH,1,3819.0,TZA,QAT
DAR,DXB,1,3978.0,TZA,ARE
DAR,DZA,1,937.0,TZA,MYT
DAR,EBB,2,1074.0,TZA,UGA
DAR,HAH,1,684.0,TZA,COM
DAR,HRE,1,1511.0,TZA,ZWE
DAR,IST,1,5459.0,TZA,TUR
DAR,JNB,1,2436.0,TZA,ZAF
DAR,JRO,3,450.0,TZA,TZA
DAR,KGL,1,1143.0,TZA,RWA
DAR,LLW,1,970.0,TZA,MWI
DAR,MBI,1,691.0,TZA,TZA
DAR,MCT,1,3972.0,TZA,OMN
DAR,MWZ,1,852.0,TZA,TZA
DAR,MYW,1,400.0,TZA,TZA
DAR,NBO,6,668.0,TZA,KEN
DAR,POL,1,695.0,TZA,MOZ
DAR,ZNZ,4,73.0,TZA,TZZ
DAT,CIH,1,425.0,CHN,CHN
DAT,NAY,2,250.0,CHN,CHN
DAT,PEK,2,264.0,CHN,CHN
DAT,PVG,1,1243.0,CHN,CHN
DAT,SHE,1,859.0,CHN,CHN
DAT,TYN,3,268.0,CHN,CHN
DAT,XIY,1,751.0,CHN,CHN
DAU,LAE,1,478.0,PNX,PNX
DAU,POM,2,442.0,PNX,PNX
DAU,UNG,1,392.0,PNX,PNX
DAV,PAC,1,323.0,PAN,PAN
DAV,SJO,1,264.0,PAN,CRI
DAX,CAN,2,1037.0,CHN,CHN
DAX,KMG,2,802.0,CHN,CHN
DAX,PEK,2,1293.0,CHN,CHN
DAX,PVG,1,1367.0,CHN,CHN
DAX,SZX,2,1136.0,CHN,CHN
DAY,ATL,6,697.0,USA,USA
DAY,BWI,2,652.0,USA,USA
DAY,CLE,1,261.0,USA,USA
DAY,CLT,2,596.0,USA,USA
DAY,DCA,2,628.0,USA,USA
DAY,DEN,2,1741.0,USA,USA
DAY,DFW,2,1384.0,USA,USA
DAY,DTW,1,267.0,USA,USA
DAY,EWR,1,856.0,USA,USA
DAY,IAD,1,590.0,USA,USA
DAY,LGA,3,882.0,USA,USA
DAY,MCO,1,1303.0,USA,USA
DAY,MSP,1,923.0,USA,USA
DAY,ORD,3,386.0,USA,USA
DAY,PHL,2,766.0,USA,USA
DAY,TPA,2,1335.0,USA,USA
DBA,KHI,1,520.0,PAK,PAK
DBO,BHQ,1,669.0,AUS,AUS
DBO,SYD,2,309.0,AUS,AUS
DBQ,ORD,2,236.0,USA,USA
DBV,AMS,1,1481.0,HRV,NLX
DBV,ARN,2,1901.0,HRV,SWE
DBV,ATH,1,704.0,HRV,GRC
DBV,BCN,2,1345.0,HRV,ESP
DBV,BFS,1,2228.0,HRV,NIR
DBV,BGO,1,2160.0,HRV,NOW
DBV,BHX,3,1853.0,HRV,ENG
DBV,BRU,1,1397.0,HRV,BFR
DBV,CDG,1,1410.0,HRV,FXX
DBV,CGN,1,1251.0,HRV,DEU
DBV,DUB,1,2172.0,HRV,IRL
DBV,DUS,3,1303.0,HRV,DEU
DBV,EDI,2,2147.0,HRV,SCT
DBV,EMA,1,1848.0,HRV,ENG
DBV,FCO,1,504.0,HRV,ITA
DBV,FRA,2,1114.0,HRV,DEU
DBV,GVA,1,1048.0,HRV,CHE
DBV,HAJ,1,1274.0,HRV,DEU
DBV,HAM,1,1374.0,HRV,DEU
DBV,HEL,2,2026.0,HRV,FIN
DBV,LBA,1,1927.0,HRV,ENG
DBV,LGW,5,1690.0,HRV,ENG
DBV,LIL,1,1458.0,HRV,FXX
DBV,LUX,1,1215.0,HRV,LUX
DBV,MAN,3,1932.0,HRV,ENG
DBV,MUC,2,818.0,HRV,DEU
DBV,NCL,1,2002.0,HRV,ENG
DBV,ORY,1,1409.0,HRV,FXX
DBV,OSI,1,326.0,HRV,HRV
DBV,OSL,1,2013.0,HRV,NOW
DBV,RJK,1,418.0,HRV,HRV
DBV,STN,1,1704.0,HRV,ENG
DBV,STR,1,978.0,HRV,DEU
DBV,TRD,1,2371.0,HRV,NOW
DBV,TRF,1,1929.0,HRV,NOW
DBV,TXL,2,1172.0,HRV,DEU
DBV,VCE,1,575.0,HRV,ITA
DBV,VIE,2,631.0,HRV,AUT
DBV,WAW,1,1087.0,HRV,POL
DBV,ZAG,1,395.0,HRV,HRV
DBV,ZRH,2,937.0,HRV,CHE
DCA,AGS,2,753.0,USA,USA
DCA,ALB,2,512.0,USA,USA
DCA,ATL,7,880.0,USA,USA
DCA,AUS,1,2114.0,USA,USA
DCA,BDL,2,504.0,USA,USA
DCA,BGR,2,948.0,USA,USA
DCA,BHM,2,1051.0,USA,USA
DCA,BNA,2,902.0,USA,USA
DCA,BOS,3,641.0,USA,USA
DCA,BTV,2,703.0,USA,USA
DCA,BUF,2,476.0,USA,USA
DCA,CAE,2,657.0,USA,USA
DCA,CAK,2,440.0,USA,USA
DCA,CHA,2,840.0,USA,USA
DCA,CHS,2,715.0,USA,USA
DCA,CLE,1,498.0,USA,USA
DCA,CLT,2,533.0,USA,USA
DCA,CMH,2,519.0,USA,USA
DCA,CRW,2,399.0,USA,USA
DCA,CVG,3,660.0,USA,USA
DCA,DAY,2,628.0,USA,USA
DCA,DEN,2,2369.0,USA,USA
DCA,DFW,2,1915.0,USA,USA
DCA,DSM,2,1441.0,USA,USA
DCA,DTW,3,651.0,USA,USA
DCA,EWR,1,319.0,USA,USA
DCA,FAY,2,459.0,USA,USA
DCA,FLL,3,1450.0,USA,USA
DCA,GSO,2,399.0,USA,USA
DCA,GSP,2,637.0,USA,USA
DCA,HHH,2,808.0,USA,USA
DCA,HOU,1,1959.0,USA,USA
DCA,HPN,2,376.0,USA,USA
DCA,HSV,2,985.0,USA,USA
DCA,IAH,1,1942.0,USA,USA
DCA,ILM,2,515.0,USA,USA
DCA,IND,2,802.0,USA,USA
DCA,ISP,2,400.0,USA,USA
DCA,JAN,2,1383.0,USA,USA
DCA,JAX,2,1022.0,USA,USA
DCA,JFK,3,342.0,USA,USA
DCA,LAN,1,770.0,USA,USA
DCA,LAS,2,3354.0,USA,USA
DCA,LAX,4,3711.0,USA,USA
DCA,LEX,1,665.0,USA,USA
DCA,LGA,3,345.0,USA,USA
DCA,LIT,2,1426.0,USA,USA
DCA,MCI,3,1524.0,USA,USA
DCA,MCO,3,1224.0,USA,USA
DCA,MEM,3,1224.0,USA,USA
DCA,MHT,2,654.0,USA,USA
DCA,MIA,2,1484.0,USA,USA
DCA,MKE,2,1019.0,USA,USA
DCA,MSN,1,1136.0,USA,USA
DCA,MSP,4,1495.0,USA,USA
DCA,MSY,2,1559.0,USA,USA
DCA,MYR,2,600.0,USA,USA
DCA,NAS,2,1536.0,USA,BHS
DCA,OAJ,2,450.0,USA,USA
DCA,OMA,3,1624.0,USA,USA
DCA,ORD,3,983.0,USA,USA
DCA,ORF,2,230.0,USA,USA
DCA,PBI,2,1383.0,USA,USA
DCA,PDX,2,3773.0,USA,USA
DCA,PHL,2,192.0,USA,USA
DCA,PHX,2,3178.0,USA,USA
DCA,PIT,2,329.0,USA,USA
DCA,PNS,2,1313.0,USA,USA
DCA,PVD,2,574.0,USA,USA
DCA,PWM,2,774.0,USA,USA
DCA,RDU,2,365.0,USA,USA
DCA,ROC,2,477.0,USA,USA
DCA,RSW,4,1438.0,USA,USA
DCA,SAN,2,3655.0,USA,USA
DCA,SAV,2,837.0,USA,USA
DCA,SDF,2,760.0,USA,USA
DCA,SEA,1,3738.0,USA,USA
DCA,SFO,2,3921.0,USA,USA
DCA,SJU,1,2507.0,USA,PRI
DCA,SLC,1,2972.0,USA,USA
DCA,SRQ,2,1373.0,USA,USA
DCA,STL,3,1154.0,USA,USA
DCA,SYR,2,480.0,USA,USA
DCA,TLH,2,1153.0,USA,USA
DCA,TPA,3,1312.0,USA,USA
DCA,TYS,2,702.0,USA,USA
DCA,VPS,2,1271.0,USA,USA
DCA,YHZ,2,1303.0,USA,CAN
DCA,YOW,1,728.0,USA,CAN
DCA,YUL,3,784.0,USA,CAN
DCA,YYZ,3,579.0,USA,CAN
DCM,AGF,1,153.0,FXX,FXX
DCM,AJA,1,562.0,FXX,FXX
DCM,ORY,1,575.0,FXX,FXX
DCN,PER,2,1781.0,AUS,AUS
DCY,CTU,4,400.0,CHN,CHN
DDC,DEN,3,470.0,USA,USA
DDC,LBL,3,119.0,USA,USA
DDG,PEK,2,655.0,CHN,CHN
DDG,PVG,1,1013.0,CHN,CHN
DDG,TAO,2,540.0,CHN,CHN
DEA,KHI,1,651.0,PAK,PAK
DEA,SHJ,1,1560.0,PAK,ARE
DEB,EIN,1,1250.0,HUN,NLX
DEB,LTN,1,1648.0,HUN,ENG
DEC,ORD,1,252.0,USA,USA
DEC,STL,1,177.0,USA,USA
DED,DEL,4,208.0,IND,IND
DED,LKO,1,464.0,IND,IND
DEE,UUS,1,400.0,RUS,RUS
DEF,THR,1,451.0,IRN,IRN
DEL,ADD,2,4552.0,IND,ETH
DEL,ALA,1,1644.0,IND,KAZ
DEL,AMD,6,757.0,IND,IND
DEL,AMM,1,3945.0,IND,JOR
DEL,AMS,1,6363.0,IND,NLX
DEL,ASB,1,2027.0,IND,TKM
DEL,ATQ,4,414.0,IND,IND
DEL,AUH,3,2277.0,IND,ARE
DEL,BAH,2,2620.0,IND,BHR
DEL,BBI,2,1278.0,IND,IND
DEL,BDQ,2,794.0,IND,IND
DEL,BHO,3,587.0,IND,IND
DEL,BHX,1,6799.0,IND,ENG
DEL,BKK,4,2948.0,IND,THA
DEL,BLR,6,1710.0,IND,IND
DEL,BOM,6,1138.0,IND,IND
DEL,BRU,3,6399.0,IND,BFR
DEL,CAN,1,3650.0,IND,CHN
DEL,CCU,6,1313.0,IND,IND
DEL,CDG,2,6565.0,IND,FXX
DEL,CJB,1,1950.0,IND,IND
DEL,CMB,3,2396.0,IND,LKA
DEL,COK,2,2049.0,IND,IND
DEL,DAC,3,1425.0,IND,BGD
DEL,DED,4,208.0,IND,IND
DEL,DHM,2,408.0,IND,IND
DEL,DIB,1,1761.0,IND,IND
DEL,DMM,3,2697.0,IND,SAU
DEL,DOH,2,2549.0,IND,QAT
DEL,DXB,5,2184.0,IND,ARE
DEL,DYU,1,1347.0,IND,TJK
DEL,EWR,1,11764.0,IND,USA
DEL,FCO,2,5933.0,IND,ITA
DEL,FRA,2,6121.0,IND,DEU
DEL,GAU,6,1456.0,IND,IND
DEL,GOI,3,1504.0,IND,IND
DEL,GOP,2,657.0,IND,IND
DEL,HEA,1,1543.0,IND,AFG
DEL,HEL,1,5223.0,IND,FIN
DEL,HKG,5,3746.0,IND,HKG
DEL,HYD,5,1268.0,IND,IND
DEL,ICN,2,4652.0,IND,KOR
DEL,IDR,5,663.0,IND,IND
DEL,IKA,1,2554.0,IND,IRN
DEL,IST,2,4565.0,IND,TUR
DEL,IXB,6,1125.0,IND,IND
DEL,IXC,4,236.0,IND,IND
DEL,IXD,1,576.0,IND,IND
DEL,IXJ,6,507.0,IND,IND
DEL,IXL,4,621.0,IND,IND
DEL,IXR,5,1008.0,IND,IND
DEL,IXU,2,983.0,IND,IND
DEL,JAI,4,232.0,IND,IND
DEL,JDH,3,476.0,IND,IND
DEL,JED,2,3880.0,IND,SAU
DEL,JFK,1,11754.0,IND,USA
DEL,JLR,2,668.0,IND,IND
DEL,KBL,5,1001.0,IND,AFG
DEL,KDH,1,1131.0,IND,AFG
DEL,KHI,1,1067.0,IND,PAK
DEL,KNU,1,405.0,IND,IND
DEL,KTM,5,815.0,IND,NPL
DEL,KUL,3,3877.0,IND,MYS
DEL,KUU,1,368.0,IND,IND
DEL,KWI,1,2830.0,IND,KWT
DEL,LHE,1,419.0,IND,PAK
DEL,LHR,5,6731.0,IND,ENG
DEL,LKO,6,423.0,IND,IND
DEL,LUH,1,278.0,IND,IND
DEL,MAA,5,1761.0,IND,IND
DEL,MCT,2,1957.0,IND,OMN
DEL,MEL,1,10192.0,IND,AUS
DEL,MRU,2,5834.0,IND,MUS
DEL,MUC,2,5899.0,IND,DEU
DEL,NAG,3,854.0,IND,IND
DEL,NBO,1,5416.0,IND,KEN
DEL,NRT,3,5909.0,IND,JPN
DEL,ORD,1,12021.0,IND,USA
DEL,PAT,5,857.0,IND,IND
DEL,PEK,1,3809.0,IND,CHN
DEL,PNQ,6,1156.0,IND,IND
DEL,PVG,2,4291.0,IND,CHN
DEL,RPR,3,945.0,IND,IND
DEL,RUH,2,3037.0,IND,SAU
DEL,SHJ,1,2167.0,IND,ARE
DEL,SIN,4,4159.0,IND,SGP
DEL,STV,2,938.0,IND,IND
DEL,SVO,1,4363.0,IND,RUS
DEL,SXR,6,642.0,IND,IND
DEL,SYD,1,10435.0,IND,AUS
DEL,TAS,1,1580.0,IND,UZB
DEL,TPE,2,4372.0,IND,TWN
DEL,UDR,4,543.0,IND,IND
DEL,VIE,2,5546.0,IND,AUT
DEL,VNS,5,667.0,IND,IND
DEL,VTZ,1,1358.0,IND,IND
DEL,ZRH,2,6148.0,IND,CHE
DEN,ABQ,3,563.0,USA,USA
DEN,AIA,3,290.0,USA,USA
DEN,ALS,3,289.0,USA,USA
DEN,AMA,3,579.0,USA,USA
DEN,ANC,1,3863.0,USA,USA
DEN,ASE,1,201.0,USA,USA
DEN,ATL,11,1927.0,USA,USA
DEN,AUS,3,1249.0,USA,USA
DEN,BDL,1,2683.0,USA,USA
DEN,BFF,1,241.0,USA,USA
DEN,BFL,1,1357.0,USA,USA
DEN,BHM,1,1740.0,USA,USA
DEN,BIL,1,732.0,USA,USA
DEN,BIS,2,831.0,USA,USA
DEN,BKG,1,1068.0,USA,USA
DEN,BMI,1,1339.0,USA,USA
DEN,BNA,4,1628.0,USA,USA
DEN,BOI,2,1042.0,USA,USA
DEN,BOS,3,2816.0,USA,USA
DEN,BUR,2,1366.0,USA,USA
DEN,BWI,3,2394.0,USA,USA
DEN,BZN,2,843.0,USA,USA
DEN,CAK,1,1965.0,USA,USA
DEN,CEZ,1,446.0,USA,USA
DEN,CID,2,1112.0,USA,USA
DEN,CLE,2,1928.0,USA,USA
DEN,CLT,2,2148.0,USA,USA
DEN,CMH,3,1853.0,USA,USA
DEN,COD,1,630.0,USA,USA
DEN,COS,1,117.0,USA,USA
DEN,CPR,1,370.0,USA,USA
DEN,CUN,3,2689.0,USA,MEX
DEN,CVG,3,1716.0,USA,USA
DEN,CYS,3,144.0,USA,USA
DEN,CZM,1,2733.0,USA,MEX
DEN,DAY,2,1741.0,USA,USA
DEN,DCA,2,2369.0,USA,USA
DEN,DDC,1,470.0,USA,USA
DEN,DFW,5,1032.0,USA,USA
DEN,DIK,1,786.0,USA,USA
DEN,DRO,1,403.0,USA,USA
DEN,DSM,2,946.0,USA,USA
DEN,DTW,5,1802.0,USA,USA
DEN,EGE,1,193.0,USA,USA
DEN,ELP,1,909.0,USA,USA
DEN,EUG,2,1600.0,USA,USA
DEN,EWR,2,2576.0,USA,USA
DEN,FAR,2,1008.0,USA,USA
DEN,FAT,2,1355.0,USA,USA
DEN,FCA,1,1210.0,USA,USA
DEN,FLL,4,2739.0,USA,USA
DEN,FMN,3,465.0,USA,USA
DEN,FRA,2,8089.0,USA,DEU
DEN,FSD,2,777.0,USA,USA
DEN,GCC,1,504.0,USA,USA
DEN,GEG,4,1343.0,USA,USA
DEN,GJT,1,341.0,USA,USA
DEN,GRR,2,1629.0,USA,USA
DEN,GSO,1,2201.0,USA,USA
DEN,GTF,1,1003.0,USA,USA
DEN,GUC,1,244.0,USA,USA
DEN,HDN,1,227.0,USA,USA
DEN,HLN,1,955.0,USA,USA
DEN,HNL,1,5408.0,USA,USA
DEN,HOU,1,1422.0,USA,USA
DEN,HSV,1,1684.0,USA,USA
DEN,IAD,2,2332.0,USA,USA
DEN,IAH,3,1387.0,USA,USA
DEN,ICT,1,674.0,USA,USA
DEN,IDA,1,736.0,USA,USA
DEN,ILG,1,2473.0,USA,USA
DEN,IND,4,1568.0,USA,USA
DEN,ISN,1,928.0,USA,USA
DEN,JAC,1,653.0,USA,USA
DEN,JAX,1,2325.0,USA,USA
DEN,JFK,2,2610.0,USA,USA
DEN,KEF,1,5727.0,USA,ISL
DEN,KOA,1,5351.0,USA,USA
DEN,LAR,1,182.0,USA,USA
DEN,LAS,5,1009.0,USA,USA
DEN,LAX,7,1385.0,USA,USA
DEN,LBB,1,734.0,USA,USA
DEN,LBF,1,365.0,USA,USA
DEN,LBL,1,450.0,USA,USA
DEN,LGA,4,2600.0,USA,USA
DEN,LHR,4,7496.0,USA,ENG
DEN,LIH,1,5487.0,USA,USA
DEN,LIR,1,3762.0,USA,CRI
DEN,LIT,2,1239.0,USA,USA
DEN,LNK,1,679.0,USA,USA
DEN,MAF,1,908.0,USA,USA
DEN,MCI,4,855.0,USA,USA
DEN,MCK,1,350.0,USA,USA
DEN,MCO,4,2486.0,USA,USA
DEN,MDT,1,2367.0,USA,USA
DEN,MDW,3,1437.0,USA,USA
DEN,MEM,3,1401.0,USA,USA
DEN,MEX,2,2333.0,USA,MEX
DEN,MFR,1,1547.0,USA,USA
DEN,MIA,3,2749.0,USA,USA
DEN,MKE,4,1438.0,USA,USA
DEN,MLI,1,1207.0,USA,USA
DEN,MOT,2,972.0,USA,USA
DEN,MRY,1,1541.0,USA,USA
DEN,MSN,2,1326.0,USA,USA
DEN,MSO,1,1091.0,USA,USA
DEN,MSP,6,1092.0,USA,USA
DEN,MSY,5,1708.0,USA,USA
DEN,MTJ,1,316.0,USA,USA
DEN,NRT,2,9293.0,USA,JPN
DEN,OAK,1,1537.0,USA,USA
DEN,OGG,1,5308.0,USA,USA
DEN,OKC,4,796.0,USA,USA
DEN,OMA,4,758.0,USA,USA
DEN,ONT,3,1316.0,USA,USA
DEN,ORD,4,1426.0,USA,USA
DEN,ORF,1,2493.0,USA,USA
DEN,PDX,3,1592.0,USA,USA
DEN,PGA,1,674.0,USA,USA
DEN,PHF,1,2461.0,USA,USA
DEN,PHL,4,2500.0,USA,USA
DEN,PHX,7,969.0,USA,USA
DEN,PIA,1,1273.0,USA,USA
DEN,PIR,3,619.0,USA,USA
DEN,PIT,2,2071.0,USA,USA
DEN,PSC,1,1370.0,USA,USA
DEN,PSP,2,1247.0,USA,USA
DEN,PUB,1,176.0,USA,USA
DEN,PVR,2,2134.0,USA,MEX
DEN,RAP,1,484.0,USA,USA
DEN,RDM,1,1442.0,USA,USA
DEN,RDU,1,2306.0,USA,USA
DEN,RIW,1,476.0,USA,USA
DEN,RKS,1,417.0,USA,USA
DEN,RNO,2,1291.0,USA,USA
DEN,RSW,2,2584.0,USA,USA
DEN,SAF,1,488.0,USA,USA
DEN,SAN,4,1371.0,USA,USA
DEN,SAT,3,1280.0,USA,USA
DEN,SBA,2,1471.0,USA,USA
DEN,SDF,2,1644.0,USA,USA
DEN,SEA,5,1645.0,USA,USA
DEN,SFO,3,1553.0,USA,USA
DEN,SGF,1,1023.0,USA,USA
DEN,SGU,1,831.0,USA,USA
DEN,SHR,1,578.0,USA,USA
DEN,SHV,1,1274.0,USA,USA
DEN,SJC,2,1522.0,USA,USA
DEN,SJD,3,1918.0,USA,MEX
DEN,SJO,1,3888.0,USA,CRI
DEN,SLC,5,628.0,USA,USA
DEN,SMF,3,1460.0,USA,USA
DEN,SNA,4,1360.0,USA,USA
DEN,STL,3,1236.0,USA,USA
DEN,TPA,4,2423.0,USA,USA
DEN,TUL,2,870.0,USA,USA
DEN,TUS,3,1029.0,USA,USA
DEN,TYS,2,1866.0,USA,USA
DEN,XNA,1,990.0,USA,USA
DEN,YEG,2,1640.0,USA,CAN
DEN,YMM,2,1927.0,USA,CAN
DEN,YQR,2,1175.0,USA,CAN
DEN,YUL,2,2587.0,USA,CAN
DEN,YVR,2,1789.0,USA,CAN
DEN,YWG,2,1260.0,USA,CAN
DEN,YXE,2,1377.0,USA,CAN
DEN,YYC,2,1445.0,USA,CAN
DEN,YYZ,2,2111.0,USA,CAN
DFW,ABI,2,253.0,USA,USA
DFW,ABQ,2,914.0,USA,USA
DFW,ACT,2,144.0,USA,USA
DFW,AEX,2,457.0,USA,USA
DFW,AGU,2,1349.0,USA,MEX
DFW,AMA,2,502.0,USA,USA
DFW,AMS,2,7900.0,USA,NLX
DFW,ATL,10,1175.0,USA,USA
DFW,AUS,3,306.0,USA,USA
DFW,BDL,2,2363.0,USA,USA
DFW,BHM,2,959.0,USA,USA
DFW,BJX,2,1394.0,USA,MEX
DFW,BMI,2,1110.0,USA,USA
DFW,BNA,2,1014.0,USA,USA
DFW,BNE,2,13365.0,USA,AUS
DFW,BOG,3,3933.0,USA,COL
DFW,BOS,4,2509.0,USA,USA
DFW,BPT,2,435.0,USA,USA
DFW,BRO,2,778.0,USA,USA
DFW,BTR,2,616.0,USA,USA
DFW,BWI,3,1955.0,USA,USA
DFW,BZE,2,1918.0,USA,BLZ
DFW,CAE,2,1480.0,USA,USA
DFW,CCS,1,3945.0,USA,VEN
DFW,CDG,5,7944.0,USA,FXX
DFW,CHA,2,1116.0,USA,USA
DFW,CHS,2,1585.0,USA,USA
DFW,CID,2,1104.0,USA,USA
DFW,CLE,3,1642.0,USA,USA
DFW,CLL,2,264.0,USA,USA
DFW,CLT,2,1503.0,USA,USA
DFW,CMH,2,1489.0,USA,USA
DFW,CMI,2,1114.0,USA,USA
DFW,COS,2,953.0,USA,USA
DFW,COU,2,788.0,USA,USA
DFW,CRP,2,572.0,USA,USA
DFW,CRW,2,1520.0,USA,USA
DFW,CUN,4,1657.0,USA,MEX
DFW,CUU,2,971.0,USA,MEX
DFW,CVG,3,1305.0,USA,USA
DFW,CZM,2,1701.0,USA,MEX
DFW,DAY,2,1384.0,USA,USA
DFW,DCA,2,1915.0,USA,USA
DFW,DEN,5,1032.0,USA,USA
DFW,DRO,2,1084.0,USA,USA
DFW,DSM,2,1006.0,USA,USA
DFW,DTW,4,1586.0,USA,USA
DFW,DXB,2,12919.0,USA,ARE
DFW,ELP,2,885.0,USA,USA
DFW,EVV,2,1032.0,USA,USA
DFW,EWR,3,2205.0,USA,USA
DFW,EZE,2,8534.0,USA,ARG
DFW,FAR,2,1559.0,USA,USA
DFW,FAT,2,2109.0,USA,USA
DFW,FLL,3,1799.0,USA,USA
DFW,FRA,9,8258.0,USA,DEU
DFW,FSD,2,1188.0,USA,USA
DFW,FSM,2,366.0,USA,USA
DFW,FWA,2,1382.0,USA,USA
DFW,GCK,2,651.0,USA,USA
DFW,GDL,2,1510.0,USA,MEX
DFW,GGG,2,225.0,USA,USA
DFW,GIG,3,8419.0,USA,BRA
DFW,GJT,2,1242.0,USA,USA
DFW,GPT,2,803.0,USA,USA
DFW,GRI,2,904.0,USA,USA
DFW,GRK,2,217.0,USA,USA
DFW,GRR,2,1498.0,USA,USA
DFW,GRU,3,8244.0,USA,BRA
DFW,GSO,2,1605.0,USA,USA
DFW,GSP,2,1384.0,USA,USA
DFW,GUA,2,2140.0,USA,GTM
DFW,HNL,2,6081.0,USA,USA
DFW,HOU,2,398.0,USA,USA
DFW,HSV,2,968.0,USA,USA
DFW,IAD,3,1882.0,USA,USA
DFW,IAH,3,362.0,USA,USA
DFW,ICN,4,10987.0,USA,KOR
DFW,ICT,2,530.0,USA,USA
DFW,IND,2,1224.0,USA,USA
DFW,JAN,2,655.0,USA,USA
DFW,JAX,2,1475.0,USA,USA
DFW,JFK,3,2235.0,USA,USA
DFW,JLN,2,527.0,USA,USA
DFW,LAS,3,1695.0,USA,USA
DFW,LAW,2,225.0,USA,USA
DFW,LAX,6,1983.0,USA,USA
DFW,LBB,2,453.0,USA,USA
DFW,LCH,2,475.0,USA,USA
DFW,LEX,2,1261.0,USA,USA
DFW,LFT,2,564.0,USA,USA
DFW,LGA,4,2231.0,USA,USA
DFW,LHR,6,7627.0,USA,ENG
DFW,LIM,3,5424.0,USA,PER
DFW,LIR,2,2745.0,USA,CRI
DFW,LIT,2,489.0,USA,USA
DFW,LRD,2,639.0,USA,USA
DFW,MAD,5,7974.0,USA,ESP
DFW,MAF,2,496.0,USA,USA
DFW,MBJ,2,2489.0,USA,JAM
DFW,MCI,2,742.0,USA,USA
DFW,MCO,3,1582.0,USA,USA
DFW,MEM,3,693.0,USA,USA
DFW,MEX,5,1510.0,USA,MEX
DFW,MFE,2,756.0,USA,USA
DFW,MGM,2,999.0,USA,USA
DFW,MHK,2,695.0,USA,USA
DFW,MIA,2,1802.0,USA,USA
DFW,MKE,2,1374.0,USA,USA
DFW,MLI,2,1112.0,USA,USA
DFW,MLM,3,1504.0,USA,MEX
DFW,MLU,2,470.0,USA,USA
DFW,MOB,2,866.0,USA,USA
DFW,MSN,2,1322.0,USA,USA
DFW,MSP,5,1373.0,USA,USA
DFW,MSY,6,719.0,USA,USA
DFW,MTY,2,845.0,USA,MEX
DFW,MYR,1,1683.0,USA,USA
DFW,MZT,2,1410.0,USA,MEX
DFW,NAS,2,2090.0,USA,BHS
DFW,NRT,4,10322.0,USA,JPN
DFW,OAK,1,2340.0,USA,USA
DFW,OGG,2,5962.0,USA,USA
DFW,OKC,2,282.0,USA,USA
DFW,OMA,2,940.0,USA,USA
DFW,ONT,2,1908.0,USA,USA
DFW,ORD,4,1291.0,USA,USA
DFW,ORF,2,1947.0,USA,USA
DFW,PBC,2,1533.0,USA,MEX
DFW,PBI,2,1772.0,USA,USA
DFW,PDX,4,2597.0,USA,USA
DFW,PHL,3,2093.0,USA,USA
DFW,PHX,3,1394.0,USA,USA
DFW,PIA,2,1083.0,USA,USA
DFW,PIT,2,1716.0,USA,USA
DFW,PLS,2,2732.0,USA,TCA
DFW,PNS,2,970.0,USA,USA
DFW,PSP,2,1808.0,USA,USA
DFW,PTY,2,3210.0,USA,PAN
DFW,PVR,2,1583.0,USA,MEX
DFW,QRO,2,1400.0,USA,MEX
DFW,RAP,2,1345.0,USA,USA
DFW,RDU,2,1705.0,USA,USA
DFW,RIC,2,1859.0,USA,USA
DFW,RNO,2,2161.0,USA,USA
DFW,ROW,2,699.0,USA,USA
DFW,RSW,3,1634.0,USA,USA
DFW,RTB,2,2125.0,USA,HND
DFW,SAF,2,885.0,USA,USA
DFW,SAL,4,2310.0,USA,SLV
DFW,SAN,4,1880.0,USA,USA
DFW,SAT,2,398.0,USA,USA
DFW,SAV,2,1486.0,USA,USA
DFW,SCL,3,7866.0,USA,CHL
DFW,SDF,2,1178.0,USA,USA
DFW,SEA,3,2668.0,USA,USA
DFW,SFO,5,2352.0,USA,USA
DFW,SGF,2,587.0,USA,USA
DFW,SHV,2,305.0,USA,USA
DFW,SJC,2,2310.0,USA,USA
DFW,SJD,3,1648.0,USA,MEX
DFW,SJO,2,2866.0,USA,CRI
DFW,SJT,2,368.0,USA,USA
DFW,SJU,2,3482.0,USA,PRI
DFW,SLC,3,1589.0,USA,USA
DFW,SLP,2,1244.0,USA,MEX
DFW,SMF,2,2298.0,USA,USA
DFW,SNA,3,1935.0,USA,USA
DFW,SPI,2,1015.0,USA,USA
DFW,SPS,2,181.0,USA,USA
DFW,STL,2,885.0,USA,USA
DFW,TLH,2,1232.0,USA,USA
DFW,TPA,3,1493.0,USA,USA
DFW,TRC,2,1022.0,USA,MEX
DFW,TUL,2,382.0,USA,USA
DFW,TUS,2,1306.0,USA,USA
DFW,TXK,2,290.0,USA,USA
DFW,TYR,2,165.0,USA,USA
DFW,TYS,2,1239.0,USA,USA
DFW,VPS,2,1030.0,USA,USA
DFW,XNA,2,452.0,USA,USA
DFW,YEG,2,2623.0,USA,CAN
DFW,YUL,3,2432.0,USA,CAN
DFW,YVR,3,2819.0,USA,CAN
DFW,YYC,4,2451.0,USA,CAN
DFW,YYZ,5,1928.0,USA,CAN
DFW,ZCL,2,1242.0,USA,MEX
DGO,IAH,1,1118.0,MEX,USA
DGO,LAX,1,1733.0,MEX,USA
DGO,MEX,2,767.0,MEX,MEX
DGO,TIJ,1,1534.0,MEX,MEX
DGT,CEB,1,131.0,PHL,PHL
DGT,MNL,3,627.0,PHL,PHL
DHI,KTM,1,483.0,NPL,NPL
DHM,DEL,2,408.0,IND,IND
DHN,ATL,3,275.0,USA,USA
DIB,CCU,2,852.0,IND,IND
DIB,DMU,1,217.0,IND,IND
DIB,GAU,3,373.0,IND,IND
DIE,DZA,1,438.0,MDG,MYT
DIE,NOS,1,151.0,MDG,MDG
DIE,RUN,1,1157.0,MDG,REU
DIE,SVB,1,235.0,MDG,MDG
DIE,TNR,1,743.0,MDG,MDG
DIG,CAN,1,1450.0,CHN,CHN
DIG,CTU,1,517.0,CHN,CHN
DIG,JHG,1,656.0,CHN,CHN
DIG,KMG,3,441.0,CHN,CHN
DIG,LXA,1,872.0,CHN,CHN
DIJ,TLS,1,498.0,FXX,FXX
DIK,DEN,1,786.0,USA,USA
DIK,MSP,1,772.0,USA,USA
DIL,DPS,1,1139.0,TLS,IDN
DIL,DRW,2,726.0,TLS,AUS
DIL,SIN,1,2628.0,TLS,SGP
DIN,HAN,1,291.0,VNM,VNM
DIR,ADD,1,343.0,ETH,ETH
DIR,JIB,1,257.0,ETH,DJI
DIR,JIJ,1,120.0,ETH,ETH
DIU,PBD,2,167.0,IND,IND
DIY,ADB,2,1141.0,TUR,TUR
DIY,ESB,1,670.0,TUR,TUR
DIY,IST,2,1050.0,TUR,TUR
DIY,SAW,2,993.0,TUR,TUR
DJB,BTH,2,311.0,IDN,IDN
DJB,CGK,4,600.0,IDN,IDN
DJE,BRU,1,1961.0,TUN,BFR
DJE,BSL,1,1549.0,TUN,FXX
DJE,CDG,2,1815.0,TUN,FXX
DJE,DUS,3,1963.0,TUN,DEU
DJE,FRA,2,1806.0,TUN,DEU
DJE,GVA,1,1430.0,TUN,CHE
DJE,HAM,1,2198.0,TUN,DEU
DJE,LEJ,1,1955.0,TUN,DEU
DJE,LIL,2,1958.0,TUN,FXX
DJE,LUX,1,1791.0,TUN,LUX
DJE,LYS,2,1404.0,TUN,FXX
DJE,MRS,2,1167.0,TUN,FXX
DJE,MUC,3,1612.0,TUN,DEU
DJE,NBE,1,247.0,TUN,TUN
DJE,NCE,1,1130.0,TUN,FXX
DJE,NTE,3,1805.0,TUN,FXX
DJE,NUE,1,1737.0,TUN,DEU
DJE,ORY,3,1791.0,TUN,FXX
DJE,SXB,1,1651.0,TUN,FXX
DJE,SXF,1,2069.0,TUN,DEU
DJE,TIP,1,259.0,TUN,LBY
DJE,TUN,1,335.0,TUN,TUN
DJE,ZRH,1,1523.0,TUN,CHE
DJG,OGX,1,936.0,DZA,DZA
DJG,TMR,1,440.0,DZA,DZA
DJJ,BIK,2,514.0,IDN,IDN
DJJ,CGK,2,3774.0,IDN,IDN
DJJ,MKQ,3,661.0,IDN,IDN
DJJ,MKW,2,743.0,IDN,IDN
DJJ,NBX,1,564.0,IDN,IDN
DJJ,OKL,1,259.0,IDN,IDN
DJJ,TIM,2,457.0,IDN,IDN
DJJ,UPG,3,2342.0,IDN,IDN
DJJ,WMX,1,242.0,IDN,IDN
DKR,ABJ,3,1820.0,SEN,CIV
DKR,ACC,3,2149.0,SEN,GHA
DKR,ALG,1,3188.0,SEN,DZA
DKR,BCN,2,3504.0,SEN,ESP
DKR,BJL,4,180.0,SEN,GMB
DKR,BKO,5,1060.0,SEN,MLI
DKR,BRU,5,4477.0,SEN,BFR
DKR,CDG,2,4226.0,SEN,FXX
DKR,CKY,8,712.0,SEN,GIN
DKR,CMN,1,2299.0,SEN,MAR
DKR,COO,2,2362.0,SEN,BEN
DKR,DLA,1,3210.0,SEN,CMR
DKR,DXB,1,7618.0,SEN,ARE
DKR,FNA,2,826.0,SEN,SLE
DKR,IAD,3,6401.0,SEN,USA
DKR,IST,1,5325.0,SEN,TUR
DKR,JFK,1,6120.0,SEN,USA
DKR,JNB,3,6717.0,SEN,ZAF
DKR,LIS,1,2796.0,SEN,PRX
DKR,LOS,1,2446.0,SEN,NGA
DKR,LPA,3,1483.0,SEN,ESP
DKR,MAD,2,3164.0,SEN,ESP
DKR,MXP,1,4220.0,SEN,ITA
DKR,NKC,2,429.0,SEN,MRT
DKR,ORY,1,4192.0,SEN,FXX
DKR,OUA,1,1747.0,SEN,BFA
DKR,OXB,2,374.0,SEN,GNB
DKR,RAI,2,646.0,SEN,CPV
DKR,TFN,1,1533.0,SEN,ESP
DKR,TUN,1,3681.0,SEN,TUN
DKR,ZIG,1,276.0,SEN,SEN
DLA,ABJ,1,1519.0,CMR,CIV
DLA,ADD,2,3259.0,CMR,ETH
DLA,BGF,2,977.0,CMR,CAF
DLA,BRU,5,5237.0,CMR,BFR
DLA,BZV,4,1105.0,CMR,COG
DLA,CDG,2,5050.0,CMR,FXX
DLA,CMN,1,3726.0,CMR,MAR
DLA,COO,4,853.0,CMR,BEN
DLA,DKR,1,3210.0,CMR,SEN
DLA,FIH,4,1129.0,CMR,COD
DLA,GOU,1,717.0,CMR,CMR
DLA,IST,1,4558.0,CMR,TUR
DLA,LBV,4,396.0,CMR,GAB
DLA,LFW,1,968.0,CMR,TGO
DLA,LOS,2,764.0,CMR,NGA
DLA,MVR,1,874.0,CMR,CMR
DLA,NBO,1,3081.0,CMR,KEN
DLA,NDJ,2,1076.0,CMR,TCD
DLA,NSI,6,206.0,CMR,CMR
DLA,PNR,1,1010.0,CMR,COG
DLA,SSG,5,116.0,CMR,GNQ
DLC,CAN,1,1899.0,CHN,CHN
DLC,CGO,6,845.0,CHN,CHN
DLC,CHG,1,301.0,CHN,CHN
DLC,CIF,1,426.0,CHN,CHN
DLC,CJU,1,752.0,CHN,KOR
DLC,CKG,1,1707.0,CHN,CHN
DLC,CSX,1,1423.0,CHN,CHN
DLC,CZX,1,799.0,CHN,CHN
DLC,DOY,1,290.0,CHN,CHN
DLC,FOC,1,1459.0,CHN,CHN
DLC,FUG,1,854.0,CHN,CHN
DLC,FUK,2,997.0,CHN,JPN
DLC,HDG,1,682.0,CHN,CHN
DLC,HET,1,854.0,CHN,CHN
DLC,HFE,3,886.0,CHN,CHN
DLC,HGH,10,977.0,CHN,CHN
DLC,HIA,1,615.0,CHN,CHN
DLC,HIJ,2,1132.0,CHN,JPN
DLC,HKG,2,1989.0,CHN,HKG
DLC,HRB,3,835.0,CHN,CHN
DLC,ICN,4,460.0,CHN,KOR
DLC,JMU,1,1137.0,CHN,CHN
DLC,JNG,1,615.0,CHN,CHN
DLC,KHN,1,1237.0,CHN,CHN
DLC,KIX,3,1320.0,CHN,JPN
DLC,KMG,1,2327.0,CHN,CHN
DLC,LDS,1,1148.0,CHN,CHN
DLC,LYA,1,939.0,CHN,CHN
DLC,LYG,2,543.0,CHN,CHN
DLC,LYI,1,517.0,CHN,CHN
DLC,MDG,1,908.0,CHN,CHN
DLC,NGB,4,1016.0,CHN,CHN
DLC,NGO,1,1430.0,CHN,JPN
DLC,NKG,5,839.0,CHN,CHN
DLC,NRT,5,1700.0,CHN,JPN
DLC,PEK,6,443.0,CHN,CHN
DLC,PVG,7,870.0,CHN,CHN
DLC,SHP,1,191.0,CHN,CHN
DLC,SJW,2,599.0,CHN,CHN
DLC,SZX,3,1958.0,CHN,CHN
DLC,TAO,5,317.0,CHN,CHN
DLC,TNA,6,446.0,CHN,CHN
DLC,TOY,1,1397.0,CHN,JPN
DLC,TPE,4,1545.0,CHN,TWN
DLC,TSN,8,363.0,CHN,CHN
DLC,TXN,1,1070.0,CHN,CHN
DLC,TYN,4,788.0,CHN,CHN
DLC,WEF,1,334.0,CHN,CHN
DLC,WUH,4,1128.0,CHN,CHN
DLC,WUX,2,837.0,CHN,CHN
DLC,XIY,5,1244.0,CHN,CHN
DLC,XMN,1,1635.0,CHN,CHN
DLC,XUZ,1,651.0,CHN,CHN
DLC,YNJ,1,794.0,CHN,CHN
DLC,YNT,1,175.0,CHN,CHN
DLC,YNZ,1,628.0,CHN,CHN
DLC,YTY,1,731.0,CHN,CHN
DLE,LIS,1,1497.0,FXX,PRX
DLE,OPO,1,1295.0,FXX,PRX
DLE,RAK,1,2064.0,FXX,MAR
DLG,AKN,1,114.0,USA,USA
DLG,ANC,2,527.0,USA,USA
DLH,AZA,1,2226.0,USA,USA
DLH,LAS,1,2244.0,USA,USA
DLH,MSP,1,232.0,USA,USA
DLH,ORD,1,639.0,USA,USA
DLI,DAD,1,478.0,VNM,VNM
DLI,HAN,2,1088.0,VNM,VNM
DLI,SGN,2,214.0,VNM,VNM
DLM,AMS,1,2554.0,TUR,NLX
DLM,BFS,1,3318.0,TUR,NIR
DLM,BHX,4,2950.0,TUR,ENG
DLM,BLK,1,3088.0,TUR,ENG
DLM,BRS,3,2965.0,TUR,ENG
DLM,CWL,1,3006.0,TUR,WLS
DLM,DME,1,2190.0,TUR,RUS
DLM,DUS,2,2377.0,TUR,DEU
DLM,EDI,1,3216.0,TUR,SCT
DLM,EMA,2,2942.0,TUR,ENG
DLM,FRA,2,2193.0,TUR,DEU
DLM,GLA,3,3271.0,TUR,SCT
DLM,HAJ,2,2300.0,TUR,DEU
DLM,HAM,1,2374.0,TUR,DEU
DLM,IST,2,507.0,TUR,TUR
DLM,LBA,3,3012.0,TUR,ENG
DLM,LGW,5,2793.0,TUR,ENG
DLM,LTN,2,2837.0,TUR,ENG
DLM,MAN,6,3024.0,TUR,ENG
DLM,MUC,2,1894.0,TUR,DEU
DLM,NCL,3,3075.0,TUR,ENG
DLM,RTM,1,2552.0,TUR,NLX
DLM,SAW,1,468.0,TUR,TUR
DLM,STN,2,2800.0,TUR,ENG
DLM,STR,2,2070.0,TUR,DEU
DLM,SXF,1,2112.0,TUR,DEU
DLM,VIE,1,1612.0,TUR,AUT
DLM,VKO,1,2194.0,TUR,RUS
DLU,CTU,1,653.0,CHN,CHN
DLU,JHG,2,411.0,CHN,CHN
DLU,KMG,3,269.0,CHN,CHN
DLU,KWE,1,655.0,CHN,CHN
DLY,IPA,1,31.0,VUT,VUT
DLY,VLI,1,139.0,VUT,VUT
DMB,ALA,1,469.0,KAZ,KAZ
DMB,DME,1,2764.0,KAZ,RUS
DMB,SVX,1,1714.0,KAZ,RUS
DMB,TSE,1,908.0,KAZ,KAZ
DMD,BUC,1,78.0,AUS,AUS
DMD,ISA,1,311.0,AUS,AUS
DMD,ONG,1,147.0,AUS,AUS
DME,AAQ,1,1158.0,RUS,RUS
DME,ABA,1,3366.0,RUS,RUS
DME,AER,3,1338.0,RUS,RUS
DME,AGP,2,3794.0,RUS,ESP
DME,AKX,2,1412.0,RUS,KAZ
DME,ALA,1,3081.0,RUS,KAZ
DME,ALC,4,3425.0,RUS,ESP
DME,AMM,2,2638.0,RUS,JOR
DME,ASB,2,2468.0,RUS,TKM
DME,ASF,2,1235.0,RUS,RUS
DME,ATH,2,2206.0,RUS,GRC
DME,AUH,2,3707.0,RUS,ARE
DME,AZN,1,2986.0,RUS,UZB
DME,BAX,2,2910.0,RUS,RUS
DME,BCN,3,3029.0,RUS,ESP
DME,BHK,3,2616.0,RUS,UZB
DME,BKK,3,7059.0,RUS,THA
DME,BOJ,1,1613.0,RUS,BGR
DME,BQS,1,5602.0,RUS,RUS
DME,BRU,1,2261.0,RUS,BFR
DME,BTK,1,3834.0,RUS,RUS
DME,BUS,2,1558.0,RUS,GEA
DME,CAI,1,2859.0,RUS,EGY
DME,CEE,1,430.0,RUS,RUS
DME,CEK,2,1484.0,RUS,RUS
DME,CFU,1,2203.0,RUS,GRC
DME,CGN,1,2095.0,RUS,DEU
DME,CIT,1,2691.0,RUS,KAZ
DME,CMB,1,6511.0,RUS,LKA
DME,CSY,1,595.0,RUS,RUS
DME,CXR,1,7736.0,RUS,VNM
DME,DLM,1,2190.0,RUS,TUR
DME,DNK,2,807.0,RUS,UKR
DME,DOH,1,3532.0,RUS,QAT
DME,DOK,1,816.0,RUS,UKR
DME,DUS,2,2098.0,RUS,DEU
DME,DWC,1,3673.0,RUS,ARE
DME,DXB,1,3642.0,RUS,ARE
DME,DYR,1,6226.0,RUS,RUS
DME,DYU,2,2962.0,RUS,TJK
DME,EGO,3,537.0,RUS,RUS
DME,ESL,1,1100.0,RUS,RUS
DME,EVN,1,1763.0,RUS,ARM
DME,FCO,2,2395.0,RUS,ITA
DME,FEG,2,2982.0,RUS,UZB
DME,FKB,1,2147.0,RUS,DEU
DME,FRA,3,2047.0,RUS,DEU
DME,FRU,6,2943.0,RUS,KGZ
DME,GBB,1,1773.0,RUS,AZE
DME,GDX,1,5892.0,RUS,RUS
DME,GOA,1,2388.0,RUS,ITA
DME,GOI,1,5402.0,RUS,IND
DME,GOJ,2,378.0,RUS,RUS
DME,GVA,1,2427.0,RUS,CHE
DME,GYD,2,1885.0,RUS,AZE
DME,HAN,1,6693.0,RUS,VNM
DME,HEL,2,938.0,RUS,FIN
DME,HER,3,2434.0,RUS,GRC
DME,HKG,3,7109.0,RUS,HKG
DME,HKT,1,7429.0,RUS,THA
DME,HMA,1,1908.0,RUS,RUS
DME,HRG,1,3157.0,RUS,EGY
DME,HTA,2,4728.0,RUS,RUS
DME,IAH,2,9532.0,RUS,USA
DME,IEV,1,747.0,RUS,UKR
DME,IJK,2,975.0,RUS,RUS
DME,IKT,2,4208.0,RUS,RUS
DME,KBP,2,733.0,RUS,UKR
DME,KEJ,2,2986.0,RUS,RUS
DME,KGD,3,1099.0,RUS,RUS
DME,KGF,1,2450.0,RUS,KAZ
DME,KGS,1,2225.0,RUS,GRC
DME,KHV,1,6150.0,RUS,RUS
DME,KIV,2,1130.0,RUS,MDA
DME,KJA,2,3323.0,RUS,RUS
DME,KOV,1,2048.0,RUS,KAZ
DME,KQT,1,3021.0,RUS,TJK
DME,KRO,1,1724.0,RUS,RUS
DME,KRR,4,1157.0,RUS,RUS
DME,KSQ,2,2775.0,RUS,UZB
DME,KUF,3,819.0,RUS,RUS
DME,KVD,1,1744.0,RUS,AZE
DME,KVK,1,1359.0,RUS,RUS
DME,KZN,4,716.0,RUS,RUS
DME,LBD,2,2873.0,RUS,TJK
DME,LCA,1,2307.0,RUS,CYP
DME,LED,5,667.0,RUS,RUS
DME,LEJ,1,1747.0,RUS,DEU
DME,LGW,2,2543.0,RUS,ENG
DME,LHR,1,2545.0,RUS,ENG
DME,LIS,2,3913.0,RUS,PRX
DME,LLK,1,2023.0,RUS,AZE
DME,LWN,1,1687.0,RUS,ARM
DME,MAD,2,3437.0,RUS,ESP
DME,MAN,1,2576.0,RUS,ENG
DME,MCX,1,1566.0,RUS,RUS
DME,MJZ,1,4171.0,RUS,RUS
DME,MLA,1,2808.0,RUS,MLT
DME,MRV,3,1297.0,RUS,RUS
DME,MSQ,3,657.0,RUS,BLR
DME,MUC,3,1942.0,RUS,DEU
DME,MXP,1,2308.0,RUS,ITA
DME,NBC,1,892.0,RUS,RUS
DME,NBE,2,2990.0,RUS,TUN
DME,NCE,1,2541.0,RUS,FXX
DME,NCU,2,2123.0,RUS,UZB
DME,NJC,2,2307.0,RUS,RUS
DME,NMA,2,2922.0,RUS,UZB
DME,NOJ,1,2251.0,RUS,RUS
DME,NOZ,1,3093.0,RUS,RUS
DME,NRT,2,7513.0,RUS,JPN
DME,NSK,2,2865.0,RUS,RUS
DME,NUX,3,2356.0,RUS,RUS
DME,NVI,3,2624.0,RUS,UZB
DME,NYM,2,2172.0,RUS,RUS
DME,ODS,2,1119.0,RUS,UKR
DME,OGZ,1,1440.0,RUS,RUS
DME,OMS,3,2224.0,RUS,RUS
DME,OSS,5,3025.0,RUS,KGZ
DME,OSW,1,1452.0,RUS,RUS
DME,OVB,3,2790.0,RUS,RUS
DME,PED,1,1601.0,RUS,CZE
DME,PEE,2,1138.0,RUS,RUS
DME,PES,1,752.0,RUS,RUS
DME,PEZ,1,528.0,RUS,RUS
DME,PFO,2,2338.0,RUS,CYP
DME,PKC,1,6775.0,RUS,RUS
DME,PMI,2,3126.0,RUS,ESP
DME,PUJ,1,9297.0,RUS,DOM
DME,PUY,1,2054.0,RUS,HRV
DME,PWQ,1,2562.0,RUS,KAZ
DME,PYJ,1,3921.0,RUS,RUS
DME,REN,1,1222.0,RUS,RUS
DME,RGK,1,3116.0,RUS,RUS
DME,RHO,3,2240.0,RUS,GRC
DME,RIX,2,877.0,RUS,LVA
DME,RMI,2,2196.0,RUS,ITA
DME,ROV,3,891.0,RUS,RUS
DME,RTW,1,687.0,RUS,RUS
DME,SAW,1,1732.0,RUS,TUR
DME,SCO,1,1591.0,RUS,KAZ
DME,SGC,1,2141.0,RUS,RUS
DME,SGN,2,7684.0,RUS,VNM
DME,SHJ,1,3639.0,RUS,ARE
DME,SIN,2,8401.0,RUS,SGP
DME,SIP,3,1185.0,RUS,RUS
DME,SKD,2,2760.0,RUS,UZB
DME,SKG,3,1985.0,RUS,GRC
DME,SKX,1,490.0,RUS,RUS
DME,SLY,1,1955.0,RUS,RUS
DME,SSH,1,3063.0,RUS,EGY
DME,STW,2,1183.0,RUS,RUS
DME,SVX,3,1422.0,RUS,RUS
DME,SYX,1,7179.0,RUS,CHN
DME,TAS,1,2766.0,RUS,UZB
DME,TBS,1,1611.0,RUS,GEG
DME,TFS,1,5260.0,RUS,ESP
DME,TGD,1,1979.0,RUS,MNE
DME,TGK,1,915.0,RUS,RUS
DME,TIV,5,2001.0,RUS,MNE
DME,TJM,2,1691.0,RUS,RUS
DME,TJU,3,3064.0,RUS,TJK
DME,TLV,2,2612.0,RUS,ISR
DME,TMJ,1,2985.0,RUS,UZB
DME,TOF,2,2893.0,RUS,RUS
DME,TSE,1,2264.0,RUS,KAZ
DME,TUN,1,2931.0,RUS,TUN
DME,TXL,2,1631.0,RUS,DEU
DME,UFA,4,1147.0,RUS,RUS
DME,UGC,2,2255.0,RUS,UZB
DME,UKK,1,3007.0,RUS,KAZ
DME,UKS,1,1231.0,RUS,RUS
DME,ULV,1,672.0,RUS,RUS
DME,UUA,1,951.0,RUS,RUS
DME,UUD,2,4411.0,RUS,RUS
DME,UUS,1,6659.0,RUS,RUS
DME,VAR,1,1535.0,RUS,BGR
DME,VIE,5,1668.0,RUS,AUT
DME,VKT,1,1903.0,RUS,RUS
DME,VLC,1,3324.0,RUS,ESP
DME,VNO,1,808.0,RUS,LTU
DME,VOG,1,857.0,RUS,RUS
DME,VOZ,2,409.0,RUS,RUS
DME,VRA,1,9586.0,RUS,CUB
DME,VRN,1,2194.0,RUS,ITA
DME,VVO,1,6410.0,RUS,RUS
DME,YKS,2,4897.0,RUS,RUS
DME,ZRH,1,2197.0,RUS,CHE
DMK,BFV,1,320.0,THA,THA
DMK,CAN,2,1701.0,THA,CHN
DMK,CEI,2,676.0,THA,THA
DMK,CGK,1,2326.0,THA,IDN
DMK,CJM,1,381.0,THA,THA
DMK,CKG,1,1864.0,THA,CHN
DMK,CNX,2,568.0,THA,THA
DMK,CSX,2,2054.0,THA,CHN
DMK,DPS,1,2988.0,THA,IDN
DMK,HAN,1,982.0,THA,VNM
DMK,HDY,2,776.0,THA,THA
DMK,HGH,1,2724.0,THA,CHN
DMK,HKG,1,1686.0,THA,HKG
DMK,HKT,4,692.0,THA,THA
DMK,KBV,2,670.0,THA,THA
DMK,KHN,1,2291.0,THA,CHN
DMK,KKC,1,368.0,THA,THA
DMK,KMG,1,1268.0,THA,CHN
DMK,KOP,2,579.0,THA,THA
DMK,KUL,3,1248.0,THA,MYS
DMK,LOE,1,410.0,THA,THA
DMK,MAA,1,2212.0,THA,IND
DMK,MAQ,1,381.0,THA,THA
DMK,MDL,1,995.0,THA,MMR
DMK,MFM,1,1649.0,THA,MAC
DMK,NAW,1,831.0,THA,THA
DMK,NGB,1,2777.0,THA,CHN
DMK,NNT,1,545.0,THA,THA
DMK,NST,2,602.0,THA,THA
DMK,PEN,1,959.0,THA,MYS
DMK,PHS,2,321.0,THA,THA
DMK,PNH,1,529.0,THA,KHM
DMK,PRH,1,472.0,THA,THA
DMK,REP,1,351.0,THA,KHM
DMK,RGN,2,584.0,THA,MMR
DMK,ROI,1,419.0,THA,THA
DMK,SGN,1,741.0,THA,VNM
DMK,SIN,1,1446.0,THA,SGP
DMK,SNO,1,524.0,THA,THA
DMK,SUB,1,2723.0,THA,IDN
DMK,SZX,1,1697.0,THA,CHN
DMK,TST,2,720.0,THA,THA
DMK,UBP,2,482.0,THA,THA
DMK,UNN,1,510.0,THA,THA
DMK,URT,2,555.0,THA,THA
DMK,UTH,2,451.0,THA,THA
DMK,WUH,1,2335.0,THA,CHN
DMK,XIY,1,2426.0,THA,CHN
DMM,ABT,1,1079.0,SAU,SAU
DMM,ADD,1,2264.0,SAU,ETH
DMM,ADE,1,1596.0,SAU,YEM
DMM,AHB,1,1173.0,SAU,SAU
DMM,AMM,1,1461.0,SAU,JOR
DMM,AMS,3,4705.0,SAU,NLX
DMM,AUH,3,537.0,SAU,ARE
DMM,BAH,2,86.0,SAU,BHR
DMM,BEY,1,1598.0,SAU,LBN
DMM,BHH,1,1028.0,SAU,SAU
DMM,BLR,1,3260.0,SAU,IND
DMM,BOM,2,2499.0,SAU,IND
DMM,CAI,2,1844.0,SAU,EGY
DMM,CCJ,2,3227.0,SAU,IND
DMM,CMB,3,3835.0,SAU,LKA
DMM,COK,2,3331.0,SAU,IND
DMM,DAC,1,4080.0,SAU,BGD
DMM,DEL,3,2697.0,SAU,IND
DMM,DOH,1,225.0,SAU,QAT
DMM,DWC,1,565.0,SAU,ARE
DMM,DXB,4,573.0,SAU,ARE
DMM,EAM,1,1130.0,SAU,SAU
DMM,ELQ,1,600.0,SAU,SAU
DMM,FRA,1,4367.0,SAU,DEU
DMM,GIZ,1,1298.0,SAU,SAU
DMM,HAS,1,811.0,SAU,SAU
DMM,HBE,2,2019.0,SAU,EGY
DMM,HYD,1,3120.0,SAU,IND
DMM,ISB,3,2349.0,SAU,PAK
DMM,IST,2,2534.0,SAU,TUR
DMM,IXE,1,3016.0,SAU,IND
DMM,JED,2,1204.0,SAU,SAU
DMM,KHI,2,1747.0,SAU,PAK
DMM,KWI,6,355.0,SAU,KWT
DMM,LHE,2,2452.0,SAU,PAK
DMM,MAA,1,3501.0,SAU,IND
DMM,MCT,1,913.0,SAU,OMN
DMM,MED,2,1035.0,SAU,SAU
DMM,MHD,2,1431.0,SAU,IRN
DMM,MNL,2,7451.0,SAU,PHL
DMM,RUH,3,353.0,SAU,SAU
DMM,SHJ,1,586.0,SAU,ARE
DMM,SKT,1,2465.0,SAU,PAK
DMM,TAI,1,1539.0,SAU,YEM
DMM,TIF,2,1091.0,SAU,SAU
DMM,TRV,1,3489.0,SAU,IND
DMM,TUU,1,1317.0,SAU,SAU
DMM,YNB,1,1207.0,SAU,SAU
DMU,CCU,1,648.0,IND,IND
DMU,DIB,1,217.0,IND,IND
DND,STN,1,550.0,SCT,ENG
DNH,HGH,1,2565.0,CHN,CHN
DNH,LHW,2,868.0,CHN,CHN
DNH,URC,2,735.0,CHN,CHN
DNH,XIY,2,1385.0,CHN,CHN
DNK,BUS,1,907.0,UKR,GEA
DNK,DME,2,807.0,UKR,RUS
DNK,EVN,1,1174.0,UKR,ARM
DNK,IST,3,932.0,UKR,TUR
DNK,KBP,2,376.0,UKR,UKR
DNK,SVO,1,861.0,UKR,RUS
DNK,TBS,1,1072.0,UKR,GEG
DNK,TLV,1,1818.0,UKR,ISR
DNK,VIE,2,1369.0,UKR,AUT
DNR,EMA,1,475.0,FXX,ENG
DNR,GCI,1,102.0,FXX,GGY
DNR,STN,1,402.0,FXX,ENG
DNZ,IST,1,396.0,TUR,TUR
DNZ,SAW,1,348.0,TUR,TUR
DOB,LUV,1,164.0,IDN,IDN
DOH,ADD,1,2263.0,QAT,ETH
DOH,ADE,1,1546.0,QAT,YEM
DOH,ALG,1,4732.0,QAT,DZA
DOH,AMD,1,2145.0,QAT,IND
DOH,AMM,2,1684.0,QAT,JOR
DOH,AMS,3,4923.0,QAT,NLX
DOH,ARN,1,4618.0,QAT,SWE
DOH,ATH,2,2958.0,QAT,GRC
DOH,ATQ,1,2371.0,QAT,IND
DOH,AUH,2,321.0,QAT,ARE
DOH,BAH,12,148.0,QAT,BHR
DOH,BCN,3,4862.0,QAT,ESP
DOH,BEY,2,1823.0,QAT,LBN
DOH,BGW,1,1140.0,QAT,IRR
DOH,BKK,1,5280.0,QAT,THA
DOH,BLR,1,3043.0,QAT,IND
DOH,BOM,3,2291.0,QAT,IND
DOH,BRU,1,4892.0,QAT,BFR
DOH,BSR,1,703.0,QAT,IRR
DOH,BUD,1,3756.0,QAT,HUN
DOH,CAI,2,2058.0,QAT,EGY
DOH,CAN,1,6197.0,QAT,CHN
DOH,CCJ,2,3005.0,QAT,IND
DOH,CCU,1,3743.0,QAT,IND
DOH,CDG,1,4969.0,QAT,FXX
DOH,CGK,1,6894.0,QAT,IDN
DOH,CKG,1,5401.0,QAT,CHN
DOH,CMB,2,3613.0,QAT,LKA
DOH,CMN,1,5734.0,QAT,MAR
DOH,COK,2,3108.0,QAT,IND
DOH,CPH,1,4610.0,QAT,DNK
DOH,CRK,1,7209.0,QAT,PHL
DOH,CTU,1,5131.0,QAT,CHN
DOH,DAC,1,3913.0,QAT,BGD
DOH,DAR,1,3819.0,QAT,TZA
DOH,DEL,2,2549.0,QAT,IND
DOH,DME,1,3532.0,QAT,RUS
DOH,DMM,1,225.0,QAT,SAU
DOH,DWC,2,360.0,QAT,ARE
DOH,DXB,5,378.0,QAT,ARE
DOH,EBB,1,3480.0,QAT,UGA
DOH,EBL,1,1420.0,QAT,IRK
DOH,ELQ,1,792.0,QAT,SAU
DOH,ESB,1,2391.0,QAT,TUR
DOH,FCO,1,4039.0,QAT,ITA
DOH,FRA,6,4588.0,QAT,DEU
DOH,GOI,1,2560.0,QAT,IND
DOH,GRU,1,11858.0,QAT,BRA
DOH,GVA,2,4636.0,QAT,CHE
DOH,GYD,2,1696.0,QAT,AZE
DOH,HBE,1,2235.0,QAT,EGY
DOH,HGH,1,6693.0,QAT,CHN
DOH,HKG,2,6291.0,QAT,HKG
DOH,HYD,1,2914.0,QAT,IND
DOH,IAD,2,11127.0,QAT,USA
DOH,IAH,3,12933.0,QAT,USA
DOH,ICN,2,7052.0,QAT,KOR
DOH,IKA,1,1129.0,QAT,IRN
DOH,ISB,1,2249.0,QAT,PAK
DOH,IST,2,2756.0,QAT,TUR
DOH,ISU,1,1293.0,QAT,IRK
DOH,JED,2,1331.0,QAT,SAU
DOH,JFK,2,10769.0,QAT,USA
DOH,JNB,1,6243.0,QAT,ZAF
DOH,KHI,1,1566.0,QAT,PAK
DOH,KIX,3,7905.0,QAT,JPN
DOH,KRT,2,2255.0,QAT,SDN
DOH,KTM,2,3360.0,QAT,NPL
DOH,KUL,2,5909.0,QAT,MYS
DOH,KWI,2,568.0,QAT,KWT
DOH,LCA,1,2028.0,QAT,CYP
DOH,LHE,1,2330.0,QAT,PAK
DOH,LHR,2,5241.0,QAT,ENG
DOH,LOS,1,5528.0,QAT,NGA
DOH,LRR,1,384.0,QAT,IRN
DOH,LXR,1,1896.0,QAT,EGY
DOH,MAA,1,3286.0,QAT,IND
DOH,MAD,3,5330.0,QAT,ESP
DOH,MAN,2,5409.0,QAT,ENG
DOH,MCT,5,701.0,QAT,OMN
DOH,MED,1,1203.0,QAT,SAU
DOH,MEL,1,11958.0,QAT,AUS
DOH,MHD,1,1439.0,QAT,IRN
DOH,MLE,1,3312.0,QAT,MDV
DOH,MNL,2,7282.0,QAT,PHL
DOH,MUC,2,4302.0,QAT,DEU
DOH,MXP,1,4423.0,QAT,ITA
DOH,NBO,1,3353.0,QAT,KEN
DOH,NJF,1,1025.0,QAT,IRR
DOH,NRT,3,8298.0,QAT,JPN
DOH,ORD,2,11458.0,QAT,USA
DOH,OSL,1,4956.0,QAT,NOW
DOH,OTP,1,3141.0,QAT,ROU
DOH,PEK,1,6162.0,QAT,CHN
DOH,PER,1,9330.0,QAT,AUS
DOH,PEW,2,2149.0,QAT,PAK
DOH,PHL,2,10919.0,QAT,USA
DOH,PVG,1,6796.0,QAT,CHN
DOH,RGN,1,4691.0,QAT,MMR
DOH,RUH,3,495.0,QAT,SAU
DOH,SAH,2,1333.0,QAT,YEM
DOH,SAW,1,2694.0,QAT,TUR
DOH,SGN,1,5995.0,QAT,VNM
DOH,SHJ,2,393.0,QAT,ARE
DOH,SIN,1,6207.0,QAT,SGP
DOH,SLL,1,951.0,QAT,OMN
DOH,SYZ,2,484.0,QAT,IRN
DOH,TIF,1,1205.0,QAT,SAU
DOH,TRV,1,3265.0,QAT,IND
DOH,TUN,1,4110.0,QAT,TUN
DOH,TXL,1,4406.0,QAT,DEU
DOH,VCE,2,4150.0,QAT,ITA
DOH,VIE,1,3969.0,QAT,AUT
DOH,WAW,1,3944.0,QAT,POL
DOH,YUL,1,10406.0,QAT,CAN
DOH,ZRH,1,4495.0,QAT,CHE
DOK,DME,1,816.0,UKR,RUS
DOK,DWC,1,2995.0,UKR,ARE
DOK,IST,3,1036.0,UKR,TUR
DOK,KBP,2,557.0,UKR,UKR
DOK,KUT,1,754.0,UKR,GEG
DOK,LCA,1,1507.0,UKR,CYP
DOK,MUC,1,1914.0,UKR,DEU
DOK,SAW,1,1040.0,UKR,TUR
DOK,SHJ,1,2969.0,UKR,ARE
DOK,SKG,1,1441.0,UKR,GRC
DOK,SVO,1,879.0,UKR,RUS
DOK,TLV,1,1802.0,UKR,ISR
DOL,LCY,2,238.0,FXX,ENG
DOM,ANU,1,184.0,DMA,ACA
DOM,BGI,1,337.0,DMA,BRB
DOM,EIS,2,472.0,DMA,VGB
DOM,PTP,3,84.0,DMA,GLP
DOM,SJU,4,594.0,DMA,PRI
DOM,STT,1,499.0,DMA,VIR
DOM,SVD,1,266.0,DMA,VCT
DOM,SXM,4,338.0,DMA,SXM
DOU,CGR,1,195.0,BRA,BRA
DOU,GRU,1,877.0,BRA,BRA
DOU,VCP,1,805.0,BRA,BRA
DOY,CAN,1,1655.0,CHN,CHN
DOY,CKG,1,1417.0,CHN,CHN
DOY,DLC,1,290.0,CHN,CHN
DOY,HRB,1,1094.0,CHN,CHN
DOY,PEK,1,344.0,CHN,CHN
DOY,PVG,1,760.0,CHN,CHN
DPL,CEB,1,202.0,PHL,PHL
DPL,DVO,1,302.0,PHL,PHL
DPL,MNL,2,704.0,PHL,PHL
DPO,MEL,1,412.0,AUS,AUS
DPS,ADL,2,3760.0,IDN,AUS
DPS,BDO,4,861.0,IDN,IDN
DPS,BKI,1,1636.0,IDN,MYS
DPS,BKK,1,2959.0,IDN,THA
DPS,BMU,2,388.0,IDN,IDN
DPS,BNE,3,4488.0,IDN,AUS
DPS,BPN,1,853.0,IDN,IDN
DPS,BTH,1,1644.0,IDN,IDN
DPS,CAN,1,3580.0,IDN,CHN
DPS,CGK,7,983.0,IDN,IDN
DPS,DIL,1,1139.0,IDN,TLS
DPS,DMK,1,2988.0,IDN,THA
DPS,DRW,2,1764.0,IDN,AUS
DPS,HKG,5,3456.0,IDN,HKG
DPS,HND,2,5561.0,IDN,JPN
DPS,ICN,3,5272.0,IDN,KOR
DPS,JOG,3,532.0,IDN,IDN
DPS,KIX,2,5246.0,IDN,JPN
DPS,KOE,2,946.0,IDN,IDN
DPS,KUL,4,1964.0,IDN,MYS
DPS,LBJ,2,520.0,IDN,IDN
DPS,LOP,2,122.0,IDN,IDN
DPS,MEL,3,4382.0,IDN,AUS
DPS,MLG,1,285.0,IDN,IDN
DPS,MNL,2,2665.0,IDN,PHL
DPS,MOF,1,777.0,IDN,IDN
DPS,NRT,2,5611.0,IDN,JPN
DPS,PER,5,2580.0,IDN,AUS
DPS,PHE,1,1345.0,IDN,AUS
DPS,PLM,1,1328.0,IDN,IDN
DPS,POM,1,3519.0,IDN,PNX
DPS,PVG,1,4492.0,IDN,CHN
DPS,SIN,10,1671.0,IDN,SGP
DPS,SRG,2,564.0,IDN,IDN
DPS,SUB,4,303.0,IDN,IDN
DPS,SYD,3,4622.0,IDN,AUS
DPS,SZX,1,3493.0,IDN,CHN
DPS,TIM,1,2444.0,IDN,IDN
DPS,TMC,2,454.0,IDN,IDN
DPS,TPE,3,3818.0,IDN,TWN
DPS,UPG,3,634.0,IDN,IDN
DPS,WGP,1,573.0,IDN,IDN
DQA,PEK,3,1012.0,CHN,CHN
DQA,TAO,2,1230.0,CHN,CHN
DRG,BKC,2,74.0,USA,USA
DRG,OTZ,2,91.0,USA,USA
DRK,SJO,3,155.0,CRI,CRI
DRO,DEN,1,403.0,USA,USA
DRO,DFW,2,1084.0,USA,USA
DRO,PHX,2,566.0,USA,USA
DRS,AYT,2,2078.0,DEU,TUR
DRS,BCN,2,1412.0,DEU,ESP
DRS,BSL,1,599.0,DEU,FXX
DRS,CFU,1,1368.0,DEU,GRC
DRS,CGN,1,464.0,DEU,DEU
DRS,DUS,2,488.0,DEU,DEU
DRS,FRA,1,387.0,DEU,DEU
DRS,HER,1,1979.0,DEU,GRC
DRS,HRG,1,3152.0,DEU,EGY
DRS,LCY,2,952.0,DEU,ENG
DRS,MUC,1,340.0,DEU,DEU
DRS,NBE,1,1695.0,DEU,TUN
DRS,PMI,1,1546.0,DEU,ESP
DRS,RHO,1,1993.0,DEU,GRC
DRS,STR,1,424.0,DEU,DEU
DRS,SVO,1,1643.0,DEU,RUS
DRS,TFS,1,3606.0,DEU,ESP
DRS,ZRH,1,556.0,DEU,CHE
DRV,HAQ,1,177.0,MDV,MDV
DRV,MLE,1,116.0,MDV,MDV
DRW,ADL,2,2621.0,AUS,AUS
DRW,ASP,2,1306.0,AUS,AUS
DRW,BME,2,1113.0,AUS,AUS
DRW,BNE,6,2851.0,AUS,AUS
DRW,CNS,2,1675.0,AUS,AUS
DRW,DIL,2,726.0,AUS,TLS
DRW,DPS,2,1764.0,AUS,IDN
DRW,GOV,3,646.0,AUS,AUS
DRW,GTE,2,629.0,AUS,AUS
DRW,ISA,2,1297.0,AUS,AUS
DRW,KNX,2,441.0,AUS,AUS
DRW,KUL,1,3636.0,AUS,MYS
DRW,MCV,1,718.0,AUS,AUS
DRW,MEL,3,3132.0,AUS,AUS
DRW,MNG,1,367.0,AUS,AUS
DRW,MNL,1,3185.0,AUS,PHL
DRW,PER,2,2652.0,AUS,AUS
DRW,SIN,4,3339.0,AUS,SGP
DRW,SYD,4,3155.0,AUS,AUS
DRW,TSV,2,1860.0,AUS,AUS
DSA,GDN,1,1275.0,ENG,POL
DSA,JER,1,482.0,ENG,JEY
DSA,KTW,1,1411.0,ENG,POL
DSA,PMI,2,1575.0,ENG,ESP
DSA,POZ,1,1198.0,ENG,POL
DSA,VNO,1,1711.0,ENG,LTU
DSA,WAW,1,1478.0,ENG,POL
DSA,WRO,1,1242.0,ENG,POL
DSK,PEW,1,239.0,PAK,PAK
DSK,PZH,1,149.0,PAK,PAK
DSM,ATL,3,1196.0,USA,USA
DSM,CLT,2,1311.0,USA,USA
DSM,DCA,2,1441.0,USA,USA
DSM,DEN,2,946.0,USA,USA
DSM,DFW,2,1006.0,USA,USA
DSM,DTW,1,856.0,USA,USA
DSM,EWR,1,1632.0,USA,USA
DSM,IAH,1,1293.0,USA,USA
DSM,LAS,2,1952.0,USA,USA
DSM,LGA,1,1655.0,USA,USA
DSM,MDW,2,492.0,USA,USA
DSM,MSP,1,374.0,USA,USA
DSM,ORD,3,480.0,USA,USA
DSM,PGD,1,1943.0,USA,USA
DSM,PHX,3,1847.0,USA,USA
DSM,PIE,1,1813.0,USA,USA
DSM,SFB,1,1809.0,USA,USA
DSN,CGO,2,656.0,CHN,CHN
DSN,CKG,1,1125.0,CHN,CHN
DSN,CSX,1,1294.0,CHN,CHN
DSN,CTU,1,1127.0,CHN,CHN
DSN,HET,1,225.0,CHN,CHN
DSN,HGH,1,1409.0,CHN,CHN
DSN,HRB,1,1502.0,CHN,CHN
DSN,KMG,1,1726.0,CHN,CHN
DSN,NAY,2,560.0,CHN,CHN
DSN,NKG,1,1184.0,CHN,CHN
DSN,PEK,2,578.0,CHN,CHN
DSN,SHE,1,1174.0,CHN,CHN
DSN,SJW,1,440.0,CHN,CHN
DSN,TSN,1,645.0,CHN,CHN
DSN,TYN,2,309.0,CHN,CHN
DSN,URC,1,1916.0,CHN,CHN
DSN,WUH,1,1045.0,CHN,CHN
DSN,XIY,3,569.0,CHN,CHN
DTM,ADB,1,2116.0,DEU,TUR
DTM,AGP,1,1907.0,DEU,ESP
DTM,AHO,1,1212.0,DEU,ITA
DTM,BCN,2,1212.0,DEU,ESP
DTM,BEG,1,1198.0,DEU,SRS
DTM,BUD,1,955.0,DEU,HUN
DTM,CLJ,1,1279.0,DEU,ROU
DTM,FAO,1,2026.0,DEU,PRX
DTM,GDN,1,793.0,DEU,POL
DTM,GRO,1,1131.0,DEU,ESP
DTM,HDF,1,513.0,DEU,DEU
DTM,IEV,1,1598.0,DEU,UKR
DTM,KRK,1,869.0,DEU,POL
DTM,KTW,1,810.0,DEU,POL
DTM,LTN,1,551.0,DEU,ENG
DTM,LWO,1,1165.0,DEU,UKR
DTM,MUC,2,461.0,DEU,DEU
DTM,ONQ,1,2163.0,DEU,TUR
DTM,OPO,1,1686.0,DEU,PRX
DTM,OTP,1,1569.0,DEU,ROU
DTM,PMI,3,1383.0,DEU,ESP
DTM,SAW,2,2032.0,DEU,TUR
DTM,SKP,1,1501.0,DEU,MKD
DTM,SOF,1,1541.0,DEU,BGR
DTM,SPU,1,1100.0,DEU,HRV
DTM,STN,1,510.0,DEU,ENG
DTM,TSR,1,1188.0,DEU,ROU
DTM,VNO,1,1227.0,DEU,LTU
DTW,ABE,1,682.0,USA,USA
DTW,ACY,1,799.0,USA,USA
DTW,ALB,1,785.0,USA,USA
DTW,AMS,2,6324.0,USA,NLX
DTW,APN,1,319.0,USA,USA
DTW,ATL,8,958.0,USA,USA
DTW,ATW,1,476.0,USA,USA
DTW,AUS,1,1849.0,USA,USA
DTW,AVL,1,757.0,USA,USA
DTW,AVP,1,640.0,USA,USA
DTW,AZO,1,181.0,USA,USA
DTW,BDL,1,881.0,USA,USA
DTW,BGM,1,607.0,USA,USA
DTW,BGR,1,1205.0,USA,USA
DTW,BHM,1,1007.0,USA,USA
DTW,BMI,1,503.0,USA,USA
DTW,BNA,2,735.0,USA,USA
DTW,BOS,2,1015.0,USA,USA
DTW,BTV,1,862.0,USA,USA
DTW,BUF,1,387.0,USA,USA
DTW,BWI,3,657.0,USA,USA
DTW,CAE,1,940.0,USA,USA
DTW,CAK,1,215.0,USA,USA
DTW,CDG,3,6359.0,USA,FXX
DTW,CHA,1,814.0,USA,USA
DTW,CHS,1,1076.0,USA,USA
DTW,CID,1,691.0,USA,USA
DTW,CIU,1,458.0,USA,USA
DTW,CLE,1,153.0,USA,USA
DTW,CLT,3,806.0,USA,USA
DTW,CMH,1,249.0,USA,USA
DTW,CRW,1,452.0,USA,USA
DTW,CUN,3,2378.0,USA,MEX
DTW,CVG,1,369.0,USA,USA
DTW,CWA,1,583.0,USA,USA
DTW,DAY,1,267.0,USA,USA
DTW,DCA,3,651.0,USA,USA
DTW,DEN,5,1802.0,USA,USA
DTW,DFW,4,1586.0,USA,USA
DTW,DSM,1,856.0,USA,USA
DTW,ELM,1,532.0,USA,USA
DTW,ERI,1,263.0,USA,USA
DTW,ESC,1,492.0,USA,USA
DTW,EVV,1,584.0,USA,USA
DTW,EWR,2,783.0,USA,USA
DTW,FLL,2,1818.0,USA,USA
DTW,FRA,5,6679.0,USA,DEU
DTW,FWA,1,206.0,USA,USA
DTW,GCM,1,2555.0,USA,CYM
DTW,GRB,1,461.0,USA,USA
DTW,GRR,1,193.0,USA,USA
DTW,GRU,2,8224.0,USA,BRA
DTW,GSO,1,741.0,USA,USA
DTW,GSP,1,820.0,USA,USA
DTW,HPN,1,811.0,USA,USA
DTW,HSV,1,893.0,USA,USA
DTW,IAD,2,616.0,USA,USA
DTW,IAH,3,1731.0,USA,USA
DTW,ICN,1,10654.0,USA,KOR
DTW,ILG,1,709.0,USA,USA
DTW,IND,1,371.0,USA,USA
DTW,ITH,1,567.0,USA,USA
DTW,JAX,1,1311.0,USA,USA
DTW,JFK,1,817.0,USA,USA
DTW,LAN,1,119.0,USA,USA
DTW,LAS,3,2808.0,USA,USA
DTW,LAX,3,3178.0,USA,USA
DTW,LEX,1,476.0,USA,USA
DTW,LGA,4,805.0,USA,USA
DTW,LHR,4,6044.0,USA,ENG
DTW,LIT,1,1134.0,USA,USA
DTW,MBJ,1,2686.0,USA,JAM
DTW,MBS,1,158.0,USA,USA
DTW,MCI,1,1009.0,USA,USA
DTW,MCO,2,1544.0,USA,USA
DTW,MDT,1,595.0,USA,USA
DTW,MDW,3,367.0,USA,USA
DTW,MEM,1,982.0,USA,USA
DTW,MEX,2,2933.0,USA,MEX
DTW,MHT,1,978.0,USA,USA
DTW,MIA,3,1847.0,USA,USA
DTW,MKE,1,381.0,USA,USA
DTW,MLI,1,599.0,USA,USA
DTW,MQT,1,562.0,USA,USA
DTW,MSN,1,500.0,USA,USA
DTW,MSP,1,848.0,USA,USA
DTW,MSY,4,1492.0,USA,USA
DTW,MTY,2,2383.0,USA,MEX
DTW,MYR,2,1025.0,USA,USA
DTW,NAS,1,1985.0,USA,BHS
DTW,NGO,1,10521.0,USA,JPN
DTW,NRT,1,10272.0,USA,JPN
DTW,OKC,1,1446.0,USA,USA
DTW,OMA,1,1044.0,USA,USA
DTW,ORD,4,376.0,USA,USA
DTW,ORF,1,851.0,USA,USA
DTW,PBI,1,1752.0,USA,USA
DTW,PDX,2,3135.0,USA,USA
DTW,PEK,3,10647.0,USA,CHN
DTW,PHL,3,728.0,USA,USA
DTW,PHX,4,2684.0,USA,USA
DTW,PIA,1,556.0,USA,USA
DTW,PIT,1,323.0,USA,USA
DTW,PLN,1,391.0,USA,USA
DTW,PUJ,1,2986.0,USA,DOM
DTW,PVD,1,987.0,USA,USA
DTW,PVG,3,11462.0,USA,CHN
DTW,PWM,1,1073.0,USA,USA
DTW,RDU,1,807.0,USA,USA
DTW,RIC,1,734.0,USA,USA
DTW,ROA,1,615.0,USA,USA
DTW,ROC,1,475.0,USA,USA
DTW,RSW,2,1749.0,USA,USA
DTW,SAN,2,3142.0,USA,USA
DTW,SAT,1,1954.0,USA,USA
DTW,SAV,1,1137.0,USA,USA
DTW,SBN,1,251.0,USA,USA
DTW,SCE,1,483.0,USA,USA
DTW,SDF,1,492.0,USA,USA
DTW,SEA,1,3093.0,USA,USA
DTW,SFO,1,3337.0,USA,USA
DTW,SJU,1,3110.0,USA,PRI
DTW,SLC,1,2378.0,USA,USA
DTW,STL,2,707.0,USA,USA
DTW,SWF,1,770.0,USA,USA
DTW,SYR,1,601.0,USA,USA
DTW,TPA,2,1585.0,USA,USA
DTW,TTN,1,745.0,USA,USA
DTW,TUL,1,1268.0,USA,USA
DTW,TVC,1,334.0,USA,USA
DTW,TYS,1,714.0,USA,USA
DTW,XNA,1,1149.0,USA,USA
DTW,YOW,1,707.0,USA,CAN
DTW,YUL,4,851.0,USA,CAN
DTW,YYZ,4,344.0,USA,CAN
DUB,ABZ,1,493.0,IRL,SCT
DUB,ACE,2,2786.0,IRL,ESP
DUB,ADB,1,3045.0,IRL,TUR
DUB,AGP,2,1867.0,IRL,ESP
DUB,AHO,1,1793.0,IRL,ITA
DUB,ALC,2,1739.0,IRL,ESP
DUB,AMS,1,750.0,IRL,NLX
DUB,ARN,2,1625.0,IRL,SWE
DUB,ATH,1,2876.0,IRL,GRC
DUB,ATL,3,6323.0,IRL,USA
DUB,AUH,2,5941.0,IRL,ARE
DUB,BCN,2,1485.0,IRL,ESP
DUB,BGY,1,1434.0,IRL,ITA
DUB,BHX,2,322.0,IRL,ENG
DUB,BIO,1,1152.0,IRL,ESP
DUB,BIQ,1,1160.0,IRL,FXX
DUB,BLK,1,217.0,IRL,ENG
DUB,BLQ,2,1611.0,IRL,ITA
DUB,BOD,1,1037.0,IRL,FXX
DUB,BOH,1,421.0,IRL,ENG
DUB,BOJ,1,2754.0,IRL,BGR
DUB,BOS,2,4803.0,IRL,USA
DUB,BRE,1,1001.0,IRL,DEU
DUB,BRI,1,2193.0,IRL,ITA
DUB,BRS,2,331.0,IRL,ENG
DUB,BRU,1,784.0,IRL,BFR
DUB,BSL,1,1169.0,IRL,FXX
DUB,BTS,1,1741.0,IRL,SVK
DUB,BUD,2,1915.0,IRL,HUN
DUB,BVA,1,729.0,IRL,FXX
DUB,BZG,1,1606.0,IRL,POL
DUB,CCF,1,1298.0,IRL,FXX
DUB,CDG,3,785.0,IRL,FXX
DUB,CFN,1,225.0,IRL,IRL
DUB,CFU,1,2501.0,IRL,GRC
DUB,CGN,1,957.0,IRL,DEU
DUB,CHQ,1,3087.0,IRL,GRC
DUB,CIA,1,1905.0,IRL,ITA
DUB,CIY,1,2434.0,IRL,ITA
DUB,CLT,2,5973.0,IRL,USA
DUB,CPH,3,1242.0,IRL,DNK
DUB,CRL,1,804.0,IRL,BWR
DUB,CTA,1,2414.0,IRL,ITA
DUB,CWL,1,300.0,IRL,WLS
DUB,DBV,1,2172.0,IRL,HRV
DUB,DUS,2,915.0,IRL,DEU
DUB,DXB,2,5919.0,IRL,ARE
DUB,EDI,2,337.0,IRL,SCT
DUB,EIN,1,818.0,IRL,NLX
DUB,EMA,1,336.0,IRL,ENG
DUB,EWR,2,5124.0,IRL,USA
DUB,EXT,1,357.0,IRL,ENG
DUB,FAO,2,1829.0,IRL,PRX
DUB,FCO,1,1886.0,IRL,ITA
DUB,FMM,1,1306.0,IRL,DEU
DUB,FRA,2,1087.0,IRL,DEU
DUB,FUE,2,2845.0,IRL,ESP
DUB,GDN,1,1616.0,IRL,POL
DUB,GLA,1,297.0,IRL,SCT
DUB,GRO,1,1446.0,IRL,ESP
DUB,GVA,1,1191.0,IRL,CHE
DUB,HAJ,1,1072.0,IRL,DEU
DUB,HAM,1,1073.0,IRL,DEU
DUB,HEL,1,2023.0,IRL,FIN
DUB,HHN,1,1008.0,IRL,DEU
DUB,IAD,2,5464.0,IRL,USA
DUB,IBZ,2,1719.0,IRL,ESP
DUB,IOM,1,131.0,IRL,IMN
DUB,IST,1,2924.0,IRL,TUR
DUB,JER,1,547.0,IRL,JEY
DUB,JFK,9,5103.0,IRL,USA
DUB,KIR,1,259.0,IRL,IRL
DUB,KIV,1,2579.0,IRL,MDA
DUB,KRK,1,1821.0,IRL,POL
DUB,KTW,1,1758.0,IRL,POL
DUB,KUN,1,1967.0,IRL,LTU
DUB,LBA,1,308.0,IRL,ENG
DUB,LCY,2,478.0,IRL,ENG
DUB,LEI,1,1868.0,IRL,ESP
DUB,LGW,2,484.0,IRL,ENG
DUB,LHR,3,449.0,IRL,ENG
DUB,LIN,1,1427.0,IRL,ITA
DUB,LIS,2,1642.0,IRL,PRX
DUB,LPA,2,2931.0,IRL,ESP
DUB,LPL,1,227.0,IRL,ENG
DUB,LRH,1,883.0,IRL,FXX
DUB,LTN,1,434.0,IRL,ENG
DUB,LUX,1,959.0,IRL,LUX
DUB,LYS,1,1181.0,IRL,FXX
DUB,MAD,3,1454.0,IRL,ESP
DUB,MAN,2,265.0,IRL,ENG
DUB,MCO,1,6541.0,IRL,USA
DUB,MJV,1,1790.0,IRL,ESP
DUB,MLA,1,2532.0,IRL,MLT
DUB,MRS,1,1393.0,IRL,FXX
DUB,MUC,2,1381.0,IRL,DEU
DUB,MXP,1,1382.0,IRL,ITA
DUB,NAP,1,2074.0,IRL,ITA
DUB,NCE,2,1466.0,IRL,FXX
DUB,NCL,2,348.0,IRL,ENG
DUB,NTE,1,771.0,IRL,FXX
DUB,OPO,1,1366.0,IRL,PRX
DUB,ORD,7,5895.0,IRL,USA
DUB,OSL,2,1286.0,IRL,NOW
DUB,OTP,2,2530.0,IRL,ROU
DUB,PGF,1,1366.0,IRL,FXX
DUB,PHL,2,5253.0,IRL,USA
DUB,PIK,1,256.0,IRL,SCT
DUB,PMI,2,1686.0,IRL,ESP
DUB,POZ,1,1546.0,IRL,POL
DUB,PRG,2,1455.0,IRL,CZE
DUB,PSA,1,1629.0,IRL,ITA
DUB,PUY,1,1739.0,IRL,HRV
DUB,RAK,1,2430.0,IRL,MAR
DUB,RDZ,1,1187.0,IRL,FXX
DUB,REU,1,1474.0,IRL,ESP
DUB,RIX,1,1943.0,IRL,LVA
DUB,RYG,1,1236.0,IRL,NOW
DUB,RZE,1,1968.0,IRL,POL
DUB,SCQ,1,1181.0,IRL,ESP
DUB,SDR,1,1126.0,IRL,ESP
DUB,SEN,1,514.0,IRL,ENG
DUB,SFO,1,8183.0,IRL,USA
DUB,SOU,1,433.0,IRL,ENG
DUB,STN,1,471.0,IRL,ENG
DUB,STR,1,1200.0,IRL,DEU
DUB,SVQ,1,1780.0,IRL,ESP
DUB,SXF,2,1328.0,IRL,DEU
DUB,SZZ,1,1395.0,IRL,POL
DUB,TFS,2,2945.0,IRL,ESP
DUB,TLS,1,1224.0,IRL,FXX
DUB,TSF,1,1581.0,IRL,ITA
DUB,TUF,1,829.0,IRL,FXX
DUB,VCE,1,1601.0,IRL,ITA
DUB,VIE,1,1702.0,IRL,AUT
DUB,VLC,1,1610.0,IRL,ESP
DUB,VNO,1,2048.0,IRL,LTU
DUB,VRN,1,1523.0,IRL,ITA
DUB,WAW,1,1825.0,IRL,POL
DUB,WMI,1,1797.0,IRL,POL
DUB,WRO,1,1590.0,IRL,POL
DUB,YYZ,3,5261.0,IRL,CAN
DUB,ZAD,1,1881.0,IRL,HRV
DUB,ZRH,2,1237.0,IRL,CHE
DUD,AKL,2,1063.0,NZL,NZL
DUD,CHC,1,328.0,NZL,NZL
DUD,WLG,1,632.0,NZL,NZL
DUJ,CLE,1,248.0,USA,USA
DUJ,FKL,1,83.0,USA,USA
DUR,BFN,1,470.0,ZAF,ZAF
DUR,CPT,4,1277.0,ZAF,ZAF
DUR,DXB,2,6627.0,ZAF,ARE
DUR,ELS,1,492.0,ZAF,ZAF
DUR,GRJ,1,959.0,ZAF,ZAF
DUR,HLA,1,515.0,ZAF,ZAF
DUR,HRE,1,1299.0,ZAF,ZWE
DUR,JNB,4,479.0,ZAF,ZAF
DUR,LUN,1,1612.0,ZAF,ZMB
DUR,MPM,1,435.0,ZAF,MOZ
DUR,MQP,1,470.0,ZAF,ZAF
DUR,MRU,1,2856.0,ZAF,MUS
DUR,PLZ,2,711.0,ZAF,ZAF
DUS,ACE,2,3007.0,DEU,ESP
DUS,ADB,2,2149.0,DEU,TUR
DUS,AGA,1,2686.0,DEU,MAR
DUS,AGP,2,1853.0,DEU,ESP
DUS,ALC,1,1556.0,DEU,ESP
DUS,AMS,2,178.0,DEU,NLX
DUS,AOI,1,986.0,DEU,ITA
DUS,ARN,3,1162.0,DEU,SWE
DUS,ASR,1,2627.0,DEU,TUR
DUS,ATH,2,2003.0,DEU,GRC
DUS,ATL,3,7236.0,DEU,USA
DUS,AUH,3,5026.0,DEU,ARE
DUS,AYT,5,2479.0,DEU,TUR
DUS,BCN,4,1167.0,DEU,ESP
DUS,BEG,2,1234.0,DEU,SRS
DUS,BHX,2,598.0,DEU,ENG
DUS,BIA,1,993.0,DEU,FXX
DUS,BIO,1,1148.0,DEU,ESP
DUS,BLL,1,519.0,DEU,DNK
DUS,BRI,1,1363.0,DEU,ITA
DUS,BSL,1,415.0,DEU,FXX
DUS,BUD,1,1000.0,DEU,HUN
DUS,CAG,3,1350.0,DEU,ITA
DUS,CDG,3,393.0,DEU,FXX
DUS,CFU,3,1650.0,DEU,GRC
DUS,CHQ,1,2234.0,DEU,GRC
DUS,CLY,1,987.0,DEU,FXX
DUS,CPH,4,619.0,DEU,DNK
DUS,CTA,6,1670.0,DEU,ITA
DUS,CUN,1,8444.0,DEU,MEX
DUS,CUR,1,7963.0,DEU,CUW
DUS,CWL,1,702.0,DEU,WLS
DUS,DBV,3,1303.0,DEU,HRV
DUS,DJE,3,1963.0,DEU,TUN
DUS,DLM,2,2377.0,DEU,TUR
DUS,DME,2,2098.0,DEU,RUS
DUS,DRS,2,488.0,DEU,DEU
DUS,DUB,2,915.0,DEU,IRL
DUS,DXB,2,5005.0,DEU,ARE
DUS,EBL,1,3373.0,DEU,IRK
DUS,ESB,1,2366.0,DEU,TUR
DUS,EWR,2,6038.0,DEU,USA
DUS,EXT,1,714.0,DEU,ENG
DUS,FAO,2,1967.0,DEU,PRX
DUS,FCO,3,1134.0,DEU,ITA
DUS,FDH,1,448.0,DEU,DEU
DUS,FLR,3,895.0,DEU,ITA
DUS,FNC,2,2814.0,DEU,PMD
DUS,FRA,2,189.0,DEU,DEU
DUS,FUE,3,3067.0,DEU,ESP
DUS,GCI,1,695.0,DEU,GGY
DUS,GLA,1,896.0,DEU,SCT
DUS,GOT,1,793.0,DEU,SWE
DUS,GPA,1,1857.0,DEU,GRC
DUS,GRZ,2,791.0,DEU,AUT
DUS,GVA,1,564.0,DEU,CHE
DUS,GWT,1,416.0,DEU,DEU
DUS,HAM,2,340.0,DEU,DEU
DUS,HDF,1,576.0,DEU,DEU
DUS,HEL,2,1508.0,DEU,FIN
DUS,HER,6,2303.0,DEU,GRC
DUS,HRG,4,3511.0,DEU,EGY
DUS,IBZ,3,1443.0,DEU,ESP
DUS,IKA,1,3922.0,DEU,IRN
DUS,IST,1,2011.0,DEU,TUR
DUS,ISU,1,3514.0,DEU,IRK
DUS,JER,1,677.0,DEU,JEY
DUS,JFK,2,6017.0,DEU,USA
DUS,KGS,3,2274.0,DEU,GRC
DUS,KLX,1,1987.0,DEU,GRC
DUS,KTW,1,868.0,DEU,POL
DUS,KVA,1,1788.0,DEU,GRC
DUS,LAX,2,9133.0,DEU,USA
DUS,LBA,1,637.0,DEU,ENG
DUS,LCA,1,2816.0,DEU,CYP
DUS,LCY,1,466.0,DEU,ENG
DUS,LED,3,1741.0,DEU,RUS
DUS,LEJ,1,380.0,DEU,DEU
DUS,LGW,1,485.0,DEU,ENG
DUS,LHR,3,502.0,DEU,ENG
DUS,LIS,1,1862.0,DEU,PRX
DUS,LNZ,2,632.0,DEU,AUT
DUS,LPA,4,3190.0,DEU,ESP
DUS,LUX,2,189.0,DEU,LUX
DUS,LYS,1,631.0,DEU,FXX
DUS,MAD,3,1441.0,DEU,ESP
DUS,MAH,1,1286.0,DEU,ESP
DUS,MAN,2,655.0,DEU,ENG
DUS,MIA,2,7604.0,DEU,USA
DUS,MJT,1,2054.0,DEU,GRC
DUS,MLA,2,1822.0,DEU,MLT
DUS,MPL,1,883.0,DEU,FXX
DUS,MUC,2,486.0,DEU,DEU
DUS,MXP,3,646.0,DEU,ITA
DUS,NAP,3,1293.0,DEU,ITA
DUS,NBE,3,1717.0,DEU,TUN
DUS,NCE,2,849.0,DEU,FXX
DUS,NCL,1,700.0,DEU,ENG
DUS,NQY,1,830.0,DEU,ENG
DUS,NRT,2,9331.0,DEU,JPN
DUS,NTE,2,762.0,DEU,FXX
DUS,NUE,2,365.0,DEU,DEU
DUS,OLB,3,1174.0,DEU,ITA
DUS,ONQ,1,2210.0,DEU,TUR
DUS,ORD,8,6788.0,DEU,USA
DUS,OSL,2,1017.0,DEU,NOW
DUS,OTP,1,1615.0,DEU,ROU
DUS,PDL,1,2947.0,DEU,PAZ
DUS,PEK,2,7796.0,DEU,CHN
DUS,PMI,5,1342.0,DEU,ESP
DUS,POP,1,7436.0,DEU,DOM
DUS,POZ,1,702.0,DEU,POL
DUS,PRG,3,544.0,DEU,CZE
DUS,PRN,1,1449.0,DEU,KOS
DUS,PUJ,1,7382.0,DEU,DOM
DUS,PVK,1,1754.0,DEU,GRC
DUS,RHO,4,2363.0,DEU,GRC
DUS,RIX,2,1280.0,DEU,LVA
DUS,RMF,1,3705.0,DEU,EGY
DUS,RSW,2,7640.0,DEU,USA
DUS,SAW,3,2074.0,DEU,TUR
DUS,SKG,4,1727.0,DEU,GRC
DUS,SMI,1,2186.0,DEU,GRC
DUS,SPC,1,3242.0,DEU,ESP
DUS,SPU,3,1119.0,DEU,HRV
DUS,STN,1,456.0,DEU,ENG
DUS,STR,1,338.0,DEU,DEU
DUS,SUF,1,1562.0,DEU,ITA
DUS,SVO,1,2068.0,DEU,RUS
DUS,SZG,2,594.0,DEU,AUT
DUS,TFS,3,3237.0,DEU,ESP
DUS,TGD,1,1371.0,DEU,MNE
DUS,TLV,1,3135.0,DEU,ISR
DUS,TRN,1,680.0,DEU,ITA
DUS,TUN,1,1629.0,DEU,TUN
DUS,TXL,3,469.0,DEU,DEU
DUS,VCE,3,763.0,DEU,ITA
DUS,VIE,3,788.0,DEU,AUT
DUS,VKO,1,2058.0,DEU,RUS
DUS,VLC,1,1427.0,DEU,ESP
DUS,VRA,1,7910.0,DEU,CUB
DUS,WAW,3,981.0,DEU,POL
DUS,WRO,1,705.0,DEU,POL
DUS,XRY,2,1909.0,DEU,ESP
DUS,ZAD,1,1023.0,DEU,HRV
DUS,ZRH,3,444.0,DEU,CHE
DUS,ZTH,1,1869.0,DEU,GRC
DUT,AKB,1,545.0,USA,USA
DUT,IKO,1,186.0,USA,USA
DUT,KQA,1,56.0,USA,USA
DVO,BCD,1,498.0,PHL,PHL
DVO,CEB,3,398.0,PHL,PHL
DVO,CGY,1,211.0,PHL,PHL
DVO,DPL,1,302.0,PHL,PHL
DVO,ILO,1,538.0,PHL,PHL
DVO,MNL,3,964.0,PHL,PHL
DVO,PPS,1,811.0,PHL,PHL
DVO,SIN,2,2484.0,PHL,SGP
DVO,ZAM,1,396.0,PHL,PHL
DWC,AMD,1,1785.0,ARE,IND
DWC,AMM,1,2020.0,ARE,JOR
DWC,BAH,2,479.0,ARE,BHR
DWC,BEY,1,2144.0,ARE,LBN
DWC,BUD,1,4024.0,ARE,HUN
DWC,CEK,1,3421.0,ARE,RUS
DWC,CGP,1,3736.0,ARE,BGD
DWC,CMB,1,3284.0,ARE,LKA
DWC,DME,1,3673.0,ARE,RUS
DWC,DMM,1,565.0,ARE,SAU
DWC,DOH,2,360.0,ARE,QAT
DWC,DOK,1,2995.0,ARE,UKR
DWC,GOJ,1,3604.0,ARE,RUS
DWC,IEV,1,3539.0,ARE,UKR
DWC,JED,1,1672.0,ARE,SAU
DWC,KBL,1,1728.0,ARE,AFG
DWC,KIV,1,3372.0,ARE,MDA
DWC,KRT,1,2571.0,ARE,SDN
DWC,KTM,1,3019.0,ARE,NPL
DWC,KUF,3,3208.0,ARE,RUS
DWC,KUL,1,5556.0,ARE,MYS
DWC,KWI,2,859.0,ARE,KWT
DWC,KZN,1,3448.0,ARE,RUS
DWC,LED,1,4331.0,ARE,RUS
DWC,LHR,1,5513.0,ARE,ENG
DWC,MCT,1,348.0,ARE,OMN
DWC,MLE,1,3026.0,ARE,MDV
DWC,MNL,2,6929.0,ARE,PHL
DWC,MRV,1,2411.0,ARE,RUS
DWC,ODS,1,3233.0,ARE,UKR
DWC,OMS,1,3660.0,ARE,RUS
DWC,OTP,1,3410.0,ARE,ROU
DWC,OVB,1,4033.0,ARE,RUS
DWC,PEE,1,3672.0,ARE,RUS
DWC,RUH,1,853.0,ARE,SAU
DWC,SOF,1,3506.0,ARE,BGR
DWC,SVX,3,3570.0,ARE,RUS
DWC,TJM,1,3682.0,ARE,RUS
DWC,UFA,1,3299.0,ARE,RUS
DWC,VKO,1,3711.0,ARE,RUS
DWD,JED,1,594.0,SAU,SAU
DWD,RUH,1,266.0,SAU,SAU
DXB,ACC,1,6289.0,ARE,GHA
DXB,ADD,3,2519.0,ARE,ETH
DXB,ADE,2,1756.0,ARE,YEM
DXB,ADL,2,11006.0,ARE,AUS
DXB,AHB,1,1525.0,ARE,SAU
DXB,ALG,2,5068.0,ARE,DZA
DXB,AMD,2,1767.0,ARE,IND
DXB,AMM,4,2022.0,ARE,JOR
DXB,AMS,3,5169.0,ARE,NLX
DXB,ARN,2,4785.0,ARE,SWE
DXB,ASB,2,1444.0,ARE,TKM
DXB,ATH,1,3272.0,ARE,GRC
DXB,ATL,1,12209.0,ARE,USA
DXB,AWZ,1,935.0,ARE,IRN
DXB,AZI,1,129.0,ARE,ARE
DXB,BAH,4,487.0,ARE,BHR
DXB,BBO,2,1985.0,ARE,SOL
DXB,BCN,1,5176.0,ARE,ESP
DXB,BDH,1,152.0,ARE,IRN
DXB,BEG,1,3816.0,ARE,SRS
DXB,BEY,2,2141.0,ARE,LBN
DXB,BGW,2,1398.0,ARE,IRR
DXB,BHX,2,5603.0,ARE,ENG
DXB,BKK,3,4904.0,ARE,THA
DXB,BLR,1,2695.0,ARE,IND
DXB,BND,2,241.0,ARE,IRN
DXB,BNE,2,11979.0,ARE,AUS
DXB,BOM,4,1926.0,ARE,IND
DXB,BOS,2,10702.0,ARE,USA
DXB,BSR,2,959.0,ARE,IRR
DXB,BUZ,1,608.0,ARE,IRN
DXB,BWN,1,6721.0,ARE,BRN
DXB,CAI,3,2415.0,ARE,EGY
DXB,CAN,2,5827.0,ARE,CHN
DXB,CCJ,3,2675.0,ARE,IND
DXB,CCU,1,3366.0,ARE,IND
DXB,CDG,3,5239.0,ARE,FXX
DXB,CGK,2,6547.0,ARE,IDN
DXB,CGP,1,3714.0,ARE,BGD
DXB,CMB,3,3288.0,ARE,LKA
DXB,CMN,1,6080.0,ARE,MAR
DXB,COK,4,2783.0,ARE,IND
DXB,CPH,2,4818.0,ARE,DNK
DXB,CPT,2,7644.0,ARE,ZAF
DXB,DAC,3,3537.0,ARE,BGD
DXB,DAR,1,3978.0,ARE,TZA
DXB,DEL,5,2184.0,ARE,IND
DXB,DFW,2,12919.0,ARE,USA
DXB,DKR,1,7618.0,ARE,SEN
DXB,DME,1,3642.0,ARE,RUS
DXB,DMM,4,573.0,ARE,SAU
DXB,DOH,4,378.0,ARE,QAT
DXB,DUB,2,5919.0,ARE,IRL
DXB,DUR,2,6627.0,ARE,ZAF
DXB,DUS,2,5005.0,ARE,DEU
DXB,DYU,2,1944.0,ARE,TJK
DXB,EBB,1,3731.0,ARE,UGA
DXB,EBL,2,1634.0,ARE,IRK
DXB,ELQ,1,1166.0,ARE,SAU
DXB,EVN,1,1945.0,ARE,ARM
DXB,FCO,1,4344.0,ARE,ITA
DXB,FRA,3,4843.0,ARE,DEU
DXB,FRU,1,2635.0,ARE,KGZ
DXB,GIG,1,11884.0,ARE,BRA
DXB,GLA,2,5841.0,ARE,SCT
DXB,GOI,1,2213.0,ARE,IND
DXB,GRU,1,12217.0,ARE,BRA
DXB,GVA,2,4919.0,ARE,CHE
DXB,GYD,2,1762.0,ARE,AZE
DXB,HAM,2,4884.0,ARE,DEU
DXB,HAS,1,1384.0,ARE,SAU
DXB,HBE,1,2589.0,ARE,EGY
DXB,HGA,2,2117.0,ARE,SOL
DXB,HKG,2,5920.0,ARE,HKG
DXB,HKT,1,4927.0,ARE,THA
DXB,HND,2,7935.0,ARE,JPN
DXB,HRK,1,3197.0,ARE,UKR
DXB,HYD,3,2547.0,ARE,IND
DXB,IAD,3,11355.0,ARE,USA
DXB,IAH,2,13125.0,ARE,USA
DXB,ICN,2,6729.0,ARE,KOR
DXB,IFN,1,900.0,ARE,IRN
DXB,IKA,4,1200.0,ARE,IRN
DXB,ISB,3,1926.0,ARE,PAK
DXB,IST,3,3028.0,ARE,TUR
DXB,ISU,1,1496.0,ARE,IRK
DXB,IXE,2,2460.0,ARE,IND
DXB,JED,5,1699.0,ARE,SAU
DXB,JFK,2,11002.0,ARE,USA
DXB,JIB,1,1992.0,ARE,DJI
DXB,JNB,2,6413.0,ARE,ZAF
DXB,JUB,1,3399.0,ARE,SDS
DXB,KBL,5,1686.0,ARE,AFG
DXB,KBP,2,3489.0,ARE,UKR
DXB,KDH,1,1238.0,ARE,AFG
DXB,KGL,1,4067.0,ARE,RWA
DXB,KHI,4,1188.0,ARE,PAK
DXB,KIH,1,198.0,ARE,IRN
DXB,KIX,2,7577.0,ARE,JPN
DXB,KJA,1,4548.0,ARE,RUS
DXB,KMG,1,4760.0,ARE,CHN
DXB,KRR,2,2636.0,ARE,RUS
DXB,KRT,3,2603.0,ARE,SDN
DXB,KTM,1,2991.0,ARE,NPL
DXB,KUF,1,3171.0,ARE,RUS
DXB,KUL,3,5549.0,ARE,MYS
DXB,KWI,4,854.0,ARE,KWT
DXB,LAD,2,5931.0,ARE,AGO
DXB,LAX,2,13400.0,ARE,USA
DXB,LCA,1,2343.0,ARE,CYP
DXB,LED,1,4301.0,ARE,RUS
DXB,LFM,1,320.0,ARE,IRN
DXB,LGW,2,5473.0,ARE,ENG
DXB,LHE,3,1985.0,ARE,PAK
DXB,LHR,5,5498.0,ARE,ENG
DXB,LIS,2,6138.0,ARE,PRX
DXB,LKO,1,2552.0,ARE,IND
DXB,LOS,1,5896.0,ARE,NGA
DXB,LRR,1,286.0,ARE,IRN
DXB,LUN,1,5373.0,ARE,ZMB
DXB,LYS,1,4988.0,ARE,FXX
DXB,MAA,2,2933.0,ARE,IND
DXB,MAD,1,5649.0,ARE,ESP
DXB,MAN,2,5655.0,ARE,ENG
DXB,MBA,1,3675.0,ARE,KEN
DXB,MCT,4,348.0,ARE,OMN
DXB,MED,3,1580.0,ARE,SAU
DXB,MEL,2,11645.0,ARE,AUS
DXB,MHD,1,1287.0,ARE,IRN
DXB,MLA,1,4056.0,ARE,MLT
DXB,MLE,1,3041.0,ARE,MDV
DXB,MNL,3,6906.0,ARE,PHL
DXB,MRU,2,5086.0,ARE,MUS
DXB,MRV,2,2383.0,ARE,RUS
DXB,MUC,3,4564.0,ARE,DEU
DXB,MUX,2,1671.0,ARE,PAK
DXB,MXP,2,4707.0,ARE,ITA
DXB,NBO,4,3559.0,ARE,KEN
DXB,NCE,1,4784.0,ARE,FXX
DXB,NCL,2,5653.0,ARE,ENG
DXB,NJF,1,1305.0,ARE,IRR
DXB,NRT,2,7979.0,ARE,JPN
DXB,OTP,2,3395.0,ARE,ROU
DXB,OVB,1,3988.0,ARE,RUS
DXB,PEK,2,5845.0,ARE,CHN
DXB,PER,2,9042.0,ARE,AUS
DXB,PEW,2,1835.0,ARE,PAK
DXB,PRG,2,4464.0,ARE,CZE
DXB,PVG,1,6448.0,ARE,CHN
DXB,PZU,1,1972.0,ARE,SDN
DXB,RIY,1,1333.0,ARE,YEM
DXB,ROV,1,2821.0,ARE,RUS
DXB,RUH,4,873.0,ARE,SAU
DXB,SAH,3,1589.0,ARE,YEM
DXB,SAW,2,2967.0,ARE,TUR
DXB,SEA,2,11928.0,ARE,USA
DXB,SEZ,1,3328.0,ARE,SYC
DXB,SFO,2,13020.0,ARE,USA
DXB,SGN,1,5619.0,ARE,VNM
DXB,SIN,5,5847.0,ARE,SGP
DXB,SKP,1,3601.0,ARE,MKD
DXB,SKT,2,2015.0,ARE,PAK
DXB,SLL,2,923.0,ARE,OMN
DXB,SVO,2,3712.0,ARE,RUS
DXB,SVX,1,3529.0,ARE,RUS
DXB,SYD,2,12044.0,ARE,AUS
DXB,SYZ,1,550.0,ARE,IRN
DXB,TAS,1,2194.0,ARE,UZB
DXB,TBS,1,2061.0,ARE,GEG
DXB,TBZ,1,1670.0,ARE,IRN
DXB,TIF,1,1569.0,ARE,SAU
DXB,TIP,1,4160.0,ARE,LBY
DXB,TPE,1,6555.0,ARE,TWN
DXB,TRV,3,2947.0,ARE,IND
DXB,TUN,2,4444.0,ARE,TUN
DXB,TUU,1,1890.0,ARE,SAU
DXB,VCE,1,4430.0,ARE,ITA
DXB,VIE,2,4223.0,ARE,AUT
DXB,VOG,1,2787.0,ARE,RUS
DXB,WAW,2,4156.0,ARE,POL
DXB,XSB,1,301.0,ARE,ARE
DXB,YNB,1,1751.0,ARE,SAU
DXB,YYZ,1,11082.0,ARE,CAN
DXB,ZAH,1,721.0,ARE,IRN
DXB,ZBR,1,505.0,ARE,IRN
DXB,ZRH,3,4768.0,ARE,CHE
DXB,ZYL,1,3664.0,ARE,BGD
DYG,CAN,1,696.0,CHN,CHN
DYG,CKG,2,374.0,CHN,CHN
DYG,CSX,2,289.0,CHN,CHN
DYG,CZX,1,947.0,CHN,CHN
DYG,NKG,2,859.0,CHN,CHN
DYG,PEK,3,1343.0,CHN,CHN
DYG,PVG,3,1116.0,CHN,CHN
DYG,SZX,1,794.0,CHN,CHN
DYG,TPE,2,1157.0,CHN,TWN
DYG,TSN,1,1282.0,CHN,CHN
DYG,TYN,1,982.0,CHN,CHN
DYG,XIY,2,615.0,CHN,CHN
DYR,DME,1,6226.0,RUS,RUS
DYR,KHV,1,3074.0,RUS,RUS
DYU,AER,1,2470.0,TJK,RUS
DYU,ALA,3,872.0,TJK,KAZ
DYU,CEK,2,1942.0,TJK,RUS
DYU,DEL,1,1347.0,TJK,IND
DYU,DME,2,2962.0,TJK,RUS
DYU,DXB,2,1944.0,TJK,ARE
DYU,FRA,1,4824.0,TJK,DEU
DYU,FRU,2,692.0,TJK,KGZ
DYU,GOJ,1,2695.0,TJK,RUS
DYU,IKA,2,1605.0,TJK,IRN
DYU,IKT,2,3124.0,TJK,RUS
DYU,IST,3,3401.0,TJK,TUR
DYU,KJA,3,2623.0,TJK,RUS
DYU,KRR,2,2546.0,TJK,RUS
DYU,KUF,1,2187.0,TJK,RUS
DYU,KZN,2,2389.0,TJK,RUS
DYU,LED,4,3581.0,TJK,RUS
DYU,MHD,1,851.0,TJK,IRN
DYU,MRV,1,2228.0,TJK,RUS
DYU,NBC,1,2265.0,TJK,RUS
DYU,OMS,1,1857.0,TJK,RUS
DYU,OVB,2,2104.0,TJK,RUS
DYU,REN,1,1802.0,TJK,RUS
DYU,ROV,1,2533.0,TJK,RUS
DYU,SGC,1,2555.0,TJK,RUS
DYU,SHJ,1,1928.0,TJK,ARE
DYU,SVX,3,2108.0,TJK,RUS
DYU,UFA,1,2030.0,TJK,RUS
DYU,URC,3,1665.0,TJK,CHN
DYU,VOG,1,2260.0,TJK,RUS
DZA,DAR,1,937.0,MYT,TZA
DZA,DIE,1,438.0,MYT,MDG
DZA,HAH,5,260.0,MYT,COM
DZA,MJN,2,339.0,MYT,MDG
DZA,NOS,1,333.0,MYT,MDG
DZA,RUN,2,1411.0,MYT,REU
DZA,TNR,3,707.0,MYT,MDG
DZN,ALA,1,871.0,KAZ,KAZ
DZN,TSE,1,457.0,KAZ,KAZ
EAE,VLI,1,68.0,VUT,VUT
EAM,DMM,1,1130.0,SAU,SAU
EAM,JED,1,713.0,SAU,SAU
EAM,RUH,1,850.0,SAU,SAU
EAS,BCN,2,392.0,FXX,ESP
EAS,MAD,1,353.0,FXX,ESP
EAT,SEA,1,158.0,USA,USA
EAU,ORD,1,432.0,USA,USA
EBA,ACH,1,528.0,ITA,CHE
EBA,BRN,1,510.0,ITA,CHE
EBA,FDH,1,549.0,ITA,DEU
EBA,MUC,1,633.0,ITA,DEU
EBA,ZRH,1,540.0,ITA,CHE
EBB,ADD,1,1218.0,UGA,ETH
EBB,AMS,3,6358.0,UGA,NLX
EBB,ASM,1,1838.0,UGA,ERI
EBB,BJM,1,511.0,UGA,BDI
EBB,BRU,4,6239.0,UGA,BFR
EBB,CAI,1,3346.0,UGA,EGY
EBB,DAR,2,1074.0,UGA,TZA
EBB,DOH,1,3480.0,UGA,QAT
EBB,DXB,1,3731.0,UGA,ARE
EBB,IST,1,4600.0,UGA,TUR
EBB,JNB,1,2946.0,UGA,ZAF
EBB,JRO,2,643.0,UGA,TZA
EBB,JUB,1,545.0,UGA,SDS
EBB,KGL,5,340.0,UGA,RWA
EBB,KSE,1,261.0,UGA,UGA
EBB,LHR,2,6497.0,UGA,ENG
EBB,MGQ,1,1447.0,UGA,SOX
EBB,NBO,3,521.0,UGA,KEN
EBB,RUA,1,375.0,UGA,UGA
EBH,ALG,1,382.0,DZA,DZA
EBJ,ABZ,1,687.0,DNK,SCT
EBJ,BLL,1,44.0,DNK,DNK
EBL,ADA,2,779.0,IRK,TUR
EBL,AMM,3,889.0,IRK,JOR
EBL,AMS,1,3535.0,IRK,NLX
EBL,ARN,3,3203.0,IRK,SWE
EBL,AUH,1,1663.0,IRK,ARE
EBL,AYT,1,1177.0,IRK,TUR
EBL,BEY,2,817.0,IRK,LBN
EBL,CAI,1,1350.0,IRK,EGY
EBL,DOH,1,1420.0,IRK,QAT
EBL,DUS,1,3373.0,IRK,DEU
EBL,DXB,2,1634.0,IRK,ARE
EBL,ESB,3,1051.0,IRK,TUR
EBL,FRA,1,3214.0,IRK,DEU
EBL,GOT,1,3329.0,IRK,SWE
EBL,IKA,1,654.0,IRK,IRN
EBL,IST,2,1430.0,IRK,TUR
EBL,MUC,1,2940.0,IRK,DEU
EBL,SHJ,1,1637.0,IRK,ARE
EBL,TBS,1,610.0,IRK,GEG
EBL,VIE,1,2595.0,IRK,AUT
EBU,BIA,2,531.0,FXX,FXX
EBU,FEZ,1,1513.0,FXX,MAR
EBU,OPO,1,1150.0,FXX,PRX
EBU,SAW,1,2082.0,FXX,TUR
ECN,ADA,2,259.0,CYN,TUR
ECN,ADB,2,664.0,CYN,TUR
ECN,AYT,1,310.0,CYN,TUR
ECN,ESB,2,555.0,CYN,TUR
ECN,GZT,1,410.0,CYN,TUR
ECN,HTY,1,285.0,CYN,TUR
ECN,IST,3,797.0,CYN,TUR
ECN,SAW,2,736.0,CYN,TUR
ECP,ATL,3,387.0,USA,USA
ECP,BNA,1,647.0,USA,USA
ECP,BWI,1,1286.0,USA,USA
ECP,HOU,1,916.0,USA,USA
ECP,STL,1,1022.0,USA,USA
EDI,ACE,1,3110.0,SCT,ESP
EDI,AGP,2,2145.0,SCT,ESP
EDI,ALC,3,1976.0,SCT,ESP
EDI,AMS,2,666.0,SCT,NLX
EDI,ARN,2,1320.0,SCT,SWE
EDI,ATH,1,2848.0,SCT,GRC
EDI,BCN,3,1677.0,SCT,ESP
EDI,BFS,1,230.0,SCT,NIR
EDI,BGO,1,697.0,SCT,NOW
EDI,BHD,1,217.0,SCT,NIR
EDI,BHX,1,403.0,SCT,ENG
EDI,BJV,1,3107.0,SCT,TUR
EDI,BLQ,1,1636.0,SCT,ITA
EDI,BOD,1,1251.0,SCT,FXX
EDI,BRE,1,847.0,SCT,DEU
EDI,BRS,1,510.0,SCT,ENG
EDI,BRU,2,765.0,SCT,BFR
EDI,BSL,1,1192.0,SCT,FXX
EDI,BTS,1,1642.0,SCT,SVK
EDI,BUD,1,1813.0,SCT,HUN
EDI,BZR,1,1484.0,SCT,FXX
EDI,CDG,5,869.0,SCT,FXX
EDI,CFU,1,2493.0,SCT,GRC
EDI,CGN,1,896.0,SCT,DEU
EDI,CIA,1,1949.0,SCT,ITA
EDI,CPH,2,1001.0,SCT,DNK
EDI,CRL,1,802.0,SCT,BWR
EDI,CWL,2,506.0,SCT,WLS
EDI,DBV,2,2147.0,SCT,HRV
EDI,DLM,1,3216.0,SCT,TUR
EDI,DUB,2,337.0,SCT,IRL
EDI,EMA,1,371.0,SCT,ENG
EDI,EWR,2,5245.0,SCT,USA
EDI,EXT,1,580.0,SCT,ENG
EDI,FAO,2,2134.0,SCT,PRX
EDI,FRA,1,1033.0,SCT,DEU
EDI,FUE,1,3169.0,SCT,ESP
EDI,GDN,1,1392.0,SCT,POL
EDI,GSE,1,946.0,SCT,SWE
EDI,GVA,1,1264.0,SCT,CHE
EDI,HAM,1,893.0,SCT,DEU
EDI,HER,1,3147.0,SCT,GRC
EDI,HHN,1,974.0,SCT,DEU
EDI,IST,1,2830.0,SCT,TUR
EDI,JER,1,754.0,SCT,JEY
EDI,KEF,1,1385.0,SCT,ISL
EDI,KOI,1,336.0,SCT,SCT
EDI,KRK,2,1671.0,SCT,POL
EDI,KUN,1,1723.0,SCT,LTU
EDI,LCY,1,543.0,SCT,ENG
EDI,LGW,2,574.0,SCT,ENG
EDI,LHR,5,534.0,SCT,ENG
EDI,LIS,1,1956.0,SCT,PRX
EDI,LPA,1,3259.0,SCT,ESP
EDI,LSI,1,454.0,SCT,SCT
EDI,LTN,1,494.0,SCT,ENG
EDI,LYS,1,1280.0,SCT,FXX
EDI,MAD,1,1721.0,SCT,ESP
EDI,MAH,1,1873.0,SCT,ESP
EDI,MAN,1,297.0,SCT,ENG
EDI,MJV,1,2030.0,SCT,ESP
EDI,MLA,1,2609.0,SCT,MLT
EDI,MRS,1,1520.0,SCT,FXX
EDI,MUC,1,1330.0,SCT,DEU
EDI,MXP,1,1424.0,SCT,ITA
EDI,NAP,1,2110.0,SCT,ITA
EDI,NCE,1,1560.0,SCT,FXX
EDI,NRN,1,789.0,SCT,DEU
EDI,NWI,1,473.0,SCT,ENG
EDI,ORK,1,566.0,SCT,IRL
EDI,OSL,2,965.0,SCT,NOW
EDI,PFO,1,3596.0,SCT,CYP
EDI,PMI,4,1878.0,SCT,ESP
EDI,POZ,1,1366.0,SCT,POL
EDI,PRG,2,1341.0,SCT,CZE
EDI,PSA,1,1677.0,SCT,ITA
EDI,RYG,1,922.0,SCT,NOW
EDI,SDR,1,1393.0,SCT,ESP
EDI,SEN,1,555.0,SCT,ENG
EDI,SNN,1,510.0,SCT,IRL
EDI,SOU,1,572.0,SCT,ENG
EDI,STN,1,510.0,SCT,ENG
EDI,SVG,1,629.0,SCT,NOW
EDI,SXF,1,1166.0,SCT,DEU
EDI,SYY,1,309.0,SCT,SCT
EDI,TFS,3,3276.0,SCT,ESP
EDI,VCE,1,1597.0,SCT,ITA
EDI,WIC,1,279.0,SCT,SCT
EDL,LOK,1,305.0,KEN,KEN
EDL,NBO,2,268.0,KEN,KEN
EDO,SAW,1,246.0,TUR,TUR
EDR,CNS,1,495.0,AUS,AUS
EDR,KWM,1,67.0,AUS,AUS
EEK,BET,1,64.0,USA,USA
EEK,KWN,2,52.0,USA,USA
EFL,AMS,1,1993.0,GRC,NLX
EFL,ATH,2,302.0,GRC,GRC
EFL,LGW,1,2172.0,GRC,ENG
EFL,PVK,1,92.0,GRC,GRC
EFL,STN,1,2195.0,GRC,ENG
EGC,BRS,1,768.0,FXX,ENG
EGC,CRL,1,692.0,FXX,BWR
EGC,EMA,1,900.0,FXX,ENG
EGC,EXT,2,720.0,FXX,ENG
EGC,LPL,1,977.0,FXX,ENG
EGC,PGX,1,48.0,FXX,FXX
EGC,RTM,1,844.0,FXX,NLX
EGC,SOU,2,695.0,FXX,ENG
EGC,STN,1,785.0,FXX,ENG
EGE,DEN,1,193.0,USA,USA
EGM,GZO,1,124.0,SLB,SLB
EGM,HIR,1,257.0,SLB,SLB
EGM,RBV,1,52.0,SLB,SLB
EGM,VAO,1,145.0,SLB,SLB
EGN,KRT,2,1110.0,SDN,SDN
EGO,DME,3,537.0,RUS,RUS
EGO,FRU,1,2966.0,RUS,KGZ
EGO,GOJ,1,782.0,RUS,RUS
EGO,KGD,1,1172.0,RUS,RUS
EGO,KRR,1,653.0,RUS,RUS
EGO,KUF,1,979.0,RUS,RUS
EGO,KZN,1,1008.0,RUS,RUS
EGO,LED,1,1093.0,RUS,RUS
EGO,ROV,1,426.0,RUS,RUS
EGS,RKV,1,380.0,ISL,ISL
EGX,AKN,1,69.0,USA,USA
EIN,ACE,1,2957.0,NLX,ESP
EIN,AGP,2,1819.0,NLX,ESP
EIN,AHO,1,1224.0,NLX,ITA
EIN,ALC,2,1536.0,NLX,ESP
EIN,ATH,1,2089.0,NLX,GRC
EIN,AYT,1,2571.0,NLX,TUR
EIN,BCN,1,1157.0,NLX,ESP
EIN,BDS,1,1539.0,NLX,ITA
EIN,BEG,1,1327.0,NLX,SRS
EIN,BGY,1,717.0,NLX,ITA
EIN,BJV,1,2356.0,NLX,TUR
EIN,BLQ,1,885.0,NLX,ITA
EIN,BUD,1,1097.0,NLX,HUN
EIN,CCF,1,944.0,NLX,FXX
EIN,CFU,1,1731.0,NLX,GRC
EIN,CHQ,1,2316.0,NLX,GRC
EIN,CIA,1,1205.0,NLX,ITA
EIN,CLJ,1,1425.0,NLX,ROU
EIN,CPH,1,667.0,NLX,DNK
EIN,CTA,1,1731.0,NLX,ITA
EIN,DEB,1,1250.0,NLX,HUN
EIN,DLM,1,2467.0,NLX,TUR
EIN,DUB,1,818.0,NLX,IRL
EIN,FAO,2,1919.0,NLX,PRX
EIN,FEZ,1,2119.0,NLX,MAR
EIN,GDN,1,935.0,NLX,POL
EIN,GRO,1,1080.0,NLX,ESP
EIN,GRQ,1,203.0,NLX,NLX
EIN,IBZ,2,1433.0,NLX,ESP
EIN,INN,1,635.0,NLX,AUT
EIN,KRK,1,1023.0,NLX,POL
EIN,KTW,1,965.0,NLX,POL
EIN,LIS,1,1804.0,NLX,PRX
EIN,LPA,2,3137.0,NLX,ESP
EIN,MAD,1,1400.0,NLX,ESP
EIN,MJV,1,1596.0,NLX,ESP
EIN,MLA,1,1879.0,NLX,MLT
EIN,MRS,1,891.0,NLX,FXX
EIN,NAP,1,1358.0,NLX,ITA
EIN,NCE,1,877.0,NLX,FXX
EIN,NOC,1,993.0,NLX,IRL
EIN,OPO,1,1560.0,NLX,PRX
EIN,OTP,1,1712.0,NLX,ROU
EIN,PMI,2,1339.0,NLX,ESP
EIN,PSA,1,942.0,NLX,ITA
EIN,RAK,1,2464.0,NLX,MAR
EIN,REU,1,1190.0,NLX,ESP
EIN,RIX,1,1349.0,NLX,LVA
EIN,RTM,1,86.0,NLX,NLX
EIN,SAW,1,2169.0,NLX,TUR
EIN,SKP,1,1621.0,NLX,MKD
EIN,SOF,1,1670.0,NLX,BGR
EIN,STN,1,358.0,NLX,ENG
EIN,SVQ,1,1794.0,NLX,ESP
EIN,TPS,1,1605.0,NLX,ITA
EIN,TSF,1,817.0,NLX,ITA
EIN,TXL,1,555.0,NLX,DEU
EIN,VCE,1,837.0,NLX,ITA
EIN,VLC,1,1405.0,NLX,ESP
EIN,VNO,1,1372.0,NLX,LTU
EIN,WAW,1,1073.0,NLX,POL
EIN,WMI,1,1051.0,NLX,POL
EIS,DOM,2,472.0,VGB,DMA
EIS,NEV,1,248.0,VGB,KNA
EIS,SJU,3,154.0,VGB,PRI
EIS,STT,2,47.0,VGB,VIR
EIS,SXM,4,158.0,VGB,SXM
EJA,BOG,1,261.0,COL,COL
EJH,JED,1,572.0,SAU,SAU
EKO,SLC,1,321.0,USA,USA
EKS,UUS,1,260.0,RUS,RUS
ELC,MNG,1,145.0,AUS,AUS
ELD,DAL,1,379.0,USA,USA
ELD,HOT,1,142.0,USA,USA
ELF,KRT,2,808.0,SDN,SDN
ELG,OGX,1,285.0,DZA,DZA
ELG,TMR,1,900.0,DZA,DZA
ELH,FLL,2,354.0,BHS,USA
ELH,MIA,2,363.0,BHS,USA
ELH,NAS,2,92.0,BHS,BHS
ELH,PBI,2,366.0,BHS,USA
ELI,GLV,1,36.0,USA,USA
ELI,KKA,2,64.0,USA,USA
ELI,OME,2,152.0,USA,USA
ELM,DTW,1,532.0,USA,USA
ELM,ORD,1,909.0,USA,USA
ELM,PHL,2,290.0,USA,USA
ELM,PIE,1,1669.0,USA,USA
ELM,SFB,1,1539.0,USA,USA
ELP,ATL,3,2060.0,USA,USA
ELP,AUS,1,849.0,USA,USA
ELP,DAL,1,902.0,USA,USA
ELP,DEN,1,909.0,USA,USA
ELP,DFW,2,885.0,USA,USA
ELP,HOU,1,1087.0,USA,USA
ELP,IAH,1,1072.0,USA,USA
ELP,LAS,1,938.0,USA,USA
ELP,LAX,5,1148.0,USA,USA
ELP,ORD,2,1988.0,USA,USA
ELP,PHL,1,2929.0,USA,USA
ELP,PHX,3,558.0,USA,USA
ELP,SAT,2,797.0,USA,USA
ELQ,CAI,4,1283.0,SAU,EGY
ELQ,DMM,1,600.0,SAU,SAU
ELQ,DOH,1,792.0,SAU,QAT
ELQ,DXB,1,1166.0,SAU,ARE
ELQ,IST,1,2161.0,SAU,TUR
ELQ,JED,1,696.0,SAU,SAU
ELQ,MED,1,453.0,SAU,SAU
ELQ,RUH,1,329.0,SAU,SAU
ELQ,SHJ,1,1180.0,SAU,ARE
ELS,CPT,1,861.0,ZAF,ZAF
ELS,DUR,1,492.0,ZAF,ZAF
ELS,JNB,2,768.0,ZAF,ZAF
ELS,PLZ,1,230.0,ZAF,ZAF
ELU,ALG,1,479.0,DZA,DZA
ELV,JNU,1,105.0,USA,USA
EMA,ABZ,1,489.0,ENG,SCT
EMA,ACE,6,2840.0,ENG,ESP
EMA,AGP,3,1813.0,ENG,ESP
EMA,ALC,4,1619.0,ENG,ESP
EMA,AMS,1,416.0,ENG,NLX
EMA,BCN,1,1308.0,ENG,ESP
EMA,BGY,1,1127.0,ENG,ITA
EMA,BHD,1,359.0,ENG,NIR
EMA,BJV,1,2830.0,ENG,TUR
EMA,BRU,1,453.0,ENG,BFR
EMA,BUD,1,1579.0,ENG,HUN
EMA,CCF,1,1102.0,ENG,FXX
EMA,CDG,1,504.0,ENG,FXX
EMA,CFU,1,2184.0,ENG,GRC
EMA,CHQ,1,2770.0,ENG,GRC
EMA,CIA,1,1609.0,ENG,ITA
EMA,DBV,1,1848.0,ENG,HRV
EMA,DLM,3,2942.0,ENG,TUR
EMA,DNR,1,475.0,ENG,FXX
EMA,DUB,1,336.0,ENG,IRL
EMA,EDI,1,371.0,ENG,SCT
EMA,EGC,1,900.0,ENG,FXX
EMA,FAO,4,1833.0,ENG,PRX
EMA,FNC,1,2557.0,ENG,PMD
EMA,FUE,2,2900.0,ENG,ESP
EMA,GCI,1,388.0,ENG,GGY
EMA,GLA,1,393.0,ENG,SCT
EMA,GRO,1,1253.0,ENG,ESP
EMA,HER,1,2845.0,ENG,GRC
EMA,IBZ,3,1566.0,ENG,ESP
EMA,JER,1,407.0,ENG,JEY
EMA,KRK,1,1489.0,ENG,POL
EMA,LCA,1,3388.0,ENG,CYP
EMA,LEI,1,1780.0,ENG,ESP
EMA,LIG,1,796.0,ENG,FXX
EMA,LPA,3,3001.0,ENG,ESP
EMA,LRH,1,740.0,ENG,FXX
EMA,MAH,3,1502.0,ENG,ESP
EMA,MJV,2,1675.0,ENG,ESP
EMA,MLA,1,2257.0,ENG,MLT
EMA,NBE,3,2078.0,ENG,TUN
EMA,NOC,1,511.0,ENG,IRL
EMA,ORK,1,499.0,ENG,IRL
EMA,PFO,3,3331.0,ENG,CYP
EMA,PMI,5,1509.0,ENG,ESP
EMA,PRG,1,1119.0,ENG,CZE
EMA,PSA,1,1334.0,ENG,ITA
EMA,REU,1,1313.0,ENG,ESP
EMA,RHO,3,2924.0,ENG,GRC
EMA,RIX,1,1670.0,ENG,LVA
EMA,RZE,1,1638.0,ENG,POL
EMA,SXF,1,1002.0,ENG,DEU
EMA,TFS,6,3029.0,ENG,ESP
EMA,TSF,1,1262.0,ENG,ITA
EMA,VLC,1,1485.0,ENG,ESP
EMA,WMI,1,1478.0,ENG,POL
EMA,WRO,1,1259.0,ENG,POL
EMD,BNE,2,652.0,AUS,AUS
EMK,AUK,1,15.0,USA,USA
EMK,BET,1,263.0,USA,USA
EMK,KOT,2,56.0,USA,USA
ENA,ANC,3,95.0,USA,USA
ENE,KOE,2,265.0,IDN,IDN
ENE,LBJ,2,199.0,IDN,IDN
ENH,WUH,4,455.0,CHN,CHN
ENU,ABV,1,284.0,NGA,NGA
ENU,ADD,1,3452.0,NGA,ETH
ENU,LOS,1,469.0,NGA,NGA
ENY,CKG,1,815.0,CHN,CHN
ENY,NAY,2,692.0,CHN,CHN
ENY,PEK,1,722.0,CHN,CHN
ENY,XIY,1,254.0,CHN,CHN
EOH,APO,3,216.0,COL,COL
EOH,BOG,1,233.0,COL,COL
EOH,BSC,1,199.0,COL,COL
EOH,IBE,1,206.0,COL,COL
EOH,MTR,1,291.0,COL,COL
EOH,NQU,1,196.0,COL,COL
EOH,PEI,1,157.0,COL,COL
EOH,UIB,2,130.0,COL,COL
EOI,KOI,1,27.0,SCT,SCT
EPR,PER,2,581.0,AUS,AUS
EPR,RVT,1,150.0,AUS,AUS
EQS,AEP,1,1439.0,ARG,ARG
EQS,BRC,1,195.0,ARG,ARG
EQS,CRD,1,433.0,ARG,ARG
ERC,ESB,1,559.0,TUR,TUR
ERC,IST,1,927.0,TUR,TUR
ERC,SAW,1,876.0,TUR,TUR
ERF,AYT,1,2217.0,DEU,TUR
ERF,FUE,1,3252.0,DEU,ESP
ERF,LGW,1,779.0,DEU,ENG
ERF,LPA,1,3382.0,DEU,ESP
ERF,PMI,1,1422.0,DEU,ESP
ERF,TFS,1,3436.0,DEU,ESP
ERI,CLE,1,158.0,USA,USA
ERI,DTW,1,263.0,USA,USA
ERI,PHL,2,481.0,USA,USA
ERL,HET,1,287.0,CHN,CHN
ERL,PEK,1,526.0,CHN,CHN
ERM,JCB,1,89.0,BRA,BRA
ERM,PFB,1,65.0,BRA,BRA
ERN,TFF,1,676.0,BRA,BRA
ERS,MPA,1,925.0,NAM,NAM
ERS,NDU,1,586.0,NAM,NAM
ERS,OND,1,539.0,NAM,NAM
ERZ,ESB,1,696.0,TUR,TUR
ERZ,IST,2,1057.0,TUR,TUR
ERZ,SAW,2,1009.0,TUR,TUR
ESB,ADA,1,402.0,TUR,TUR
ESB,ADB,2,543.0,TUR,TUR
ESB,ADF,1,543.0,TUR,TUR
ESB,AJI,1,857.0,TUR,TUR
ESB,AYT,1,407.0,TUR,TUR
ESB,BAL,1,743.0,TUR,TUR
ESB,BEG,1,1162.0,TUR,SRS
ESB,BGG,1,667.0,TUR,TUR
ESB,BGW,1,1258.0,TUR,IRR
ESB,BJV,2,562.0,TUR,TUR
ESB,CGN,1,2324.0,TUR,DEU
ESB,CKZ,1,558.0,TUR,TUR
ESB,DIY,1,670.0,TUR,TUR
ESB,DOH,1,2391.0,TUR,QAT
ESB,DUS,1,2366.0,TUR,DEU
ESB,EBL,3,1051.0,TUR,IRK
ESB,ECN,2,555.0,TUR,CYN
ESB,ERC,1,559.0,TUR,TUR
ESB,ERZ,1,696.0,TUR,TUR
ESB,EZS,1,567.0,TUR,TUR
ESB,FRA,1,2197.0,TUR,DEU
ESB,GNY,1,592.0,TUR,TUR
ESB,GYD,1,1444.0,TUR,AZE
ESB,GZP,1,430.0,TUR,TUR
ESB,GZT,1,526.0,TUR,TUR
ESB,HTY,1,508.0,TUR,TUR
ESB,IGD,1,926.0,TUR,TUR
ESB,IKA,2,1676.0,TUR,IRN
ESB,IST,2,380.0,TUR,TUR
ESB,KCM,1,448.0,TUR,TUR
ESB,KCO,1,256.0,TUR,TUR
ESB,KSY,1,859.0,TUR,TUR
ESB,MLX,1,477.0,TUR,TUR
ESB,MQM,1,737.0,TUR,TUR
ESB,MSR,1,760.0,TUR,TUR
ESB,MUC,1,1912.0,TUR,DEU
ESB,SAW,2,323.0,TUR,TUR
ESB,STR,1,2103.0,TUR,DEU
ESB,TEQ,1,443.0,TUR,TUR
ESB,TZX,1,582.0,TUR,TUR
ESB,VAN,1,908.0,TUR,TUR
ESB,VIE,2,1578.0,TUR,AUT
ESB,VKO,1,1748.0,TUR,RUS
ESC,DTW,1,492.0,USA,USA
ESD,FRD,1,22.0,USA,USA
ESL,DME,1,1100.0,RUS,RUS
ESM,CLO,1,460.0,ECU,COL
ESM,GYE,1,350.0,ECU,ECU
ESM,UIO,1,187.0,ECU,ECU
ESU,MRS,1,1872.0,MAR,FXX
ESU,ORY,2,2177.0,MAR,FXX
ETH,HFA,1,361.0,JOR,ISR
ETH,SDV,2,284.0,JOR,ISR
ETH,TLV,2,273.0,JOR,ISR
ETR,UIO,1,411.0,ECU,ECU
ETZ,ALG,1,1389.0,FXX,DZA
ETZ,LYS,1,373.0,FXX,FXX
ETZ,MRS,1,621.0,FXX,FXX
ETZ,NCE,1,597.0,FXX,FXX
ETZ,TLS,1,703.0,FXX,FXX
EUG,AZA,1,1563.0,USA,USA
EUG,DEN,2,1600.0,USA,USA
EUG,LAS,1,1126.0,USA,USA
EUG,LAX,3,1205.0,USA,USA
EUG,OAK,1,717.0,USA,USA
EUG,PDX,3,170.0,USA,USA
EUG,SEA,1,376.0,USA,USA
EUG,SFO,1,727.0,USA,USA
EUG,SLC,1,992.0,USA,USA
EUN,AGA,1,512.0,MAR,MAR
EUN,CMN,1,877.0,MAR,MAR
EUN,LPA,2,231.0,MAR,ESP
EUX,SXM,1,62.0,NLY,SXM
EVE,ALC,1,3519.0,NOW,ESP
EVE,ANX,1,92.0,NOW,NOW
EVE,BOO,1,167.0,NOW,NOW
EVE,OSL,2,969.0,NOW,NOW
EVE,SVG,1,1195.0,NOW,NOW
EVE,TOS,1,160.0,NOW,NOW
EVE,TRD,2,617.0,NOW,NOW
EVG,ARN,1,327.0,SWE,SWE
EVG,MXX,1,121.0,SWE,SWE
EVN,AER,2,520.0,ARM,RUS
EVN,ATH,1,1779.0,ARM,GRC
EVN,BEY,1,1058.0,ARM,LBN
EVN,CDG,3,3410.0,ARM,FXX
EVN,CEK,1,2104.0,ARM,RUS
EVN,DME,1,1763.0,ARM,RUS
EVN,DNK,1,1174.0,ARM,UKR
EVN,DXB,1,1945.0,ARM,ARE
EVN,FCO,1,2690.0,ARM,ITA
EVN,GOJ,2,1789.0,ARM,RUS
EVN,IKA,1,793.0,ARM,IRN
EVN,KBP,1,1545.0,ARM,UKR
EVN,KJA,1,3885.0,ARM,RUS
EVN,KRR,1,691.0,ARM,RUS
EVN,KUF,2,1548.0,ARM,RUS
EVN,LED,3,2396.0,ARM,RUS
EVN,MRV,1,466.0,ARM,RUS
EVN,MSQ,1,1958.0,ARM,BLR
EVN,OMS,1,2692.0,ARM,RUS
EVN,OVB,1,3254.0,ARM,RUS
EVN,PRG,2,2587.0,ARM,CZE
EVN,ROV,1,892.0,ARM,RUS
EVN,RTW,1,1276.0,ARM,RUS
EVN,SCO,1,690.0,ARM,KAZ
EVN,SHJ,1,1945.0,ARM,ARE
EVN,SVO,1,1832.0,ARM,RUS
EVN,SVX,2,2194.0,ARM,RUS
EVN,TJM,1,2419.0,ARM,RUS
EVN,VIE,3,2375.0,ARM,AUT
EVN,VKO,2,1796.0,ARM,RUS
EVN,VOG,1,960.0,ARM,RUS
EVN,VOZ,1,1356.0,ARM,RUS
EVN,WAW,1,2229.0,ARM,POL
EVV,ATL,4,564.0,USA,USA
EVV,DFW,2,1032.0,USA,USA
EVV,DTW,1,584.0,USA,USA
EVV,ORD,2,439.0,USA,USA
EWB,ACK,1,88.0,USA,USA
EWB,HPN,1,239.0,USA,USA
EWB,MVY,1,42.0,USA,USA
EWN,ATL,3,696.0,USA,USA
EWN,CLT,2,355.0,USA,USA
EWR,ALB,1,231.0,USA,USA
EWR,AMS,4,5868.0,USA,NLX
EWR,ANU,1,2876.0,USA,ACA
EWR,ARN,2,6307.0,USA,SWE
EWR,ATL,7,1199.0,USA,USA
EWR,AUA,1,3161.0,USA,ABW
EWR,AUS,2,2417.0,USA,USA
EWR,BCN,2,6177.0,USA,ESP
EWR,BDA,1,1254.0,USA,BMU
EWR,BFS,2,5099.0,USA,NIR
EWR,BHX,2,5445.0,USA,ENG
EWR,BNA,3,1201.0,USA,USA
EWR,BOG,2,4002.0,USA,COL
EWR,BOM,2,12546.0,USA,IND
EWR,BON,1,3228.0,USA,NLY
EWR,BOS,2,322.0,USA,USA
EWR,BQN,1,2558.0,USA,PRI
EWR,BRU,5,5907.0,USA,BFR
EWR,BTV,1,428.0,USA,USA
EWR,BUF,1,453.0,USA,USA
EWR,BWI,1,272.0,USA,USA
EWR,BZE,1,2909.0,USA,BLZ
EWR,CDG,4,5857.0,USA,FXX
EWR,CHS,1,1012.0,USA,USA
EWR,CLE,1,649.0,USA,USA
EWR,CLT,3,850.0,USA,USA
EWR,CMH,1,743.0,USA,USA
EWR,CPH,1,6207.0,USA,DNK
EWR,CUN,1,2493.0,USA,MEX
EWR,CVG,2,914.0,USA,USA
EWR,DAY,1,856.0,USA,USA
EWR,DCA,1,319.0,USA,USA
EWR,DEL,1,11764.0,USA,IND
EWR,DEN,2,2576.0,USA,USA
EWR,DFW,3,2205.0,USA,USA
EWR,DSM,1,1632.0,USA,USA
EWR,DTW,2,783.0,USA,USA
EWR,DUB,2,5124.0,USA,IRL
EWR,DUS,2,6038.0,USA,DEU
EWR,EDI,2,5245.0,USA,SCT
EWR,FCO,2,6890.0,USA,ITA
EWR,FLL,2,1717.0,USA,USA
EWR,FPO,1,1626.0,USA,BHS
EWR,FRA,2,6211.0,USA,DEU
EWR,GCM,1,2476.0,USA,CYM
EWR,GLA,2,5182.0,USA,SCT
EWR,GRR,1,971.0,USA,USA
EWR,GRU,1,7684.0,USA,BRA
EWR,GSO,1,716.0,USA,USA
EWR,GSP,1,956.0,USA,USA
EWR,GUA,1,3307.0,USA,GTM
EWR,GVA,2,6225.0,USA,CHE
EWR,HAM,2,6138.0,USA,DEU
EWR,HKG,3,12960.0,USA,HKG
EWR,HNL,1,7973.0,USA,USA
EWR,HOU,1,2269.0,USA,USA
EWR,IAD,1,341.0,USA,USA
EWR,IAH,1,2251.0,USA,USA
EWR,IND,1,1035.0,USA,USA
EWR,ITH,1,276.0,USA,USA
EWR,JAX,1,1321.0,USA,USA
EWR,KEF,1,4177.0,USA,ISL
EWR,LAS,1,3576.0,USA,USA
EWR,LAX,2,3941.0,USA,USA
EWR,LHR,8,5562.0,USA,ENG
EWR,LIM,1,5869.0,USA,PER
EWR,LIR,1,3528.0,USA,CRI
EWR,LIS,3,5433.0,USA,PRX
EWR,MAD,2,5790.0,USA,ESP
EWR,MAN,2,5383.0,USA,ENG
EWR,MBJ,1,2493.0,USA,JAM
EWR,MCI,1,1753.0,USA,USA
EWR,MCO,2,1511.0,USA,USA
EWR,MDW,2,1141.0,USA,USA
EWR,MEM,1,1520.0,USA,USA
EWR,MEX,1,3343.0,USA,MEX
EWR,MHT,1,337.0,USA,USA
EWR,MIA,3,1751.0,USA,USA
EWR,MKE,1,1163.0,USA,USA
EWR,MSN,1,1282.0,USA,USA
EWR,MSP,2,1619.0,USA,USA
EWR,MSY,5,1877.0,USA,USA
EWR,MUC,2,6503.0,USA,DEU
EWR,MXP,2,6436.0,USA,ITA
EWR,MYR,1,886.0,USA,USA
EWR,NAS,1,1767.0,USA,BHS
EWR,NRT,2,10810.0,USA,JPN
EWR,OKC,1,2128.0,USA,USA
EWR,OMA,1,1820.0,USA,USA
EWR,OPO,2,5361.0,USA,PRX
EWR,ORD,3,1154.0,USA,USA
EWR,ORF,1,458.0,USA,USA
EWR,ORY,3,5857.0,USA,FXX
EWR,OSL,2,5933.0,USA,NOW
EWR,PBI,2,1650.0,USA,USA
EWR,PDX,1,3907.0,USA,USA
EWR,PEK,2,10968.0,USA,CHN
EWR,PHL,2,129.0,USA,USA
EWR,PHX,4,3425.0,USA,USA
EWR,PIT,1,512.0,USA,USA
EWR,PLS,1,2111.0,USA,TCA
EWR,POP,1,2353.0,USA,DOM
EWR,POS,1,3576.0,USA,TTO
EWR,PTY,2,3554.0,USA,PAN
EWR,PUJ,1,2522.0,USA,DOM
EWR,PVD,1,257.0,USA,USA
EWR,PVG,2,11860.0,USA,CHN
EWR,PVR,1,3680.0,USA,MEX
EWR,PWM,1,457.0,USA,USA
EWR,RDU,1,670.0,USA,USA
EWR,RIC,1,447.0,USA,USA
EWR,ROC,1,396.0,USA,USA
EWR,RSW,2,1722.0,USA,USA
EWR,SAL,2,3358.0,USA,SLV
EWR,SAN,1,3895.0,USA,USA
EWR,SAP,1,3105.0,USA,HND
EWR,SAT,1,2522.0,USA,USA
EWR,SAV,1,1141.0,USA,USA
EWR,SDF,1,1031.0,USA,USA
EWR,SDQ,1,2513.0,USA,DOM
EWR,SEA,3,3855.0,USA,USA
EWR,SFO,2,4118.0,USA,USA
EWR,SJD,1,3843.0,USA,MEX
EWR,SJO,1,3554.0,USA,CRI
EWR,SJU,2,2594.0,USA,PRI
EWR,SLC,1,3160.0,USA,USA
EWR,SNA,1,3908.0,USA,USA
EWR,SNN,2,4968.0,USA,IRL
EWR,STI,1,2391.0,USA,DOM
EWR,STL,2,1400.0,USA,USA
EWR,STR,2,6317.0,USA,DEU
EWR,STT,1,2636.0,USA,VIR
EWR,SXM,1,2732.0,USA,SXM
EWR,SYR,1,313.0,USA,USA
EWR,TLV,2,9140.0,USA,ISR
EWR,TPA,2,1607.0,USA,USA
EWR,TUL,1,1951.0,USA,USA
EWR,TXL,2,6387.0,USA,DEU
EWR,TYS,1,1014.0,USA,USA
EWR,UVF,1,3261.0,USA,LCA
EWR,XNA,1,1815.0,USA,USA
EWR,YEG,2,3248.0,USA,CAN
EWR,YHZ,1,986.0,USA,CAN
EWR,YOW,1,529.0,USA,CAN
EWR,YQB,1,714.0,USA,CAN
EWR,YQM,1,974.0,USA,CAN
EWR,YTZ,1,540.0,USA,CAN
EWR,YUL,2,532.0,USA,CAN
EWR,YVR,3,3899.0,USA,CAN
EWR,YYC,1,3247.0,USA,CAN
EWR,YYT,1,1866.0,USA,CAN
EWR,YYZ,2,559.0,USA,CAN
EWR,ZRH,2,6332.0,USA,CHE
EXT,AGP,1,1566.0,ENG,ESP
EXT,ALC,1,1403.0,ENG,ESP
EXT,AMS,1,592.0,ENG,NLX
EXT,BHD,1,462.0,ENG,NIR
EXT,CDG,2,468.0,ENG,FXX
EXT,DUB,1,357.0,ENG,IRL
EXT,DUS,1,714.0,ENG,DEU
EXT,EDI,1,580.0,ENG,SCT
EXT,EGC,2,720.0,ENG,FXX
EXT,FAO,2,1568.0,ENG,PRX
EXT,GCI,1,156.0,ENG,GGY
EXT,GLA,1,575.0,ENG,SCT
EXT,ISC,1,224.0,ENG,ENG
EXT,JER,1,191.0,ENG,JEY
EXT,MAN,1,301.0,ENG,ENG
EXT,MLA,1,2187.0,ENG,MLT
EXT,NQY,1,116.0,ENG,ENG
EXT,PMI,3,1333.0,ENG,ESP
EXT,RNS,2,320.0,ENG,FXX
EYK,NYA,1,184.0,RUS,RUS
EYK,OVS,1,307.0,RUS,RUS
EYK,SVX,1,837.0,RUS,RUS
EYK,VKO,1,1860.0,RUS,RUS
EYP,BOG,2,207.0,COL,COL
EYW,ATL,3,1042.0,USA,USA
EYW,FLL,2,233.0,USA,USA
EYW,LGA,1,1947.0,USA,USA
EYW,MCO,1,433.0,USA,USA
EYW,MIA,2,202.0,USA,USA
EYW,MSY,1,1034.0,USA,USA
EYW,RSW,2,220.0,USA,USA
EYW,TPA,4,388.0,USA,USA
EZE,AMS,1,11462.0,ARG,NLX
EZE,ASU,3,1070.0,ARG,PRY
EZE,ATL,1,8076.0,ARG,USA
EZE,BCN,1,10481.0,ARG,ESP
EZE,BOG,2,4689.0,ARG,COL
EZE,BRC,1,1309.0,ARG,ARG
EZE,BSB,1,2358.0,ARG,BRA
EZE,CCC,1,6704.0,ARG,CUB
EZE,CCS,2,5129.0,ARG,VEN
EZE,CDG,2,11101.0,ARG,FXX
EZE,COR,1,656.0,ARG,ARG
EZE,CUN,1,6895.0,ARG,MEX
EZE,CWB,1,1369.0,ARG,BRA
EZE,DFW,2,8534.0,ARG,USA
EZE,FCO,2,11155.0,ARG,ITA
EZE,FLN,1,1237.0,ARG,BRA
EZE,FOR,1,4021.0,ARG,BRA
EZE,FRA,1,11503.0,ARG,DEU
EZE,FTE,2,2038.0,ARG,ARG
EZE,GIG,6,1996.0,ARG,BRA
EZE,GRU,7,1722.0,ARG,BRA
EZE,GYE,1,4251.0,ARG,ECU
EZE,IAH,1,8173.0,ARG,USA
EZE,IGR,1,1083.0,ARG,ARG
EZE,JFK,3,8535.0,ARG,USA
EZE,LHR,1,11137.0,ARG,ENG
EZE,LIM,3,3153.0,ARG,PER
EZE,MAD,3,10085.0,ARG,ESP
EZE,MDZ,1,972.0,ARG,ARG
EZE,MEX,1,7397.0,ARG,MEX
EZE,MIA,3,7119.0,ARG,USA
EZE,MVD,4,229.0,ARG,URY
EZE,POA,1,875.0,ARG,BRA
EZE,PTY,1,5351.0,ARG,PAN
EZE,PUJ,1,6027.0,ARG,DOM
EZE,REL,1,1098.0,ARG,ARG
EZE,ROS,1,298.0,ARG,ARG
EZE,SCL,5,1138.0,ARG,CHL
EZE,USH,1,2350.0,ARG,ARG
EZE,VVI,2,1964.0,ARG,BOL
EZS,ADB,1,1057.0,TUR,TUR
EZS,ESB,1,567.0,TUR,TUR
EZS,IST,2,946.0,TUR,TUR
EZS,SAW,2,890.0,TUR,TUR
FAE,BGO,1,697.0,FRO,NOW
FAE,BLL,1,1171.0,FRO,DNK
FAE,CPH,1,1344.0,FRO,DNK
FAE,SVG,1,790.0,FRO,NOW
FAI,AET,1,291.0,USA,USA
FAI,AKP,1,407.0,USA,USA
FAI,ANC,2,419.0,USA,USA
FAI,BTT,2,287.0,USA,USA
FAI,CEM,1,166.0,USA,USA
FAI,CIK,1,277.0,USA,USA
FAI,FYU,3,229.0,USA,USA
FAI,GAL,2,430.0,USA,USA
FAI,LMA,1,238.0,USA,USA
FAI,MLY,1,133.0,USA,USA
FAI,RBY,2,361.0,USA,USA
FAI,SCC,2,599.0,USA,USA
FAI,SEA,1,2462.0,USA,USA
FAI,WBQ,1,173.0,USA,USA
FAO,AGP,1,311.0,PRX,ESP
FAO,AMS,1,1970.0,PRX,NLX
FAO,ARN,1,3120.0,PRX,SWE
FAO,BFS,2,1966.0,PRX,NIR
FAO,BHD,1,1964.0,PRX,NIR
FAO,BHX,3,1784.0,PRX,ENG
FAO,BLK,1,1902.0,PRX,ENG
FAO,BLL,1,2447.0,PRX,DNK
FAO,BOH,1,1606.0,PRX,ENG
FAO,BRE,1,2204.0,PRX,DEU
FAO,BRS,2,1650.0,PRX,ENG
FAO,BRU,2,1832.0,PRX,BFR
FAO,BSL,1,1728.0,PRX,FXX
FAO,BVA,1,1603.0,PRX,FXX
FAO,CDG,1,1581.0,PRX,FXX
FAO,CGN,2,1951.0,PRX,DEU
FAO,CPH,1,2584.0,PRX,DNK
FAO,CRL,1,1792.0,PRX,BWR
FAO,DTM,1,2026.0,PRX,DEU
FAO,DUB,2,1829.0,PRX,IRL
FAO,DUS,2,1967.0,PRX,DEU
FAO,EDI,2,2134.0,PRX,SCT
FAO,EIN,2,1919.0,PRX,NLX
FAO,EMA,4,1833.0,PRX,ENG
FAO,EXT,1,1568.0,PRX,ENG
FAO,FMM,1,1919.0,PRX,DEU
FAO,FRA,3,1959.0,PRX,DEU
FAO,GLA,3,2114.0,PRX,SCT
FAO,GRQ,1,2115.0,PRX,NLX
FAO,GVA,1,1552.0,PRX,CHE
FAO,HAJ,1,2200.0,PRX,DEU
FAO,HAM,2,2306.0,PRX,DEU
FAO,HHN,1,1884.0,PRX,DEU
FAO,KIR,1,1691.0,PRX,IRL
FAO,LBA,3,1935.0,PRX,ENG
FAO,LDY,1,2006.0,PRX,NIR
FAO,LGW,5,1688.0,PRX,ENG
FAO,LHR,1,1713.0,PRX,ENG
FAO,LIS,4,222.0,PRX,PRX
FAO,LPL,2,1857.0,PRX,ENG
FAO,LTN,3,1757.0,PRX,ENG
FAO,LUX,1,1805.0,PRX,LUX
FAO,MAN,4,1869.0,PRX,ENG
FAO,MST,1,1890.0,PRX,NLX
FAO,MUC,4,2038.0,PRX,DEU
FAO,NCL,3,2060.0,PRX,ENG
FAO,NOC,1,1880.0,PRX,IRL
FAO,NRN,1,1965.0,PRX,DEU
FAO,OPO,1,475.0,PRX,PRX
FAO,ORK,2,1649.0,PRX,IRL
FAO,ORY,2,1548.0,PRX,FXX
FAO,OSL,1,2902.0,PRX,NOW
FAO,PIK,1,2072.0,PRX,SCT
FAO,PMI,1,975.0,PRX,ESP
FAO,RTM,1,1925.0,PRX,NLX
FAO,SEN,1,1756.0,PRX,ENG
FAO,SID,1,2692.0,PRX,CPV
FAO,SNN,2,1746.0,PRX,IRL
FAO,SOU,1,1636.0,PRX,ENG
FAO,STN,2,1774.0,PRX,ENG
FAO,STR,2,1902.0,PRX,DEU
FAO,TXL,1,2391.0,PRX,DEU
FAO,XRY,1,172.0,PRX,ESP
FAR,ATL,1,1808.0,USA,USA
FAR,AZA,1,1964.0,USA,USA
FAR,DEN,2,1008.0,USA,USA
FAR,DFW,2,1559.0,USA,USA
FAR,LAS,1,1937.0,USA,USA
FAR,MSP,1,359.0,USA,USA
FAR,ORD,3,895.0,USA,USA
FAR,PIE,1,2446.0,USA,USA
FAR,SFB,1,2427.0,USA,USA
FAR,SLC,1,1391.0,USA,USA
FAT,DEN,2,1355.0,USA,USA
FAT,DFW,2,2109.0,USA,USA
FAT,GDL,3,2407.0,USA,MEX
FAT,LAS,2,416.0,USA,USA
FAT,LAX,4,337.0,USA,USA
FAT,PDX,1,1009.0,USA,USA
FAT,PHX,2,793.0,USA,USA
FAT,SAN,1,505.0,USA,USA
FAT,SEA,1,1206.0,USA,USA
FAT,SFO,1,253.0,USA,USA
FAT,SLC,1,805.0,USA,USA
FAV,PPT,1,452.0,PYF,PYF
FAV,RGI,1,247.0,PYF,PYF
FAY,ATL,3,531.0,USA,USA
FAY,CLT,2,189.0,USA,USA
FAY,DCA,2,459.0,USA,USA
FAY,IAD,1,457.0,USA,USA
FBM,FIH,1,1553.0,COD,COD
FBM,JNB,2,1619.0,COD,ZAF
FBM,KGA,1,842.0,COD,COD
FBM,MJM,1,748.0,COD,COD
FBM,NBO,2,1543.0,COD,KEN
FBM,NLA,3,199.0,COD,ZMB
FCA,DEN,1,1210.0,USA,USA
FCA,LAS,1,1362.0,USA,USA
FCA,MSP,1,1646.0,USA,USA
FCA,SEA,1,608.0,USA,USA
FCA,SLC,1,856.0,USA,USA
FCO,ADD,1,4481.0,ITA,ETH
FCO,AGP,3,1547.0,ITA,ESP
FCO,AHO,1,355.0,ITA,ITA
FCO,ALC,2,1156.0,ITA,ESP
FCO,ALG,2,962.0,ITA,DZA
FCO,AMM,3,2383.0,ITA,JOR
FCO,AMS,4,1297.0,ITA,NLX
FCO,AOI,1,222.0,ITA,ITA
FCO,ARN,2,2023.0,ITA,SWE
FCO,ATH,5,1086.0,ITA,GRC
FCO,ATL,5,8085.0,ITA,USA
FCO,AUH,2,4340.0,ITA,ARE
FCO,BCN,4,847.0,ITA,ESP
FCO,BDS,1,494.0,ITA,ITA
FCO,BEG,3,734.0,ITA,SRS
FCO,BEY,2,2218.0,ITA,LBN
FCO,BGO,1,2111.0,ITA,NOW
FCO,BHX,1,1583.0,ITA,ENG
FCO,BIO,1,1250.0,ITA,ESP
FCO,BKK,1,8877.0,ITA,THA
FCO,BLQ,1,314.0,ITA,ITA
FCO,BOD,3,1099.0,ITA,FXX
FCO,BOS,2,6569.0,ITA,USA
FCO,BRI,1,384.0,ITA,ITA
FCO,BRS,1,1557.0,ITA,ENG
FCO,BRU,6,1173.0,ITA,BFR
FCO,BSL,2,743.0,ITA,FXX
FCO,BUD,3,836.0,ITA,HUN
FCO,BZO,2,523.0,ITA,ITA
FCO,CAG,1,391.0,ITA,ITA
FCO,CAI,2,2151.0,ITA,EGY
FCO,CCS,1,8335.0,ITA,VEN
FCO,CDG,3,1101.0,ITA,FXX
FCO,CGN,1,1081.0,ITA,DEU
FCO,CLT,2,7726.0,ITA,USA
FCO,CMB,3,7630.0,ITA,LKA
FCO,CMN,2,1976.0,ITA,MAR
FCO,CPH,4,1537.0,ITA,DNK
FCO,CTA,6,539.0,ITA,ITA
FCO,DAC,1,7321.0,ITA,BGD
FCO,DBV,1,504.0,ITA,HRV
FCO,DEL,2,5933.0,ITA,IND
FCO,DME,2,2395.0,ITA,RUS
FCO,DOH,1,4039.0,ITA,QAT
FCO,DUB,1,1886.0,ITA,IRL
FCO,DUS,3,1134.0,ITA,DEU
FCO,DXB,1,4344.0,ITA,ARE
FCO,EVN,1,2690.0,ITA,ARM
FCO,EWR,2,6890.0,ITA,USA
FCO,EZE,2,11155.0,ITA,ARG
FCO,FLR,1,239.0,ITA,ITA
FCO,FRA,3,958.0,ITA,DEU
FCO,FUE,1,2782.0,ITA,ESP
FCO,GDN,1,1472.0,ITA,POL
FCO,GIG,1,9171.0,ITA,BRA
FCO,GLA,1,1973.0,ITA,SCT
FCO,GOA,1,401.0,ITA,ITA
FCO,GOT,1,1764.0,ITA,SWE
FCO,GRU,1,9433.0,ITA,BRA
FCO,GVA,4,695.0,ITA,CHE
FCO,GYD,2,3144.0,ITA,AZE
FCO,HAJ,1,1201.0,ITA,DEU
FCO,HAM,2,1326.0,ITA,DEU
FCO,HAV,1,8694.0,ITA,CUB
FCO,HEL,2,2234.0,ITA,FIN
FCO,HKG,1,9283.0,ITA,HKG
FCO,IAD,1,7232.0,ITA,USA
FCO,IAS,2,1356.0,ITA,ROU
FCO,ICN,2,8966.0,ITA,KOR
FCO,IKA,2,3424.0,ITA,IRN
FCO,IST,2,1374.0,ITA,TUR
FCO,JED,2,3363.0,ITA,SAU
FCO,JFK,7,6866.0,ITA,USA
FCO,KBP,2,1717.0,ITA,UKR
FCO,KIV,2,1441.0,ITA,MDA
FCO,KIX,1,9741.0,ITA,JPN
FCO,KWI,2,3491.0,ITA,KWT
FCO,LAX,2,10203.0,ITA,USA
FCO,LBA,1,1690.0,ITA,ENG
FCO,LCY,2,1421.0,ITA,ENG
FCO,LED,3,2351.0,ITA,RUS
FCO,LGW,3,1406.0,ITA,ENG
FCO,LHR,3,1444.0,ITA,ENG
FCO,LIN,2,470.0,ITA,ITA
FCO,LIS,3,1839.0,ITA,PRX
FCO,LOS,1,4014.0,ITA,NGA
FCO,LRM,2,7934.0,ITA,DOM
FCO,LTN,1,1470.0,ITA,ENG
FCO,LUX,2,987.0,ITA,LUX
FCO,LUZ,1,1318.0,ITA,POL
FCO,LWO,1,1269.0,ITA,UKR
FCO,LYS,4,721.0,ITA,FXX
FCO,MAD,3,1330.0,ITA,ESP
FCO,MAN,1,1677.0,ITA,ENG
FCO,MIA,2,8329.0,ITA,USA
FCO,MLA,4,689.0,ITA,MLT
FCO,MPL,2,704.0,ITA,FXX
FCO,MRS,2,602.0,ITA,FXX
FCO,MSQ,1,1779.0,ITA,BLR
FCO,MUC,2,730.0,ITA,DEU
FCO,MXP,5,511.0,ITA,ITA
FCO,NAP,1,199.0,ITA,ITA
FCO,NCE,3,459.0,ITA,FXX
FCO,NCL,1,1788.0,ITA,ENG
FCO,NRT,1,9906.0,ITA,JPN
FCO,NTE,4,1247.0,ITA,FXX
FCO,OLB,1,248.0,ITA,ITA
FCO,OPO,2,1738.0,ITA,PRX
FCO,ORD,7,7742.0,ITA,USA
FCO,ORN,1,1308.0,ITA,DZA
FCO,ORY,3,1088.0,ITA,FXX
FCO,OSL,2,2039.0,ITA,NOW
FCO,OTP,3,1162.0,ITA,ROU
FCO,PEK,1,8148.0,ITA,CHN
FCO,PHL,2,7016.0,ITA,USA
FCO,PMO,4,409.0,ITA,ITA
FCO,PRG,7,936.0,ITA,CZE
FCO,PSA,1,258.0,ITA,ITA
FCO,PVG,2,9170.0,ITA,CHN
FCO,REG,2,506.0,ITA,ITA
FCO,RIX,2,1878.0,ITA,LVA
FCO,RTM,1,1274.0,ITA,NLX
FCO,RUH,2,3671.0,ITA,SAU
FCO,RZE,1,1192.0,ITA,POL
FCO,SAW,1,1426.0,ITA,TUR
FCO,SIN,1,10053.0,ITA,SGP
FCO,SKG,2,909.0,ITA,GRC
FCO,SKP,1,777.0,ITA,MKD
FCO,SOF,3,924.0,ITA,BGR
FCO,SPU,1,384.0,ITA,HRV
FCO,STR,1,802.0,ITA,DEU
FCO,SUF,2,468.0,ITA,ITA
FCO,SVO,2,2399.0,ITA,RUS
FCO,SVX,1,3793.0,ITA,RUS
FCO,SXB,3,831.0,ITA,FXX
FCO,SXF,1,1180.0,ITA,DEU
FCO,TAS,1,4658.0,ITA,UZB
FCO,TBS,1,2698.0,ITA,GEG
FCO,TGD,2,582.0,ITA,MNE
FCO,TIA,2,623.0,ITA,ALB
FCO,TIP,2,1019.0,ITA,LBY
FCO,TLS,3,911.0,ITA,FXX
FCO,TLV,4,2279.0,ITA,ISR
FCO,TRN,2,529.0,ITA,ITA
FCO,TRS,1,459.0,ITA,ITA
FCO,TUN,2,577.0,ITA,TUN
FCO,TXL,3,1199.0,ITA,DEU
FCO,VCE,2,412.0,ITA,ITA
FCO,VIE,5,780.0,ITA,AUT
FCO,VKO,1,2369.0,ITA,RUS
FCO,VLC,3,1102.0,ITA,ESP
FCO,VNO,1,1718.0,ITA,LTU
FCO,VRN,1,414.0,ITA,ITA
FCO,WAW,2,1327.0,ITA,POL
FCO,YUL,1,6584.0,ITA,CAN
FCO,YYZ,5,7086.0,ITA,CAN
FCO,ZRH,3,694.0,ITA,CHE
FDF,BGI,1,235.0,MTQ,BRB
FDF,CAY,2,1441.0,MTQ,GUF
FDF,CDG,1,6870.0,MTQ,FXX
FDF,HAV,1,2435.0,MTQ,CUB
FDF,MIA,2,2362.0,MTQ,USA
FDF,ORY,3,6852.0,MTQ,FXX
FDF,PTP,4,195.0,MTQ,GLP
FDF,SDQ,2,1017.0,MTQ,DOM
FDF,SJU,2,683.0,MTQ,PRI
FDF,SLU,4,63.0,MTQ,LCA
FDF,YUL,1,3636.0,MTQ,CAN
FDH,AYT,1,2111.0,DEU,TUR
FDH,CGN,1,395.0,DEU,DEU
FDH,DUS,1,448.0,DEU,DEU
FDH,EBA,1,549.0,DEU,ITA
FDH,FRA,1,272.0,DEU,DEU
FDH,HAM,1,663.0,DEU,DEU
FDH,IBZ,1,1178.0,DEU,ESP
FDH,IST,1,1678.0,DEU,TUR
FDH,OLB,1,753.0,DEU,ITA
FDH,PMI,2,1054.0,DEU,ESP
FDH,TXL,1,606.0,DEU,DEU
FDH,ZAD,1,600.0,DEU,HRV
FEG,DME,2,2982.0,UZB,RUS
FEG,KRR,1,2693.0,UZB,RUS
FEG,KZN,1,2361.0,UZB,RUS
FEG,LED,1,3573.0,UZB,RUS
FEG,OVB,1,1818.0,UZB,RUS
FEG,TAS,1,230.0,UZB,UZB
FEN,NAT,1,390.0,BRA,BRA
FEN,REC,2,550.0,BRA,BRA
FEZ,BCN,3,1028.0,MAR,ESP
FEZ,BGY,1,1805.0,MAR,ITA
FEZ,BVA,1,1822.0,MAR,FXX
FEZ,CMN,1,250.0,MAR,MAR
FEZ,CRL,1,1992.0,MAR,BWR
FEZ,EBU,1,1513.0,MAR,FXX
FEZ,EIN,1,2119.0,MAR,NLX
FEZ,FNI,1,1361.0,MAR,FXX
FEZ,HHN,1,2043.0,MAR,DEU
FEZ,MPL,1,1322.0,MAR,FXX
FEZ,MRS,1,1377.0,MAR,FXX
FEZ,NRN,1,2159.0,MAR,DEU
FEZ,NTE,1,1498.0,MAR,FXX
FEZ,ORY,1,1754.0,MAR,FXX
FEZ,PSA,1,1713.0,MAR,ITA
FEZ,STN,1,2040.0,MAR,ENG
FIH,BNB,1,759.0,COD,COD
FIH,BRU,4,6236.0,COD,BFR
FIH,BZV,4,26.0,COD,COG
FIH,CDG,1,6068.0,COD,FXX
FIH,DLA,5,1129.0,COD,CMR
FIH,FBM,1,1553.0,COD,COD
FIH,FKI,1,1225.0,COD,COD
FIH,IST,1,5254.0,COD,TUR
FIH,JNB,1,2776.0,COD,ZAF
FIH,KGA,1,796.0,COD,COD
FIH,KND,1,1173.0,COD,COD
FIH,LBV,1,860.0,COD,GAB
FIH,MDK,1,583.0,COD,COD
FIH,MJM,1,920.0,COD,COD
FIH,NBO,2,2410.0,COD,KEN
FIH,TSH,1,635.0,COD,COD
FJR,AZI,1,203.0,ARE,ARE
FKB,ACE,1,2875.0,DEU,ESP
FKB,AGP,1,1689.0,DEU,ESP
FKB,ALC,1,1357.0,DEU,ESP
FKB,BRI,1,1089.0,DEU,ITA
FKB,CAG,1,1062.0,DEU,ITA
FKB,CIA,1,852.0,DEU,ITA
FKB,DME,1,2147.0,DEU,RUS
FKB,GRO,1,870.0,DEU,ESP
FKB,HAM,1,555.0,DEU,DEU
FKB,LPA,1,3067.0,DEU,ESP
FKB,OPO,1,1556.0,DEU,PRX
FKB,PMI,2,1110.0,DEU,ESP
FKB,SKG,1,1489.0,DEU,GRC
FKB,STN,1,655.0,DEU,ENG
FKB,TFS,1,3123.0,DEU,ESP
FKB,TPS,1,1259.0,DEU,ITA
FKB,TXL,2,558.0,DEU,DEU
FKB,ZAD,1,761.0,DEU,HRV
FKI,FIH,1,1225.0,COD,COD
FKI,GOM,1,495.0,COD,RWA
FKL,CLE,1,166.0,USA,USA
FKL,DUJ,1,83.0,USA,USA
FKQ,KNG,1,178.0,IDN,IDN
FKQ,MKW,1,300.0,IDN,IDN
FKQ,SOQ,1,250.0,IDN,IDN
FKS,CTS,2,626.0,JPN,JPN
FKS,ITM,2,525.0,JPN,JPN
FLA,BOG,2,380.0,COL,COL
FLG,PHX,2,192.0,USA,USA
FLL,ACY,1,1576.0,USA,USA
FLL,ALB,1,1942.0,USA,USA
FLL,ARN,1,7962.0,USA,SWE
FLL,ATL,8,936.0,USA,USA
FLL,AUA,1,1844.0,USA,ABW
FLL,AUS,3,1776.0,USA,USA
FLL,AVL,1,1066.0,USA,USA
FLL,AXM,1,2449.0,USA,COL
FLL,BDL,2,1892.0,USA,USA
FLL,BIM,2,98.0,USA,BHS
FLL,BNA,1,1278.0,USA,USA
FLL,BOG,4,2461.0,USA,COL
FLL,BOS,2,1994.0,USA,USA
FLL,BQN,1,1581.0,USA,PRI
FLL,BUF,1,1880.0,USA,USA
FLL,BWI,3,1493.0,USA,USA
FLL,CLE,1,1713.0,USA,USA
FLL,CLT,2,1019.0,USA,USA
FLL,CMH,1,1569.0,USA,USA
FLL,CPH,1,7812.0,USA,DNK
FLL,CTG,1,1805.0,USA,COL
FLL,CUN,2,885.0,USA,MEX
FLL,CVG,1,1503.0,USA,USA
FLL,DCA,3,1450.0,USA,USA
FLL,DEN,4,2739.0,USA,USA
FLL,DFW,3,1799.0,USA,USA
FLL,DTW,2,1818.0,USA,USA
FLL,ELH,2,354.0,USA,BHS
FLL,EWR,2,1717.0,USA,USA
FLL,EYW,2,233.0,USA,USA
FLL,FPO,3,155.0,USA,BHS
FLL,GGT,2,514.0,USA,BHS
FLL,GHB,2,393.0,USA,BHS
FLL,GSP,1,1001.0,USA,USA
FLL,GUA,1,1672.0,USA,GTM
FLL,HOU,2,1538.0,USA,USA
FLL,HPN,1,1770.0,USA,USA
FLL,IAD,1,1453.0,USA,USA
FLL,IAG,1,1897.0,USA,USA
FLL,IAH,1,1552.0,USA,USA
FLL,IND,1,1621.0,USA,USA
FLL,ISP,1,1761.0,USA,USA
FLL,JAX,1,514.0,USA,USA
FLL,JFK,2,1723.0,USA,USA
FLL,KIN,3,969.0,USA,JAM
FLL,LAS,2,3492.0,USA,USA
FLL,LAX,3,3763.0,USA,USA
FLL,LBE,1,1581.0,USA,USA
FLL,LEX,1,1394.0,USA,USA
FLL,LGA,3,1735.0,USA,USA
FLL,LIM,2,4249.0,USA,PER
FLL,MBJ,3,873.0,USA,JAM
FLL,MCI,1,2000.0,USA,USA
FLL,MCO,3,286.0,USA,USA
FLL,MDE,2,2270.0,USA,COL
FLL,MDW,1,1881.0,USA,USA
FLL,MGA,1,1672.0,USA,NIC
FLL,MHH,3,310.0,USA,BHS
FLL,MKE,2,2004.0,USA,USA
FLL,MSP,1,2396.0,USA,USA
FLL,MSY,2,1083.0,USA,USA
FLL,MYR,1,854.0,USA,USA
FLL,NAS,2,293.0,USA,BHS
FLL,ORD,4,1905.0,USA,USA
FLL,ORH,1,1953.0,USA,USA
FLL,OSL,1,7581.0,USA,NOW
FLL,PAP,4,1160.0,USA,HTI
FLL,PBG,2,2151.0,USA,USA
FLL,PHL,3,1601.0,USA,USA
FLL,PHX,4,3169.0,USA,USA
FLL,PIT,1,1603.0,USA,USA
FLL,POS,2,2621.0,USA,TTO
FLL,PTY,1,1892.0,USA,PAN
FLL,PUJ,2,1471.0,USA,DOM
FLL,PVD,2,1916.0,USA,USA
FLL,RDU,3,1098.0,USA,USA
FLL,RIC,1,1299.0,USA,USA
FLL,SAL,1,1684.0,USA,SLV
FLL,SAP,1,1430.0,USA,HND
FLL,SDQ,2,1372.0,USA,DOM
FLL,SEA,1,4368.0,USA,USA
FLL,SFO,4,4151.0,USA,USA
FLL,SJO,2,1838.0,USA,CRI
FLL,SJU,4,1684.0,USA,PRI
FLL,STI,1,1227.0,USA,DOM
FLL,STL,1,1702.0,USA,USA
FLL,STT,1,1782.0,USA,VIR
FLL,SWF,1,1803.0,USA,USA
FLL,SXM,1,1968.0,USA,SXM
FLL,TCB,2,285.0,USA,BHS
FLL,TLC,1,2125.0,USA,MEX
FLL,TPA,5,317.0,USA,USA
FLL,TTN,1,1655.0,USA,USA
FLL,TYS,1,1143.0,USA,USA
FLL,YUL,3,2231.0,USA,CAN
FLL,YYZ,4,1958.0,USA,CAN
FLL,ZSA,1,609.0,USA,BHS
FLN,AEP,1,1211.0,BRA,ARG
FLN,BSB,2,1314.0,BRA,BRA
FLN,CCM,1,145.0,BRA,BRA
FLN,CGH,3,488.0,BRA,BRA
FLN,CWB,1,246.0,BRA,BRA
FLN,EZE,1,1237.0,BRA,ARG
FLN,GIG,3,759.0,BRA,BRA
FLN,GRU,3,515.0,BRA,BRA
FLN,JCB,1,301.0,BRA,BRA
FLN,POA,2,363.0,BRA,BRA
FLN,VCP,1,538.0,BRA,BRA
FLN,XAP,2,409.0,BRA,BRA
FLO,CLT,2,160.0,USA,USA
FLR,AMS,2,1058.0,ITA,NLX
FLR,BCN,2,798.0,ITA,ESP
FLR,BHX,1,1356.0,ITA,ENG
FLR,BOD,1,954.0,ITA,FXX
FLR,BRI,2,544.0,ITA,ITA
FLR,BRU,1,936.0,ITA,BFR
FLR,CAG,2,538.0,ITA,ITA
FLR,CDG,2,879.0,ITA,FXX
FLR,CPH,2,1317.0,ITA,DNK
FLR,CTA,3,777.0,ITA,ITA
FLR,DUS,3,895.0,ITA,DEU
FLR,FCO,1,239.0,ITA,ITA
FLR,FRA,1,720.0,ITA,DEU
FLR,GVA,2,483.0,ITA,CHE
FLR,LCY,3,1193.0,ITA,ENG
FLR,LGW,2,1180.0,ITA,ENG
FLR,LYS,2,528.0,ITA,FXX
FLR,MAD,2,1271.0,ITA,ESP
FLR,MUC,2,507.0,ITA,DEU
FLR,NTE,1,1065.0,ITA,FXX
FLR,ORY,2,870.0,ITA,FXX
FLR,PMO,3,646.0,ITA,ITA
FLR,STR,2,564.0,ITA,DEU
FLR,TXL,2,985.0,ITA,DEU
FLR,VIE,5,633.0,ITA,AUT
FLR,ZRH,2,456.0,ITA,CHE
FLS,LST,1,174.0,AUS,AUS
FLW,CVU,1,24.0,PAZ,PAZ
FLW,HOR,1,233.0,PAZ,PAZ
FLW,PDL,1,509.0,PAZ,PAZ
FLW,TER,1,357.0,PAZ,PAZ
FMA,AEP,1,928.0,ARG,ARG
FMM,AGP,1,1741.0,DEU,ESP
FMM,AHO,1,833.0,DEU,ITA
FMM,ALC,1,1387.0,DEU,ESP
FMM,BEG,1,848.0,DEU,SRS
FMM,CHQ,1,1797.0,DEU,GRC
FMM,CIA,1,713.0,DEU,ITA
FMM,CLY,2,618.0,DEU,FXX
FMM,DUB,1,1306.0,DEU,IRL
FMM,FAO,1,1919.0,DEU,PRX
FMM,GRO,1,896.0,DEU,ESP
FMM,HAM,1,628.0,DEU,DEU
FMM,IEV,1,1488.0,DEU,UKR
FMM,NAP,1,852.0,DEU,ITA
FMM,OPO,1,1669.0,DEU,PRX
FMM,PMI,2,1114.0,DEU,ESP
FMM,SKP,1,1116.0,DEU,MKD
FMM,SNN,1,1452.0,DEU,IRL
FMM,STN,1,836.0,DEU,ENG
FMM,TFS,1,3200.0,DEU,ESP
FMM,TPS,1,1135.0,DEU,ITA
FMM,TXL,1,552.0,DEU,DEU
FMN,ALS,3,223.0,USA,USA
FMN,DEN,3,465.0,USA,USA
FMN,SOW,3,319.0,USA,USA
FMO,AGP,1,1967.0,DEU,ESP
FMO,AYT,1,2476.0,DEU,TUR
FMO,BRE,1,126.0,DEU,DEU
FMO,CFU,1,1680.0,DEU,GRC
FMO,FRA,1,242.0,DEU,DEU
FMO,GRO,1,1197.0,DEU,ESP
FMO,IBZ,1,1553.0,DEU,ESP
FMO,MUC,1,511.0,DEU,DEU
FMO,PMI,1,1450.0,DEU,ESP
FMO,STR,1,398.0,DEU,DEU
FMO,ZRH,1,523.0,DEU,CHE
FNA,ABJ,1,1089.0,SLE,CIV
FNA,ACC,3,1476.0,SLE,GHA
FNA,BJL,2,646.0,SLE,GMB
FNA,CDG,2,4726.0,SLE,FXX
FNA,CMN,1,2812.0,SLE,MAR
FNA,DKR,2,826.0,SLE,SEN
FNA,LGW,1,4877.0,SLE,ENG
FNA,LHR,1,4905.0,SLE,ENG
FNA,LOS,1,1834.0,SLE,NGA
FNA,MLW,1,373.0,SLE,LBR
FNA,ROB,7,410.0,SLE,LBR
FNC,AMS,1,2784.0,PMD,NLX
FNC,BHX,2,2506.0,PMD,ENG
FNC,BRE,1,3043.0,PMD,DEU
FNC,BRS,1,2371.0,PMD,ENG
FNC,BRU,1,2664.0,PMD,BFR
FNC,BSL,1,2628.0,PMD,FXX
FNC,CCS,1,5676.0,PMD,VEN
FNC,CGN,1,2806.0,PMD,DEU
FNC,DUS,2,2814.0,PMD,DEU
FNC,EMA,1,2557.0,PMD,ENG
FNC,FRA,2,2836.0,PMD,DEU
FNC,GLA,1,2748.0,PMD,SCT
FNC,HAJ,1,3053.0,PMD,DEU
FNC,HAM,1,3146.0,PMD,DEU
FNC,LBA,1,2640.0,PMD,ENG
FNC,LEJ,2,3137.0,PMD,DEU
FNC,LGW,4,2456.0,PMD,ENG
FNC,LIS,4,965.0,PMD,PRX
FNC,LPA,2,546.0,PMD,ESP
FNC,LUX,1,2671.0,PMD,LUX
FNC,MAN,2,2570.0,PMD,ENG
FNC,MUC,2,2948.0,PMD,DEU
FNC,OPO,3,1191.0,PMD,PRX
FNC,ORY,1,2391.0,PMD,FXX
FNC,PDL,3,985.0,PMD,PAZ
FNC,PRG,1,3194.0,PMD,CZE
FNC,STR,2,2798.0,PMD,DEU
FNC,TXL,1,3263.0,PMD,DEU
FNC,VIE,4,3265.0,PMD,AUT
FNC,ZRH,2,2688.0,PMD,CHE
FNI,CRL,1,745.0,FXX,BWR
FNI,FEZ,1,1361.0,FXX,MAR
FNI,LPL,1,1190.0,FXX,ENG
FNI,LTN,1,970.0,FXX,ENG
FNJ,KUL,1,4725.0,PRK,MYS
FNJ,PEK,2,783.0,PRK,CHN
FNJ,SHE,1,326.0,PRK,CHN
FNJ,VVO,1,713.0,PRK,RUS
FNT,ATL,3,1039.0,USA,USA
FNT,BWI,2,727.0,USA,USA
FNT,CLE,1,233.0,USA,USA
FNT,LAS,1,2783.0,USA,USA
FNT,MCO,2,1631.0,USA,USA
FNT,MSP,1,788.0,USA,USA
FNT,ORD,2,358.0,USA,USA
FNT,TPA,2,1670.0,USA,USA
FOC,BKK,2,2397.0,CHN,THA
FOC,CAN,3,702.0,CHN,CHN
FOC,CGK,2,3832.0,CHN,IDN
FOC,CGO,4,1106.0,CHN,CHN
FOC,CGQ,1,2080.0,CHN,CHN
FOC,CJU,1,1069.0,CHN,KOR
FOC,CKG,3,1347.0,CHN,CHN
FOC,CSX,6,685.0,CHN,CHN
FOC,CTU,4,1622.0,CHN,CHN
FOC,CZX,2,666.0,CHN,CHN
FOC,DLC,1,1459.0,CHN,CHN
FOC,HAK,5,1154.0,CHN,CHN
FOC,HFE,3,689.0,CHN,CHN
FOC,HGH,2,483.0,CHN,CHN
FOC,HIA,1,875.0,CHN,CHN
FOC,HKG,4,709.0,CHN,HKG
FOC,HRB,2,2266.0,CHN,CHN
FOC,JDZ,2,451.0,CHN,CHN
FOC,KHH,3,380.0,CHN,TWN
FOC,KIX,2,1767.0,CHN,JPN
FOC,KMG,3,1681.0,CHN,CHN
FOC,KUL,3,3213.0,CHN,MYS
FOC,KWE,3,1284.0,CHN,CHN
FOC,KWL,4,968.0,CHN,CHN
FOC,LYG,1,963.0,CHN,CHN
FOC,MFM,2,746.0,CHN,MAC
FOC,NKG,8,650.0,CHN,CHN
FOC,NNG,4,1222.0,CHN,CHN
FOC,PEK,5,1599.0,CHN,CHN
FOC,PVG,2,616.0,CHN,CHN
FOC,RMQ,1,209.0,CHN,TWN
FOC,SGN,1,2167.0,CHN,VNM
FOC,SHA,4,608.0,CHN,CHN
FOC,SIN,2,3207.0,CHN,SGP
FOC,SYX,3,1354.0,CHN,CHN
FOC,SZX,4,697.0,CHN,CHN
FOC,TAO,3,1151.0,CHN,CHN
FOC,TNA,5,1236.0,CHN,CHN
FOC,TPE,2,184.0,CHN,TWN
FOC,TSA,3,213.0,CHN,TWN
FOC,TSN,1,1482.0,CHN,CHN
FOC,TYN,1,1471.0,CHN,CHN
FOC,WUH,3,758.0,CHN,CHN
FOC,WUX,2,623.0,CHN,CHN
FOC,XIY,5,1411.0,CHN,CHN
FOC,XUZ,1,926.0,CHN,CHN
FOC,ZUH,4,774.0,CHN,CHN
FOE,ORD,1,737.0,USA,USA
FON,SJO,1,71.0,CRI,CRI
FON,XQP,2,128.0,CRI,CRI
FOR,BEL,3,1136.0,BRA,BRA
FOR,BSB,3,1692.0,BRA,BRA
FOR,CNF,1,1858.0,BRA,BRA
FOR,EZE,1,4021.0,BRA,ARG
FOR,GIG,3,2177.0,BRA,BRA
FOR,GRU,3,2347.0,BRA,BRA
FOR,JDO,1,391.0,BRA,BRA
FOR,JPA,1,546.0,BRA,BRA
FOR,LIS,1,5612.0,BRA,PRX
FOR,MAO,1,2390.0,BRA,BRA
FOR,MXP,1,7201.0,BRA,ITA
FOR,NAT,3,414.0,BRA,BRA
FOR,PHB,1,368.0,BRA,BRA
FOR,RAI,1,2659.0,BRA,CPV
FOR,REC,3,627.0,BRA,BRA
FOR,SLZ,3,647.0,BRA,BRA
FOR,SSA,2,1016.0,BRA,BRA
FOR,THE,3,497.0,BRA,BRA
FOR,VCP,1,2330.0,BRA,BRA
FPO,ATL,1,961.0,BHS,USA
FPO,BHM,1,1098.0,BHS,USA
FPO,BWI,1,1416.0,BHS,USA
FPO,CLT,2,986.0,BHS,USA
FPO,CMH,1,1544.0,BHS,USA
FPO,EWR,1,1626.0,BHS,USA
FPO,FLL,3,155.0,BHS,USA
FPO,MIA,2,180.0,BHS,USA
FPO,NAS,2,209.0,BHS,BHS
FPO,RIC,1,1224.0,BHS,USA
FRA,ABV,1,4564.0,DEU,NGA
FRA,ABZ,1,1065.0,DEU,SCT
FRA,ACC,1,5007.0,DEU,GHA
FRA,ACE,2,2996.0,DEU,ESP
FRA,ADB,1,1966.0,DEU,TUR
FRA,ADD,2,5349.0,DEU,ETH
FRA,AGA,1,2656.0,DEU,MAR
FRA,AGP,1,1817.0,DEU,ESP
FRA,ALA,1,5089.0,DEU,KAZ
FRA,ALC,1,1493.0,DEU,ESP
FRA,ALG,2,1544.0,DEU,DZA
FRA,AMM,3,3045.0,DEU,JOR
FRA,AMS,4,367.0,DEU,NLX
FRA,ARN,3,1223.0,DEU,SWE
FRA,ASB,1,4115.0,DEU,TKM
FRA,ATH,2,1816.0,DEU,GRC
FRA,ATL,6,7410.0,DEU,USA
FRA,AUH,5,4862.0,DEU,ARE
FRA,AYT,4,2298.0,DEU,TUR
FRA,BAH,1,4440.0,DEU,BHR
FRA,BCN,4,1094.0,DEU,ESP
FRA,BEG,5,1055.0,DEU,SRS
FRA,BEY,2,2838.0,DEU,LBN
FRA,BGO,2,1160.0,DEU,NOW
FRA,BHX,1,766.0,DEU,ENG
FRA,BIA,1,835.0,DEU,FXX
FRA,BIO,1,1150.0,DEU,ESP
FRA,BKK,2,8999.0,DEU,THA
FRA,BLL,2,636.0,DEU,DNK
FRA,BLQ,1,645.0,DEU,ITA
FRA,BLR,2,7402.0,DEU,IND
FRA,BOG,2,9087.0,DEU,COL
FRA,BOM,2,6569.0,DEU,IND
FRA,BOS,2,5889.0,DEU,USA
FRA,BRE,1,335.0,DEU,DEU
FRA,BRS,1,808.0,DEU,ENG
FRA,BRU,3,305.0,DEU,BFR
FRA,BSL,3,282.0,DEU,FXX
FRA,BUD,2,835.0,DEU,HUN
FRA,BVC,1,4706.0,DEU,CPV
FRA,CAI,2,2922.0,DEU,EGY
FRA,CCS,1,8077.0,DEU,VEN
FRA,CDG,2,449.0,DEU,FXX
FRA,CFU,3,1461.0,DEU,GRC
FRA,CHQ,1,2045.0,DEU,GRC
FRA,CLT,2,7059.0,DEU,USA
FRA,CMB,1,8066.0,DEU,LKA
FRA,CMN,2,2277.0,DEU,MAR
FRA,CPH,4,679.0,DEU,DNK
FRA,CTA,2,1490.0,DEU,ITA
FRA,CTU,2,7810.0,DEU,CHN
FRA,CUN,1,8606.0,DEU,MEX
FRA,DBV,3,1114.0,DEU,HRV
FRA,DEL,2,6121.0,DEU,IND
FRA,DEN,2,8089.0,DEU,USA
FRA,DFW,9,8258.0,DEU,USA
FRA,DJE,2,1806.0,DEU,TUN
FRA,DLM,2,2193.0,DEU,TUR
FRA,DME,3,2047.0,DEU,RUS
FRA,DMM,1,4367.0,DEU,SAU
FRA,DOH,6,4588.0,DEU,QAT
FRA,DRS,1,387.0,DEU,DEU
FRA,DTW,5,6679.0,DEU,USA
FRA,DUB,2,1087.0,DEU,IRL
FRA,DUS,2,189.0,DEU,DEU
FRA,DXB,3,4843.0,DEU,ARE
FRA,DYU,1,4824.0,DEU,TJK
FRA,EBL,1,3214.0,DEU,IRK
FRA,EDI,1,1033.0,DEU,SCT
FRA,ESB,1,2197.0,DEU,TUR
FRA,EWR,2,6211.0,DEU,USA
FRA,EZE,1,11503.0,DEU,ARG
FRA,FAO,3,1959.0,DEU,PRX
FRA,FCO,3,958.0,DEU,ITA
FRA,FDH,1,272.0,DEU,DEU
FRA,FLR,1,720.0,DEU,ITA
FRA,FMO,1,242.0,DEU,DEU
FRA,FNC,2,2836.0,DEU,PMD
FRA,FUE,2,3056.0,DEU,ESP
FRA,GCI,1,805.0,DEU,GGY
FRA,GDN,2,828.0,DEU,POL
FRA,GIG,2,9568.0,DEU,BRA
FRA,GOJ,1,2418.0,DEU,RUS
FRA,GOT,3,882.0,DEU,SWE
FRA,GPA,1,1668.0,DEU,GRC
FRA,GRU,2,9798.0,DEU,BRA
FRA,GRZ,2,608.0,DEU,AUT
FRA,GVA,4,460.0,DEU,CHE
FRA,GWT,1,543.0,DEU,DEU
FRA,GYD,3,3367.0,DEU,AZE
FRA,HAJ,1,281.0,DEU,DEU
FRA,HAM,1,412.0,DEU,DEU
FRA,HAN,2,8712.0,DEU,VNM
FRA,HAV,1,8138.0,DEU,CUB
FRA,HDF,1,573.0,DEU,DEU
FRA,HEL,5,1538.0,DEU,FIN
FRA,HER,4,2114.0,DEU,GRC
FRA,HKG,2,9153.0,DEU,HKG
FRA,HND,2,9361.0,DEU,JPN
FRA,HOG,1,7895.0,DEU,CUB
FRA,HRG,1,3324.0,DEU,EGY
FRA,IAD,2,6551.0,DEU,USA
FRA,IAH,2,8403.0,DEU,USA
FRA,IBZ,3,1365.0,DEU,ESP
FRA,ICN,3,8543.0,DEU,KOR
FRA,IKA,2,3774.0,DEU,IRN
FRA,INN,2,370.0,DEU,AUT
FRA,IST,3,1837.0,DEU,TUR
FRA,JED,6,4132.0,DEU,SAU
FRA,JFK,8,6189.0,DEU,USA
FRA,JNB,3,8690.0,DEU,ZAF
FRA,KBP,2,1584.0,DEU,UKR
FRA,KEF,1,2401.0,DEU,ISL
FRA,KGS,2,2088.0,DEU,GRC
FRA,KIV,1,1535.0,DEU,MDA
FRA,KIX,2,9261.0,DEU,JPN
FRA,KRK,2,800.0,DEU,POL
FRA,KTW,2,748.0,DEU,POL
FRA,KUF,1,2846.0,DEU,RUS
FRA,KUL,3,9998.0,DEU,MYS
FRA,KWI,2,4021.0,DEU,KWT
FRA,LAD,1,6564.0,DEU,AGO
FRA,LAS,1,8963.0,DEU,USA
FRA,LAX,2,9322.0,DEU,USA
FRA,LCA,3,2636.0,DEU,CYP
FRA,LCY,3,620.0,DEU,ENG
FRA,LED,2,1747.0,DEU,RUS
FRA,LEJ,1,301.0,DEU,DEU
FRA,LHR,4,655.0,DEU,ENG
FRA,LIN,4,513.0,DEU,ITA
FRA,LIS,5,1874.0,DEU,PRX
FRA,LJU,2,608.0,DEU,SVN
FRA,LNZ,2,455.0,DEU,AUT
FRA,LOS,3,4857.0,DEU,NGA
FRA,LPA,2,3185.0,DEU,ESP
FRA,LUX,1,176.0,DEU,LUX
FRA,LYS,3,545.0,DEU,FXX
FRA,MAA,2,7594.0,DEU,IND
FRA,MAD,8,1422.0,DEU,ESP
FRA,MAH,1,1181.0,DEU,ESP
FRA,MAN,1,833.0,DEU,ENG
FRA,MBA,1,6707.0,DEU,KEN
FRA,MBJ,1,8196.0,DEU,JAM
FRA,MCO,2,7620.0,DEU,USA
FRA,MCT,1,5179.0,DEU,OMN
FRA,MEX,1,9552.0,DEU,MEX
FRA,MIA,2,7764.0,DEU,USA
FRA,MLA,2,1647.0,DEU,MLT
FRA,MLE,1,7884.0,DEU,MDV
FRA,MPL,1,799.0,DEU,FXX
FRA,MRS,2,776.0,DEU,FXX
FRA,MRU,1,9200.0,DEU,MUS
FRA,MSQ,2,1395.0,DEU,BLR
FRA,MUC,2,299.0,DEU,DEU
FRA,MXP,2,490.0,DEU,ITA
FRA,NAP,2,1110.0,DEU,ITA
FRA,NBE,2,1559.0,DEU,TUN
FRA,NBO,1,6317.0,DEU,KEN
FRA,NCE,1,716.0,DEU,FXX
FRA,NDR,1,1919.0,DEU,MAR
FRA,NGO,2,9293.0,DEU,JPN
FRA,NKG,2,8635.0,DEU,CHN
FRA,NRT,1,9367.0,DEU,JPN
FRA,NUE,1,190.0,DEU,DEU
FRA,OLB,1,1018.0,DEU,ITA
FRA,OPO,2,1653.0,DEU,PRX
FRA,ORD,2,6971.0,DEU,USA
FRA,OSL,3,1133.0,DEU,NOW
FRA,OTP,3,1449.0,DEU,ROU
FRA,OVB,1,4804.0,DEU,RUS
FRA,PDL,1,3032.0,DEU,PAZ
FRA,PEK,2,7787.0,DEU,CHN
FRA,PHL,3,6339.0,DEU,USA
FRA,PMI,4,1252.0,DEU,ESP
FRA,PMO,1,1366.0,DEU,ITA
FRA,PNQ,2,6685.0,DEU,IND
FRA,POP,1,7572.0,DEU,DOM
FRA,POZ,2,633.0,DEU,POL
FRA,PRG,4,406.0,DEU,CZE
FRA,PRN,2,1264.0,DEU,KOS
FRA,PUJ,1,7512.0,DEU,DOM
FRA,PUY,2,699.0,DEU,HRV
FRA,PVG,3,8858.0,DEU,CHN
FRA,REC,1,7709.0,DEU,BRA
FRA,RHO,2,2178.0,DEU,GRC
FRA,RIX,3,1270.0,DEU,LVA
FRA,RUH,2,4292.0,DEU,SAU
FRA,RZE,1,959.0,DEU,POL
FRA,SAW,2,1900.0,DEU,TUR
FRA,SDQ,1,7617.0,DEU,DOM
FRA,SEA,3,8197.0,DEU,USA
FRA,SEZ,1,7562.0,DEU,SYC
FRA,SFO,3,9149.0,DEU,USA
FRA,SGN,2,9656.0,DEU,VNM
FRA,SHE,2,8019.0,DEU,CHN
FRA,SIN,3,10279.0,DEU,SGP
FRA,SJU,1,7354.0,DEU,PRI
FRA,SKG,3,1541.0,DEU,GRC
FRA,SOF,2,1397.0,DEU,BGR
FRA,SPC,1,3252.0,DEU,ESP
FRA,SPU,3,930.0,DEU,HRV
FRA,SSA,1,8354.0,DEU,BRA
FRA,STR,1,157.0,DEU,DEU
FRA,SVG,2,1001.0,DEU,NOW
FRA,SVO,1,2022.0,DEU,RUS
FRA,SZG,2,409.0,DEU,AUT
FRA,TAB,1,7593.0,DEU,TTO
FRA,TAS,1,4684.0,DEU,UZB
FRA,TFS,2,3239.0,DEU,ESP
FRA,TGD,1,1183.0,DEU,MNE
FRA,TIA,1,1289.0,DEU,ALB
FRA,TLL,1,1469.0,DEU,EST
FRA,TLS,2,898.0,DEU,FXX
FRA,TLV,2,2953.0,DEU,ISR
FRA,TPE,1,9365.0,DEU,TWN
FRA,TRN,1,542.0,DEU,ITA
FRA,TSE,3,4309.0,DEU,KAZ
FRA,TUN,2,1472.0,DEU,TUN
FRA,TXL,4,432.0,DEU,DEU
FRA,VCE,1,577.0,DEU,ITA
FRA,VIE,5,620.0,DEU,AUT
FRA,VKO,2,2008.0,DEU,RUS
FRA,VLC,2,1371.0,DEU,ESP
FRA,VNO,2,1242.0,DEU,LTU
FRA,VRA,1,8068.0,DEU,CUB
FRA,VRN,2,544.0,DEU,ITA
FRA,WAW,3,896.0,DEU,POL
FRA,WDH,1,8111.0,DEU,NAM
FRA,WRO,2,599.0,DEU,POL
FRA,XRY,2,1885.0,DEU,ESP
FRA,YHZ,1,5236.0,DEU,CAN
FRA,YOW,2,5985.0,DEU,CAN
FRA,YUL,2,5855.0,DEU,CAN
FRA,YVR,3,8062.0,DEU,CAN
FRA,YYC,3,7528.0,DEU,CAN
FRA,YYZ,2,6344.0,DEU,CAN
FRA,ZAD,2,834.0,DEU,HRV
FRA,ZAG,2,734.0,DEU,HRV
FRA,ZRH,3,286.0,DEU,CHE
FRD,BFI,1,123.0,USA,USA
FRE,HIR,1,156.0,SLB,SLB
FRE,VAO,1,110.0,SLB,SLB
FRO,BGO,1,144.0,NOW,NOW
FRO,HOV,1,86.0,NOW,NOW
FRO,KSU,1,223.0,NOW,NOW
FRO,OSL,1,364.0,NOW,NOW
FRS,BZE,2,180.0,GTM,BLZ
FRS,GUA,1,269.0,GTM,GTM
FRU,ALA,2,210.0,KGZ,KAZ
FRU,CEK,1,1650.0,KGZ,RUS
FRU,DME,6,2943.0,KGZ,RUS
FRU,DXB,1,2635.0,KGZ,ARE
FRU,DYU,2,692.0,KGZ,TJK
FRU,EGO,1,2966.0,KGZ,RUS
FRU,IKT,1,2440.0,KGZ,RUS
FRU,IST,2,3727.0,KGZ,TUR
FRU,KJA,2,1940.0,KGZ,RUS
FRU,KRR,1,2808.0,KGZ,RUS
FRU,KZN,1,2276.0,KGZ,RUS
FRU,LED,2,3492.0,KGZ,RUS
FRU,OSS,3,306.0,KGZ,KGZ
FRU,OVB,4,1454.0,KGZ,RUS
FRU,SAW,1,3696.0,KGZ,TUR
FRU,SGC,2,2034.0,KGZ,RUS
FRU,SVO,2,2987.0,KGZ,RUS
FRU,SVX,4,1802.0,KGZ,RUS
FRU,TAS,2,473.0,KGZ,UZB
FRU,TSE,1,914.0,KGZ,KAZ
FRU,ULN,1,2554.0,KGZ,MNG
FRU,URC,3,1052.0,KGZ,CHN
FRW,GBE,1,410.0,BWA,BWA
FRW,JNB,1,559.0,BWA,ZAF
FSC,ANG,1,855.0,FXX,FXX
FSC,BOD,1,877.0,FXX,FXX
FSC,CRL,1,1058.0,FXX,BWR
FSC,LIL,1,1109.0,FXX,FXX
FSC,LUX,1,931.0,FXX,LUX
FSC,MRS,3,384.0,FXX,FXX
FSC,NCE,3,285.0,FXX,FXX
FSC,NTE,2,1057.0,FXX,FXX
FSC,ORY,1,960.0,FXX,FXX
FSD,ATL,1,1535.0,USA,USA
FSD,AZA,1,1725.0,USA,USA
FSD,DEN,2,777.0,USA,USA
FSD,DFW,2,1188.0,USA,USA
FSD,LAS,1,1774.0,USA,USA
FSD,MSP,1,315.0,USA,USA
FSD,ORD,3,743.0,USA,USA
FSD,PIE,1,2149.0,USA,USA
FSD,SFB,1,2148.0,USA,USA
FSM,ATL,3,930.0,USA,USA
FSM,DFW,2,366.0,USA,USA
FSP,YHZ,1,605.0,SPM,CAN
FSP,YUL,1,1359.0,SPM,CAN
FSP,YYT,1,275.0,SPM,CAN
FTA,AWD,1,73.0,,VUT
FTA,TAH,1,106.0,,VUT
FTE,AEP,1,2068.0,ARG,ARG
FTE,EZE,1,2038.0,ARG,ARG
FTE,USH,2,567.0,ARG,ARG
FTU,TLE,1,375.0,MDG,MDG
FTU,TNR,1,696.0,MDG,MDG
FUE,ACE,1,60.0,ESP,ESP
FUE,AMS,1,3066.0,ESP,NLX
FUE,BCN,3,2032.0,ESP,ESP
FUE,BGY,1,2816.0,ESP,ITA
FUE,BHX,5,2850.0,ESP,ENG
FUE,BIO,2,1920.0,ESP,ESP
FUE,BOH,1,2680.0,ESP,ENG
FUE,BRE,2,3304.0,ESP,DEU
FUE,BRS,2,2714.0,ESP,ENG
FUE,BRU,1,2931.0,ESP,BFR
FUE,BSL,2,2816.0,ESP,FXX
FUE,CGN,2,3050.0,ESP,DEU
FUE,CRL,1,2891.0,ESP,BWR
FUE,DUB,2,2845.0,ESP,IRL
FUE,DUS,3,3067.0,ESP,DEU
FUE,EDI,1,3169.0,ESP,SCT
FUE,EMA,4,2900.0,ESP,ENG
FUE,ERF,1,3252.0,ESP,DEU
FUE,FCO,1,2782.0,ESP,ITA
FUE,FRA,2,3056.0,ESP,DEU
FUE,GLA,2,3140.0,ESP,SCT
FUE,HAJ,2,3299.0,ESP,DEU
FUE,HAM,2,3406.0,ESP,DEU
FUE,LBA,2,2995.0,ESP,ENG
FUE,LEJ,2,3351.0,ESP,DEU
FUE,LGW,5,2770.0,ESP,ENG
FUE,LPA,2,160.0,ESP,ESP
FUE,LPL,2,2910.0,ESP,ENG
FUE,LTN,2,2835.0,ESP,ENG
FUE,LUX,1,2904.0,ESP,LUX
FUE,MAD,3,1634.0,ESP,ESP
FUE,MAN,5,2927.0,ESP,ENG
FUE,MUC,3,3117.0,ESP,DEU
FUE,MXP,1,2751.0,ESP,ITA
FUE,NRN,1,3065.0,ESP,DEU
FUE,NTE,1,2335.0,ESP,FXX
FUE,NUE,1,3153.0,ESP,DEU
FUE,ORK,1,2639.0,ESP,IRL
FUE,PAD,1,3181.0,ESP,DEU
FUE,PIK,1,3099.0,ESP,SCT
FUE,PSA,1,2743.0,ESP,ITA
FUE,SNN,1,2727.0,ESP,IRL
FUE,STN,2,2856.0,ESP,ENG
FUE,STR,2,2991.0,ESP,DEU
FUE,SXF,1,3487.0,ESP,DEU
FUE,SZG,2,3156.0,ESP,AUT
FUE,TFN,1,242.0,ESP,ESP
FUE,TFS,2,269.0,ESP,ESP
FUE,TXL,1,3487.0,ESP,DEU
FUE,VIE,2,3401.0,ESP,AUT
FUE,VRN,1,2875.0,ESP,ITA
FUE,ZQW,1,2932.0,ESP,DEU
FUE,ZRH,2,2865.0,ESP,CHE
FUG,CAN,1,1082.0,CHN,CHN
FUG,DLC,1,854.0,CHN,CHN
FUG,HGH,1,534.0,CHN,CHN
FUG,PEK,2,804.0,CHN,CHN
FUG,SHA,2,560.0,CHN,CHN
FUG,TSN,1,709.0,CHN,CHN
FUG,WNZ,1,739.0,CHN,CHN
FUG,XIY,1,669.0,CHN,CHN
FUG,XMN,1,956.0,CHN,CHN
FUJ,FUK,2,182.0,JPN,JPN
FUJ,NGS,2,105.0,JPN,JPN
FUK,AMS,1,9109.0,JPN,NLX
FUK,BKK,2,3725.0,JPN,THA
FUK,CAN,1,2019.0,JPN,CHN
FUK,CJU,2,367.0,JPN,KOR
FUK,CTS,3,1415.0,JPN,JPN
FUK,DLC,2,997.0,JPN,CHN
FUK,FUJ,2,182.0,JPN,JPN
FUK,GUM,2,2664.0,JPN,GUM
FUK,HAN,2,2783.0,JPN,VNM
FUK,HKG,3,2047.0,JPN,HKG
FUK,HNA,1,1154.0,JPN,JPN
FUK,HND,4,881.0,JPN,JPN
FUK,HNL,2,7064.0,JPN,USA
FUK,IBR,1,953.0,JPN,JPN
FUK,ICN,7,563.0,JPN,KOR
FUK,ISG,1,1186.0,JPN,JPN
FUK,ITM,3,478.0,JPN,JPN
FUK,KIJ,2,920.0,JPN,JPN
FUK,KIX,3,452.0,JPN,JPN
FUK,KMI,2,212.0,JPN,JPN
FUK,KMQ,2,626.0,JPN,JPN
FUK,MFM,1,2084.0,JPN,MAC
FUK,MMJ,1,739.0,JPN,JPN
FUK,MNL,1,2324.0,JPN,PHL
FUK,NGO,3,601.0,JPN,JPN
FUK,NRT,4,940.0,JPN,JPN
FUK,OKA,3,865.0,JPN,JPN
FUK,PUS,3,225.0,JPN,KOR
FUK,PVG,3,856.0,JPN,CHN
FUK,SDJ,4,1070.0,JPN,JPN
FUK,SGN,2,3504.0,JPN,VNM
FUK,SHE,1,1085.0,JPN,CHN
FUK,SIN,2,4521.0,JPN,SGP
FUK,TAO,2,965.0,JPN,CHN
FUK,TPE,5,1300.0,JPN,TWN
FUK,TSJ,1,129.0,JPN,JPN
FUN,SUV,1,1061.0,TUV,FJI
FUO,NAY,2,1883.0,CHN,CHN
FUT,WLS,1,234.0,WLF,WLF
FWA,ATL,4,819.0,USA,USA
FWA,AZA,1,2484.0,USA,USA
FWA,DFW,2,1382.0,USA,USA
FWA,DTW,1,206.0,USA,USA
FWA,MSP,1,784.0,USA,USA
FWA,MYR,1,982.0,USA,USA
FWA,ORD,3,252.0,USA,USA
FWA,PGD,1,1591.0,USA,USA
FWA,PIE,1,1471.0,USA,USA
FWA,SFB,1,1403.0,USA,USA
FYU,BTI,1,402.0,USA,USA
FYU,CIK,1,67.0,USA,USA
FYU,FAI,3,229.0,USA,USA
FYU,VEE,1,69.0,USA,USA
GAE,TOE,1,184.0,TUN,TUN
GAE,TUN,1,331.0,TUN,TUN
GAF,GAE,1,133.0,TUN,TUN
GAF,TOE,1,85.0,TUN,TUN
GAJ,HND,1,322.0,JPN,JPN
GAJ,ITM,1,597.0,JPN,JPN
GAJ,NKM,1,466.0,JPN,JPN
GAL,FAI,1,430.0,USA,USA
GAL,HSL,1,110.0,USA,USA
GAL,KAL,2,98.0,USA,USA
GAL,NUL,2,54.0,USA,USA
GAL,RBY,1,70.0,USA,USA
GAM,OME,2,316.0,USA,USA
GAM,SVA,2,62.0,USA,USA
GAN,CMB,1,1151.0,MDV,LKA
GAN,KDM,1,133.0,MDV,MDV
GAN,MLE,1,545.0,MDV,MDV
GAO,HAV,1,816.0,CUB,CUB
GAU,AJL,2,273.0,IND,IND
GAU,BKK,1,1680.0,IND,THA
GAU,BLR,1,2039.0,IND,IND
GAU,BOM,1,2071.0,IND,IND
GAU,CCU,6,498.0,IND,IND
GAU,DEL,6,1456.0,IND,IND
GAU,DIB,2,373.0,IND,IND
GAU,IMF,4,276.0,IND,IND
GAU,IXA,2,249.0,IND,IND
GAU,IXB,2,331.0,IND,IND
GAU,IXS,3,193.0,IND,IND
GAU,PBH,1,259.0,IND,BTN
GBB,DME,1,1773.0,AZE,RUS
GBE,BBK,1,752.0,BWA,BWA
GBE,CPT,1,1263.0,BWA,ZAF
GBE,FRW,1,410.0,BWA,BWA
GBE,HRE,1,911.0,BWA,ZWE
GBE,JNB,2,293.0,BWA,ZAF
GBE,LUN,1,1059.0,BWA,ZMB
GBE,MUB,1,570.0,BWA,BWA
GBE,NBO,1,2842.0,BWA,KEN
GBT,MED,1,1960.0,IRN,SAU
GBT,MHD,1,474.0,IRN,IRN
GBT,THR,2,308.0,IRN,IRN
GBT,ZAH,2,1024.0,IRN,IRN
GCC,DEN,1,504.0,USA,USA
GCC,RKS,1,420.0,USA,USA
GCC,SLC,1,659.0,USA,USA
GCH,THR,1,597.0,IRN,IRN
GCI,ACI,1,41.0,GGY,GGY
GCI,AMS,1,607.0,GGY,NLX
GCI,BHX,1,341.0,GGY,ENG
GCI,BRS,1,217.0,GGY,ENG
GCI,DNR,1,102.0,GGY,FXX
GCI,DUS,1,695.0,GGY,DEU
GCI,EMA,1,388.0,GGY,ENG
GCI,EXT,1,156.0,GGY,ENG
GCI,JER,4,39.0,GGY,JEY
GCI,LGW,1,256.0,GGY,ENG
GCI,MAN,1,436.0,GGY,ENG
GCI,NWI,1,451.0,GGY,ENG
GCI,SOU,2,190.0,GGY,ENG
GCI,STN,1,338.0,GGY,ENG
GCK,DFW,2,651.0,USA,USA
GCM,ATL,1,1624.0,CYM,USA
GCM,CLT,2,1771.0,CYM,USA
GCM,CYB,1,161.0,CYM,CYM
GCM,DTW,1,2555.0,CYM,USA
GCM,EWR,1,2476.0,CYM,USA
GCM,HAV,1,425.0,CYM,CUB
GCM,IAD,1,2217.0,CYM,USA
GCM,IAH,1,1844.0,CYM,USA
GCM,JFK,2,2481.0,CYM,USA
GCM,KIN,1,505.0,CYM,JAM
GCM,LCE,2,704.0,CYM,HND
GCM,LYB,1,139.0,CYM,CYM
GCM,MIA,3,731.0,CYM,USA
GCM,NAS,1,754.0,CYM,BHS
GCM,ORD,1,2597.0,CYM,USA
GCM,PHL,2,2362.0,CYM,USA
GCM,TPA,1,973.0,CYM,USA
GCM,YYZ,2,2716.0,CYM,CAN
GCN,PGA,1,125.0,USA,USA
GDE,JIJ,1,385.0,ETH,ETH
GDL,ATL,6,2364.0,MEX,USA
GDL,CEN,1,1011.0,MEX,MEX
GDL,CJS,2,1274.0,MEX,MEX
GDL,CUL,2,636.0,MEX,MEX
GDL,CUN,2,1709.0,MEX,MEX
GDL,CUU,2,948.0,MEX,MEX
GDL,DFW,2,1510.0,MEX,USA
GDL,FAT,3,2407.0,MEX,USA
GDL,HMO,3,1232.0,MEX,MEX
GDL,IAH,1,1322.0,MEX,USA
GDL,LAP,3,826.0,MEX,MEX
GDL,LAS,1,2079.0,MEX,USA
GDL,LAX,7,2106.0,MEX,USA
GDL,LMM,1,823.0,MEX,MEX
GDL,MDW,1,2780.0,MEX,USA
GDL,MEX,4,459.0,MEX,MEX
GDL,MID,2,1420.0,MEX,MEX
GDL,MTY,5,670.0,MEX,MEX
GDL,MXL,1,1792.0,MEX,MEX
GDL,MZT,1,423.0,MEX,MEX
GDL,OAK,1,2641.0,MEX,USA
GDL,ONT,3,2059.0,MEX,USA
GDL,ORD,2,2789.0,MEX,USA
GDL,PBC,1,538.0,MEX,MEX
GDL,PHX,3,1673.0,MEX,USA
GDL,PTY,2,2864.0,MEX,PAN
GDL,PVR,1,203.0,MEX,MEX
GDL,REX,1,801.0,MEX,MEX
GDL,SAT,2,1114.0,MEX,USA
GDL,SFO,3,2644.0,MEX,USA
GDL,SJC,4,2595.0,MEX,USA
GDL,SJD,3,723.0,MEX,MEX
GDL,SLC,1,2398.0,MEX,USA
GDL,SMF,3,2674.0,MEX,USA
GDL,SNA,1,2049.0,MEX,USA
GDL,TGZ,2,1170.0,MEX,MEX
GDL,TIJ,3,1902.0,MEX,MEX
GDL,TLC,2,413.0,MEX,MEX
GDL,TRC,2,561.0,MEX,MEX
GDL,VER,2,761.0,MEX,MEX
GDL,VSA,1,1136.0,MEX,MEX
GDN,AES,1,1155.0,POL,NOW
GDN,AMS,1,937.0,POL,NLX
GDN,BCN,1,1891.0,POL,ESP
GDN,BGO,1,1029.0,POL,NOW
GDN,BGY,1,1151.0,POL,ITA
GDN,BHX,1,1352.0,POL,ENG
GDN,BRS,1,1454.0,POL,ENG
GDN,BRU,1,1017.0,POL,BFR
GDN,BVA,1,1244.0,POL,FXX
GDN,CGN,1,857.0,POL,DEU
GDN,CPH,2,395.0,POL,DNK
GDN,DSA,1,1275.0,POL,ENG
GDN,DTM,1,793.0,POL,DEU
GDN,DUB,1,1616.0,POL,IRL
GDN,EDI,1,1392.0,POL,SCT
GDN,EIN,1,935.0,POL,NLX
GDN,FCO,1,1472.0,POL,ITA
GDN,FRA,2,828.0,POL,DEU
GDN,GLA,1,1459.0,POL,SCT
GDN,GSE,1,557.0,POL,SWE
GDN,HAU,1,974.0,POL,NOW
GDN,HEL,1,766.0,POL,FIN
GDN,KRK,1,486.0,POL,POL
GDN,KRS,1,768.0,POL,NOW
GDN,LBA,1,1308.0,POL,ENG
GDN,LBC,1,509.0,POL,DEU
GDN,LPL,1,1397.0,POL,ENG
GDN,LTN,1,1283.0,POL,ENG
GDN,LUZ,1,451.0,POL,POL
GDN,MAN,1,1360.0,POL,ENG
GDN,MMX,1,349.0,POL,SWE
GDN,MUC,2,814.0,POL,DEU
GDN,NYO,1,500.0,POL,SWE
GDN,ORK,1,1810.0,POL,IRL
GDN,OSL,2,778.0,POL,NOW
GDN,PSA,1,1325.0,POL,ITA
GDN,RYG,1,725.0,POL,NOW
GDN,STN,1,1244.0,POL,ENG
GDN,SVG,1,928.0,POL,NOW
GDN,TKU,1,719.0,POL,FIN
GDN,TRD,1,1097.0,POL,NOW
GDN,TRF,1,731.0,POL,NOW
GDN,TXL,1,398.0,POL,DEU
GDN,WAW,1,297.0,POL,POL
GDN,WMI,1,259.0,POL,POL
GDN,WRO,1,379.0,POL,POL
GDN,ZRH,1,1034.0,POL,CHE
GDQ,ADD,1,421.0,ETH,ETH
GDQ,LLI,1,179.0,ETH,ETH
GDT,PLS,2,122.0,TCA,TCA
GDT,SLX,1,14.0,TCA,TCA
GDT,XSC,1,41.0,TCA,TCA
GDV,BIL,1,322.0,USA,USA
GDX,DME,1,5892.0,RUS,RUS
GDX,IKT,1,2929.0,RUS,RUS
GDX,KHV,3,1611.0,RUS,RUS
GDX,YKS,1,1150.0,RUS,RUS
GDZ,SVO,1,1267.0,RUS,RUS
GEA,ILP,1,108.0,NCL,NCL
GEA,KNQ,1,216.0,NCL,NCL
GEA,KOC,1,298.0,NCL,NCL
GEA,LIF,1,183.0,NCL,NCL
GEA,MEE,1,183.0,NCL,NCL
GEA,TGJ,1,189.0,NCL,
GEA,TOU,1,206.0,NCL,NCL
GEA,UVE,1,180.0,NCL,NCL
GEG,BOI,1,462.0,USA,USA
GEG,DEN,4,1343.0,USA,USA
GEG,LAS,1,1298.0,USA,USA
GEG,LAX,1,1523.0,USA,USA
GEG,MSP,1,1886.0,USA,USA
GEG,OAK,1,1165.0,USA,USA
GEG,PDX,1,448.0,USA,USA
GEG,PHX,3,1644.0,USA,USA
GEG,SEA,1,359.0,USA,USA
GEG,SLC,1,879.0,USA,USA
GEL,POA,1,348.0,BRA,BRA
GEL,RIA,1,166.0,BRA,BRA
GEO,JFK,1,4098.0,GUY,USA
GEO,KIN,1,2378.0,GUY,JAM
GEO,MIA,1,3174.0,GUY,USA
GEO,PBM,1,358.0,GUY,SUR
GEO,POS,1,568.0,GUY,TTO
GEO,PZO,1,535.0,GUY,VEN
GEO,YYZ,2,4630.0,GUY,CAN
GES,CEB,1,488.0,PHL,PHL
GES,ILO,1,603.0,PHL,PHL
GES,MNL,3,1040.0,PHL,PHL
GET,PER,3,370.0,AUS,AUS
GEV,ARN,2,844.0,SWE,SWE
GEV,KRF,2,476.0,SWE,SWE
GEV,KRN,1,79.0,SWE,SWE
GEV,LLA,1,186.0,SWE,SWE
GFF,NRA,1,65.0,AUS,AUS
GFF,SYD,1,472.0,AUS,AUS
GFK,AZA,1,2028.0,USA,USA
GFK,LAS,1,1978.0,USA,USA
GFK,MSP,1,456.0,USA,USA
GFK,SFB,1,2533.0,USA,USA
GFK,TVF,1,75.0,USA,USA
GFN,TRO,1,242.0,AUS,AUS
GGG,DFW,2,225.0,USA,USA
GGT,ATL,1,1396.0,BHS,USA
GGT,FLL,2,514.0,BHS,USA
GGT,GHB,2,197.0,BHS,BHS
GGT,MIA,2,510.0,BHS,USA
GGT,NAS,2,230.0,BHS,BHS
GGT,YYZ,1,2263.0,BHS,CAN
GGW,BIL,1,305.0,USA,USA
GHA,ALG,1,482.0,DZA,DZA
GHA,CZL,1,505.0,DZA,DZA
GHA,ORN,1,543.0,DZA,DZA
GHA,TMR,1,1077.0,DZA,DZA
GHB,FLL,2,393.0,BHS,USA
GHB,NAS,2,117.0,BHS,BHS
GHT,TIP,1,886.0,LBY,LBY
GIB,BHX,1,1835.0,ESP,ENG
GIB,LGW,1,1717.0,ESP,ENG
GIB,LHR,2,1747.0,ESP,ENG
GIB,LTN,1,1792.0,ESP,ENG
GIB,MAN,1,1928.0,ESP,ENG
GIG,AEP,1,1969.0,BRA,ARG
GIG,AJU,1,1470.0,BRA,BRA
GIG,AMS,1,9560.0,BRA,NLX
GIG,ATL,2,7641.0,BRA,USA
GIG,BEL,2,2449.0,BRA,BRA
GIG,BOG,1,4541.0,BRA,COL
GIG,BSB,3,914.0,BRA,BRA
GIG,CDG,1,9184.0,BRA,FXX
GIG,CGB,1,1567.0,BRA,BRA
GIG,CGH,2,360.0,BRA,BRA
GIG,CGR,1,1209.0,BRA,BRA
GIG,CLT,2,7576.0,BRA,USA
GIG,CNF,2,362.0,BRA,BRA
GIG,CWB,4,673.0,BRA,BRA
GIG,DFW,3,8419.0,BRA,USA
GIG,DXB,1,11884.0,BRA,ARE
GIG,EZE,6,1996.0,BRA,ARG
GIG,FCO,1,9171.0,BRA,ITA
GIG,FLN,3,759.0,BRA,BRA
GIG,FOR,3,2177.0,BRA,BRA
GIG,FRA,2,9568.0,BRA,DEU
GIG,GRU,5,337.0,BRA,BRA
GIG,GYN,1,928.0,BRA,BRA
GIG,IAH,1,8088.0,BRA,USA
GIG,IGU,2,1180.0,BRA,BRA
GIG,JFK,3,7729.0,BRA,USA
GIG,JPA,3,1955.0,BRA,BRA
GIG,LAD,1,6200.0,BRA,AGO
GIG,LHR,1,9253.0,BRA,ENG
GIG,LIM,2,3777.0,BRA,PER
GIG,LIS,1,7715.0,BRA,PRX
GIG,MAD,1,8146.0,BRA,ESP
GIG,MAO,2,2848.0,BRA,BRA
GIG,MCZ,2,1679.0,BRA,BRA
GIG,MIA,3,6717.0,BRA,USA
GIG,MVD,1,1824.0,BRA,URY
GIG,NAT,2,2075.0,BRA,BRA
GIG,NVT,1,708.0,BRA,BRA
GIG,OPO,1,7965.0,BRA,PRX
GIG,POA,3,1122.0,BRA,BRA
GIG,PTY,1,5295.0,BRA,PAN
GIG,RAO,1,502.0,BRA,BRA
GIG,REC,3,1859.0,BRA,BRA
GIG,SCL,2,2934.0,BRA,CHL
GIG,SDQ,2,5410.0,BRA,DOM
GIG,SLZ,2,2251.0,BRA,BRA
GIG,SSA,3,1218.0,BRA,BRA
GIG,VCP,3,398.0,BRA,BRA
GIG,VIX,2,418.0,BRA,BRA
GIL,ISB,1,295.0,PAK,PAK
GIS,AKL,1,335.0,NZL,NZL
GIS,WLG,1,401.0,NZL,NZL
GIU,BTC,1,108.0,LKA,LKA
GIU,CMB,1,127.0,LKA,LKA
GIU,TRR,1,82.0,LKA,LKA
GIZ,DMM,1,1298.0,SAU,SAU
GIZ,JED,2,642.0,SAU,SAU
GIZ,MED,1,902.0,SAU,SAU
GIZ,RUH,2,992.0,SAU,SAU
GJA,LCE,1,128.0,HND,HND
GJT,DEN,1,341.0,USA,USA
GJT,DFW,2,1242.0,USA,USA
GJT,IAH,1,1575.0,USA,USA
GJT,LAS,1,674.0,USA,USA
GJT,PHX,2,705.0,USA,USA
GJT,SLC,1,348.0,USA,USA
GKA,HGU,1,124.0,PNX,PNX
GKA,LAE,1,157.0,PNX,PNX
GKA,MAG,1,107.0,PNX,PNX
GKA,POM,2,425.0,PNX,PNX
GKK,KDO,1,126.0,MDV,MDV
GKK,MLE,1,385.0,MDV,MDV
GLA,ACE,5,3081.0,SCT,ESP
GLA,AGP,3,2135.0,SCT,ESP
GLA,ALC,3,1977.0,SCT,ESP
GLA,AMS,3,718.0,SCT,NLX
GLA,AYT,1,3368.0,SCT,TUR
GLA,BCN,1,1688.0,SCT,ESP
GLA,BEB,1,253.0,SCT,SCT
GLA,BFS,1,176.0,SCT,NIR
GLA,BHD,1,167.0,SCT,NIR
GLA,BHX,1,418.0,SCT,ENG
GLA,BJV,2,3161.0,SCT,TUR
GLA,BRR,1,225.0,SCT,SCT
GLA,BRS,1,512.0,SCT,ENG
GLA,CAL,1,92.0,SCT,SCT
GLA,CDG,1,897.0,SCT,FXX
GLA,CFN,1,263.0,SCT,IRL
GLA,CUN,2,7620.0,SCT,MEX
GLA,CWL,2,503.0,SCT,WLS
GLA,DLM,3,3271.0,SCT,TUR
GLA,DUB,1,297.0,SCT,IRL
GLA,DUS,1,896.0,SCT,DEU
GLA,DXB,2,5841.0,SCT,ARE
GLA,EMA,1,393.0,SCT,ENG
GLA,EWR,2,5182.0,SCT,USA
GLA,EXT,1,575.0,SCT,ENG
GLA,FAO,3,2114.0,SCT,PRX
GLA,FCO,1,1973.0,SCT,ITA
GLA,FNC,1,2748.0,SCT,PMD
GLA,FUE,2,3140.0,SCT,ESP
GLA,GDN,1,1459.0,SCT,POL
GLA,HER,1,3197.0,SCT,GRC
GLA,IBZ,2,1938.0,SCT,ESP
GLA,ILY,1,116.0,SCT,SCT
GLA,JER,2,756.0,SCT,JEY
GLA,KEF,1,1347.0,SCT,ISL
GLA,KGS,1,3170.0,SCT,GRC
GLA,KOI,1,355.0,SCT,SCT
GLA,LBA,1,285.0,SCT,ENG
GLA,LCA,1,3704.0,SCT,CYP
GLA,LCY,1,568.0,SCT,ENG
GLA,LGW,2,595.0,SCT,ENG
GLA,LHR,3,555.0,SCT,ENG
GLA,LPA,3,3227.0,SCT,ESP
GLA,LSI,1,483.0,SCT,SCT
GLA,LTN,1,518.0,SCT,ENG
GLA,MAN,1,313.0,SCT,ENG
GLA,MCO,3,6627.0,SCT,USA
GLA,MLA,1,2645.0,SCT,MLT
GLA,NBE,1,2471.0,SCT,TUN
GLA,ORK,1,521.0,SCT,IRL
GLA,PFO,1,3652.0,SCT,CYP
GLA,PHL,2,5311.0,SCT,USA
GLA,PMI,4,1890.0,SCT,ESP
GLA,RHO,2,3258.0,SCT,GRC
GLA,SOU,1,584.0,SCT,ENG
GLA,STN,1,538.0,SCT,ENG
GLA,SXF,1,1229.0,SCT,DEU
GLA,SYY,1,285.0,SCT,SCT
GLA,TFS,4,3242.0,SCT,ESP
GLA,TRE,1,166.0,SCT,SCT
GLA,WAW,1,1699.0,SCT,POL
GLA,YYC,1,6477.0,SCT,CAN
GLA,YYZ,1,5284.0,SCT,CAN
GLF,PJM,1,19.0,CRI,CRI
GLF,SJO,2,187.0,CRI,CRI
GLH,TUP,1,222.0,USA,USA
GLK,BSA,2,533.0,SOP,SOP
GLK,MGQ,1,581.0,SOP,SOX
GLK,WJR,1,991.0,SOP,KEN
GLO,IOM,1,294.0,ENG,IMN
GLT,BNE,2,434.0,AUS,AUS
GLT,ROK,1,94.0,AUS,AUS
GLT,SYD,1,1120.0,AUS,AUS
GLV,ELI,1,36.0,USA,USA
GLV,OME,1,117.0,USA,USA
GLV,WMO,2,25.0,USA,USA
GMA,MDK,1,393.0,COD,COD
GMB,ADD,1,475.0,ETH,ETH
GMB,ASO,1,210.0,ETH,ETH
GMO,ABV,1,423.0,NGA,NGA
GMP,CJU,6,451.0,KOR,KOR
GMP,HIN,1,298.0,KOR,KOR
GMP,HND,4,1180.0,KOR,JPN
GMP,KIX,5,836.0,KOR,JPN
GMP,KPO,2,292.0,KOR,KOR
GMP,KWJ,2,271.0,KOR,KOR
GMP,NGO,1,947.0,KOR,JPN
GMP,PEK,4,927.0,KOR,CHN
GMP,PUS,2,327.0,KOR,KOR
GMP,RSU,2,311.0,KOR,KOR
GMP,SHA,4,866.0,KOR,CHN
GMP,TSA,4,1474.0,KOR,TWN
GMP,USN,2,316.0,KOR,KOR
GMR,PPT,1,1652.0,PYF,PYF
GMZ,TFN,1,99.0,ESP,ESP
GND,BGI,1,276.0,GRD,BRB
GND,JFK,2,3393.0,GRD,USA
GND,MIA,2,2472.0,GRD,USA
GND,PMV,1,267.0,GRD,VEN
GND,POS,3,164.0,GRD,TTO
GND,SVD,1,146.0,GRD,VCT
GND,UVF,2,212.0,GRD,LCA
GND,YYZ,2,3915.0,GRD,CAN
GNM,SSA,1,500.0,BRA,BRA
GNV,ATL,4,484.0,USA,USA
GNV,CLT,2,627.0,USA,USA
GNV,MCO,2,169.0,USA,USA
GNV,MIA,2,475.0,USA,USA
GNV,TPA,2,192.0,USA,USA
GNY,ADB,1,1034.0,TUR,TUR
GNY,ESB,1,592.0,TUR,TUR
GNY,IST,2,970.0,TUR,TUR
GNY,SAW,1,911.0,TUR,TUR
GOA,BCN,2,651.0,ITA,ESP
GOA,BRI,1,742.0,ITA,ITA
GOA,CAG,1,574.0,ITA,ITA
GOA,CDG,2,701.0,ITA,FXX
GOA,CRL,1,748.0,ITA,BWR
GOA,CTA,1,932.0,ITA,ITA
GOA,DME,1,2388.0,ITA,RUS
GOA,FCO,1,401.0,ITA,ITA
GOA,IST,1,1656.0,ITA,TUR
GOA,LGW,1,1006.0,ITA,ENG
GOA,MUC,1,493.0,ITA,DEU
GOA,NAP,1,594.0,ITA,ITA
GOA,OLB,1,395.0,ITA,ITA
GOA,PMO,1,779.0,ITA,ITA
GOA,STN,1,1046.0,ITA,ENG
GOA,TIA,2,946.0,ITA,ALB
GOA,TPS,1,785.0,ITA,ITA
GOH,JAV,1,562.0,GRL,GRL
GOH,JFR,1,265.0,GRL,GRL
GOH,JHS,1,321.0,GRL,GRL
GOH,JSU,1,148.0,GRL,
GOH,KEF,1,1401.0,GRL,ISL
GOH,RKV,1,1428.0,GRL,ISL
GOH,SFJ,1,317.0,GRL,GRL
GOH,UAK,1,464.0,GRL,GRL
GOI,AMD,1,865.0,IND,IND
GOI,BLR,6,483.0,IND,IND
GOI,BOM,6,425.0,IND,IND
GOI,DEL,3,1504.0,IND,IND
GOI,DME,1,5402.0,IND,RUS
GOI,DOH,1,2560.0,IND,QAT
GOI,DXB,1,2213.0,IND,ARE
GOI,HYD,2,532.0,IND,IND
GOI,KWI,1,3063.0,IND,KWT
GOI,MAA,4,733.0,IND,IND
GOI,PNQ,2,356.0,IND,IND
GOI,SHJ,1,2203.0,IND,ARE
GOJ,DME,2,378.0,RUS,RUS
GOJ,DWC,1,3604.0,RUS,ARE
GOJ,DYU,1,2695.0,RUS,TJK
GOJ,EGO,1,782.0,RUS,RUS
GOJ,EVN,2,1789.0,RUS,ARM
GOJ,FRA,1,2418.0,RUS,DEU
GOJ,KUF,1,508.0,RUS,RUS
GOJ,LBD,1,2590.0,RUS,TJK
GOJ,NMA,1,2622.0,RUS,UZB
GOJ,NSK,1,2566.0,RUS,RUS
GOJ,PRG,2,2064.0,RUS,CZE
GOJ,SVO,1,396.0,RUS,RUS
GOJ,SVX,1,1044.0,RUS,RUS
GOJ,TAS,1,2477.0,RUS,UZB
GOJ,VKO,1,412.0,RUS,RUS
GOM,BKY,1,86.0,RWA,COD
GOM,BNC,1,251.0,RWA,COD
GOM,FKI,1,495.0,RWA,COD
GOP,DEL,2,657.0,IND,IND
GOQ,XIY,1,1283.0,CHN,CHN
GOQ,XNN,1,649.0,CHN,CHN
GOT,AAR,1,182.0,SWE,DNK
GOT,AGP,2,2640.0,SWE,ESP
GOT,ALC,1,2348.0,SWE,ESP
GOT,AMS,1,764.0,SWE,NLX
GOT,ARN,4,394.0,SWE,SWE
GOT,BCN,3,1958.0,SWE,ESP
GOT,BHX,1,1062.0,SWE,ENG
GOT,BLE,1,358.0,SWE,SWE
GOT,BMA,2,379.0,SWE,SWE
GOT,BRU,2,905.0,SWE,BFR
GOT,CDG,2,1156.0,SWE,FXX
GOT,CPH,1,229.0,SWE,DNK
GOT,DUS,1,793.0,SWE,DEU
GOT,EBL,1,3329.0,SWE,IRK
GOT,FCO,1,1764.0,SWE,ITA
GOT,FRA,3,882.0,SWE,DEU
GOT,HEL,1,783.0,SWE,FIN
GOT,IKA,1,3781.0,SWE,IRN
GOT,IST,2,2164.0,SWE,TUR
GOT,LGW,1,1081.0,SWE,ENG
GOT,LHR,4,1069.0,SWE,ENG
GOT,LYS,2,1415.0,SWE,FXX
GOT,MAN,1,1031.0,SWE,ENG
GOT,MUC,2,1036.0,SWE,DEU
GOT,NCE,1,1596.0,SWE,FXX
GOT,OSL,2,282.0,SWE,NOW
GOT,PMI,1,2128.0,SWE,ESP
GOT,RIX,1,706.0,SWE,LVA
GOT,SDL,1,612.0,SWE,SWE
GOT,SPU,1,1595.0,SWE,HRV
GOT,SVG,1,411.0,SWE,NOW
GOT,TXL,3,571.0,SWE,DEU
GOU,NDJ,1,360.0,CMR,TCD
GOU,NSI,1,656.0,CMR,CMR
GOV,CNS,1,1090.0,AUS,AUS
GOV,DRW,2,646.0,AUS,AUS
GOV,GTE,1,194.0,AUS,AUS
GPA,DUS,1,1857.0,GRC,DEU
GPA,FRA,1,1668.0,GRC,DEU
GPA,PFO,1,1060.0,GRC,CYP
GPB,CWB,1,236.0,BRA,BRA
GPI,CLO,2,200.0,COL,COL
GPS,GYE,2,1170.0,ECU,ECU
GPT,ATL,4,566.0,USA,USA
GPT,CLT,2,928.0,USA,USA
GPT,DFW,2,803.0,USA,USA
GPT,IAH,1,604.0,USA,USA
GRB,ATL,3,1248.0,USA,USA
GRB,DTW,1,461.0,USA,USA
GRB,MSP,1,405.0,USA,USA
GRB,ORD,3,279.0,USA,USA
GRI,AZA,1,1455.0,USA,USA
GRI,DFW,2,904.0,USA,USA
GRI,LAS,1,1560.0,USA,USA
GRJ,CPT,1,348.0,ZAF,ZAF
GRJ,DUR,1,959.0,ZAF,ZAF
GRJ,JNB,3,1041.0,ZAF,ZAF
GRK,ATL,3,1290.0,USA,USA
GRK,DFW,2,217.0,USA,USA
GRK,IAH,1,267.0,USA,USA
GRO,AHO,1,483.0,ESP,ITA
GRO,AMS,1,1167.0,ESP,NLX
GRO,BDS,1,1275.0,ESP,ITA
GRO,BGY,1,697.0,ESP,ITA
GRO,BLL,1,1607.0,ESP,DNK
GRO,BOH,1,1048.0,ESP,ENG
GRO,BRE,1,1318.0,ESP,DEU
GRO,BRS,1,1133.0,ESP,ENG
GRO,BRU,1,1009.0,ESP,BFR
GRO,BTS,1,1329.0,ESP,SVK
GRO,BVA,1,841.0,ESP,FXX
GRO,CAG,1,608.0,ESP,ITA
GRO,CGN,1,1052.0,ESP,DEU
GRO,CRL,1,960.0,ESP,BWR
GRO,DTM,1,1131.0,ESP,DEU
GRO,DUB,1,1446.0,ESP,IRL
GRO,EIN,1,1080.0,ESP,NLX
GRO,EMA,1,1253.0,ESP,ENG
GRO,FKB,1,870.0,ESP,DEU
GRO,FMM,1,896.0,ESP,DEU
GRO,FMO,1,1197.0,ESP,DEU
GRO,GRQ,1,1280.0,ESP,NLX
GRO,HHN,1,960.0,ESP,DEU
GRO,IBZ,1,357.0,ESP,ESP
GRO,IEV,1,2316.0,ESP,UKR
GRO,KRK,1,1593.0,ESP,POL
GRO,LBA,1,1370.0,ESP,ENG
GRO,LPP,1,2725.0,ESP,FIN
GRO,LTN,1,1134.0,ESP,ENG
GRO,LWO,1,1853.0,ESP,UKR
GRO,MAN,1,1327.0,ESP,ENG
GRO,MLA,1,1215.0,ESP,MLT
GRO,MST,1,1028.0,ESP,NLX
GRO,NCL,1,1496.0,ESP,ENG
GRO,NRN,1,1109.0,ESP,DEU
GRO,PMI,1,261.0,ESP,ESP
GRO,POZ,1,1575.0,ESP,POL
GRO,PSA,1,653.0,ESP,ITA
GRO,PSR,1,942.0,ESP,ITA
GRO,RAK,1,1493.0,ESP,MAR
GRO,RBA,1,1206.0,ESP,MAR
GRO,RTM,1,1125.0,ESP,NLX
GRO,SFT,1,2781.0,ESP,SWE
GRO,SKG,1,1694.0,ESP,GRC
GRO,STN,1,1126.0,ESP,ENG
GRO,TLL,1,2468.0,ESP,EST
GRO,TMP,1,2578.0,ESP,FIN
GRO,TPS,1,940.0,ESP,ITA
GRO,WRO,1,1484.0,ESP,POL
GRP,MQH,1,225.0,BRA,BRA
GRQ,FAO,1,2115.0,NLX,PRX
GRQ,GRO,1,1280.0,NLX,ESP
GRQ,LPA,1,3331.0,NLX,ESP
GRQ,MST,1,252.0,NLX,NLX
GRQ,PMI,2,1537.0,NLX,ESP
GRR,ATL,3,1032.0,USA,USA
GRR,AZA,1,2509.0,USA,USA
GRR,BWI,1,849.0,USA,USA
GRR,CLE,1,344.0,USA,USA
GRR,CVG,1,432.0,USA,USA
GRR,DEN,2,1629.0,USA,USA
GRR,DFW,2,1498.0,USA,USA
GRR,DTW,1,193.0,USA,USA
GRR,EWR,1,971.0,USA,USA
GRR,IAD,1,806.0,USA,USA
GRR,IAH,1,1679.0,USA,USA
GRR,LAS,1,2637.0,USA,USA
GRR,LGA,1,992.0,USA,USA
GRR,MCO,2,1651.0,USA,USA
GRR,MSP,1,656.0,USA,USA
GRR,ORD,3,220.0,USA,USA
GRR,PIE,1,1684.0,USA,USA
GRR,SFB,1,1614.0,USA,USA
GRR,STL,2,614.0,USA,USA
GRR,TPA,1,1679.0,USA,USA
GRU,AEP,3,1694.0,BRA,ARG
GRU,AGT,2,876.0,BRA,PRY
GRU,AJU,2,1706.0,BRA,BRA
GRU,AMS,1,9775.0,BRA,NLX
GRU,ARU,1,480.0,BRA,BRA
GRU,ASU,3,1137.0,BRA,PRY
GRU,ATL,1,7510.0,BRA,USA
GRU,AUH,1,12121.0,BRA,ARE
GRU,BCN,1,8765.0,BRA,ESP
GRU,BEL,2,2462.0,BRA,BRA
GRU,BGI,1,4300.0,BRA,BRB
GRU,BOG,3,4336.0,BRA,COL
GRU,BPS,2,1096.0,BRA,BRA
GRU,BSB,4,855.0,BRA,BRA
GRU,CAC,1,733.0,BRA,BRA
GRU,CBB,1,2157.0,BRA,BOL
GRU,CCS,2,4394.0,BRA,VEN
GRU,CDG,2,9405.0,BRA,FXX
GRU,CGB,4,1330.0,BRA,BRA
GRU,CGR,3,907.0,BRA,BRA
GRU,CLT,2,7464.0,BRA,USA
GRU,CMN,1,7540.0,BRA,MAR
GRU,CNF,3,496.0,BRA,BRA
GRU,COR,1,1955.0,BRA,ARG
GRU,CWB,4,359.0,BRA,BRA
GRU,DFW,3,8244.0,BRA,USA
GRU,DOH,1,11858.0,BRA,QAT
GRU,DOU,1,877.0,BRA,BRA
GRU,DTW,2,8224.0,BRA,USA
GRU,DXB,1,12217.0,BRA,ARE
GRU,EWR,1,7684.0,BRA,USA
GRU,EZE,7,1722.0,BRA,ARG
GRU,FCO,1,9433.0,BRA,ITA
GRU,FLN,3,515.0,BRA,BRA
GRU,FOR,3,2347.0,BRA,BRA
GRU,FRA,2,9798.0,BRA,DEU
GRU,GIG,4,337.0,BRA,BRA
GRU,GYN,3,809.0,BRA,BRA
GRU,IAD,1,7649.0,BRA,USA
GRU,IAH,1,7905.0,BRA,USA
GRU,IGU,2,845.0,BRA,BRA
GRU,IOS,1,1236.0,BRA,BRA
GRU,IPN,1,604.0,BRA,BRA
GRU,IST,1,10559.0,BRA,TUR
GRU,JDO,1,1960.0,BRA,BRA
GRU,JFK,5,7664.0,BRA,USA
GRU,JNB,2,7439.0,BRA,ZAF
GRU,JOI,1,389.0,BRA,BRA
GRU,JPA,2,2190.0,BRA,BRA
GRU,LAD,1,6534.0,BRA,AGO
GRU,LAX,3,9919.0,BRA,USA
GRU,LDB,2,475.0,BRA,BRA
GRU,LFW,1,6137.0,BRA,TGO
GRU,LHR,2,9460.0,BRA,ENG
GRU,LIM,4,3475.0,BRA,PER
GRU,LIS,1,7935.0,BRA,PRX
GRU,MAD,5,8378.0,BRA,ESP
GRU,MAO,2,2697.0,BRA,BRA
GRU,MCO,2,6869.0,BRA,USA
GRU,MCZ,3,1920.0,BRA,BRA
GRU,MEX,2,7433.0,BRA,MEX
GRU,MGF,1,565.0,BRA,BRA
GRU,MIA,3,6574.0,BRA,USA
GRU,MUC,2,9857.0,BRA,DEU
GRU,MVD,5,1570.0,BRA,URY
GRU,MXP,1,9485.0,BRA,ITA
GRU,NAT,3,2296.0,BRA,BRA
GRU,NVT,2,441.0,BRA,BRA
GRU,OPO,1,8180.0,BRA,PRX
GRU,ORD,1,8428.0,BRA,USA
GRU,PFB,1,793.0,BRA,BRA
GRU,PLU,1,476.0,BRA,BRA
GRU,POA,4,866.0,BRA,BRA
GRU,PTY,1,5086.0,BRA,PAN
GRU,RAO,3,289.0,BRA,BRA
GRU,REC,4,2101.0,BRA,BRA
GRU,ROS,2,1751.0,BRA,ARG
GRU,SCL,3,2614.0,BRA,CHL
GRU,SDQ,2,5292.0,BRA,DOM
GRU,SDU,2,343.0,BRA,BRA
GRU,SJP,1,420.0,BRA,BRA
GRU,SLZ,2,2331.0,BRA,BRA
GRU,SSA,4,1452.0,BRA,BRA
GRU,THE,2,2080.0,BRA,BRA
GRU,UBA,1,436.0,BRA,BRA
GRU,UDI,3,538.0,BRA,BRA
GRU,UIO,1,4308.0,BRA,ECU
GRU,VDC,1,1120.0,BRA,BRA
GRU,VIX,2,730.0,BRA,BRA
GRU,VVI,2,1849.0,BRA,BOL
GRU,YYZ,2,8194.0,BRA,CAN
GRU,ZRH,1,9609.0,BRA,CHE
GRW,TER,1,89.0,PAZ,PAZ
GRX,BCN,2,680.0,ESP,ESP
GRX,LCY,2,1620.0,ESP,ENG
GRX,MAD,1,366.0,ESP,ESP
GRX,MLN,1,225.0,ESP,ESP
GRX,PMI,3,626.0,ESP,ESP
GRZ,AYT,2,1690.0,AUT,TUR
GRZ,DUS,2,791.0,AUT,DEU
GRZ,FRA,2,608.0,AUT,DEU
GRZ,HER,2,1528.0,AUT,GRC
GRZ,MUC,2,313.0,AUT,DEU
GRZ,PMI,2,1317.0,AUT,ESP
GRZ,STR,2,501.0,AUT,DEU
GRZ,TFS,2,3483.0,AUT,ESP
GRZ,TXL,1,638.0,AUT,DEU
GRZ,VIE,1,151.0,AUT,AUT
GRZ,ZRH,1,523.0,AUT,CHE
GSE,AGP,1,2636.0,SWE,ESP
GSE,AHO,1,1923.0,SWE,ITA
GSE,ALC,1,2348.0,SWE,ESP
GSE,BEG,1,1553.0,SWE,SRS
GSE,BGY,1,1354.0,SWE,ITA
GSE,BUD,1,1252.0,SWE,HUN
GSE,BVA,1,1125.0,SWE,FXX
GSE,CIA,1,1777.0,SWE,ITA
GSE,EDI,1,946.0,SWE,SCT
GSE,GDN,1,557.0,SWE,POL
GSE,MLA,1,2445.0,SWE,MLT
GSE,MRS,1,1660.0,SWE,FXX
GSE,PMI,1,2130.0,SWE,ESP
GSE,PSA,1,1570.0,SWE,ITA
GSE,SKP,1,1888.0,SWE,MKD
GSE,STN,1,990.0,SWE,ENG
GSE,TZL,1,1554.0,SWE,BHF
GSE,VBY,2,385.0,SWE,SWE
GSE,WAW,1,851.0,SWE,POL
GSE,ZAD,1,1539.0,SWE,HRV
GSO,ATL,5,493.0,USA,USA
GSO,CLT,2,134.0,USA,USA
GSO,DCA,2,399.0,USA,USA
GSO,DEN,1,2201.0,USA,USA
GSO,DFW,2,1605.0,USA,USA
GSO,DTW,1,741.0,USA,USA
GSO,EWR,1,716.0,USA,USA
GSO,IAD,1,385.0,USA,USA
GSO,LGA,3,741.0,USA,USA
GSO,MIA,2,1146.0,USA,USA
GSO,ORD,1,948.0,USA,USA
GSO,PHL,2,588.0,USA,USA
GSO,PIE,1,946.0,USA,USA
GSO,SFB,1,823.0,USA,USA
GSP,ATL,5,247.0,USA,USA
GSP,BNA,1,426.0,USA,USA
GSP,BWI,1,685.0,USA,USA
GSP,CLE,1,725.0,USA,USA
GSP,CLT,2,121.0,USA,USA
GSP,DCA,2,637.0,USA,USA
GSP,DFW,2,1384.0,USA,USA
GSP,DTW,1,820.0,USA,USA
GSP,EWR,1,956.0,USA,USA
GSP,FLL,1,1001.0,USA,USA
GSP,HOU,1,1358.0,USA,USA
GSP,IAD,1,618.0,USA,USA
GSP,IAH,1,1346.0,USA,USA
GSP,LGA,1,981.0,USA,USA
GSP,MDW,2,905.0,USA,USA
GSP,ORD,1,930.0,USA,USA
GSP,PGD,1,887.0,USA,USA
GSP,PHL,2,828.0,USA,USA
GSP,PIE,1,778.0,USA,USA
GSP,SFB,1,687.0,USA,USA
GST,HNH,1,41.0,USA,USA
GST,JNU,2,66.0,USA,USA
GTE,CNS,1,1047.0,AUS,AUS
GTE,DRW,2,629.0,AUS,AUS
GTE,GOV,1,194.0,AUS,AUS
GTF,AZA,1,1576.0,USA,USA
GTF,DEN,1,1003.0,USA,USA
GTF,HLN,1,108.0,USA,USA
GTF,LAS,1,1306.0,USA,USA
GTF,MSP,1,1423.0,USA,USA
GTF,SEA,1,822.0,USA,USA
GTF,SLC,1,746.0,USA,USA
GTO,MDC,1,252.0,IDN,IDN
GTO,UPG,3,732.0,IDN,IDN
GTR,ATL,3,386.0,USA,USA
GUA,ATL,2,2206.0,GTM,USA
GUA,BOG,1,2103.0,GTM,COL
GUA,DFW,2,2140.0,GTM,USA
GUA,EWR,1,3307.0,GTM,USA
GUA,FLL,1,1672.0,GTM,USA
GUA,FRS,1,269.0,GTM,GTM
GUA,IAD,1,2996.0,GTM,USA
GUA,IAH,1,1782.0,GTM,USA
GUA,JFK,1,3321.0,GTM,USA
GUA,LAX,4,3531.0,GTM,USA
GUA,MEX,2,1056.0,GTM,MEX
GUA,MGA,1,544.0,GTM,NIC
GUA,MIA,4,1640.0,GTM,USA
GUA,PTY,1,1358.0,GTM,PAN
GUA,SAL,3,203.0,GTM,SLV
GUA,SAP,4,296.0,GTM,HND
GUA,SJO,2,855.0,GTM,CRI
GUA,TAP,1,200.0,GTM,MEX
GUA,TGU,4,361.0,GTM,HND
GUC,DEN,1,244.0,USA,USA
GUM,CNS,1,3379.0,GUM,AUS
GUM,CTS,2,3271.0,GUM,JPN
GUM,FUK,2,2664.0,GUM,JPN
GUM,HKG,1,3404.0,GUM,HKG
GUM,HNL,1,6109.0,GUM,USA
GUM,ICN,3,3227.0,GUM,KOR
GUM,KIX,4,2520.0,GUM,JPN
GUM,MNL,2,2567.0,GUM,PHL
GUM,NGO,3,2509.0,GUM,JPN
GUM,NRT,4,2517.0,GUM,JPN
GUM,OKJ,2,2609.0,GUM,JPN
GUM,PUS,1,2889.0,GUM,KOR
GUM,ROP,1,91.0,GUM,MNP
GUM,ROR,1,1311.0,GUM,PLW
GUM,SDJ,2,2768.0,GUM,JPN
GUM,SPN,1,208.0,GUM,MNP
GUM,TKK,1,1020.0,GUM,FSM
GUM,TPE,2,2782.0,GUM,TWN
GUM,YAP,1,855.0,GUM,FSM
GUR,MIS,2,277.0,PNX,PNX
GUR,PNP,1,278.0,PNX,PNX
GUR,POM,2,355.0,PNX,PNX
GUW,ALA,2,2009.0,KAZ,KAZ
GUW,AMS,1,3370.0,KAZ,NLX
GUW,IST,1,1942.0,KAZ,TUR
GUW,SCO,2,367.0,KAZ,KAZ
GUW,TSE,2,1490.0,KAZ,KAZ
GUW,URA,1,448.0,KAZ,KAZ
GUW,VKO,1,1377.0,KAZ,RUS
GVA,AGP,2,1380.0,CHE,ESP
GVA,AJA,1,526.0,CHE,FXX
GVA,ALC,1,1040.0,CHE,ESP
GVA,ALG,1,1088.0,CHE,DZA
GVA,AMM,1,3018.0,CHE,JOR
GVA,AMS,2,682.0,CHE,NLX
GVA,ARN,4,1683.0,CHE,SWE
GVA,ATH,3,1731.0,CHE,GRC
GVA,AUH,2,4926.0,CHE,ARE
GVA,AYT,1,2289.0,CHE,TUR
GVA,BCN,2,637.0,CHE,ESP
GVA,BDS,1,1138.0,CHE,ITA
GVA,BEG,3,1116.0,CHE,SRS
GVA,BEY,1,2834.0,CHE,LBN
GVA,BIA,1,490.0,CHE,FXX
GVA,BIO,1,783.0,CHE,ESP
GVA,BIQ,2,676.0,CHE,FXX
GVA,BOD,2,554.0,CHE,FXX
GVA,BRS,1,862.0,CHE,ENG
GVA,BRU,4,532.0,CHE,BFR
GVA,BUD,1,1008.0,CHE,HUN
GVA,CAG,1,813.0,CHE,ITA
GVA,CAI,2,2824.0,CHE,EGY
GVA,CDG,2,408.0,CHE,FXX
GVA,CMN,1,1843.0,CHE,MAR
GVA,CPH,4,1138.0,CHE,DNK
GVA,CTA,2,1224.0,CHE,ITA
GVA,DBV,1,1048.0,CHE,HRV
GVA,DJE,1,1430.0,CHE,TUN
GVA,DME,1,2427.0,CHE,RUS
GVA,DOH,2,4636.0,CHE,QAT
GVA,DUB,1,1191.0,CHE,IRL
GVA,DUS,1,564.0,CHE,DEU
GVA,DXB,2,4919.0,CHE,ARE
GVA,EDI,1,1264.0,CHE,SCT
GVA,EWR,2,6225.0,CHE,USA
GVA,FAO,1,1552.0,CHE,PRX
GVA,FCO,4,695.0,CHE,ITA
GVA,FLR,2,483.0,CHE,ITA
GVA,FRA,4,460.0,CHE,DEU
GVA,HAM,1,867.0,CHE,DEU
GVA,HEL,1,1991.0,CHE,FIN
GVA,HER,2,2003.0,CHE,GRC
GVA,HRG,1,3223.0,CHE,EGY
GVA,IAD,2,6566.0,CHE,USA
GVA,IBZ,1,906.0,CHE,ESP
GVA,IST,1,1893.0,CHE,TUR
GVA,JED,1,4040.0,CHE,SAU
GVA,JER,1,703.0,CHE,JEY
GVA,JFK,2,6201.0,CHE,USA
GVA,JMK,1,1863.0,CHE,GRC
GVA,KBP,1,1880.0,CHE,UKR
GVA,LCY,1,734.0,CHE,ENG
GVA,LED,1,2187.0,CHE,RUS
GVA,LGW,1,715.0,CHE,ENG
GVA,LHR,3,754.0,CHE,ENG
GVA,LIL,1,530.0,CHE,FXX
GVA,LIS,5,1496.0,CHE,PRX
GVA,LPA,1,2771.0,CHE,ESP
GVA,LPL,1,1016.0,CHE,ENG
GVA,LTN,1,784.0,CHE,ENG
GVA,LUG,1,217.0,CHE,CHE
GVA,LUX,1,376.0,CHE,LUX
GVA,MAD,4,1010.0,CHE,ESP
GVA,MAN,1,993.0,CHE,ENG
GVA,MIR,1,1228.0,CHE,TUN
GVA,MLA,1,1349.0,CHE,MLT
GVA,MRS,1,319.0,CHE,FXX
GVA,MSQ,1,1770.0,CHE,BLR
GVA,MUC,2,488.0,CHE,DEU
GVA,NAP,1,887.0,CHE,ITA
GVA,NCE,2,300.0,CHE,FXX
GVA,NTE,1,597.0,CHE,FXX
GVA,OLB,2,654.0,CHE,ITA
GVA,OPO,5,1309.0,CHE,PRX
GVA,ORY,1,394.0,CHE,FXX
GVA,OSL,1,1577.0,CHE,NOW
GVA,OTP,2,1566.0,CHE,ROU
GVA,PEK,1,8200.0,CHE,CHN
GVA,PMI,2,792.0,CHE,ESP
GVA,PRG,1,741.0,CHE,CZE
GVA,PRN,2,1252.0,CHE,KOS
GVA,RAK,2,2029.0,CHE,MAR
GVA,RUH,1,4298.0,CHE,SAU
GVA,SCQ,1,1207.0,CHE,ESP
GVA,SEN,1,712.0,CHE,ENG
GVA,SPU,1,856.0,CHE,HRV
GVA,STR,1,359.0,CHE,DEU
GVA,SVO,1,2411.0,CHE,RUS
GVA,SVQ,1,1394.0,CHE,ESP
GVA,SXF,1,868.0,CHE,DEU
GVA,TFS,1,2832.0,CHE,ESP
GVA,TLS,2,473.0,CHE,FXX
GVA,TLV,3,2919.0,CHE,ISR
GVA,TUN,1,1098.0,CHE,TUN
GVA,VCE,1,490.0,CHE,ITA
GVA,VIE,2,817.0,CHE,AUT
GVA,VLC,1,922.0,CHE,ESP
GVA,WAW,2,1261.0,CHE,POL
GVA,YUL,4,5905.0,CHE,CAN
GVA,ZRH,3,230.0,CHE,CHE
GVR,PLU,1,232.0,BRA,BRA
GWD,KHI,1,488.0,PAK,PAK
GWD,MCT,1,448.0,PAK,OMN
GWD,TUK,1,109.0,PAK,PAK
GWL,BOM,1,971.0,IND,IND
GWT,DUS,1,416.0,DEU,DEU
GWT,FRA,1,543.0,DEU,DEU
GWT,HAM,1,178.0,DEU,DEU
GWT,MUC,2,767.0,DEU,DEU
GWT,STR,1,695.0,DEU,DEU
GWT,TXL,1,417.0,DEU,DEU
GWT,ZRH,1,828.0,DEU,CHE
GXF,ADE,1,534.0,YEM,YEM
GXF,AUH,1,1122.0,YEM,ARE
GXF,JED,1,1196.0,YEM,SAU
GXF,SAH,2,492.0,YEM,YEM
GXH,LXA,1,1263.0,CHN,CHN
GXH,XIY,1,560.0,CHN,CHN
GYA,TDD,1,447.0,BRA,BOL
GYD,ALA,1,2247.0,AZE,KAZ
GYD,ASB,2,767.0,AZE,TKM
GYD,BUD,1,2564.0,AZE,HUN
GYD,CDG,2,3803.0,AZE,FXX
GYD,DME,2,1885.0,AZE,RUS
GYD,DOH,2,1696.0,AZE,QAT
GYD,DXB,2,1762.0,AZE,ARE
GYD,ESB,1,1444.0,AZE,TUR
GYD,FCO,2,3144.0,AZE,ITA
GYD,FRA,3,3367.0,AZE,DEU
GYD,IKA,2,570.0,AZE,IRN
GYD,IST,2,1788.0,AZE,TUR
GYD,KBL,1,1809.0,AZE,AFG
GYD,KBP,3,1846.0,AZE,UKR
GYD,KJA,1,3515.0,AZE,RUS
GYD,KVD,1,316.0,AZE,AZE
GYD,LED,3,2549.0,AZE,RUS
GYD,LHR,2,4002.0,AZE,ENG
GYD,MRV,1,708.0,AZE,RUS
GYD,MSQ,1,2218.0,AZE,BLR
GYD,MXP,2,3368.0,AZE,ITA
GYD,NBC,1,1685.0,AZE,RUS
GYD,OMS,1,2352.0,AZE,RUS
GYD,OVB,2,2885.0,AZE,RUS
GYD,PEK,1,5503.0,AZE,CHN
GYD,PRG,2,2963.0,AZE,CZE
GYD,RIX,2,2618.0,AZE,LVA
GYD,SAW,2,1745.0,AZE,TUR
GYD,SCO,2,387.0,AZE,KAZ
GYD,SVO,2,1955.0,AZE,RUS
GYD,SVX,2,1970.0,AZE,RUS
GYD,TAS,1,1617.0,AZE,UZB
GYD,TBS,2,447.0,AZE,GEG
GYD,TBZ,1,418.0,AZE,IRN
GYD,TLV,1,1649.0,AZE,ISR
GYD,TSE,1,2023.0,AZE,KAZ
GYD,UFA,1,1625.0,AZE,RUS
GYD,URC,1,3081.0,AZE,CHN
GYD,VIE,2,2772.0,AZE,AUT
GYE,AMS,2,9834.0,ECU,NLX
GYE,BOG,2,994.0,ECU,COL
GYE,CCS,1,2012.0,ECU,VEN
GYE,CLO,2,744.0,ECU,COL
GYE,CUE,1,129.0,ECU,ECU
GYE,ESM,1,350.0,ECU,ECU
GYE,EZE,1,4251.0,ECU,ARG
GYE,GPS,2,1170.0,ECU,ECU
GYE,JFK,2,4799.0,ECU,USA
GYE,LIM,2,1139.0,ECU,PER
GYE,LOH,1,212.0,ECU,ECU
GYE,LTX,1,198.0,ECU,ECU
GYE,MAD,2,9014.0,ECU,ESP
GYE,MIA,2,3108.0,ECU,USA
GYE,PTY,2,1250.0,ECU,PAN
GYE,SAL,1,2008.0,ECU,SLV
GYE,SCL,1,3600.0,ECU,CHL
GYE,SCY,4,1091.0,ECU,ECU
GYE,UIO,5,282.0,ECU,ECU
GYN,BSB,2,163.0,BRA,BRA
GYN,CGB,3,745.0,BRA,BRA
GYN,CGH,2,822.0,BRA,BRA
GYN,CNF,2,647.0,BRA,BRA
GYN,GIG,1,928.0,BRA,BRA
GYN,GRU,3,809.0,BRA,BRA
GYN,PMW,2,711.0,BRA,BRA
GYN,RAO,2,523.0,BRA,BRA
GYN,SDU,1,943.0,BRA,BRA
GYN,UDI,2,272.0,BRA,BRA
GYN,VCP,1,742.0,BRA,BRA
GYS,CAN,2,1248.0,CHN,CHN
GYS,HGH,2,1419.0,CHN,CHN
GYS,PEK,2,1296.0,CHN,CHN
GYS,SZX,2,1346.0,CHN,CHN
GZO,CHY,1,163.0,SLB,SLB
GZO,EGM,1,124.0,SLB,SLB
GZO,HIR,1,381.0,SLB,SLB
GZO,MUA,1,51.0,SLB,SLB
GZP,CPH,1,2611.0,TUR,DNK
GZP,ESB,1,430.0,TUR,TUR
GZP,HEL,1,2721.0,TUR,FIN
GZP,IST,1,633.0,TUR,TUR
GZP,OSL,1,3051.0,TUR,NOW
GZP,SAW,1,574.0,TUR,TUR
GZT,ADB,2,921.0,TUR,TUR
GZT,ECN,1,410.0,TUR,CYN
GZT,ESB,1,526.0,TUR,TUR
GZT,IST,3,893.0,TUR,TUR
GZT,SAW,2,832.0,TUR,TUR
HAA,HFT,1,60.0,NOW,NOW
HAA,TOS,1,151.0,NOW,NOW
HAC,HND,1,271.0,JPN,JPN
HAD,ARN,1,444.0,SWE,SWE
HAD,BMA,2,422.0,SWE,SWE
HAD,JKG,1,140.0,SWE,SWE
HAD,VXO,2,119.0,SWE,SWE
HAH,DAR,1,684.0,COM,TZA
HAH,DZA,2,260.0,COM,MYT
HAH,JIB,1,2567.0,COM,DJI
HAH,MBA,1,927.0,COM,KEN
HAH,NBO,3,1334.0,COM,KEN
HAH,RUN,1,1669.0,COM,REU
HAH,TNR,1,925.0,COM,MDG
HAJ,ACE,2,3239.0,DEU,ESP
HAJ,ADB,1,2073.0,DEU,TUR
HAJ,AGP,2,2076.0,DEU,ESP
HAJ,AMS,2,334.0,DEU,NLX
HAJ,AYT,3,2387.0,DEU,TUR
HAJ,BCN,3,1368.0,DEU,ESP
HAJ,BHX,1,774.0,DEU,ENG
HAJ,BRU,3,398.0,DEU,BFR
HAJ,BVC,1,4945.0,DEU,CPV
HAJ,CDG,2,631.0,DEU,FXX
HAJ,CFU,1,1630.0,DEU,GRC
HAJ,CPH,1,401.0,DEU,DNK
HAJ,CTA,1,1719.0,DEU,ITA
HAJ,DBV,1,1274.0,DEU,HRV
HAJ,DLM,2,2300.0,DEU,TUR
HAJ,DUB,1,1072.0,DEU,IRL
HAJ,FAO,1,2200.0,DEU,PRX
HAJ,FCO,1,1201.0,DEU,ITA
HAJ,FNC,1,3053.0,DEU,PMD
HAJ,FRA,1,281.0,DEU,DEU
HAJ,FUE,2,3299.0,DEU,ESP
HAJ,HER,3,2262.0,DEU,GRC
HAJ,IBZ,1,1641.0,DEU,ESP
HAJ,IST,1,1900.0,DEU,TUR
HAJ,JER,1,908.0,DEU,JEY
HAJ,KGS,2,2209.0,DEU,GRC
HAJ,LCA,1,2720.0,DEU,CYP
HAJ,LHR,3,703.0,DEU,ENG
HAJ,LPA,1,3424.0,DEU,ESP
HAJ,MAH,1,1462.0,DEU,ESP
HAJ,MAN,1,807.0,DEU,ENG
HAJ,MSQ,1,1229.0,DEU,BLR
HAJ,MUC,1,480.0,DEU,DEU
HAJ,MXP,1,763.0,DEU,ITA
HAJ,NAP,1,1333.0,DEU,ITA
HAJ,PMI,4,1531.0,DEU,ESP
HAJ,PRN,1,1388.0,DEU,KOS
HAJ,RHO,2,2293.0,DEU,GRC
HAJ,SAW,1,1962.0,DEU,TUR
HAJ,SKG,2,1667.0,DEU,GRC
HAJ,SPU,1,1106.0,DEU,HRV
HAJ,STN,1,647.0,DEU,ENG
HAJ,STR,2,421.0,DEU,DEU
HAJ,SUF,1,1589.0,DEU,ITA
HAJ,SVO,1,1831.0,DEU,RUS
HAJ,TFS,1,3473.0,DEU,ESP
HAJ,VCE,1,797.0,DEU,ITA
HAJ,VIE,3,687.0,DEU,AUT
HAJ,XRY,1,2137.0,DEU,ESP
HAJ,ZRH,2,561.0,DEU,CHE
HAK,AQG,1,1356.0,CHN,CHN
HAK,BHY,1,216.0,CHN,CHN
HAK,CAN,5,484.0,CHN,CHN
HAK,CGD,1,1006.0,CHN,CHN
HAK,CGO,5,1656.0,CHN,CHN
HAK,CIH,1,1832.0,CHN,CHN
HAK,CKG,5,1154.0,CHN,CHN
HAK,CSX,4,960.0,CHN,CHN
HAK,CTU,5,1352.0,CHN,CHN
HAK,FOC,5,1154.0,CHN,CHN
HAK,HFE,1,1483.0,CHN,CHN
HAK,HGH,7,1521.0,CHN,CHN
HAK,HKG,4,445.0,CHN,HKG
HAK,KHN,3,1135.0,CHN,CHN
HAK,KMG,4,963.0,CHN,CHN
HAK,KWE,3,824.0,CHN,CHN
HAK,KWL,3,589.0,CHN,CHN
HAK,LZO,1,1116.0,CHN,CHN
HAK,NGB,2,1561.0,CHN,CHN
HAK,NKG,5,1558.0,CHN,CHN
HAK,NNG,4,380.0,CHN,CHN
HAK,PEK,5,2315.0,CHN,CHN
HAK,PVG,5,1686.0,CHN,CHN
HAK,SHA,1,1659.0,CHN,CHN
HAK,SIN,3,2183.0,CHN,SGP
HAK,SWA,1,742.0,CHN,CHN
HAK,SZX,4,459.0,CHN,CHN
HAK,TPE,2,1245.0,CHN,TWN
HAK,TSN,2,2234.0,CHN,CHN
HAK,TXN,1,1343.0,CHN,CHN
HAK,TYN,1,1992.0,CHN,CHN
HAK,WNZ,1,1378.0,CHN,CHN
HAK,WUH,3,1264.0,CHN,CHN
HAK,XIY,1,1622.0,CHN,CHN
HAK,XMN,3,941.0,CHN,CHN
HAK,ZHA,1,143.0,CHN,CHN
HAK,ZUH,3,380.0,CHN,CHN
HAK,ZYI,1,921.0,CHN,CHN
HAM,ACE,2,3346.0,DEU,ESP
HAM,ADB,2,2149.0,DEU,TUR
HAM,AGP,4,2192.0,DEU,ESP
HAM,ALC,2,1887.0,DEU,ESP
HAM,AMS,5,379.0,DEU,NLX
HAM,ARN,2,826.0,DEU,SWE
HAM,ATH,1,2045.0,DEU,GRC
HAM,AYT,5,2454.0,DEU,TUR
HAM,BCN,4,1493.0,DEU,ESP
HAM,BGO,1,795.0,DEU,NOW
HAM,BHX,1,794.0,DEU,ENG
HAM,BIA,1,1232.0,DEU,FXX
HAM,BRN,1,767.0,DEU,CHE
HAM,BRS,1,894.0,DEU,ENG
HAM,BRU,2,482.0,DEU,BFR
HAM,BSL,3,694.0,DEU,FXX
HAM,BUD,1,950.0,DEU,HUN
HAM,CDG,3,728.0,DEU,FXX
HAM,CFU,2,1730.0,DEU,GRC
HAM,CGN,1,363.0,DEU,DEU
HAM,CPH,2,280.0,DEU,DNK
HAM,CTA,2,1839.0,DEU,ITA
HAM,DBV,1,1374.0,DEU,HRV
HAM,DJE,1,2198.0,DEU,TUN
HAM,DLM,1,2374.0,DEU,TUR
HAM,DUB,1,1073.0,DEU,IRL
HAM,DUS,2,340.0,DEU,DEU
HAM,DXB,2,4884.0,DEU,ARE
HAM,EDI,1,893.0,DEU,SCT
HAM,EWR,2,6138.0,DEU,USA
HAM,FAO,2,2306.0,DEU,PRX
HAM,FCO,2,1326.0,DEU,ITA
HAM,FDH,1,663.0,DEU,DEU
HAM,FKB,1,555.0,DEU,DEU
HAM,FMM,1,628.0,DEU,DEU
HAM,FNC,1,3146.0,DEU,PMD
HAM,FRA,2,412.0,DEU,DEU
HAM,FUE,2,3406.0,DEU,ESP
HAM,GVA,1,867.0,DEU,CHE
HAM,GWT,1,178.0,DEU,DEU
HAM,HEL,2,1169.0,DEU,FIN
HAM,HER,4,2353.0,DEU,GRC
HAM,HRG,1,3530.0,DEU,EGY
HAM,IBZ,1,1767.0,DEU,ESP
HAM,IKA,1,3765.0,DEU,IRN
HAM,IST,1,1958.0,DEU,TUR
HAM,KGS,2,2289.0,DEU,GRC
HAM,KLU,2,836.0,DEU,AUT
HAM,LED,1,1407.0,DEU,RUS
HAM,LGW,1,743.0,DEU,ENG
HAM,LHR,4,745.0,DEU,ENG
HAM,LIS,2,2198.0,DEU,PRX
HAM,LPA,3,3528.0,DEU,ESP
HAM,LTN,1,723.0,DEU,ENG
HAM,MAD,1,1781.0,DEU,ESP
HAM,MAH,1,1591.0,DEU,ESP
HAM,MAN,2,811.0,DEU,ENG
HAM,MLA,1,2007.0,DEU,MLT
HAM,MUC,2,600.0,DEU,DEU
HAM,MXP,2,894.0,DEU,ITA
HAM,NAP,2,1453.0,DEU,ITA
HAM,NBE,1,1952.0,DEU,TUN
HAM,NCE,2,1127.0,DEU,FXX
HAM,NUE,2,466.0,DEU,DEU
HAM,OLB,3,1416.0,DEU,ITA
HAM,OSL,2,725.0,DEU,NOW
HAM,PMI,4,1659.0,DEU,ESP
HAM,PRG,3,490.0,DEU,CZE
HAM,PRN,1,1474.0,DEU,KOS
HAM,RHO,1,2371.0,DEU,GRC
HAM,RIX,2,956.0,DEU,LVA
HAM,RJK,1,992.0,DEU,HRV
HAM,SAW,1,2020.0,DEU,TUR
HAM,SCN,2,530.0,DEU,DEU
HAM,SKG,2,1752.0,DEU,GRC
HAM,SPU,1,1213.0,DEU,HRV
HAM,STR,2,552.0,DEU,DEU
HAM,SVO,1,1765.0,DEU,RUS
HAM,SZG,2,683.0,DEU,AUT
HAM,TFS,3,3574.0,DEU,ESP
HAM,TLS,2,1278.0,DEU,FXX
HAM,VCE,2,919.0,DEU,ITA
HAM,VIE,4,767.0,DEU,AUT
HAM,VRN,1,918.0,DEU,ITA
HAM,WAW,2,753.0,DEU,POL
HAM,XRY,1,2248.0,DEU,ESP
HAM,ZRH,3,693.0,DEU,CHE
HAN,BKK,4,995.0,VNM,THA
HAN,BMV,2,982.0,VNM,VNM
HAN,CAN,2,808.0,VNM,CHN
HAN,CDG,3,9158.0,VNM,FXX
HAN,CTU,1,1057.0,VNM,CHN
HAN,CXR,2,1088.0,VNM,VNM
HAN,DAD,3,628.0,VNM,VNM
HAN,DIN,1,291.0,VNM,VNM
HAN,DLI,2,1088.0,VNM,VNM
HAN,DME,1,6693.0,VNM,RUS
HAN,DMK,1,982.0,VNM,THA
HAN,FRA,2,8712.0,VNM,DEU
HAN,FUK,2,2783.0,VNM,JPN
HAN,HKG,4,846.0,VNM,HKG
HAN,HND,1,3661.0,VNM,JPN
HAN,HUI,2,572.0,VNM,VNM
HAN,ICN,3,2684.0,VNM,KOR
HAN,KHH,2,1507.0,VNM,TWN
HAN,KIX,2,3229.0,VNM,JPN
HAN,KUL,3,2102.0,VNM,MYS
HAN,LPQ,2,407.0,VNM,LAO
HAN,MFM,1,811.0,VNM,MAC
HAN,MNL,1,1773.0,VNM,PHL
HAN,NGO,2,3380.0,VNM,JPN
HAN,NNG,1,289.0,VNM,CHN
HAN,NRT,3,3720.0,VNM,JPN
HAN,PEK,2,2332.0,VNM,CHN
HAN,PNH,2,1081.0,VNM,KHM
HAN,PQC,1,1244.0,VNM,VNM
HAN,PUS,2,2736.0,VNM,KOR
HAN,PVG,2,1937.0,VNM,CHN
HAN,PXU,1,836.0,VNM,VNM
HAN,REP,3,894.0,VNM,KHM
HAN,RGN,1,1124.0,VNM,MMR
HAN,RMQ,1,1556.0,VNM,TWN
HAN,SGN,3,1160.0,VNM,VNM
HAN,SIN,4,2218.0,VNM,SGP
HAN,SVO,1,6730.0,VNM,RUS
HAN,TBB,1,983.0,VNM,VNM
HAN,TPE,3,1633.0,VNM,TWN
HAN,UIH,1,878.0,VNM,VNM
HAN,VCA,1,1238.0,VNM,VNM
HAN,VCL,1,716.0,VNM,VNM
HAN,VDH,1,420.0,VNM,VNM
HAN,VII,1,277.0,VNM,VNM
HAN,VTE,2,495.0,VNM,LAO
HAQ,DRV,1,177.0,MDV,MDV
HAQ,TRV,1,456.0,MDV,IND
HAS,DMM,1,811.0,SAU,SAU
HAS,DXB,1,1384.0,SAU,ARE
HAS,JED,1,689.0,SAU,SAU
HAS,RUH,1,571.0,SAU,SAU
HAS,SHJ,1,1397.0,SAU,ARE
HAU,AGP,1,2616.0,NOW,ESP
HAU,ALC,1,2378.0,NOW,ESP
HAU,BGO,1,105.0,NOW,NOW
HAU,BRE,1,734.0,NOW,DEU
HAU,CPH,2,608.0,NOW,DNK
HAU,GDN,1,974.0,NOW,POL
HAU,OSL,2,338.0,NOW,NOW
HAU,PSA,1,1777.0,NOW,ITA
HAU,STN,1,886.0,NOW,ENG
HAU,ZAD,1,1828.0,NOW,HRV
HAV,AMS,1,7819.0,CUB,NLX
HAV,BOG,3,2219.0,CUB,COL
HAV,CCS,2,2139.0,CUB,VEN
HAV,CDG,1,7744.0,CUB,FXX
HAV,CMW,1,501.0,CUB,CUB
HAV,CUN,3,509.0,CUB,MEX
HAV,CYO,1,177.0,CUB,CUB
HAV,EZE,1,6904.0,CUB,ARG
HAV,FDF,1,2435.0,CUB,MTQ
HAV,FRA,1,8138.0,CUB,DEU
HAV,GAO,1,816.0,CUB,CUB
HAV,GCM,1,425.0,CUB,CYM
HAV,HOG,2,675.0,CUB,CUB
HAV,LAD,1,10964.0,CUB,AGO
HAV,LGW,1,7508.0,CUB,ENG
HAV,LIM,2,3936.0,CUB,PER
HAV,MAD,2,7462.0,CUB,ESP
HAV,MEX,3,1771.0,CUB,MEX
HAV,MXP,1,8289.0,CUB,ITA
HAV,NAS,2,551.0,CUB,BHS
HAV,ORY,1,7738.0,CUB,FXX
HAV,PMV,1,2373.0,CUB,VEN
HAV,PTY,2,1581.0,CUB,PAN
HAV,SAL,1,1272.0,CUB,SLV
HAV,SCU,2,758.0,CUB,CUB
HAV,SDQ,1,1418.0,CUB,DOM
HAV,SNU,1,259.0,CUB,CUB
HAV,SVO,2,9577.0,CUB,RUS
HAV,UIO,1,2608.0,CUB,ECU
HAV,YYZ,1,2314.0,CUB,CAN
HAV,ZRH,1,8217.0,CUB,CHE
HBA,BNE,2,1791.0,AUS,AUS
HBA,MEL,4,617.0,AUS,AUS
HBA,SYD,3,1039.0,AUS,AUS
HBE,AMM,1,605.0,EGY,JOR
HBE,ATH,2,942.0,EGY,GRC
HBE,BEN,1,903.0,EGY,LBY
HBE,BEY,1,632.0,EGY,LBN
HBE,CAI,2,186.0,EGY,EGY
HBE,DMM,2,2019.0,EGY,SAU
HBE,DOH,1,2235.0,EGY,QAT
HBE,DXB,1,2589.0,EGY,ARE
HBE,ELQ,1,1466.0,EGY,SAU
HBE,HRG,1,576.0,EGY,EGY
HBE,IST,2,1155.0,EGY,TUR
HBE,JED,7,1393.0,EGY,SAU
HBE,KWI,6,1766.0,EGY,KWT
HBE,MED,2,1212.0,EGY,SAU
HBE,RUH,4,1794.0,EGY,SAU
HBE,SHJ,1,2601.0,EGY,ARE
HBE,SSH,2,560.0,EGY,EGY
HBE,TIP,2,1573.0,EGY,LBY
HBE,TOB,1,559.0,EGY,LBY
HBE,YNB,1,1116.0,EGY,SAU
HBX,BLR,1,371.0,IND,IND
HBX,BOM,1,477.0,IND,IND
HCR,ANI,1,69.0,USA,USA
HCR,ANV,2,55.0,USA,USA
HDF,CGN,1,582.0,DEU,DEU
HDF,DTM,1,513.0,DEU,DEU
HDF,DUS,1,576.0,DEU,DEU
HDF,FRA,1,573.0,DEU,DEU
HDF,STR,1,671.0,DEU,DEU
HDG,CAN,1,1464.0,CHN,CHN
HDG,CKG,1,1047.0,CHN,CHN
HDG,CTU,1,1174.0,CHN,CHN
HDG,DLC,1,682.0,CHN,CHN
HDG,PVG,1,907.0,CHN,CHN
HDG,SHA,1,870.0,CHN,CHN
HDM,MHD,1,1014.0,IRN,IRN
HDN,DEN,1,227.0,USA,USA
HDS,CPT,1,1610.0,ZAF,ZAF
HDS,JNB,1,344.0,ZAF,ZAF
HDY,BKK,1,751.0,THA,THA
HDY,CNX,1,1325.0,THA,THA
HDY,DMK,2,776.0,THA,THA
HDY,KUL,1,488.0,THA,MYS
HDY,SIN,1,738.0,THA,SGP
HEA,DEL,1,1543.0,AFG,IND
HEA,ISB,1,983.0,AFG,PAK
HEA,KBL,3,642.0,AFG,AFG
HEA,MHD,1,325.0,AFG,IRN
HEH,MDL,3,136.0,MMR,MMR
HEH,RGN,3,433.0,MMR,MMR
HEH,THL,1,328.0,MMR,MMR
HEK,HRB,2,512.0,CHN,CHN
HEK,OHE,1,455.0,CHN,CHN
HEL,ADB,1,2454.0,FIN,TUR
HEL,AGP,2,3353.0,FIN,ESP
HEL,ALC,1,3030.0,FIN,ESP
HEL,AMS,3,1521.0,FIN,NLX
HEL,ARN,5,399.0,FIN,SWE
HEL,ATH,1,2490.0,FIN,GRC
HEL,AYT,1,2637.0,FIN,TUR
HEL,BCN,4,2628.0,FIN,ESP
HEL,BKK,1,7908.0,FIN,THA
HEL,BMA,2,406.0,FIN,SWE
HEL,BOJ,1,1981.0,FIN,BGR
HEL,BRU,1,1647.0,FIN,BFR
HEL,BUD,2,1480.0,FIN,HUN
HEL,CDG,3,1896.0,FIN,FXX
HEL,CEE,1,738.0,FIN,RUS
HEL,CHQ,1,2757.0,FIN,GRC
HEL,CKG,1,6724.0,FIN,CHN
HEL,CPH,3,892.0,FIN,DNK
HEL,DBV,2,2026.0,FIN,HRV
HEL,DEL,1,5223.0,FIN,IND
HEL,DME,2,938.0,FIN,RUS
HEL,DUB,1,2023.0,FIN,IRL
HEL,DUS,2,1508.0,FIN,DEU
HEL,FCO,2,2234.0,FIN,ITA
HEL,FRA,5,1538.0,FIN,DEU
HEL,GDN,1,766.0,FIN,POL
HEL,GOT,1,783.0,FIN,SWE
HEL,GVA,1,1991.0,FIN,CHE
HEL,GZP,1,2721.0,FIN,TUR
HEL,HAM,2,1169.0,FIN,DEU
HEL,HKG,1,7810.0,FIN,HKG
HEL,ICN,1,7032.0,FIN,KOR
HEL,IST,2,2133.0,FIN,TUR
HEL,IVL,1,929.0,FIN,FIN
HEL,JFK,4,6607.0,FIN,USA
HEL,JOE,1,359.0,FIN,FIN
HEL,JYV,2,235.0,FIN,FIN
HEL,KAJ,2,463.0,FIN,FIN
HEL,KAO,1,666.0,FIN,FIN
HEL,KBP,1,1169.0,FIN,UKR
HEL,KEF,2,2444.0,FIN,ISL
HEL,KEM,2,608.0,FIN,FIN
HEL,KIX,2,7732.0,FIN,JPN
HEL,KOK,2,390.0,FIN,FIN
HEL,KRK,1,1184.0,FIN,POL
HEL,KUO,1,334.0,FIN,FIN
HEL,LED,2,300.0,FIN,RUS
HEL,LGW,1,1858.0,FIN,ENG
HEL,LHR,4,1848.0,FIN,ENG
HEL,LIS,2,3364.0,FIN,PRX
HEL,LJU,1,1711.0,FIN,SVN
HEL,MAD,2,2947.0,FIN,ESP
HEL,MAN,3,1812.0,FIN,ENG
HEL,MHQ,2,281.0,FIN,ALD
HEL,MSQ,2,739.0,FIN,BLR
HEL,MUC,4,1575.0,FIN,DEU
HEL,MXP,1,1950.0,FIN,ITA
HEL,NCE,2,2200.0,FIN,FXX
HEL,NGO,2,7761.0,FIN,JPN
HEL,NRK,2,528.0,FIN,SWE
HEL,NRT,2,7829.0,FIN,JPN
HEL,ORY,1,1928.0,FIN,FXX
HEL,OSL,3,767.0,FIN,NOW
HEL,OUL,2,513.0,FIN,FIN
HEL,PEK,2,6308.0,FIN,CHN
HEL,PMI,1,2774.0,FIN,ESP
HEL,POR,1,213.0,FIN,FIN
HEL,PRG,3,1320.0,FIN,CZE
HEL,PVG,2,7394.0,FIN,CHN
HEL,RIX,2,382.0,FIN,LVA
HEL,RVN,2,696.0,FIN,FIN
HEL,SIN,1,9275.0,FIN,SGP
HEL,SPU,1,1954.0,FIN,HRV
HEL,SVL,2,280.0,FIN,FIN
HEL,SVO,2,874.0,FIN,RUS
HEL,SVX,2,2091.0,FIN,RUS
HEL,TAY,2,244.0,FIN,EST
HEL,TKU,1,150.0,FIN,FIN
HEL,TLL,1,101.0,FIN,EST
HEL,TLV,1,3231.0,FIN,ISR
HEL,TMP,1,142.0,FIN,FIN
HEL,TXL,3,1119.0,FIN,DEU
HEL,VAA,1,348.0,FIN,FIN
HEL,VIE,2,1460.0,FIN,AUT
HEL,VNO,2,632.0,FIN,LTU
HEL,WAW,2,939.0,FIN,POL
HEL,XIY,1,6407.0,FIN,CHN
HEL,ZRH,2,1778.0,FIN,CHE
HER,AMS,1,2481.0,GRC,NLX
HER,ATH,4,309.0,GRC,GRC
HER,BHX,3,2847.0,GRC,ENG
HER,BOD,1,2428.0,GRC,FXX
HER,BRS,1,2846.0,GRC,ENG
HER,BRU,3,2395.0,GRC,BFR
HER,BSL,2,1996.0,GRC,FXX
HER,CDG,1,2390.0,GRC,FXX
HER,CGN,2,2251.0,GRC,DEU
HER,DME,3,2434.0,GRC,RUS
HER,DRS,1,1979.0,GRC,DEU
HER,DUS,6,2303.0,GRC,DEU
HER,EDI,1,3147.0,GRC,SCT
HER,EMA,1,2845.0,GRC,ENG
HER,FRA,4,2114.0,GRC,DEU
HER,GLA,1,3197.0,GRC,SCT
HER,GRQ,1,2455.0,GRC,NLX
HER,GRZ,2,1528.0,GRC,AUT
HER,GVA,2,2003.0,GRC,CHE
HER,HAJ,3,2262.0,GRC,DEU
HER,HAM,4,2353.0,GRC,DEU
HER,JIK,1,281.0,GRC,GRC
HER,KBP,1,1731.0,GRC,UKR
HER,KGS,1,236.0,GRC,GRC
HER,LBA,2,2926.0,GRC,ENG
HER,LCA,1,770.0,GRC,CYP
HER,LED,2,2745.0,GRC,RUS
HER,LEJ,2,2065.0,GRC,DEU
HER,LGW,3,2680.0,GRC,ENG
HER,LIL,1,2452.0,GRC,FXX
HER,LNZ,2,1695.0,GRC,AUT
HER,LTN,1,2733.0,GRC,ENG
HER,LUX,1,2211.0,GRC,LUX
HER,LYS,1,2045.0,GRC,FXX
HER,MAN,3,2929.0,GRC,ENG
HER,MJT,1,432.0,GRC,GRC
HER,MRS,1,1930.0,GRC,FXX
HER,MUC,5,1818.0,GRC,DEU
HER,MXP,1,1795.0,GRC,ITA
HER,NCL,1,3002.0,GRC,ENG
HER,NTE,1,2578.0,GRC,FXX
HER,NUE,2,1947.0,GRC,DEU
HER,ORY,1,2384.0,GRC,FXX
HER,PRG,1,1864.0,GRC,CZE
HER,RHO,2,287.0,GRC,GRC
HER,RIX,1,2402.0,GRC,LVA
HER,RTM,1,2472.0,GRC,NLX
HER,SKG,2,608.0,GRC,GRC
HER,STR,3,1977.0,GRC,DEU
HER,SVO,1,2475.0,GRC,RUS
HER,SXF,2,2107.0,GRC,DEU
HER,SZG,2,1711.0,GRC,AUT
HER,TLL,1,2677.0,GRC,EST
HER,TLV,1,971.0,GRC,ISR
HER,TXL,3,2132.0,GRC,DEU
HER,VIE,4,1587.0,GRC,AUT
HER,VKO,1,2433.0,GRC,RUS
HER,VNO,1,2145.0,GRC,LTU
HER,ZRH,2,1927.0,GRC,CHE
HET,CAN,4,1946.0,CHN,CHN
HET,CGO,3,726.0,CHN,CHN
HET,CGQ,1,1189.0,CHN,CHN
HET,CIF,3,609.0,CHN,CHN
HET,CKG,1,1324.0,CHN,CHN
HET,CSX,3,1414.0,CHN,CHN
HET,CTU,3,1344.0,CHN,CHN
HET,DLC,1,854.0,CHN,CHN
HET,DSN,1,225.0,CHN,CHN
HET,ERL,1,287.0,CHN,CHN
HET,HGH,4,1413.0,CHN,CHN
HET,HLD,5,1120.0,CHN,CHN
HET,HLH,2,1012.0,CHN,CHN
HET,HRB,2,1281.0,CHN,CHN
HET,KHN,1,1383.0,CHN,CHN
HET,NAY,2,405.0,CHN,CHN
HET,NKG,3,1192.0,CHN,CHN
HET,NZH,1,1060.0,CHN,CHN
HET,PEK,4,412.0,CHN,CHN
HET,PVG,2,1402.0,CHN,CHN
HET,RLK,1,343.0,CHN,CHN
HET,SHA,2,1371.0,CHN,CHN
HET,SHE,3,978.0,CHN,CHN
HET,SJW,2,377.0,CHN,CHN
HET,TAO,1,901.0,CHN,CHN
HET,TGO,3,905.0,CHN,CHN
HET,TNA,4,644.0,CHN,CHN
HET,TPE,2,1958.0,CHN,TWN
HET,TSN,6,508.0,CHN,CHN
HET,TYN,2,352.0,CHN,CHN
HET,URC,1,2021.0,CHN,CHN
HET,WUA,2,442.0,CHN,CHN
HET,WUH,3,1140.0,CHN,CHN
HET,XIL,3,481.0,CHN,CHN
HET,XIY,3,762.0,CHN,CHN
HET,YIE,1,965.0,CHN,CHN
HFA,ETH,1,361.0,ISR,JOR
HFA,SDV,1,81.0,ISR,ISR
HFE,CAN,5,1012.0,CHN,CHN
HFE,CGO,1,443.0,CHN,CHN
HFE,CGQ,1,1543.0,CHN,CHN
HFE,CKG,2,1043.0,CHN,CHN
HFE,CSX,3,560.0,CHN,CHN
HFE,CTU,4,1276.0,CHN,CHN
HFE,DLC,3,886.0,CHN,CHN
HFE,FOC,3,689.0,CHN,CHN
HFE,HAK,1,1483.0,CHN,CHN
HFE,HKG,1,1105.0,CHN,HKG
HFE,HRB,2,1722.0,CHN,CHN
HFE,ICN,2,1049.0,CHN,KOR
HFE,KHH,1,1067.0,CHN,TWN
HFE,KMG,4,1587.0,CHN,CHN
HFE,KWE,2,1173.0,CHN,CHN
HFE,KWL,1,1017.0,CHN,CHN
HFE,LHW,1,1363.0,CHN,CHN
HFE,LJG,1,1747.0,CHN,CHN
HFE,MFM,2,1132.0,CHN,MAC
HFE,NNG,1,1361.0,CHN,CHN
HFE,PEK,3,925.0,CHN,CHN
HFE,PVG,2,433.0,CHN,CHN
HFE,SHE,1,1226.0,CHN,CHN
HFE,SWA,1,918.0,CHN,CHN
HFE,SYX,1,1695.0,CHN,CHN
HFE,SZX,4,1073.0,CHN,CHN
HFE,TAO,4,574.0,CHN,CHN
HFE,TPE,2,839.0,CHN,TWN
HFE,TSA,1,854.0,CHN,TWN
HFE,TXN,1,245.0,CHN,CHN
HFE,TYN,3,789.0,CHN,CHN
HFE,XIY,4,849.0,CHN,CHN
HFE,XMN,7,809.0,CHN,CHN
HFE,YNT,1,728.0,CHN,CHN
HFE,ZUH,1,1154.0,CHN,CHN
HFS,ARN,1,246.0,SWE,SWE
HFS,TYF,1,36.0,SWE,SWE
HFT,ALF,1,79.0,NOW,NOW
HFT,BVG,1,198.0,NOW,NOW
HFT,HAA,1,60.0,NOW,NOW
HFT,HVG,1,92.0,NOW,NOW
HFT,MEH,1,157.0,NOW,NOW
HFT,SOJ,1,142.0,NOW,NOW
HFT,TOS,1,210.0,NOW,NOW
HGA,ADD,1,584.0,SOL,ETH
HGA,BBO,1,135.0,SOL,SOL
HGA,JIB,1,247.0,SOL,DJI
HGA,MGQ,2,845.0,SOL,SOX
HGA,WJR,2,972.0,SOL,KEN
HGH,AMS,2,8922.0,CHN,NLX
HGH,BHY,2,1473.0,CHN,CHN
HGH,BKI,1,2740.0,CHN,MYS
HGH,CAN,10,1038.0,CHN,CHN
HGH,CGO,10,781.0,CHN,CHN
HGH,CGQ,3,1599.0,CHN,CHN
HGH,CJJ,2,974.0,CHN,KOR
HGH,CKG,6,1329.0,CHN,CHN
HGH,CNX,1,2512.0,CHN,THA
HGH,CSX,5,736.0,CHN,CHN
HGH,CTU,9,1580.0,CHN,CHN
HGH,DAD,1,2010.0,CHN,VNM
HGH,DLC,10,977.0,CHN,CHN
HGH,DMK,1,2724.0,CHN,THA
HGH,DNH,1,2565.0,CHN,CHN
HGH,DOH,1,6693.0,CHN,QAT
HGH,DSN,1,1409.0,CHN,CHN
HGH,FOC,2,483.0,CHN,CHN
HGH,FUG,1,534.0,CHN,CHN
HGH,GYS,2,1419.0,CHN,CHN
HGH,HAK,7,1521.0,CHN,CHN
HGH,HET,4,1413.0,CHN,CHN
HGH,HKG,7,1094.0,CHN,HKG
HGH,HKT,1,3368.0,CHN,THA
HGH,HRB,3,1785.0,CHN,CHN
HGH,ICN,2,978.0,CHN,KOR
HGH,JHG,1,2164.0,CHN,CHN
HGH,JJN,4,631.0,CHN,CHN
HGH,JNZ,1,1210.0,CHN,CHN
HGH,KHH,2,851.0,CHN,TWN
HGH,KIX,2,1466.0,CHN,JPN
HGH,KMG,8,1813.0,CHN,CHN
HGH,KOW,1,738.0,CHN,CHN
HGH,KUL,1,3637.0,CHN,MYS
HGH,KWE,6,1394.0,CHN,CHN
HGH,KWL,8,1164.0,CHN,CHN
HGH,LHW,4,1707.0,CHN,CHN
HGH,LJG,5,2010.0,CHN,CHN
HGH,LYG,1,505.0,CHN,CHN
HGH,LYI,1,568.0,CHN,CHN
HGH,LZO,1,1462.0,CHN,CHN
HGH,MFM,4,1128.0,CHN,MAC
HGH,NNG,4,1485.0,CHN,CHN
HGH,NNY,1,801.0,CHN,CHN
HGH,NRT,2,1956.0,CHN,JPN
HGH,PEK,8,1150.0,CHN,CHN
HGH,PUS,2,967.0,CHN,KOR
HGH,RMQ,2,664.0,CHN,TWN
HGH,SHE,7,1298.0,CHN,CHN
HGH,SIN,1,3650.0,CHN,SGP
HGH,SJW,7,1038.0,CHN,CHN
HGH,SWA,2,838.0,CHN,CHN
HGH,SYX,8,1732.0,CHN,CHN
HGH,SZX,7,1071.0,CHN,CHN
HGH,TAO,9,671.0,CHN,CHN
HGH,TGO,1,1490.0,CHN,CHN
HGH,TNA,4,795.0,CHN,CHN
HGH,TPE,3,578.0,CHN,TWN
HGH,TSA,1,584.0,CHN,TWN
HGH,TSN,5,1028.0,CHN,CHN
HGH,TYN,5,1102.0,CHN,CHN
HGH,URC,1,3266.0,CHN,CHN
HGH,WEF,1,724.0,CHN,CHN
HGH,WUH,5,600.0,CHN,CHN
HGH,XFN,1,803.0,CHN,CHN
HGH,XIY,7,1193.0,CHN,CHN
HGH,XMN,5,672.0,CHN,CHN
HGH,YCU,2,1034.0,CHN,CHN
HGH,YIH,1,859.0,CHN,CHN
HGH,YNT,2,802.0,CHN,CHN
HGH,ZUH,1,1154.0,CHN,CHN
HGN,CNX,1,120.0,THA,THA
HGR,IAD,1,88.0,USA,USA
HGR,SFB,1,1257.0,USA,USA
HGU,GKA,1,124.0,PNX,PNX
HGU,LAE,1,281.0,PNX,PNX
HGU,MAG,1,179.0,PNX,PNX
HGU,MXH,1,131.0,PNX,PNX
HGU,POM,2,515.0,PNX,PNX
HGU,TBG,1,345.0,PNX,PNX
HGU,TIZ,1,149.0,PNX,PNX
HGU,WWK,2,259.0,PNX,PNX
HHH,CLT,2,333.0,USA,USA
HHH,DCA,2,808.0,USA,USA
HHN,ACE,1,2923.0,DEU,ESP
HHN,AGP,1,1752.0,DEU,ESP
HHN,AHO,1,1039.0,DEU,ITA
HHN,ALC,1,1438.0,DEU,ESP
HHN,BGY,1,509.0,DEU,ITA
HHN,BRI,1,1225.0,DEU,ITA
HHN,BUD,1,923.0,DEU,HUN
HHN,CAG,1,1198.0,DEU,ITA
HHN,CHQ,1,2105.0,DEU,GRC
HHN,CIA,1,995.0,DEU,ITA
HHN,CIY,1,1556.0,DEU,ITA
HHN,DUB,1,1008.0,DEU,IRL
HHN,EDI,1,974.0,DEU,SCT
HHN,FAO,1,1884.0,DEU,PRX
HHN,FEZ,1,2043.0,DEU,MAR
HHN,GRO,1,960.0,DEU,ESP
HHN,IBZ,1,1316.0,DEU,ESP
HHN,KIR,1,1196.0,DEU,IRL
HHN,KTW,1,842.0,DEU,POL
HHN,KUN,1,1265.0,DEU,LTU
HHN,LIS,1,1793.0,DEU,PRX
HHN,MPL,1,752.0,DEU,FXX
HHN,NDR,1,1861.0,DEU,MAR
HHN,OPO,1,1568.0,DEU,PRX
HHN,PDV,1,1610.0,DEU,BGR
HHN,PMI,1,1209.0,DEU,ESP
HHN,PSA,1,736.0,DEU,ITA
HHN,PSR,1,990.0,DEU,ITA
HHN,PUY,1,752.0,DEU,HRV
HHN,RAK,1,2402.0,DEU,MAR
HHN,REU,1,1087.0,DEU,ESP
HHN,RIX,1,1346.0,DEU,LVA
HHN,SCQ,1,1431.0,DEU,ESP
HHN,SDR,1,1112.0,DEU,ESP
HHN,SKG,1,1610.0,DEU,GRC
HHN,SKP,1,1417.0,DEU,MKD
HHN,SOF,1,1474.0,DEU,BGR
HHN,STN,1,537.0,DEU,ENG
HHN,SUF,1,1418.0,DEU,ITA
HHN,TFS,1,3162.0,DEU,ESP
HHN,TMP,1,1626.0,DEU,FIN
HHN,TPS,1,1401.0,DEU,ITA
HHN,TSF,1,603.0,DEU,ITA
HHN,VLC,1,1313.0,DEU,ESP
HHN,VOL,1,1707.0,DEU,GRC
HHN,XRY,1,1815.0,DEU,ESP
HHN,ZAD,1,892.0,DEU,HRV
HIA,CAN,1,1288.0,CHN,CHN
HIA,CKG,1,1263.0,CHN,CHN
HIA,DLC,1,615.0,CHN,CHN
HIA,FOC,1,875.0,CHN,CHN
HIA,HKG,1,1375.0,CHN,HKG
HIA,HRB,1,1449.0,CHN,CHN
HIA,PEK,1,735.0,CHN,CHN
HIA,SHA,1,355.0,CHN,CHN
HIA,SZX,1,1344.0,CHN,CHN
HIA,TSN,1,614.0,CHN,CHN
HIA,WNZ,1,674.0,CHN,CHN
HIA,XIY,1,957.0,CHN,CHN
HIB,MSP,1,280.0,USA,USA
HID,CNS,1,794.0,AUS,AUS
HIJ,CTS,2,1199.0,JPN,JPN
HIJ,DLC,2,1132.0,JPN,CHN
HIJ,HND,2,637.0,JPN,JPN
HIJ,ICN,3,673.0,JPN,KOR
HIJ,NRT,2,695.0,JPN,JPN
HIJ,OKA,1,1046.0,JPN,JPN
HIJ,PVG,2,1101.0,JPN,CHN
HIJ,SDJ,2,826.0,JPN,JPN
HIJ,TPE,1,1533.0,JPN,TWN
HIN,CJU,2,228.0,KOR,KOR
HIN,GMP,1,298.0,KOR,KOR
HIR,ATD,1,122.0,SLB,SLB
HIR,BNE,2,2125.0,SLB,AUS
HIR,CHY,1,503.0,SLB,SLB
HIR,EGM,1,257.0,SLB,SLB
HIR,FRE,1,156.0,SLB,SLB
HIR,GZO,1,381.0,SLB,SLB
HIR,IRA,1,232.0,SLB,SLB
HIR,KGE,1,358.0,SLB,SLB
HIR,MUA,1,330.0,SLB,SLB
HIR,NAN,2,2093.0,SLB,FJI
HIR,NNB,1,306.0,SLB,SLB
HIR,POM,1,1408.0,SLB,PNX
HIR,RBV,1,300.0,SLB,SLB
HIR,RNA,1,216.0,SLB,SLB
HIR,RNL,1,234.0,SLB,SLB
HIR,RUS,1,97.0,SLB,SLB
HIR,SCZ,1,645.0,SLB,SLB
HIR,VAO,1,251.0,SLB,SLB
HIR,VLI,3,1282.0,SLB,VUT
HJJ,CAN,1,577.0,CHN,CHN
HJJ,CSX,2,356.0,CHN,CHN
HJR,VNS,1,304.0,IND,IND
HKD,CTS,1,133.0,JPN,JPN
HKD,HND,3,697.0,JPN,JPN
HKD,ITM,1,907.0,JPN,JPN
HKD,KIX,1,951.0,JPN,JPN
HKD,NGO,1,844.0,JPN,JPN
HKD,TPE,3,2586.0,JPN,TWN
HKG,ADD,1,8107.0,HKG,ETH
HKG,ADL,1,6876.0,HKG,AUS
HKG,AKL,3,9170.0,HKG,NZL
HKG,ALA,1,4113.0,HKG,KAZ
HKG,AMS,2,9274.0,HKG,NLX
HKG,AUH,3,6007.0,HKG,ARE
HKG,BKI,5,1835.0,HKG,MYS
HKG,BKK,12,1689.0,HKG,THA
HKG,BLR,2,3955.0,HKG,IND
HKG,BNE,3,6948.0,HKG,AUS
HKG,BOM,3,4272.0,HKG,IND
HKG,BWN,2,1934.0,HKG,BRN
HKG,CAN,3,136.0,HKG,CHN
HKG,CCU,2,2614.0,HKG,IND
HKG,CDG,3,9590.0,HKG,FXX
HKG,CEB,3,1711.0,HKG,PHL
HKG,CGK,4,3259.0,HKG,IDN
HKG,CGO,3,1358.0,HKG,CHN
HKG,CJU,2,1752.0,HKG,KOR
HKG,CKG,5,1098.0,HKG,CHN
HKG,CNS,4,5568.0,HKG,AUS
HKG,CNX,4,1605.0,HKG,THA
HKG,CRK,3,1056.0,HKG,PHL
HKG,CSX,2,658.0,HKG,CHN
HKG,CTS,2,3429.0,HKG,JPN
HKG,CTU,6,1352.0,HKG,CHN
HKG,DAC,3,2409.0,HKG,BGD
HKG,DAD,2,919.0,HKG,VNM
HKG,DEL,5,3746.0,HKG,IND
HKG,DLC,2,1989.0,HKG,CHN
HKG,DME,3,7109.0,HKG,RUS
HKG,DMK,1,1686.0,HKG,THA
HKG,DOH,2,6291.0,HKG,QAT
HKG,DPS,5,3456.0,HKG,IDN
HKG,DXB,2,5920.0,HKG,ARE
HKG,EWR,3,12960.0,HKG,USA
HKG,FCO,1,9283.0,HKG,ITA
HKG,FOC,4,709.0,HKG,CHN
HKG,FRA,2,9153.0,HKG,DEU
HKG,FUK,3,2047.0,HKG,JPN
HKG,GUM,1,3404.0,HKG,GUM
HKG,HAK,4,445.0,HKG,CHN
HKG,HAN,4,846.0,HKG,VNM
HKG,HEL,1,7810.0,HKG,FIN
HKG,HFE,1,1105.0,HKG,CHN
HKG,HGH,7,1094.0,HKG,CHN
HKG,HIA,1,1375.0,HKG,CHN
HKG,HKT,5,2297.0,HKG,THA
HKG,HND,4,2903.0,HKG,JPN
HKG,HYD,1,3747.0,HKG,IND
HKG,ICN,10,2070.0,HKG,KOR
HKG,ILO,1,1569.0,HKG,PHL
HKG,IST,1,8006.0,HKG,TUR
HKG,JFK,2,12970.0,HKG,USA
HKG,JJN,2,551.0,HKG,CHN
HKG,JNB,2,10675.0,HKG,ZAF
HKG,KHH,3,662.0,HKG,TWN
HKG,KHN,1,756.0,HKG,CHN
HKG,KHV,2,3469.0,HKG,RUS
HKG,KIX,6,2476.0,HKG,JPN
HKG,KMG,4,1160.0,HKG,CHN
HKG,KOJ,1,1967.0,HKG,JPN
HKG,KTM,1,2932.0,HKG,NPL
HKG,KUL,3,2543.0,HKG,MYS
HKG,KWE,1,860.0,HKG,CHN
HKG,KWL,3,510.0,HKG,CHN
HKG,LAX,2,11664.0,HKG,USA
HKG,LHR,3,9631.0,HKG,ENG
HKG,LJG,1,1465.0,HKG,CHN
HKG,LYG,1,1447.0,HKG,CHN
HKG,MAA,1,3713.0,HKG,IND
HKG,MEL,3,7413.0,HKG,AUS
HKG,MLE,2,4789.0,HKG,MDV
HKG,MNL,4,1146.0,HKG,PHL
HKG,MRU,1,7734.0,HKG,MUS
HKG,MUC,1,9019.0,HKG,DEU
HKG,MXP,1,9357.0,HKG,ITA
HKG,MXZ,1,321.0,HKG,CHN
HKG,NAN,2,8219.0,HKG,FJI
HKG,NGB,4,1125.0,HKG,CHN
HKG,NGO,3,2625.0,HKG,JPN
HKG,NKG,6,1157.0,HKG,CHN
HKG,NNG,1,591.0,HKG,CHN
HKG,NRT,5,2962.0,HKG,JPN
HKG,OKA,3,1457.0,HKG,JPN
HKG,ORD,3,12523.0,HKG,USA
HKG,OVB,1,4464.0,HKG,RUS
HKG,PEK,6,1992.0,HKG,CHN
HKG,PEN,3,2393.0,HKG,MYS
HKG,PER,1,6036.0,HKG,AUS
HKG,PNH,1,1536.0,HKG,KHM
HKG,POM,1,5064.0,HKG,PNX
HKG,PUS,4,2043.0,HKG,KOR
HKG,PVG,7,1256.0,HKG,CHN
HKG,REP,1,1456.0,HKG,KHM
HKG,RGN,1,1955.0,HKG,MMR
HKG,RMQ,3,719.0,HKG,TWN
HKG,RUH,1,6782.0,HKG,SAU
HKG,SFO,6,11128.0,HKG,USA
HKG,SGN,4,1493.0,HKG,VNM
HKG,SHA,5,1232.0,HKG,CHN
HKG,SHE,1,2328.0,HKG,CHN
HKG,SIN,8,2566.0,HKG,SGP
HKG,SUB,1,3304.0,HKG,IDN
HKG,SVO,1,7137.0,HKG,RUS
HKG,SWA,1,299.0,HKG,CHN
HKG,SYD,3,7394.0,HKG,AUS
HKG,SYX,3,647.0,HKG,CHN
HKG,TAO,2,1672.0,HKG,CHN
HKG,TLV,1,7726.0,HKG,ISR
HKG,TNA,1,1649.0,HKG,CHN
HKG,TNN,1,650.0,HKG,TWN
HKG,TPE,6,806.0,HKG,TWN
HKG,TSN,3,1898.0,HKG,CHN
HKG,TYN,2,1721.0,HKG,CHN
HKG,ULN,2,2910.0,HKG,MNG
HKG,USM,2,2048.0,HKG,THA
HKG,VVO,2,2884.0,HKG,RUS
HKG,WNZ,3,936.0,HKG,CHN
HKG,WUH,4,943.0,HKG,CHN
HKG,WUS,1,727.0,HKG,CHN
HKG,WUX,1,1208.0,HKG,CHN
HKG,XIY,3,1440.0,HKG,CHN
HKG,XMN,5,496.0,HKG,CHN
HKG,XUZ,1,1354.0,HKG,CHN
HKG,YIH,1,949.0,HKG,CHN
HKG,YNT,1,1824.0,HKG,CHN
HKG,YNZ,1,1381.0,HKG,CHN
HKG,YVR,2,10269.0,HKG,CAN
HKG,YYZ,2,12549.0,HKG,CAN
HKG,ZHA,1,387.0,HKG,CHN
HKG,ZRH,1,9280.0,HKG,CHE
HKK,CHC,1,152.0,NZL,NZL
HKN,LAE,2,425.0,PNX,PNX
HKN,POM,2,565.0,PNX,PNX
HKN,RAB,2,252.0,PNX,PNX
HKT,AUH,2,4974.0,THA,ARE
HKT,BKK,13,674.0,THA,THA
HKT,CAN,1,2332.0,THA,CHN
HKT,CGK,1,1834.0,THA,IDN
HKT,CKG,2,2555.0,THA,CHN
HKT,CNX,2,1187.0,THA,THA
HKT,CTU,1,2566.0,THA,CHN
HKT,DME,1,7429.0,THA,RUS
HKT,DMK,4,692.0,THA,THA
HKT,DXB,1,4927.0,THA,ARE
HKT,HGH,1,3368.0,THA,CHN
HKT,HKG,5,2297.0,THA,HKG
HKT,ICN,4,4320.0,THA,KOR
HKT,KMG,1,1951.0,THA,CHN
HKT,KUL,5,705.0,THA,MYS
HKT,KWE,1,2236.0,THA,CHN
HKT,LED,1,8012.0,THA,RUS
HKT,MEL,1,7013.0,THA,AUS
HKT,MNL,1,2574.0,THA,PHL
HKT,OVB,1,5397.0,THA,RUS
HKT,PEK,2,3990.0,THA,CHN
HKT,PEN,2,381.0,THA,MYS
HKT,PER,1,4832.0,THA,AUS
HKT,PVG,4,3534.0,THA,CHN
HKT,SIN,6,980.0,THA,SGP
HKT,SVX,1,6308.0,THA,RUS
HKT,SYD,1,7267.0,THA,AUS
HKT,SZX,1,2313.0,THA,CHN
HKT,USM,1,249.0,THA,THA
HKT,UTH,1,1139.0,THA,THA
HKT,UTP,1,587.0,THA,THA
HKT,VKO,1,7475.0,THA,RUS
HLA,CPT,3,1265.0,ZAF,ZAF
HLA,DUR,1,515.0,ZAF,ZAF
HLD,CIF,1,778.0,CHN,CHN
HLD,COQ,1,398.0,CHN,MNG
HLD,HET,5,1120.0,CHN,CHN
HLD,HRB,1,626.0,CHN,CHN
HLD,HTA,1,556.0,CHN,RUS
HLD,JGD,1,334.0,CHN,CHN
HLD,NAY,2,1082.0,CHN,CHN
HLD,PEK,5,1046.0,CHN,CHN
HLD,TGO,1,654.0,CHN,CHN
HLH,HET,2,1012.0,CHN,CHN
HLH,NAY,2,846.0,CHN,CHN
HLH,PEK,2,809.0,CHN,CHN
HLH,SHE,1,520.0,CHN,CHN
HLN,DEN,1,955.0,USA,USA
HLN,GTF,1,108.0,USA,USA
HLN,MSP,1,1465.0,USA,USA
HLN,SEA,1,788.0,USA,USA
HLN,SLC,1,647.0,USA,USA
HLZ,AKL,1,107.0,NZL,NZL
HLZ,CHC,1,668.0,NZL,NZL
HLZ,PMR,1,274.0,NZL,NZL
HLZ,WLG,1,387.0,NZL,NZL
HMA,DME,1,1908.0,RUS,RUS
HMA,LBD,1,2315.0,RUS,TJK
HMA,NJC,1,399.0,RUS,RUS
HMA,OMS,1,718.0,RUS,RUS
HMA,OVB,1,1038.0,RUS,RUS
HMA,SVX,1,673.0,RUS,RUS
HMA,TJM,1,478.0,RUS,RUS
HMA,URJ,1,254.0,RUS,RUS
HMB,CAI,2,422.0,EGY,EGY
HMB,JED,2,914.0,EGY,SAU
HMB,KWI,3,1627.0,EGY,KWT
HMB,RUH,1,1506.0,EGY,SAU
HMB,SHJ,1,2379.0,EGY,ARE
HME,ALG,1,619.0,DZA,DZA
HME,CZL,1,514.0,DZA,DZA
HME,HRM,1,300.0,DZA,DZA
HME,IAM,1,525.0,DZA,DZA
HME,LGW,1,2227.0,DZA,ENG
HME,ORN,1,764.0,DZA,DZA
HMI,CGO,1,1973.0,CHN,CHN
HMI,KRL,2,633.0,CHN,CHN
HMI,PEK,2,1928.0,CHN,CHN
HMI,PVG,1,2798.0,CHN,CHN
HMI,URC,3,514.0,CHN,CHN
HMI,XIY,1,1604.0,CHN,CHN
HMO,CEN,1,224.0,MEX,MEX
HMO,CJS,1,525.0,MEX,MEX
HMO,CUL,2,598.0,MEX,MEX
HMO,CUN,1,2588.0,MEX,MEX
HMO,CUU,1,497.0,MEX,MEX
HMO,GDL,3,1232.0,MEX,MEX
HMO,LAX,2,881.0,MEX,USA
HMO,LMM,1,426.0,MEX,MEX
HMO,MEX,4,1619.0,MEX,MEX
HMO,MTY,2,1140.0,MEX,MEX
HMO,MXL,1,561.0,MEX,MEX
HMO,PHX,4,491.0,MEX,USA
HMO,TIJ,2,683.0,MEX,MEX
HMV,VHM,2,159.0,SWE,SWE
HNA,CTS,1,375.0,JPN,JPN
HNA,FUK,1,1154.0,JPN,JPN
HNA,ITM,1,722.0,JPN,JPN
HNA,NKM,1,595.0,JPN,JPN
HND,AKJ,3,931.0,JPN,JPN
HND,AOJ,1,582.0,JPN,JPN
HND,ASJ,1,1235.0,JPN,JPN
HND,AXT,2,453.0,JPN,JPN
HND,BKK,4,4589.0,JPN,THA
HND,CDG,3,9707.0,JPN,FXX
HND,CGK,2,5784.0,JPN,IDN
HND,CTS,4,820.0,JPN,JPN
HND,DPS,2,5561.0,JPN,IDN
HND,DXB,2,7935.0,JPN,ARE
HND,FRA,2,9361.0,JPN,DEU
HND,FUK,4,881.0,JPN,JPN
HND,GAJ,1,322.0,JPN,JPN
HND,GMP,4,1180.0,JPN,KOR
HND,HAC,1,271.0,JPN,JPN
HND,HAN,1,3661.0,JPN,VNM
HND,HIJ,2,637.0,JPN,JPN
HND,HKD,3,697.0,JPN,JPN
HND,HKG,4,2903.0,JPN,HKG
HND,HNL,5,6192.0,JPN,USA
HND,HSG,1,910.0,JPN,JPN
HND,ICN,3,1209.0,JPN,KOR
HND,ISG,2,1939.0,JPN,JPN
HND,ITM,2,404.0,JPN,JPN
HND,IWJ,1,733.0,JPN,JPN
HND,IWK,1,706.0,JPN,JPN
HND,IZO,1,624.0,JPN,JPN
HND,KCZ,2,602.0,JPN,JPN
HND,KIX,3,432.0,JPN,JPN
HND,KKJ,3,821.0,JPN,JPN
HND,KMI,2,872.0,JPN,JPN
HND,KMJ,2,874.0,JPN,JPN
HND,KMQ,2,318.0,JPN,JPN
HND,KOJ,3,936.0,JPN,JPN
HND,KUH,3,915.0,JPN,JPN
HND,KUL,1,5350.0,JPN,MYS
HND,LAX,3,8812.0,JPN,USA
HND,LHR,4,9591.0,JPN,ENG
HND,MBE,1,1021.0,JPN,JPN
HND,MMB,3,999.0,JPN,JPN
HND,MMY,1,1833.0,JPN,JPN
HND,MNL,2,2996.0,JPN,PHL
HND,MSJ,1,589.0,JPN,JPN
HND,MUC,2,9359.0,JPN,DEU
HND,MYJ,2,675.0,JPN,JPN
HND,NGO,1,281.0,JPN,JPN
HND,NGS,2,953.0,JPN,JPN
HND,NTQ,1,318.0,JPN,JPN
HND,OBO,3,852.0,JPN,JPN
HND,OIM,1,94.0,JPN,JPN
HND,OIT,2,772.0,JPN,JPN
HND,OKA,3,1554.0,JPN,JPN
HND,OKJ,2,546.0,JPN,JPN
HND,ONJ,1,518.0,JPN,JPN
HND,PEK,4,2092.0,JPN,CHN
HND,SEA,1,7712.0,JPN,USA
HND,SFO,2,8286.0,JPN,USA
HND,SGN,1,4324.0,JPN,VNM
HND,SHA,5,1777.0,JPN,CHN
HND,SHB,1,996.0,JPN,JPN
HND,SHM,1,455.0,JPN,JPN
HND,SIN,4,5300.0,JPN,SGP
HND,SYO,1,362.0,JPN,JPN
HND,TAK,2,546.0,JPN,JPN
HND,TKS,2,498.0,JPN,JPN
HND,TOY,1,263.0,JPN,JPN
HND,TSA,4,2097.0,JPN,TWN
HND,TTJ,1,508.0,JPN,JPN
HND,UBJ,2,797.0,JPN,JPN
HND,UKB,2,427.0,JPN,JPN
HND,WKJ,1,1109.0,JPN,JPN
HND,YGJ,2,592.0,JPN,JPN
HND,YVR,2,7559.0,JPN,CAN
HNH,GST,1,41.0,USA,USA
HNH,JNU,2,57.0,USA,USA
HNL,AKL,4,7089.0,USA,NZL
HNL,ANC,1,4474.0,USA,USA
HNL,APW,1,4200.0,USA,WSM
HNL,ATL,2,7234.0,USA,USA
HNL,BLI,1,4370.0,USA,USA
HNL,BNE,1,7552.0,USA,AUS
HNL,CXI,2,2151.0,USA,KIR
HNL,DEN,1,5408.0,USA,USA
HNL,DFW,2,6081.0,USA,USA
HNL,EWR,1,7973.0,USA,USA
HNL,FUK,2,7064.0,USA,JPN
HNL,GUM,1,6109.0,USA,GUM
HNL,HND,5,6192.0,USA,JPN
HNL,IAD,1,7740.0,USA,USA
HNL,IAH,1,6272.0,USA,USA
HNL,ICN,4,7353.0,USA,KOR
HNL,ITO,2,348.0,USA,USA
HNL,JFK,1,8007.0,USA,USA
HNL,JHM,1,136.0,USA,USA
HNL,KIX,4,6614.0,USA,JPN
HNL,KOA,2,263.0,USA,USA
HNL,LAS,2,4440.0,USA,USA
HNL,LAX,9,4108.0,USA,USA
HNL,LIH,4,163.0,USA,USA
HNL,LNY,2,117.0,USA,USA
HNL,MAJ,1,3668.0,USA,MHL
HNL,MEL,2,8875.0,USA,AUS
HNL,MKK,2,88.0,USA,USA
HNL,MNL,1,8520.0,USA,PHL
HNL,NAN,2,5107.0,USA,FJI
HNL,NGO,3,6467.0,USA,JPN
HNL,NRT,7,6136.0,USA,JPN
HNL,OAK,3,3873.0,USA,USA
HNL,OGG,5,162.0,USA,USA
HNL,ORD,1,6819.0,USA,USA
HNL,PDX,2,4188.0,USA,USA
HNL,PEK,3,8132.0,USA,CHN
HNL,PHX,3,4689.0,USA,USA
HNL,PPG,1,4203.0,USA,ASM
HNL,PPT,1,4417.0,USA,PYF
HNL,PVG,1,7914.0,USA,CHN
HNL,SAN,2,4201.0,USA,USA
HNL,SDJ,1,6081.0,USA,JPN
HNL,SEA,3,4308.0,USA,USA
HNL,SFO,3,3857.0,USA,USA
HNL,SJC,2,3886.0,USA,USA
HNL,SLC,1,4813.0,USA,USA
HNL,SMF,1,3959.0,USA,USA
HNL,SYD,5,8171.0,USA,AUS
HNL,TPE,2,8144.0,USA,TWN
HNL,YVR,3,4354.0,USA,CAN
HNM,OGG,1,45.0,USA,USA
HNS,JNU,2,113.0,USA,USA
HNS,SGY,2,27.0,USA,USA
HOB,IAH,1,806.0,USA,USA
HOD,AMM,1,2016.0,YEM,JOR
HOD,CAI,1,2079.0,YEM,EGY
HOD,JED,1,869.0,YEM,SAU
HOD,SAH,2,156.0,YEM,YEM
HOE,VTE,1,337.0,LAO,LAO
HOF,JED,1,1127.0,SAU,SAU
HOF,RUH,1,283.0,SAU,SAU
HOF,SHJ,1,606.0,SAU,ARE
HOG,CUN,1,1097.0,CUB,MEX
HOG,FRA,1,7895.0,CUB,DEU
HOG,HAV,1,675.0,CUB,CUB
HOG,MAN,1,7118.0,CUB,ENG
HOG,MBJ,1,304.0,CUB,JAM
HOG,MXP,1,7998.0,CUB,ITA
HOG,YUL,3,2755.0,CUB,CAN
HOG,YYZ,2,2564.0,CUB,CAN
HOI,GMR,1,841.0,PYF,PYF
HOI,MKP,1,332.0,PYF,PYF
HOM,ANC,2,188.0,USA,USA
HON,PIR,3,164.0,USA,USA
HOR,CVU,1,243.0,PAZ,PAZ
HOR,FLW,1,233.0,PAZ,PAZ
HOR,LIS,2,1697.0,PAZ,PRX
HOR,PDL,1,278.0,PAZ,PAZ
HOR,TER,1,144.0,PAZ,PAZ
HOT,ELD,1,142.0,USA,USA
HOT,MEM,1,292.0,USA,USA
HOU,ABQ,1,1221.0,USA,USA
HOU,ATL,6,1118.0,USA,USA
HOU,AUS,2,238.0,USA,USA
HOU,BHM,1,917.0,USA,USA
HOU,BKG,1,790.0,USA,USA
HOU,BNA,1,1078.0,USA,USA
HOU,BOS,2,2587.0,USA,USA
HOU,BWI,2,2003.0,USA,USA
HOU,CHS,2,1491.0,USA,USA
HOU,CLT,2,1479.0,USA,USA
HOU,CRP,2,301.0,USA,USA
HOU,DAL,2,386.0,USA,USA
HOU,DCA,1,1959.0,USA,USA
HOU,DEN,2,1422.0,USA,USA
HOU,DFW,2,398.0,USA,USA
HOU,ECP,1,916.0,USA,USA
HOU,ELP,1,1087.0,USA,USA
HOU,EWR,1,2269.0,USA,USA
HOU,FLL,1,1538.0,USA,USA
HOU,GSP,2,1358.0,USA,USA
HOU,HRL,2,446.0,USA,USA
HOU,IND,1,1387.0,USA,USA
HOU,ISP,1,2355.0,USA,USA
HOU,JAN,1,578.0,USA,USA
HOU,JAX,1,1310.0,USA,USA
HOU,JFK,1,2296.0,USA,USA
HOU,LAS,2,1985.0,USA,USA
HOU,LAX,2,2232.0,USA,USA
HOU,LGA,1,2296.0,USA,USA
HOU,LIT,2,634.0,USA,USA
HOU,MAF,1,709.0,USA,USA
HOU,MCI,2,1075.0,USA,USA
HOU,MCO,2,1364.0,USA,USA
HOU,MDW,2,1510.0,USA,USA
HOU,MEM,1,780.0,USA,USA
HOU,MSY,2,486.0,USA,USA
HOU,OAK,1,2638.0,USA,USA
HOU,OKC,2,675.0,USA,USA
HOU,PHX,2,1639.0,USA,USA
HOU,PIT,1,1820.0,USA,USA
HOU,PNS,1,784.0,USA,USA
HOU,PVD,1,2526.0,USA,USA
HOU,RDU,2,1688.0,USA,USA
HOU,SAN,1,2108.0,USA,USA
HOU,SAT,1,309.0,USA,USA
HOU,SNA,2,2180.0,USA,USA
HOU,STL,1,1108.0,USA,USA
HOU,TPA,2,1255.0,USA,USA
HOU,TUL,2,731.0,USA,USA
HOV,BGO,1,215.0,NOW,NOW
HOV,FRO,1,86.0,NOW,NOW
HOV,OSL,1,352.0,NOW,NOW
HOV,SOG,1,127.0,NOW,NOW
HPB,SCM,1,47.0,USA,USA
HPB,VAK,1,29.0,USA,USA
HPH,DAD,1,553.0,VNM,VNM
HPH,SGN,3,1112.0,VNM,VNM
HPN,ACK,1,306.0,USA,USA
HPN,ATL,3,1255.0,USA,USA
HPN,CLT,2,907.0,USA,USA
HPN,DCA,2,376.0,USA,USA
HPN,DTW,1,811.0,USA,USA
HPN,FLL,1,1770.0,USA,USA
HPN,HYA,1,294.0,USA,USA
HPN,LEB,1,307.0,USA,USA
HPN,MCO,2,1566.0,USA,USA
HPN,MVY,1,261.0,USA,USA
HPN,ORD,3,1185.0,USA,USA
HPN,PBI,1,1703.0,USA,USA
HPN,PHL,2,186.0,USA,USA
HPN,RSW,1,1777.0,USA,USA
HPN,TPA,1,1663.0,USA,USA
HRB,CAN,3,2734.0,CHN,CHN
HRB,CGO,7,1621.0,CHN,CHN
HRB,CIF,1,698.0,CHN,CHN
HRB,CJU,1,1347.0,CHN,KOR
HRB,CSX,1,2252.0,CHN,CHN
HRB,CTU,2,2555.0,CHN,CHN
HRB,CZX,3,1622.0,CHN,CHN
HRB,DLC,3,835.0,CHN,CHN
HRB,DOY,1,1094.0,CHN,CHN
HRB,DSN,1,1502.0,CHN,CHN
HRB,FOC,2,2266.0,CHN,CHN
HRB,HEK,2,512.0,CHN,CHN
HRB,HET,2,1281.0,CHN,CHN
HRB,HFE,2,1722.0,CHN,CHN
HRB,HGH,3,1785.0,CHN,CHN
HRB,HIA,1,1449.0,CHN,CHN
HRB,HKG,1,2823.0,CHN,HKG
HRB,HLD,1,626.0,CHN,CHN
HRB,ICN,2,907.0,CHN,KOR
HRB,IKT,1,1750.0,CHN,RUS
HRB,JGD,2,551.0,CHN,CHN
HRB,JMU,1,351.0,CHN,CHN
HRB,JNG,1,1419.0,CHN,CHN
HRB,JXA,1,387.0,CHN,CHN
HRB,KHN,3,2072.0,CHN,CHN
HRB,KHV,2,749.0,CHN,RUS
HRB,KIJ,1,1363.0,CHN,JPN
HRB,KIX,1,1459.0,CHN,JPN
HRB,LDS,1,317.0,CHN,CHN
HRB,NAY,2,1034.0,CHN,CHN
HRB,NGB,2,1805.0,CHN,CHN
HRB,NKG,3,1670.0,CHN,CHN
HRB,NZH,1,799.0,CHN,CHN
HRB,OHE,1,856.0,CHN,CHN
HRB,OVB,1,3207.0,CHN,RUS
HRB,PEK,6,999.0,CHN,CHN
HRB,PVG,5,1655.0,CHN,CHN
HRB,SJW,3,1254.0,CHN,CHN
HRB,SVX,1,4536.0,CHN,RUS
HRB,SZX,3,2793.0,CHN,CHN
HRB,TAO,6,1151.0,CHN,CHN
HRB,TGO,2,394.0,CHN,CHN
HRB,TNA,7,1231.0,CHN,CHN
HRB,TPE,2,2328.0,CHN,TWN
HRB,TSN,8,1027.0,CHN,CHN
HRB,TYN,2,1427.0,CHN,CHN
HRB,UUS,1,1272.0,CHN,RUS
HRB,WNZ,1,2026.0,CHN,CHN
HRB,WUH,1,1952.0,CHN,CHN
HRB,XIY,5,1932.0,CHN,CHN
HRB,XUZ,1,1483.0,CHN,CHN
HRB,YCU,1,1734.0,CHN,CHN
HRB,YIW,1,1890.0,CHN,CHN
HRB,YKS,1,1845.0,CHN,RUS
HRB,YNT,5,1000.0,CHN,CHN
HRB,YNZ,2,1451.0,CHN,CHN
HRB,YTY,1,1556.0,CHN,CHN
HRE,ADD,2,3110.0,ZWE,ETH
HRE,BUQ,1,349.0,ZWE,ZWE
HRE,DAR,1,1511.0,ZWE,TZA
HRE,DUR,1,1299.0,ZWE,ZAF
HRE,GBE,1,911.0,ZWE,BWA
HRE,JNB,3,959.0,ZWE,ZAF
HRE,LLW,1,543.0,ZWE,MWI
HRE,LUN,11,403.0,ZWE,ZMB
HRE,NBO,3,1954.0,ZWE,KEN
HRE,VFA,1,556.0,ZWE,ZWE
HRE,WDH,1,1508.0,ZWE,NAM
HRG,BHX,1,4065.0,EGY,ENG
HRG,BSL,1,3216.0,EGY,FXX
HRG,CAI,2,402.0,EGY,EGY
HRG,CGN,1,3461.0,EGY,DEU
HRG,DME,1,3157.0,EGY,RUS
HRG,DRS,1,3152.0,EGY,DEU
HRG,DUS,4,3511.0,EGY,DEU
HRG,FRA,1,3324.0,EGY,DEU
HRG,GVA,1,3223.0,EGY,CHE
HRG,HAM,1,3530.0,EGY,DEU
HRG,HBE,1,576.0,EGY,EGY
HRG,IST,2,1634.0,EGY,TUR
HRG,LEJ,1,3246.0,EGY,DEU
HRG,LGW,5,3900.0,EGY,ENG
HRG,MAN,4,4146.0,EGY,ENG
HRG,MUC,1,3025.0,EGY,DEU
HRG,NUE,1,3150.0,EGY,DEU
HRG,OVB,1,4979.0,EGY,RUS
HRG,SSH,1,106.0,EGY,EGY
HRG,SVO,1,3215.0,EGY,RUS
HRG,SVX,1,3920.0,EGY,RUS
HRG,SZG,1,2917.0,EGY,AUT
HRG,TXL,1,3295.0,EGY,DEU
HRG,VIE,2,2764.0,EGY,AUT
HRG,VKO,1,3172.0,EGY,RUS
HRG,ZRH,2,3146.0,EGY,CHE
HRI,CMB,3,169.0,LKA,LKA
HRI,JED,2,4820.0,LKA,SAU
HRI,PEK,1,5156.0,LKA,CHN
HRI,PVG,1,5052.0,LKA,CHN
HRK,DXB,1,3197.0,UKR,ARE
HRK,KBP,1,387.0,UKR,UKR
HRK,KUT,1,984.0,UKR,GEG
HRK,LCA,1,1687.0,UKR,CYP
HRK,SAW,1,1141.0,UKR,TUR
HRK,SHJ,1,3196.0,UKR,ARE
HRK,SVO,1,677.0,UKR,RUS
HRK,VIE,2,1448.0,UKR,AUT
HRK,WAW,1,1098.0,UKR,POL
HRL,AUS,1,441.0,USA,USA
HRL,DAL,1,740.0,USA,USA
HRL,HOU,2,446.0,USA,USA
HRL,IAH,1,475.0,USA,USA
HRL,MAF,1,774.0,USA,USA
HRL,SAT,1,376.0,USA,USA
HRM,ALG,1,418.0,DZA,DZA
HRM,HME,1,300.0,DZA,DZA
HRO,MCI,1,364.0,USA,USA
HRO,MEM,1,318.0,USA,USA
HSG,HND,1,910.0,JPN,JPN
HSG,ICN,1,594.0,JPN,KOR
HSG,PVG,1,830.0,JPN,CHN
HSL,GAL,1,110.0,USA,USA
HSL,HUS,1,102.0,USA,USA
HSL,KYU,1,112.0,USA,USA
HSL,RBY,1,115.0,USA,USA
HSN,JJN,4,682.0,CHN,CHN
HSN,LYG,1,611.0,CHN,CHN
HSN,NAY,2,1222.0,CHN,CHN
HSN,PEK,2,1244.0,CHN,CHN
HSN,PVG,1,145.0,CHN,CHN
HSN,SZX,1,1176.0,CHN,CHN
HSN,XMN,2,731.0,CHN,CHN
HSV,ATL,5,243.0,USA,USA
HSV,CLT,2,535.0,USA,USA
HSV,DCA,2,985.0,USA,USA
HSV,DEN,1,1684.0,USA,USA
HSV,DFW,2,968.0,USA,USA
HSV,DTW,1,893.0,USA,USA
HSV,IAD,1,957.0,USA,USA
HSV,IAH,1,956.0,USA,USA
HSV,ORD,3,822.0,USA,USA
HTA,BQS,1,997.0,RUS,RUS
HTA,DME,2,4728.0,RUS,RUS
HTA,HLD,1,556.0,RUS,CHN
HTA,IKT,2,609.0,RUS,RUS
HTA,KHV,1,1596.0,RUS,RUS
HTA,NZH,1,393.0,RUS,CHN
HTA,OVB,1,2037.0,RUS,RUS
HTA,SVO,1,4726.0,RUS,RUS
HTA,UUD,1,403.0,RUS,RUS
HTI,BNE,2,888.0,AUS,AUS
HTI,CNS,1,512.0,AUS,AUS
HTI,MEL,2,1966.0,AUS,AUS
HTI,SYD,2,1527.0,AUS,AUS
HTN,URC,6,998.0,CHN,CHN
HTS,CLT,2,379.0,USA,USA
HTS,MYR,1,615.0,USA,USA
HTS,PIE,1,1163.0,USA,USA
HTS,SFB,1,1073.0,USA,USA
HTY,ADB,1,834.0,TUR,TUR
HTY,ECN,1,285.0,TUR,CYN
HTY,ESB,1,508.0,TUR,TUR
HTY,IST,1,850.0,TUR,TUR
HTY,JED,1,1656.0,TUR,SAU
HTY,MED,1,1353.0,TUR,SAU
HTY,RUH,1,1610.0,TUR,SAU
HTY,SAW,2,788.0,TUR,TUR
HUH,BOB,1,82.0,PYF,PYF
HUH,MOZ,1,161.0,PYF,PYF
HUH,PPT,1,179.0,PYF,PYF
HUH,RFP,1,47.0,PYF,PYF
HUI,HAN,2,572.0,VNM,VNM
HUI,SGN,2,631.0,VNM,VNM
HUN,KHH,1,206.0,TWN,TWN
HUN,RMQ,1,105.0,TWN,TWN
HUN,TNA,1,1488.0,TWN,CHN
HUN,TSA,1,117.0,TWN,TWN
HUS,FAI,1,326.0,USA,USA
HUU,LIM,2,258.0,PER,PER
HUX,IAH,1,1583.0,MEX,USA
HUX,MEX,2,504.0,MEX,MEX
HUY,ABZ,1,420.0,ENG,SCT
HUY,AMS,2,370.0,ENG,NLX
HUY,JER,1,502.0,ENG,JEY
HUY,NWI,1,148.0,ENG,ENG
HVB,BNE,1,231.0,AUS,AUS
HVB,SYD,1,973.0,AUS,AUS
HVD,ULN,1,1127.0,MNG,MNG
HVG,BVG,1,112.0,NOW,NOW
HVG,HFT,1,92.0,NOW,NOW
HVG,MEH,1,67.0,NOW,NOW
HVN,PHL,2,252.0,USA,USA
HVR,BIL,1,318.0,USA,USA
HYA,ACK,1,50.0,USA,USA
HYA,BOS,1,98.0,USA,USA
HYD,AMD,3,888.0,IND,IND
HYD,AUH,2,2593.0,IND,ARE
HYD,BBI,1,847.0,IND,IND
HYD,BKK,1,2423.0,IND,THA
HYD,BLR,5,455.0,IND,IND
HYD,BOM,5,623.0,IND,IND
HYD,CCU,3,1208.0,IND,IND
HYD,CJB,1,706.0,IND,IND
HYD,COK,2,817.0,IND,IND
HYD,DEL,5,1268.0,IND,IND
HYD,DMM,1,3120.0,IND,SAU
HYD,DOH,1,2914.0,IND,QAT
HYD,DXB,3,2547.0,IND,ARE
HYD,GOI,2,532.0,IND,IND
HYD,HKG,1,3747.0,IND,HKG
HYD,IDR,1,669.0,IND,IND
HYD,IXM,1,823.0,IND,IND
HYD,JAI,1,1100.0,IND,IND
HYD,JED,2,4137.0,IND,SAU
HYD,KUL,2,3009.0,IND,MYS
HYD,LHR,2,7754.0,IND,ENG
HYD,MAA,5,507.0,IND,IND
HYD,MCT,2,2213.0,IND,OMN
HYD,PNQ,5,500.0,IND,IND
HYD,RJA,3,360.0,IND,IND
HYD,RPR,1,560.0,IND,IND
HYD,RUH,1,3393.0,IND,SAU
HYD,SHJ,2,2534.0,IND,ARE
HYD,SIN,3,3306.0,IND,SGP
HYD,TIR,2,418.0,IND,IND
HYD,VGA,2,264.0,IND,IND
HYD,VTZ,3,511.0,IND,IND
HYG,KTN,1,72.0,USA,USA
HYN,CAN,3,995.0,CHN,CHN
HYN,CKG,2,1441.0,CHN,CHN
HYN,CSX,2,804.0,CHN,CHN
HYN,PEK,2,1355.0,CHN,CHN
HYN,SZX,2,1008.0,CHN,CHN
HYN,WUH,1,740.0,CHN,CHN
HYN,ZUH,2,1089.0,CHN,CHN
HZH,CAN,1,530.0,CHN,CHN
HZH,KWE,2,235.0,CHN,CHN
IAA,KJA,1,1289.0,RUS,RUS
IAD,ADD,1,11563.0,USA,ETH
IAD,ALB,1,523.0,USA,USA
IAD,AMS,4,6207.0,USA,NLX
IAD,AOO,1,168.0,USA,USA
IAD,ATL,9,859.0,USA,USA
IAD,AUA,1,3031.0,USA,ABW
IAD,AUH,2,11387.0,USA,ARE
IAD,AUS,1,2084.0,USA,USA
IAD,BDL,1,523.0,USA,USA
IAD,BGM,1,384.0,USA,USA
IAD,BKW,1,345.0,USA,USA
IAD,BNA,1,871.0,USA,USA
IAD,BOG,2,3822.0,USA,COL
IAD,BOS,2,664.0,USA,USA
IAD,BRU,3,6247.0,USA,BFR
IAD,BTV,1,711.0,USA,USA
IAD,BUF,1,457.0,USA,USA
IAD,CAE,1,646.0,USA,USA
IAD,CDG,5,6198.0,USA,FXX
IAD,CHO,1,125.0,USA,USA
IAD,CHS,1,711.0,USA,USA
IAD,CLE,1,463.0,USA,USA
IAD,CLT,3,517.0,USA,USA
IAD,CMH,1,481.0,USA,USA
IAD,COS,1,2350.0,USA,USA
IAD,CPH,1,6539.0,USA,DNK
IAD,CRW,1,365.0,USA,USA
IAD,CUN,1,2185.0,USA,MEX
IAD,CVG,1,623.0,USA,USA
IAD,DAY,1,590.0,USA,USA
IAD,DEN,3,2332.0,USA,USA
IAD,DFW,3,1882.0,USA,USA
IAD,DKR,3,6401.0,USA,SEN
IAD,DOH,2,11127.0,USA,QAT
IAD,DTW,2,616.0,USA,USA
IAD,DUB,2,5464.0,USA,IRL
IAD,DXB,3,11355.0,USA,ARE
IAD,EWR,1,341.0,USA,USA
IAD,FAY,1,457.0,USA,USA
IAD,FCO,1,7232.0,USA,ITA
IAD,FLL,1,1453.0,USA,USA
IAD,FRA,2,6551.0,USA,DEU
IAD,GCM,1,2217.0,USA,CYM
IAD,GRR,1,806.0,USA,USA
IAD,GRU,1,7649.0,USA,BRA
IAD,GSO,1,385.0,USA,USA
IAD,GSP,1,618.0,USA,USA
IAD,GUA,1,2996.0,USA,GTM
IAD,GVA,2,6566.0,USA,CHE
IAD,HGR,1,88.0,USA,USA
IAD,HNL,1,7740.0,USA,USA
IAD,HSV,1,957.0,USA,USA
IAD,IAH,1,1913.0,USA,USA
IAD,ICN,2,11173.0,USA,KOR
IAD,IND,1,765.0,USA,USA
IAD,IST,2,8388.0,USA,TUR
IAD,JAX,1,1016.0,USA,USA
IAD,JED,1,10592.0,USA,SAU
IAD,JFK,3,366.0,USA,USA
IAD,JST,1,193.0,USA,USA
IAD,KEF,1,4495.0,USA,ISL
IAD,KWI,1,10559.0,USA,KWT
IAD,LAS,1,3316.0,USA,USA
IAD,LAX,4,3674.0,USA,USA
IAD,LGA,1,367.0,USA,USA
IAD,LGB,1,3657.0,USA,USA
IAD,LHR,8,5902.0,USA,ENG
IAD,LNS,1,164.0,USA,USA
IAD,LWB,1,284.0,USA,USA
IAD,MAN,1,5722.0,USA,ENG
IAD,MBJ,1,2273.0,USA,JAM
IAD,MCI,1,1487.0,USA,USA
IAD,MCO,1,1222.0,USA,USA
IAD,MDT,1,151.0,USA,USA
IAD,MDW,2,927.0,USA,USA
IAD,MEX,3,3002.0,USA,MEX
IAD,MGW,1,226.0,USA,USA
IAD,MIA,3,1486.0,USA,USA
IAD,MSP,2,1459.0,USA,USA
IAD,MSY,3,1536.0,USA,USA
IAD,MUC,2,6843.0,USA,DEU
IAD,NRT,2,10845.0,USA,JPN
IAD,OKC,1,1824.0,USA,USA
IAD,OMA,1,1586.0,USA,USA
IAD,ORD,1,945.0,USA,USA
IAD,ORF,1,253.0,USA,USA
IAD,PDX,1,3736.0,USA,USA
IAD,PEK,2,11113.0,USA,CHN
IAD,PHL,1,216.0,USA,USA
IAD,PHX,1,3142.0,USA,USA
IAD,PIT,1,293.0,USA,USA
IAD,PTY,2,3327.0,USA,PAN
IAD,PUJ,1,2430.0,USA,DOM
IAD,PVD,1,598.0,USA,USA
IAD,PWM,1,793.0,USA,USA
IAD,RDU,1,361.0,USA,USA
IAD,RIC,1,160.0,USA,USA
IAD,ROA,1,285.0,USA,USA
IAD,ROC,1,465.0,USA,USA
IAD,RUH,1,10842.0,USA,SAU
IAD,SAL,2,3057.0,USA,SLV
IAD,SAN,1,3618.0,USA,USA
IAD,SAT,1,2189.0,USA,USA
IAD,SAV,1,830.0,USA,USA
IAD,SCE,1,214.0,USA,USA
IAD,SDF,1,725.0,USA,USA
IAD,SEA,1,3702.0,USA,USA
IAD,SFO,2,3883.0,USA,USA
IAD,SHD,1,146.0,USA,USA
IAD,SJO,1,3288.0,USA,CRI
IAD,SJU,1,2534.0,USA,PRI
IAD,SMF,1,3785.0,USA,USA
IAD,STL,1,1118.0,USA,USA
IAD,STT,1,2589.0,USA,VIR
IAD,SVO,2,7812.0,USA,RUS
IAD,SXM,1,2706.0,USA,SXM
IAD,SYR,1,477.0,USA,USA
IAD,TPA,2,1307.0,USA,USA
IAD,TUL,1,1650.0,USA,USA
IAD,TYS,1,674.0,USA,USA
IAD,VIE,2,7165.0,USA,AUT
IAD,YOW,2,724.0,USA,CAN
IAD,YTZ,1,545.0,USA,CAN
IAD,YUL,2,787.0,USA,CAN
IAD,YYZ,2,557.0,USA,CAN
IAD,ZRH,2,6673.0,USA,CHE
IAG,FLL,1,1897.0,USA,USA
IAG,MYR,1,1048.0,USA,USA
IAG,PGD,1,1821.0,USA,USA
IAG,PIE,1,1723.0,USA,USA
IAG,SFB,1,1607.0,USA,USA
IAH,ABQ,1,1196.0,USA,USA
IAH,ACA,1,1538.0,USA,MEX
IAH,ACY,1,2163.0,USA,USA
IAH,AEX,1,306.0,USA,USA
IAH,AGU,1,1155.0,USA,MEX
IAH,AMA,1,833.0,USA,USA
IAH,AMS,4,8049.0,USA,NLX
IAH,ATL,9,1108.0,USA,USA
IAH,AUS,1,225.0,USA,USA
IAH,BFL,1,2294.0,USA,USA
IAH,BHM,1,904.0,USA,USA
IAH,BJX,1,1174.0,USA,MEX
IAH,BNA,1,1057.0,USA,USA
IAH,BOG,2,3585.0,USA,COL
IAH,BON,1,3424.0,USA,NLY
IAH,BOS,1,2568.0,USA,USA
IAH,BRO,1,497.0,USA,USA
IAH,BTR,1,407.0,USA,USA
IAH,BWI,1,1986.0,USA,USA
IAH,BZE,1,1557.0,USA,BLZ
IAH,CAE,1,1410.0,USA,USA
IAH,CCS,1,3640.0,USA,VEN
IAH,CDG,3,8071.0,USA,FXX
IAH,CHS,1,1486.0,USA,USA
IAH,CLE,1,1756.0,USA,USA
IAH,CLL,1,119.0,USA,USA
IAH,CLT,3,1467.0,USA,USA
IAH,CME,1,1310.0,USA,MEX
IAH,CMH,1,1586.0,USA,USA
IAH,COS,1,1302.0,USA,USA
IAH,CRP,1,324.0,USA,USA
IAH,CRW,1,1569.0,USA,USA
IAH,CUN,2,1307.0,USA,MEX
IAH,CUU,1,1039.0,USA,MEX
IAH,CVG,2,1402.0,USA,USA
IAH,CZM,1,1349.0,USA,MEX
IAH,DAL,1,349.0,USA,USA
IAH,DCA,1,1942.0,USA,USA
IAH,DEN,3,1387.0,USA,USA
IAH,DFW,3,362.0,USA,USA
IAH,DGO,1,1118.0,USA,MEX
IAH,DME,2,9532.0,USA,RUS
IAH,DOH,3,12933.0,USA,QAT
IAH,DSM,1,1293.0,USA,USA
IAH,DTW,3,1731.0,USA,USA
IAH,DXB,2,13125.0,USA,ARE
IAH,ELP,1,1072.0,USA,USA
IAH,EWR,1,2251.0,USA,USA
IAH,EZE,1,8173.0,USA,ARG
IAH,FLL,1,1552.0,USA,USA
IAH,FRA,2,8403.0,USA,DEU
IAH,GCM,1,1844.0,USA,CYM
IAH,GDL,1,1322.0,USA,MEX
IAH,GIG,1,8088.0,USA,BRA
IAH,GJT,1,1575.0,USA,USA
IAH,GPT,1,604.0,USA,USA
IAH,GRK,1,267.0,USA,USA
IAH,GRR,1,1679.0,USA,USA
IAH,GRU,1,7905.0,USA,BRA
IAH,GSP,1,1346.0,USA,USA
IAH,GUA,1,1782.0,USA,GTM
IAH,HNL,1,6272.0,USA,USA
IAH,HOB,1,806.0,USA,USA
IAH,HRL,1,475.0,USA,USA
IAH,HSV,1,956.0,USA,USA
IAH,HUX,1,1583.0,USA,MEX
IAH,IAD,1,1913.0,USA,USA
IAH,ICN,1,11346.0,USA,KOR
IAH,ICT,1,874.0,USA,USA
IAH,IND,1,1360.0,USA,USA
IAH,IST,2,10232.0,USA,TUR
IAH,JAN,1,564.0,USA,USA
IAH,JAX,1,1312.0,USA,USA
IAH,LAS,2,1963.0,USA,USA
IAH,LAX,5,2215.0,USA,USA
IAH,LBB,1,736.0,USA,USA
IAH,LCH,1,204.0,USA,USA
IAH,LEX,1,1333.0,USA,USA
IAH,LFT,1,324.0,USA,USA
IAH,LGA,2,2277.0,USA,USA
IAH,LHR,6,7763.0,USA,ENG
IAH,LIM,1,5062.0,USA,PER
IAH,LIR,1,2383.0,USA,CRI
IAH,LIT,1,603.0,USA,USA
IAH,LOS,1,10469.0,USA,NGA
IAH,LRD,1,485.0,USA,USA
IAH,MAF,1,689.0,USA,USA
IAH,MBJ,1,2175.0,USA,JAM
IAH,MCI,1,1037.0,USA,USA
IAH,MCO,2,1372.0,USA,USA
IAH,MEM,2,754.0,USA,USA
IAH,MEX,4,1232.0,USA,MEX
IAH,MFE,1,510.0,USA,USA
IAH,MGA,1,2198.0,USA,NIC
IAH,MIA,3,1549.0,USA,USA
IAH,MID,1,1156.0,USA,MEX
IAH,MKE,1,1586.0,USA,USA
IAH,MLM,1,1264.0,USA,MEX
IAH,MLU,1,421.0,USA,USA
IAH,MOB,1,686.0,USA,USA
IAH,MSP,3,1667.0,USA,USA
IAH,MSY,4,490.0,USA,USA
IAH,MTY,2,662.0,USA,MEX
IAH,MUC,1,8699.0,USA,DEU
IAH,NAS,1,1844.0,USA,BHS
IAH,NRT,2,10669.0,USA,JPN
IAH,OAX,1,1451.0,USA,MEX
IAH,OKC,1,637.0,USA,USA
IAH,OMA,1,1260.0,USA,USA
IAH,ONT,1,2142.0,USA,USA
IAH,ORD,4,1491.0,USA,USA
IAH,ORF,1,1930.0,USA,USA
IAH,PBC,1,1242.0,USA,MEX
IAH,PBI,1,1535.0,USA,USA
IAH,PDX,1,2934.0,USA,USA
IAH,PEK,2,11556.0,USA,CHN
IAH,PHL,3,2129.0,USA,USA
IAH,PHX,3,1621.0,USA,USA
IAH,PIT,1,1797.0,USA,USA
IAH,PNS,1,785.0,USA,USA
IAH,POS,1,4124.0,USA,TTO
IAH,PSP,1,2039.0,USA,USA
IAH,PTY,2,2856.0,USA,PAN
IAH,PVR,1,1435.0,USA,MEX
IAH,QRO,1,1149.0,USA,MEX
IAH,RDU,1,1675.0,USA,USA
IAH,RIC,1,1860.0,USA,USA
IAH,RSW,1,1384.0,USA,USA
IAH,RTB,1,1765.0,USA,HND
IAH,SAL,3,1950.0,USA,SLV
IAH,SAN,1,2093.0,USA,USA
IAH,SAP,1,1785.0,USA,HND
IAH,SAT,1,306.0,USA,USA
IAH,SAV,1,1367.0,USA,USA
IAH,SDF,1,1268.0,USA,USA
IAH,SEA,3,3013.0,USA,USA
IAH,SFO,2,2627.0,USA,USA
IAH,SHV,1,309.0,USA,USA
IAH,SJC,1,2583.0,USA,USA
IAH,SJD,1,1617.0,USA,MEX
IAH,SJO,1,2505.0,USA,CRI
IAH,SJU,1,3228.0,USA,PRI
IAH,SLC,2,1922.0,USA,USA
IAH,SLP,1,1024.0,USA,MEX
IAH,SLW,1,738.0,USA,MEX
IAH,SMF,1,2586.0,USA,USA
IAH,SNA,1,2163.0,USA,USA
IAH,STL,1,1076.0,USA,USA
IAH,TAM,1,891.0,USA,MEX
IAH,TGU,1,1957.0,USA,HND
IAH,TPA,1,1265.0,USA,USA
IAH,TRC,1,933.0,USA,MEX
IAH,TUL,1,693.0,USA,USA
IAH,TUS,1,1503.0,USA,USA
IAH,TYR,1,264.0,USA,USA
IAH,TYS,1,1241.0,USA,USA
IAH,UIO,1,3801.0,USA,ECU
IAH,VCT,1,198.0,USA,USA
IAH,VER,1,1208.0,USA,MEX
IAH,VPS,1,849.0,USA,USA
IAH,VSA,1,1357.0,USA,MEX
IAH,XNA,1,707.0,USA,USA
IAH,YEG,2,2984.0,USA,CAN
IAH,YUL,2,2549.0,USA,CAN
IAH,YVR,1,3169.0,USA,CAN
IAH,YYC,2,2813.0,USA,CAN
IAH,YYZ,2,2060.0,USA,CAN
IAH,ZIH,1,1510.0,USA,MEX
IAH,ZLO,1,1522.0,USA,MEX
IAM,HME,1,525.0,DZA,DZA
IAM,OGX,1,592.0,DZA,DZA
IAN,ORV,2,31.0,USA,USA
IAN,OTZ,2,95.0,USA,USA
IAO,CEB,1,228.0,PHL,PHL
IAR,LED,1,623.0,RUS,RUS
IAS,BLQ,2,1296.0,ROU,ITA
IAS,FCO,2,1356.0,ROU,ITA
IAS,LTN,1,2072.0,ROU,ENG
IAS,OTP,2,313.0,ROU,ROU
IAS,TLV,1,1796.0,ROU,ISR
IAS,TRN,2,1549.0,ROU,ITA
IAS,VIE,2,834.0,ROU,AUT
IBA,ABV,1,405.0,NGA,NGA
IBE,BOG,2,114.0,COL,COL
IBE,EOH,1,206.0,COL,COL
IBR,CTS,1,741.0,JPN,JPN
IBR,FUK,1,953.0,JPN,JPN
IBR,NGO,1,358.0,JPN,JPN
IBR,PVG,1,1808.0,JPN,CHN
IBR,UKB,1,501.0,JPN,JPN
IBZ,AGP,1,571.0,ESP,ESP
IBZ,ALC,2,180.0,ESP,ESP
IBZ,AMS,3,1517.0,ESP,NLX
IBZ,BCN,3,276.0,ESP,ESP
IBZ,BGY,1,1020.0,ESP,ITA
IBZ,BHX,1,1529.0,ESP,ENG
IBZ,BIO,2,609.0,ESP,ESP
IBZ,BLQ,1,1035.0,ESP,ITA
IBZ,BOH,1,1348.0,ESP,ENG
IBZ,BRE,1,1675.0,ESP,DEU
IBZ,BRN,1,1023.0,ESP,CHE
IBZ,BRS,1,1427.0,ESP,ENG
IBZ,BRU,3,1359.0,ESP,BFR
IBZ,BSL,1,1089.0,ESP,FXX
IBZ,CGN,2,1408.0,ESP,DEU
IBZ,CIA,1,1004.0,ESP,ITA
IBZ,CRL,1,1311.0,ESP,BWR
IBZ,DUB,2,1719.0,ESP,IRL
IBZ,DUS,3,1443.0,ESP,DEU
IBZ,EIN,2,1433.0,ESP,NLX
IBZ,EMA,3,1566.0,ESP,ENG
IBZ,FDH,1,1178.0,ESP,DEU
IBZ,FMO,1,1553.0,ESP,DEU
IBZ,FRA,3,1365.0,ESP,DEU
IBZ,GLA,1,1938.0,ESP,SCT
IBZ,GRO,1,357.0,ESP,ESP
IBZ,GVA,1,906.0,ESP,CHE
IBZ,HAJ,1,1641.0,ESP,DEU
IBZ,HAM,1,1767.0,ESP,DEU
IBZ,HHN,1,1316.0,ESP,DEU
IBZ,LBA,3,1683.0,ESP,ENG
IBZ,LCY,2,1408.0,ESP,ENG
IBZ,LGW,2,1370.0,ESP,ENG
IBZ,LHR,2,1408.0,ESP,ENG
IBZ,LPL,1,1640.0,ESP,ENG
IBZ,LTN,2,1452.0,ESP,ENG
IBZ,LUX,1,1255.0,ESP,LUX
IBZ,MAD,5,458.0,ESP,ESP
IBZ,MAH,1,268.0,ESP,ESP
IBZ,MAN,4,1634.0,ESP,ENG
IBZ,MRS,1,601.0,ESP,FXX
IBZ,MUC,2,1344.0,ESP,DEU
IBZ,MXP,1,964.0,ESP,ITA
IBZ,NCL,2,1812.0,ESP,ENG
IBZ,NRN,1,1463.0,ESP,DEU
IBZ,NUE,1,1410.0,ESP,DEU
IBZ,ORY,3,1098.0,ESP,FXX
IBZ,PAD,1,1524.0,ESP,DEU
IBZ,PIK,1,1902.0,ESP,SCT
IBZ,PMI,2,140.0,ESP,ESP
IBZ,PSA,1,923.0,ESP,ITA
IBZ,RTM,1,1474.0,ESP,NLX
IBZ,SEN,1,1413.0,ESP,ENG
IBZ,STN,3,1450.0,ESP,ENG
IBZ,STR,2,1259.0,ESP,DEU
IBZ,TXL,2,1776.0,ESP,DEU
IBZ,VLC,3,174.0,ESP,ESP
IBZ,ZRH,1,1118.0,ESP,CHE
ICI,SUV,1,225.0,FJI,FJI
ICN,AKL,1,9656.0,KOR,NZL
ICN,ALA,2,4172.0,KOR,KAZ
ICN,AMS,2,8552.0,KOR,NLX
ICN,AOJ,1,1280.0,KOR,JPN
ICN,ATL,2,11487.0,KOR,USA
ICN,AUH,3,6837.0,KOR,ARE
ICN,AXT,1,1220.0,KOR,JPN
ICN,BKI,4,3661.0,KOR,MYS
ICN,BKK,10,3669.0,KOR,THA
ICN,BNE,1,7730.0,KOR,AUS
ICN,BOM,1,5548.0,KOR,IND
ICN,CAN,3,2005.0,KOR,CHN
ICN,CDG,3,8927.0,KOR,FXX
ICN,CEB,7,3030.0,KOR,PHL
ICN,CGK,3,5264.0,KOR,IDN
ICN,CGO,2,1180.0,KOR,CHN
ICN,CGQ,2,729.0,KOR,CHN
ICN,CJU,2,440.0,KOR,KOR
ICN,CKG,2,2022.0,KOR,CHN
ICN,CMB,1,5768.0,KOR,LKA
ICN,CNX,3,3382.0,KOR,THA
ICN,CRK,2,2545.0,KOR,PHL
ICN,CSX,4,1607.0,KOR,CHN
ICN,CTS,4,1421.0,KOR,JPN
ICN,CTU,3,2204.0,KOR,CHN
ICN,DAD,3,2981.0,KOR,VNM
ICN,DEL,2,4652.0,KOR,IND
ICN,DFW,4,10987.0,KOR,USA
ICN,DLC,4,460.0,KOR,CHN
ICN,DOH,2,7052.0,KOR,QAT
ICN,DPS,3,5272.0,KOR,IDN
ICN,DTW,1,10654.0,KOR,USA
ICN,DXB,2,6729.0,KOR,ARE
ICN,FRA,3,8543.0,KOR,DEU
ICN,FUK,7,563.0,KOR,JPN
ICN,GUM,3,3227.0,KOR,GUM
ICN,HAN,3,2684.0,KOR,VNM
ICN,HEL,1,7032.0,KOR,FIN
ICN,HFE,1,1049.0,KOR,CHN
ICN,HGH,2,978.0,KOR,CHN
ICN,HIJ,3,673.0,KOR,JPN
ICN,HKG,10,2070.0,KOR,HKG
ICN,HKT,4,4320.0,KOR,THA
ICN,HND,3,1209.0,KOR,JPN
ICN,HNL,4,7353.0,KOR,USA
ICN,HRB,2,907.0,KOR,CHN
ICN,HSG,1,594.0,KOR,JPN
ICN,IAD,2,11173.0,KOR,USA
ICN,IAH,1,11346.0,KOR,USA
ICN,IST,3,7923.0,KOR,TUR
ICN,JFK,4,11089.0,KOR,USA
ICN,KHH,3,1756.0,KOR,TWN
ICN,KHN,1,1369.0,KOR,CHN
ICN,KHV,2,1418.0,KOR,RUS
ICN,KIJ,2,1115.0,KOR,JPN
ICN,KIX,7,860.0,KOR,JPN
ICN,KLO,3,2896.0,KOR,PHL
ICN,KMG,2,2613.0,KOR,CHN
ICN,KMI,2,771.0,KOR,JPN
ICN,KMJ,2,652.0,KOR,JPN
ICN,KMQ,2,893.0,KOR,JPN
ICN,KOJ,2,741.0,KOR,JPN
ICN,KTM,1,3966.0,KOR,NPL
ICN,KUL,3,4613.0,KOR,MYS
ICN,KWL,2,2064.0,KOR,CHN
ICN,LAS,2,9668.0,KOR,USA
ICN,LAX,5,9625.0,KOR,USA
ICN,LED,1,6798.0,KOR,RUS
ICN,LHR,3,8861.0,KOR,ENG
ICN,LJG,1,2732.0,KOR,CHN
ICN,MAD,1,9965.0,KOR,ESP
ICN,MDG,2,827.0,KOR,CHN
ICN,MFM,3,2103.0,KOR,MAC
ICN,MNL,6,2609.0,KOR,PHL
ICN,MUC,1,8500.0,KOR,DEU
ICN,MXP,2,8876.0,KOR,ITA
ICN,MYJ,2,695.0,KOR,JPN
ICN,NAN,1,8131.0,KOR,FJI
ICN,NBO,2,10055.0,KOR,KEN
ICN,NGB,1,967.0,KOR,CHN
ICN,NGO,6,973.0,KOR,JPN
ICN,NGS,1,596.0,KOR,JPN
ICN,NKG,2,942.0,KOR,CHN
ICN,NRT,10,1257.0,KOR,JPN
ICN,OIT,1,652.0,KOR,JPN
ICN,OKA,3,1259.0,KOR,JPN
ICN,OKJ,1,730.0,KOR,JPN
ICN,ORD,3,10519.0,KOR,USA
ICN,PEK,4,903.0,KOR,CHN
ICN,PNH,2,3598.0,KOR,KHM
ICN,PRG,2,8237.0,KOR,CZE
ICN,PVG,5,822.0,KOR,CHN
ICN,REP,4,3490.0,KOR,KHM
ICN,RGN,3,3742.0,KOR,MMR
ICN,ROR,2,3445.0,KOR,PLW
ICN,RUH,1,7492.0,KOR,SAU
ICN,SDJ,2,1272.0,KOR,JPN
ICN,SEA,4,8373.0,KOR,USA
ICN,SFO,7,9085.0,KOR,USA
ICN,SGN,3,3563.0,KOR,VNM
ICN,SHE,2,529.0,KOR,CHN
ICN,SIN,5,4627.0,KOR,SGP
ICN,SPN,1,3127.0,KOR,MNP
ICN,SVO,2,6586.0,KOR,RUS
ICN,SYD,4,8343.0,KOR,AUS
ICN,SZX,3,2045.0,KOR,CHN
ICN,TAE,1,263.0,KOR,KOR
ICN,TAK,2,772.0,KOR,JPN
ICN,TAO,6,557.0,KOR,CHN
ICN,TAS,3,4844.0,KOR,UZB
ICN,TLV,1,8039.0,KOR,ISR
ICN,TNA,6,821.0,KOR,CHN
ICN,TOY,2,957.0,KOR,JPN
ICN,TPE,7,1464.0,KOR,TWN
ICN,TSN,4,815.0,KOR,CHN
ICN,TXN,2,1146.0,KOR,CHN
ICN,UBJ,1,587.0,KOR,JPN
ICN,ULN,2,1971.0,KOR,MNG
ICN,UUS,3,1695.0,KOR,RUS
ICN,VIE,1,8248.0,KOR,AUT
ICN,VTE,2,3179.0,KOR,LAO
ICN,VVO,5,816.0,KOR,RUS
ICN,WUH,3,1348.0,KOR,CHN
ICN,XIY,3,1625.0,KOR,CHN
ICN,XMN,2,1640.0,KOR,CHN
ICN,YGJ,2,645.0,KOR,JPN
ICN,YNJ,4,654.0,KOR,CHN
ICN,YNT,5,448.0,KOR,CHN
ICN,YVR,3,8200.0,KOR,CAN
ICN,YYZ,1,10617.0,KOR,CAN
ICT,ATL,4,1256.0,USA,USA
ICT,AZA,1,1374.0,USA,USA
ICT,DAL,2,537.0,USA,USA
ICT,DEN,1,674.0,USA,USA
ICT,DFW,2,530.0,USA,USA
ICT,IAH,1,874.0,USA,USA
ICT,LAS,2,1584.0,USA,USA
ICT,LAX,1,1932.0,USA,USA
ICT,MDW,2,946.0,USA,USA
ICT,MSP,1,878.0,USA,USA
ICT,ORD,3,945.0,USA,USA
IDA,AZA,1,1136.0,USA,USA
IDA,DEN,1,736.0,USA,USA
IDA,LAS,1,867.0,USA,USA
IDA,SLC,1,303.0,USA,USA
IDR,BLR,2,1078.0,IND,IND
IDR,BOM,4,506.0,IND,IND
IDR,DEL,5,663.0,IND,IND
IDR,HYD,1,669.0,IND,IND
IDR,NAG,1,381.0,IND,IND
IDR,PNQ,2,500.0,IND,IND
IDR,RPR,1,636.0,IND,IND
IEV,ATH,1,1479.0,UKR,GRC
IEV,BCN,2,2400.0,UKR,ESP
IEV,BGY,1,1623.0,UKR,ITA
IEV,BUD,1,881.0,UKR,HUN
IEV,CGN,1,1638.0,UKR,DEU
IEV,DME,1,747.0,UKR,RUS
IEV,DTM,1,1598.0,UKR,DEU
IEV,DWC,1,3539.0,UKR,ARE
IEV,FMM,1,1488.0,UKR,DEU
IEV,GRO,1,2316.0,UKR,ESP
IEV,KTW,1,805.0,UKR,POL
IEV,KUT,1,1297.0,UKR,GEG
IEV,LCA,1,1745.0,UKR,CYP
IEV,LTN,1,2140.0,UKR,ENG
IEV,OZH,1,452.0,UKR,UKR
IEV,TSF,1,1452.0,UKR,ITA
IEV,UDJ,1,623.0,UKR,UKR
IEV,VKO,2,735.0,UKR,RUS
IEV,VLC,1,2694.0,UKR,ESP
IEV,VNO,1,586.0,UKR,LTU
IFJ,RKV,1,222.0,ISL,ISL
IFN,AWZ,2,332.0,IRN,IRN
IFN,BND,2,753.0,IRN,IRN
IFN,DXB,1,900.0,IRN,ARE
IFN,IST,1,2251.0,IRN,TUR
IFN,KER,1,555.0,IRN,IRN
IFN,KIH,2,722.0,IRN,IRN
IFN,KWI,1,540.0,IRN,KWT
IFN,MED,1,1494.0,IRN,SAU
IFN,MHD,3,811.0,IRN,IRN
IFN,MRX,1,354.0,IRN,IRN
IFN,PGU,1,603.0,IRN,IRN
IFN,SYZ,1,364.0,IRN,IRN
IFN,TBZ,1,786.0,IRN,IRN
IFN,THR,2,331.0,IRN,IRN
IFO,KBP,2,476.0,UKR,UKR
IGA,MYG,1,170.0,BHS,BHS
IGA,NAS,1,596.0,BHS,BHS
IGD,ESB,1,926.0,TUR,TUR
IGD,IST,1,1283.0,TUR,TUR
IGG,AKN,1,84.0,USA,USA
IGR,AEP,2,1051.0,ARG,ARG
IGR,EZE,1,1083.0,ARG,ARG
IGR,SLA,1,1111.0,ARG,ARG
IGU,CGH,1,821.0,BRA,BRA
IGU,CWB,3,533.0,BRA,BRA
IGU,GIG,2,1180.0,BRA,BRA
IGU,GRU,2,845.0,BRA,BRA
IGU,LIM,2,2812.0,BRA,PER
IGU,POA,1,587.0,BRA,BRA
IGU,VCP,1,799.0,BRA,BRA
IIL,THR,1,506.0,IRN,IRN
IJK,DME,2,975.0,RUS,RUS
IJK,LED,1,1387.0,RUS,RUS
IJK,SVX,1,447.0,RUS,RUS
IKA,ALA,1,2381.0,IRN,KAZ
IKA,AMS,1,4076.0,IRN,NLX
IKA,ARN,2,3600.0,IRN,SWE
IKA,AUH,1,1267.0,IRN,ARE
IKA,BAH,1,1018.0,IRN,BHR
IKA,BEY,1,1443.0,IRN,LBN
IKA,BKK,1,5497.0,IRN,THA
IKA,BOM,1,2799.0,IRN,IND
IKA,CAN,1,6069.0,IRN,CHN
IKA,CGN,1,3889.0,IRN,DEU
IKA,DEL,1,2554.0,IRN,IND
IKA,DOH,1,1129.0,IRN,QAT
IKA,DUS,1,3922.0,IRN,DEU
IKA,DXB,4,1200.0,IRN,ARE
IKA,DYU,2,1605.0,IRN,TJK
IKA,EBL,1,654.0,IRN,IRK
IKA,ESB,2,1676.0,IRN,TUR
IKA,EVN,1,793.0,IRN,ARM
IKA,FCO,2,3424.0,IRN,ITA
IKA,FRA,2,3774.0,IRN,DEU
IKA,GOT,1,3781.0,IRN,SWE
IKA,GYD,2,570.0,IRN,AZE
IKA,HAM,1,3765.0,IRN,DEU
IKA,IST,5,2052.0,IRN,TUR
IKA,ISU,1,529.0,IRN,IRK
IKA,KBL,1,1646.0,IRN,AFG
IKA,KHI,1,1928.0,IRN,PAK
IKA,KUL,2,6336.0,IRN,MYS
IKA,KWI,1,750.0,IRN,KWT
IKA,LHR,1,4423.0,IRN,ENG
IKA,MCT,1,1484.0,IRN,OMN
IKA,MSQ,1,2725.0,IRN,BLR
IKA,MXP,1,3713.0,IRN,ITA
IKA,NJF,2,731.0,IRN,IRR
IKA,ORY,1,4206.0,IRN,FXX
IKA,PEK,1,5646.0,IRN,CHN
IKA,PVG,1,6443.0,IRN,CHN
IKA,SAW,2,1999.0,IRN,TUR
IKA,SHJ,1,1197.0,IRN,ARE
IKA,SVO,1,2512.0,IRN,RUS
IKA,TAS,1,1705.0,IRN,UZB
IKA,URC,1,3220.0,IRN,CHN
IKA,VIE,2,3161.0,IRN,AUT
IKI,NGS,2,93.0,JPN,JPN
IKO,DUT,1,186.0,USA,USA
IKS,YKS,2,1069.0,RUS,RUS
IKT,ABA,1,884.0,RUS,RUS
IKT,BKK,1,4303.0,RUS,THA
IKT,BTK,1,488.0,RUS,RUS
IKT,DME,2,4208.0,RUS,RUS
IKT,DYU,2,3124.0,RUS,TJK
IKT,FRU,1,2440.0,RUS,KGZ
IKT,GDX,1,2929.0,RUS,RUS
IKT,HRB,2,1750.0,RUS,CHN
IKT,HTA,2,609.0,RUS,RUS
IKT,KCK,1,655.0,RUS,RUS
IKT,KHV,1,2205.0,RUS,RUS
IKT,KJA,2,885.0,RUS,RUS
IKT,KYZ,1,687.0,RUS,RUS
IKT,MJZ,1,1276.0,RUS,RUS
IKT,NER,1,1413.0,RUS,RUS
IKT,NZH,1,954.0,RUS,CHN
IKT,ODO,2,882.0,RUS,RUS
IKT,OSS,1,2716.0,RUS,KGZ
IKT,OVB,3,1459.0,RUS,RUS
IKT,PEK,1,1644.0,RUS,CHN
IKT,SVO,1,4211.0,RUS,RUS
IKT,TAS,1,2904.0,RUS,UZB
IKT,UKX,2,517.0,RUS,RUS
IKT,ULK,3,1135.0,RUS,RUS
IKT,UUD,1,215.0,RUS,RUS
IKT,VKO,1,4237.0,RUS,RUS
IKT,VVO,1,2276.0,RUS,RUS
IKT,YKS,3,1860.0,RUS,RUS
ILD,PMI,1,305.0,ESP,ESP
ILG,DEN,1,2473.0,USA,USA
ILG,DTW,1,709.0,USA,USA
ILG,MCO,1,1356.0,USA,USA
ILG,MDW,1,1049.0,USA,USA
ILG,RSW,1,1569.0,USA,USA
ILG,TPA,1,1449.0,USA,USA
ILI,ANC,1,312.0,USA,USA
ILM,ATL,4,606.0,USA,USA
ILM,CLT,2,297.0,USA,USA
ILM,DCA,2,515.0,USA,USA
ILM,LGA,3,806.0,USA,USA
ILM,PHL,2,666.0,USA,USA
ILO,CEB,1,173.0,PHL,PHL
ILO,CGY,1,328.0,PHL,PHL
ILO,DVO,1,538.0,PHL,PHL
ILO,GES,1,603.0,PHL,PHL
ILO,HKG,1,1569.0,PHL,HKG
ILO,MNL,3,439.0,PHL,PHL
ILO,PPS,1,426.0,PHL,PHL
ILO,SIN,1,2299.0,PHL,SGP
ILP,GEA,1,108.0,NCL,NCL
ILR,ABV,1,311.0,NGA,NGA
ILY,GLA,1,116.0,SCT,SCT
IMF,AJL,1,165.0,IND,IND
IMF,CCU,2,602.0,IND,IND
IMF,GAU,4,276.0,IND,IND
IMF,IXA,1,286.0,IND,IND
IMF,IXS,1,94.0,IND,IND
IMP,BEL,1,475.0,BRA,BRA
IMP,BSB,2,1151.0,BRA,BRA
IMP,CNF,1,1612.0,BRA,BRA
IMP,SLZ,2,485.0,BRA,BRA
IMT,MSP,1,412.0,USA,USA
IMT,RHI,1,107.0,USA,USA
IND,ATL,9,696.0,USA,USA
IND,BOS,1,1314.0,USA,USA
IND,BWI,2,828.0,USA,USA
IND,CLE,1,420.0,USA,USA
IND,CLT,2,688.0,USA,USA
IND,CUN,2,2078.0,USA,MEX
IND,DCA,2,802.0,USA,USA
IND,DEN,4,1568.0,USA,USA
IND,DFW,2,1224.0,USA,USA
IND,DTW,1,371.0,USA,USA
IND,EWR,1,1035.0,USA,USA
IND,FLL,1,1621.0,USA,USA
IND,HOU,1,1387.0,USA,USA
IND,IAD,1,765.0,USA,USA
IND,IAH,1,1360.0,USA,USA
IND,JFK,3,1067.0,USA,USA
IND,LAS,2,2553.0,USA,USA
IND,LAX,4,2913.0,USA,USA
IND,LGA,1,1060.0,USA,USA
IND,MBJ,1,2492.0,USA,JAM
IND,MCI,2,724.0,USA,USA
IND,MCO,3,1336.0,USA,USA
IND,MEM,1,613.0,USA,USA
IND,MIA,2,1646.0,USA,USA
IND,MSP,1,808.0,USA,USA
IND,ORD,3,286.0,USA,USA
IND,PHL,2,944.0,USA,USA
IND,PHX,3,2391.0,USA,USA
IND,RDU,1,785.0,USA,USA
IND,RSW,2,1525.0,USA,USA
IND,SFO,1,3120.0,USA,USA
IND,SLC,1,2175.0,USA,USA
IND,TPA,3,1351.0,USA,USA
IND,TTN,1,979.0,USA,USA
IND,YYZ,1,707.0,USA,CAN
INH,JNB,1,764.0,MOZ,ZAF
INH,MPM,1,365.0,MOZ,MOZ
INH,VNX,1,207.0,MOZ,MOZ
INL,BRD,1,247.0,USA,USA
INL,MSP,1,410.0,USA,USA
INN,AMS,1,733.0,AUT,NLX
INN,EIN,1,635.0,AUT,NLX
INN,FRA,2,370.0,AUT,DEU
INN,LGW,1,941.0,AUT,ENG
INN,PMI,2,1102.0,AUT,ESP
INN,VIE,1,402.0,AUT,AUT
INU,BNE,1,3328.0,NRU,AUS
INU,MAJ,1,974.0,NRU,MHL
INU,TRW,1,725.0,NRU,KIR
INV,AMS,1,809.0,SCT,NLX
INV,BHD,1,344.0,SCT,NIR
INV,BHX,1,584.0,SCT,ENG
INV,BRS,1,690.0,SCT,ENG
INV,EDI,1,182.0,SCT,SCT
INV,KOI,1,171.0,SCT,SCT
INV,LGW,1,753.0,SCT,ENG
INV,LSI,1,304.0,SCT,SCT
INV,LTN,1,673.0,SCT,ENG
INV,MAN,1,479.0,SCT,ENG
INV,SYY,1,154.0,SCT,SCT
INZ,ALG,1,1052.0,DZA,DZA
INZ,TMR,1,576.0,DZA,DZA
IOA,ATH,2,334.0,GRC,GRC
IOM,BHD,1,100.0,IMN,NIR
IOM,BHX,1,263.0,IMN,ENG
IOM,BLK,1,110.0,IMN,ENG
IOM,DUB,1,131.0,IMN,IRL
IOM,GLO,1,294.0,IMN,ENG
IOM,LCY,1,425.0,IMN,ENG
IOM,LGW,1,443.0,IMN,ENG
IOM,LPL,2,143.0,IMN,ENG
IOM,MAN,1,175.0,IMN,ENG
IOM,NCL,1,217.0,IMN,ENG
IOS,BSB,1,960.0,BRA,BRA
IOS,CGH,1,1264.0,BRA,BRA
IOS,CNF,1,749.0,BRA,BRA
IOS,GRU,1,1236.0,BRA,BRA
IOS,SDU,1,999.0,BRA,BRA
IOS,SSA,3,226.0,BRA,BRA
IOS,VCP,1,1247.0,BRA,BRA
IPA,DLY,1,31.0,VUT,VUT
IPA,TAH,1,67.0,VUT,VUT
IPA,VLI,1,164.0,VUT,VUT
IPC,PPT,1,4249.0,CHL,PYF
IPC,SCL,1,3752.0,CHL,CHL
IPH,SIN,2,482.0,MYS,SGP
IPI,BOG,1,579.0,COL,COL
IPL,BUR,1,299.0,USA,USA
IPL,SAN,1,151.0,USA,USA
IPN,CNF,1,156.0,BRA,BRA
IPN,GRU,1,604.0,BRA,BRA
IPN,PLU,1,159.0,BRA,BRA
IPT,PHL,2,208.0,USA,USA
IQN,LHW,3,366.0,CHN,CHN
IQN,NAY,2,889.0,CHN,CHN
IQN,XIY,1,183.0,CHN,CHN
IQQ,ANF,2,325.0,CHL,CHL
IQQ,ARI,2,244.0,CHL,CHL
IQQ,LPB,1,494.0,CHL,BOL
IQQ,SCL,3,1431.0,CHL,CHL
IQQ,VVI,1,807.0,CHL,BOL
IQT,LIM,2,1007.0,PER,PER
IQT,PCL,2,530.0,PER,PER
IQT,PTY,1,1580.0,PER,PAN
IQT,TPP,2,455.0,PER,PER
IRA,HIR,1,232.0,SLB,SLB
IRA,NNB,1,75.0,SLB,SLB
IRA,RNA,1,66.0,SLB,SLB
IRC,FAI,1,209.0,USA,USA
IRG,AUU,1,183.0,AUS,AUS
IRG,CNS,1,526.0,AUS,AUS
IRJ,AEP,1,977.0,ARG,ARG
IRK,STL,1,239.0,USA,USA
IRP,FKI,1,361.0,COD,COD
IRZ,TFF,1,335.0,BRA,BRA
ISA,BNE,2,1571.0,AUS,AUS
ISA,BQL,1,254.0,AUS,AUS
ISA,CNJ,1,106.0,AUS,AUS
ISA,CNS,1,782.0,AUS,AUS
ISA,DMD,1,311.0,AUS,AUS
ISA,DRW,2,1297.0,AUS,AUS
ISA,JCK,1,232.0,AUS,AUS
ISA,OOL,2,1644.0,AUS,AUS
ISA,TSV,2,776.0,AUS,AUS
ISB,AUH,6,2036.0,PAK,ARE
ISB,BAH,1,2284.0,PAK,BHR
ISB,BCN,1,6136.0,PAK,ESP
ISB,BHV,1,481.0,PAK,PAK
ISB,BHX,1,6119.0,PAK,ENG
ISB,BKK,1,3579.0,PAK,THA
ISB,CDG,1,5896.0,PAK,FXX
ISB,CJL,1,276.0,PAK,PAK
ISB,CPH,1,5155.0,PAK,DNK
ISB,DMM,2,2349.0,PAK,SAU
ISB,DOH,1,2249.0,PAK,QAT
ISB,DXB,3,1926.0,PAK,ARE
ISB,GIL,1,295.0,PAK,PAK
ISB,HEA,1,983.0,PAK,AFG
ISB,IST,1,3944.0,PAK,TUR
ISB,JED,4,3553.0,PAK,SAU
ISB,KBL,2,353.0,PAK,AFG
ISB,KDU,1,315.0,PAK,PAK
ISB,KHI,3,1109.0,PAK,PAK
ISB,KWI,1,2404.0,PAK,KWT
ISB,LBA,1,6084.0,PAK,ENG
ISB,LHE,1,269.0,PAK,PAK
ISB,LHR,1,6054.0,PAK,ENG
ISB,MAN,1,6134.0,PAK,ENG
ISB,MCT,2,1800.0,PAK,OMN
ISB,MED,1,3357.0,PAK,SAU
ISB,MUX,1,397.0,PAK,PAK
ISB,MXP,1,5504.0,PAK,ITA
ISB,PEK,2,3920.0,PAK,CHN
ISB,PEW,1,133.0,PAK,PAK
ISB,RUH,3,2702.0,PAK,SAU
ISB,SHJ,1,1908.0,PAK,ARE
ISB,SKT,1,181.0,PAK,PAK
ISB,SKZ,2,756.0,PAK,PAK
ISB,UET,3,668.0,PAK,PAK
ISB,URC,1,1708.0,PAK,CHN
ISB,YYZ,1,10984.0,PAK,CAN
ISC,EXT,1,224.0,ENG,ENG
ISC,LEQ,1,49.0,ENG,ENG
ISC,NQY,1,109.0,ENG,ENG
ISE,IST,1,405.0,TUR,TUR
ISG,FUK,1,1186.0,JPN,JPN
ISG,HND,2,1939.0,JPN,JPN
ISG,KIX,3,1540.0,JPN,JPN
ISG,MMY,1,115.0,JPN,JPN
ISG,NGO,1,1679.0,JPN,JPN
ISG,OKA,4,396.0,JPN,JPN
ISG,TPE,2,313.0,JPN,TWN
ISN,DEN,1,928.0,USA,USA
ISN,MSP,1,876.0,USA,USA
ISP,BOS,2,247.0,USA,USA
ISP,BWI,2,353.0,USA,USA
ISP,DCA,2,400.0,USA,USA
ISP,FLL,2,1761.0,USA,USA
ISP,MCO,2,1565.0,USA,USA
ISP,PBI,1,1696.0,USA,USA
ISP,PGD,1,1745.0,USA,USA
ISP,PHL,2,208.0,USA,USA
ISP,SNA,1,3997.0,USA,USA
ISP,TPA,2,1665.0,USA,USA
IST,AAE,1,1870.0,TUR,DZA
IST,AAL,2,2216.0,TUR,DNK
IST,ACC,1,4895.0,TUR,GHA
IST,ADA,3,738.0,TUR,TUR
IST,ADB,4,359.0,TUR,TUR
IST,ADD,1,3725.0,TUR,ETH
IST,ADF,1,921.0,TUR,TUR
IST,AER,2,951.0,TUR,RUS
IST,AGP,1,2901.0,TUR,ESP
IST,AJI,1,1219.0,TUR,TUR
IST,ALA,2,3921.0,TUR,KAZ
IST,ALG,2,2257.0,TUR,DZA
IST,AMM,2,1243.0,TUR,JOR
IST,AMS,2,2184.0,TUR,NLX
IST,AQJ,1,1415.0,TUR,JOR
IST,ARN,2,2176.0,TUR,SWE
IST,ASB,2,2549.0,TUR,TKM
IST,ASR,1,638.0,TUR,TUR
IST,ATH,3,554.0,TUR,GRC
IST,AUH,2,3039.0,TUR,ARE
IST,AYT,3,518.0,TUR,TUR
IST,BAH,2,2608.0,TUR,BHR
IST,BAL,1,1122.0,TUR,TUR
IST,BCN,1,2220.0,TUR,ESP
IST,BEG,1,791.0,TUR,SRS
IST,BEN,3,1269.0,TUR,LBY
IST,BEY,2,1019.0,TUR,LBN
IST,BGG,1,1042.0,TUR,TUR
IST,BGW,1,1630.0,TUR,IRR
IST,BHX,1,2604.0,TUR,ENG
IST,BIO,1,2599.0,TUR,ESP
IST,BJV,3,457.0,TUR,TUR
IST,BKK,2,7512.0,TUR,THA
IST,BLL,1,2146.0,TUR,DNK
IST,BLQ,1,1465.0,TUR,ITA
IST,BOM,2,4835.0,TUR,IND
IST,BRE,1,1986.0,TUR,DEU
IST,BRU,1,2141.0,TUR,BFR
IST,BSL,1,1818.0,TUR,FXX
IST,BSR,1,2072.0,TUR,IRR
IST,BUD,1,1017.0,TUR,HUN
IST,BUS,1,1071.0,TUR,GEA
IST,CAI,2,1263.0,TUR,EGY
IST,CAN,2,7882.0,TUR,CHN
IST,CDG,3,2214.0,TUR,FXX
IST,CGN,1,1968.0,TUR,DEU
IST,CMN,2,3305.0,TUR,MAR
IST,CND,1,344.0,TUR,ROU
IST,CPH,2,1978.0,TUR,DNK
IST,CZL,1,1991.0,TUR,DZA
IST,DAC,1,5962.0,TUR,BGD
IST,DAR,1,5459.0,TUR,TZA
IST,DEL,2,4565.0,TUR,IND
IST,DIY,2,1050.0,TUR,TUR
IST,DLA,1,4558.0,TUR,CMR
IST,DLM,2,507.0,TUR,TUR
IST,DMM,2,2534.0,TUR,SAU
IST,DNK,3,932.0,TUR,UKR
IST,DNZ,1,396.0,TUR,TUR
IST,DOH,2,2756.0,TUR,QAT
IST,DOK,3,1036.0,TUR,UKR
IST,DUB,1,2924.0,TUR,IRL
IST,DUS,1,2011.0,TUR,DEU
IST,DXB,3,3028.0,TUR,ARE
IST,DYU,3,3401.0,TUR,TJK
IST,EBL,2,1430.0,TUR,IRK
IST,ECN,3,797.0,TUR,CYN
IST,EDI,1,2830.0,TUR,SCT
IST,ELQ,1,2161.0,TUR,SAU
IST,ERC,1,927.0,TUR,TUR
IST,ERZ,2,1057.0,TUR,TUR
IST,ESB,1,380.0,TUR,TUR
IST,EZS,2,946.0,TUR,TUR
IST,FCO,2,1374.0,TUR,ITA
IST,FDH,1,1678.0,TUR,DEU
IST,FIH,1,5254.0,TUR,COD
IST,FRA,3,1837.0,TUR,DEU
IST,FRU,2,3727.0,TUR,KGZ
IST,GNY,2,970.0,TUR,TUR
IST,GOA,1,1656.0,TUR,ITA
IST,GOT,2,2164.0,TUR,SWE
IST,GRU,1,10559.0,TUR,BRA
IST,GUW,1,1942.0,TUR,KAZ
IST,GVA,1,1893.0,TUR,CHE
IST,GYD,2,1788.0,TUR,AZE
IST,GZP,1,633.0,TUR,TUR
IST,GZT,3,893.0,TUR,TUR
IST,HAJ,1,1900.0,TUR,DEU
IST,HAM,1,1958.0,TUR,DEU
IST,HBE,2,1155.0,TUR,EGY
IST,HEL,2,2133.0,TUR,FIN
IST,HKG,1,8006.0,TUR,HKG
IST,HRG,2,1634.0,TUR,EGY
IST,HTY,1,850.0,TUR,TUR
IST,IAD,2,8388.0,TUR,USA
IST,IAH,2,10232.0,TUR,USA
IST,ICN,3,7923.0,TUR,KOR
IST,IFN,1,2251.0,TUR,IRN
IST,IGD,1,1283.0,TUR,TUR
IST,IKA,5,2052.0,TUR,IRN
IST,ISB,1,3944.0,TUR,PAK
IST,ISE,1,405.0,TUR,TUR
IST,ISU,2,1573.0,TUR,IRK
IST,JED,2,2388.0,TUR,SAU
IST,JFK,2,8027.0,TUR,USA
IST,JIB,1,3592.0,TUR,DJI
IST,JNB,1,7496.0,TUR,ZAF
IST,JRO,1,5042.0,TUR,TZA
IST,KAN,1,3800.0,TUR,NGA
IST,KBL,1,3593.0,TUR,AFG
IST,KBP,4,1022.0,TUR,UKR
IST,KCM,1,817.0,TUR,TUR
IST,KFS,1,421.0,TUR,TUR
IST,KGL,2,4811.0,TUR,RWA
IST,KHI,1,3971.0,TUR,PAK
IST,KIV,2,629.0,TUR,MDA
IST,KIX,2,8744.0,TUR,JPN
IST,KRT,1,2879.0,TUR,SDN
IST,KSH,1,1786.0,TUR,IRN
IST,KSY,1,1208.0,TUR,TUR
IST,KTM,1,5305.0,TUR,NPL
IST,KUL,2,8387.0,TUR,MYS
IST,KVD,1,1473.0,TUR,AZE
IST,KWI,2,2191.0,TUR,KWT
IST,KYA,1,491.0,TUR,TUR
IST,KZN,1,2182.0,TUR,RUS
IST,KZR,1,267.0,TUR,TUR
IST,LAX,2,11002.0,TUR,USA
IST,LED,2,2063.0,TUR,RUS
IST,LEJ,1,1690.0,TUR,DEU
IST,LGW,1,2461.0,TUR,ENG
IST,LHE,1,4176.0,TUR,PAK
IST,LHR,3,2489.0,TUR,ENG
IST,LIS,2,3212.0,TUR,PRX
IST,LJU,2,1271.0,TUR,SVN
IST,LOS,1,4606.0,TUR,NGA
IST,LTN,1,2495.0,TUR,ENG
IST,LUX,1,1978.0,TUR,LUX
IST,LWO,1,1020.0,TUR,UKR
IST,LYS,1,1964.0,TUR,FXX
IST,MAD,1,2703.0,TUR,ESP
IST,MAN,1,2667.0,TUR,ENG
IST,MCT,2,3371.0,TUR,OMN
IST,MED,2,2118.0,TUR,SAU
IST,MHD,1,2721.0,TUR,IRN
IST,MLA,2,1377.0,TUR,MLT
IST,MLE,1,6063.0,TUR,MDV
IST,MLX,2,857.0,TUR,TUR
IST,MQM,1,1117.0,TUR,TUR
IST,MRS,2,1942.0,TUR,FXX
IST,MSQ,2,1403.0,TUR,BLR
IST,MSR,1,1134.0,TUR,TUR
IST,MUC,4,1548.0,TUR,DEU
IST,MXP,1,1682.0,TUR,ITA
IST,MZH,1,570.0,TUR,TUR
IST,MZR,1,3335.0,TUR,AFG
IST,NAJ,1,1435.0,TUR,AZE
IST,NAP,1,1211.0,TUR,ITA
IST,NAV,1,565.0,TUR,TUR
IST,NBC,1,2323.0,TUR,RUS
IST,NBO,2,4808.0,TUR,KEN
IST,NCE,1,1781.0,TUR,FXX
IST,NIM,1,4020.0,TUR,NER
IST,NJF,1,1732.0,TUR,IRR
IST,NOP,1,531.0,TUR,TUR
IST,NRT,2,8979.0,TUR,JPN
IST,NSI,1,4515.0,TUR,CMR
IST,NUE,1,1649.0,TUR,DEU
IST,ODS,4,593.0,TUR,UKR
IST,ORD,2,8786.0,TUR,USA
IST,ORN,2,2620.0,TUR,DZA
IST,OSL,2,2421.0,TUR,NOW
IST,OSM,1,1362.0,TUR,IRR
IST,OSS,2,3660.0,TUR,KGZ
IST,OTP,2,426.0,TUR,ROU
IST,OVB,1,4159.0,TUR,RUS
IST,PEK,2,7059.0,TUR,CHN
IST,PRG,1,1489.0,TUR,CZE
IST,PRN,1,654.0,TUR,KOS
IST,PVG,2,8020.0,TUR,CHN
IST,RIX,1,1773.0,TUR,LVA
IST,ROV,2,1123.0,TUR,RUS
IST,RTM,1,2188.0,TUR,NLX
IST,RUH,2,2457.0,TUR,SAU
IST,SAH,1,3232.0,TUR,YEM
IST,SCO,1,1846.0,TUR,KAZ
IST,SIN,3,8680.0,TUR,SGP
IST,SJJ,2,899.0,TUR,BHF
IST,SKG,1,493.0,TUR,GRC
IST,SKP,1,597.0,TUR,MKD
IST,SOF,1,469.0,TUR,BGR
IST,SSH,2,1565.0,TUR,EGY
IST,STR,1,1736.0,TUR,DEU
IST,SVO,1,1751.0,TUR,RUS
IST,SVX,1,2859.0,TUR,RUS
IST,SYZ,1,2511.0,TUR,IRN
IST,SZG,1,1439.0,TUR,AUT
IST,TAS,2,3356.0,TUR,UZB
IST,TBS,2,1349.0,TUR,GEG
IST,TBZ,1,1533.0,TUR,IRN
IST,TGD,1,796.0,TUR,MNE
IST,TIA,1,754.0,TUR,ALB
IST,TIF,1,2463.0,TUR,SAU
IST,TIP,3,1680.0,TUR,LBY
IST,TLL,1,2035.0,TUR,EST
IST,TLS,1,2252.0,TUR,FXX
IST,TLV,1,1166.0,TUR,ISR
IST,TRN,1,1759.0,TUR,ITA
IST,TSE,2,3410.0,TUR,KAZ
IST,TUN,2,1670.0,TUR,TUN
IST,TXL,1,1712.0,TUR,DEU
IST,TZX,2,924.0,TUR,TUR
IST,UFA,1,2478.0,TUR,RUS
IST,URC,1,4713.0,TUR,CHN
IST,VAN,1,1281.0,TUR,TUR
IST,VAS,1,707.0,TUR,TUR
IST,VCE,1,1403.0,TUR,ITA
IST,VIE,3,1224.0,TUR,AUT
IST,VKO,2,1708.0,TUR,RUS
IST,VLC,1,2472.0,TUR,ESP
IST,VNO,1,1507.0,TUR,LTU
IST,WAW,2,1347.0,TUR,POL
IST,YNB,1,2092.0,TUR,SAU
IST,YYZ,2,8172.0,TUR,CAN
IST,ZAG,2,1135.0,TUR,HRV
IST,ZRH,4,1741.0,TUR,CHE
ISU,AMM,1,962.0,IRK,JOR
ISU,ARN,2,3326.0,IRK,SWE
ISU,DOH,1,1293.0,IRK,QAT
ISU,DUS,1,3514.0,IRK,DEU
ISU,DXB,1,1496.0,IRK,ARE
ISU,IKA,1,529.0,IRK,IRN
ISU,IST,2,1573.0,IRK,TUR
ISU,MUC,1,3082.0,IRK,DEU
ITB,STM,2,243.0,BRA,BRA
ITH,DTW,1,567.0,USA,USA
ITH,EWR,1,276.0,USA,USA
ITH,PHL,2,309.0,USA,USA
ITM,AOJ,1,806.0,JPN,JPN
ITM,ASJ,1,890.0,JPN,JPN
ITM,AXT,2,684.0,JPN,JPN
ITM,CTS,3,1040.0,JPN,JPN
ITM,FKS,2,525.0,JPN,JPN
ITM,FUK,3,478.0,JPN,JPN
ITM,GAJ,1,597.0,JPN,JPN
ITM,HKD,1,907.0,JPN,JPN
ITM,HNA,1,722.0,JPN,JPN
ITM,HND,2,404.0,JPN,JPN
ITM,KCZ,1,213.0,JPN,JPN
ITM,KIJ,2,483.0,JPN,JPN
ITM,KMI,2,492.0,JPN,JPN
ITM,KMJ,2,476.0,JPN,JPN
ITM,KOJ,2,550.0,JPN,JPN
ITM,MSJ,1,839.0,JPN,JPN
ITM,MYJ,2,273.0,JPN,JPN
ITM,NGS,2,551.0,JPN,JPN
ITM,NRT,3,462.0,JPN,JPN
ITM,OIT,3,370.0,JPN,JPN
ITM,OKA,2,1211.0,JPN,JPN
ITM,SDJ,3,616.0,JPN,JPN
ITO,HNL,2,348.0,USA,USA
ITO,LAX,1,3937.0,USA,USA
ITO,OGG,1,195.0,USA,USA
IUE,AKL,1,2487.0,NIU,NZL
IVC,CHC,1,464.0,NZL,NZL
IVC,WLG,1,768.0,NZL,NZL
IVL,KTT,2,146.0,FIN,FIN
IWJ,HND,1,733.0,JPN,JPN
IWK,HND,1,706.0,JPN,JPN
IXA,CCU,5,317.0,IND,IND
IXA,GAU,2,249.0,IND,IND
IXA,IMF,1,286.0,IND,IND
IXB,BKK,1,1939.0,IND,THA
IXB,CCU,6,448.0,IND,IND
IXB,DEL,6,1125.0,IND,IND
IXB,GAU,2,331.0,IND,IND
IXB,PBH,1,135.0,IND,BTN
IXC,BOM,4,1347.0,IND,IND
IXC,DEL,4,236.0,IND,IND
IXC,SXR,1,414.0,IND,IND
IXD,BOM,1,1153.0,IND,IND
IXD,DEL,1,576.0,IND,IND
IXE,AUH,1,2479.0,IND,ARE
IXE,BLR,4,306.0,IND,IND
IXE,BOM,5,715.0,IND,IND
IXE,DMM,1,3016.0,IND,SAU
IXE,DOH,1,2796.0,IND,QAT
IXE,DXB,2,2460.0,IND,ARE
IXE,SHJ,1,2451.0,IND,ARE
IXG,BLR,1,445.0,IND,IND
IXJ,BOM,1,1525.0,IND,IND
IXJ,DEL,6,507.0,IND,IND
IXJ,IXL,1,298.0,IND,IND
IXJ,SXR,4,144.0,IND,IND
IXL,DEL,4,621.0,IND,IND
IXL,IXJ,1,298.0,IND,IND
IXL,SXR,1,256.0,IND,IND
IXM,CMB,3,355.0,IND,LKA
IXM,HYD,1,823.0,IND,IND
IXM,MAA,4,417.0,IND,IND
IXR,BOM,2,1373.0,IND,IND
IXR,CCU,3,328.0,IND,IND
IXR,DEL,5,1008.0,IND,IND
IXR,PAT,1,254.0,IND,IND
IXS,CCU,3,525.0,IND,IND
IXS,GAU,3,193.0,IND,IND
IXS,IMF,1,94.0,IND,IND
IXU,BOM,3,279.0,IND,IND
IXU,DEL,2,983.0,IND,IND
IXZ,CCU,5,1306.0,IND,IND
IXZ,DEL,1,2485.0,IND,IND
IXZ,MAA,5,1373.0,IND,IND
IZA,CNF,1,226.0,BRA,BRA
IZA,VCP,1,440.0,BRA,BRA
IZO,HND,1,624.0,JPN,JPN
JAC,DEN,1,653.0,USA,USA
JAC,SLC,1,330.0,USA,USA
JAI,AMD,1,526.0,IND,IND
JAI,AUH,1,2136.0,IND,ARE
JAI,BLR,1,1528.0,IND,IND
JAI,BOM,5,911.0,IND,IND
JAI,CCU,1,1357.0,IND,IND
JAI,DEL,4,232.0,IND,IND
JAI,HYD,1,1100.0,IND,IND
JAI,MCT,1,1798.0,IND,OMN
JAI,SHJ,2,2032.0,IND,ARE
JAL,MEX,2,239.0,MEX,MEX
JAN,ATL,5,547.0,USA,USA
JAN,CLT,2,903.0,USA,USA
JAN,DCA,2,1383.0,USA,USA
JAN,DFW,2,655.0,USA,USA
JAN,HOU,2,578.0,USA,USA
JAN,IAH,1,564.0,USA,USA
JAN,MCO,2,945.0,USA,USA
JAN,MDW,1,1073.0,USA,USA
JAN,ORD,1,1092.0,USA,USA
JAU,LIM,1,181.0,PER,PER
JAV,GOH,1,562.0,GRL,GRL
JAV,JEG,1,90.0,GRL,GRL
JAV,JQA,1,177.0,GRL,GRL
JAV,JUV,1,435.0,GRL,GRL
JAV,SFJ,1,248.0,GRL,GRL
JAX,ATL,9,434.0,USA,USA
JAX,BNA,1,779.0,USA,USA
JAX,BOS,2,1627.0,USA,USA
JAX,BWI,2,1068.0,USA,USA
JAX,CLT,2,529.0,USA,USA
JAX,CVG,1,989.0,USA,USA
JAX,DCA,2,1022.0,USA,USA
JAX,DEN,1,2325.0,USA,USA
JAX,DFW,2,1475.0,USA,USA
JAX,DTW,1,1311.0,USA,USA
JAX,EWR,1,1321.0,USA,USA
JAX,FLL,1,514.0,USA,USA
JAX,HOU,1,1310.0,USA,USA
JAX,IAD,1,1016.0,USA,USA
JAX,IAH,1,1312.0,USA,USA
JAX,JFK,2,1334.0,USA,USA
JAX,LAS,1,3156.0,USA,USA
JAX,LGA,1,1343.0,USA,USA
JAX,MDW,1,1368.0,USA,USA
JAX,MHH,2,631.0,USA,BHS
JAX,MIA,2,540.0,USA,USA
JAX,MSP,1,1890.0,USA,USA
JAX,ORD,3,1392.0,USA,USA
JAX,PHL,2,1195.0,USA,USA
JAX,SJU,1,2073.0,USA,PRI
JAX,TPA,2,292.0,USA,USA
JBQ,AUA,1,675.0,DOM,ABW
JBQ,PAP,2,243.0,DOM,HTI
JBR,STL,1,325.0,USA,USA
JCB,CFC,1,74.0,BRA,BRA
JCB,ERM,1,89.0,BRA,BRA
JCB,FLN,1,301.0,BRA,BRA
JCK,ISA,1,232.0,AUS,AUS
JCK,RCM,1,145.0,AUS,AUS
JDH,BOM,3,797.0,IND,IND
JDH,DEL,3,476.0,IND,IND
JDO,BSB,1,1346.0,BRA,BRA
JDO,FOR,1,391.0,BRA,BRA
JDO,GRU,1,1960.0,BRA,BRA
JDO,REC,1,489.0,BRA,BRA
JDO,VCP,1,1947.0,BRA,BRA
JDZ,CAN,2,766.0,CHN,CHN
JDZ,CTU,2,1281.0,CHN,CHN
JDZ,FOC,2,451.0,CHN,CHN
JDZ,PEK,2,1196.0,CHN,CHN
JDZ,SHA,2,450.0,CHN,CHN
JDZ,SZX,2,817.0,CHN,CHN
JDZ,XIY,2,977.0,CHN,CHN
JDZ,XMN,2,541.0,CHN,CHN
JED,ABT,1,300.0,SAU,SAU
JED,ADA,1,1742.0,SAU,TUR
JED,ADD,6,1413.0,SAU,ETH
JED,ADE,2,1165.0,SAU,YEM
JED,AHB,2,529.0,SAU,SAU
JED,AJF,1,906.0,SAU,SAU
JED,ALG,1,3837.0,SAU,DZA
JED,AMM,4,1160.0,SAU,JOR
JED,AQI,1,1020.0,SAU,SAU
JED,ASM,1,711.0,SAU,ERI
JED,ASW,1,697.0,SAU,EGY
JED,ATZ,1,1018.0,SAU,EGY
JED,AUH,3,1614.0,SAU,ARE
JED,AWZ,1,1436.0,SAU,IRN
JED,AZD,1,1879.0,SAU,IRN
JED,BAH,2,1272.0,SAU,BHR
JED,BEN,1,2197.0,SAU,LBY
JED,BEY,2,1397.0,SAU,LBN
JED,BHH,1,406.0,SAU,SAU
JED,BLR,1,4185.0,SAU,IND
JED,BOM,3,3519.0,SAU,IND
JED,BWN,1,8336.0,SAU,BRN
JED,CAI,3,1217.0,SAU,EGY
JED,CAN,1,7526.0,SAU,CHN
JED,CCJ,2,4084.0,SAU,IND
JED,CDG,2,4427.0,SAU,FXX
JED,CGK,4,7971.0,SAU,IDN
JED,CGP,1,5402.0,SAU,BGD
JED,CMB,3,4654.0,SAU,LKA
JED,CMN,3,4747.0,SAU,MAR
JED,DAC,3,5231.0,SAU,BGD
JED,DEL,2,3880.0,SAU,IND
JED,DMM,2,1204.0,SAU,SAU
JED,DOH,2,1331.0,SAU,QAT
JED,DWC,1,1672.0,SAU,ARE
JED,DWD,1,594.0,SAU,SAU
JED,DXB,5,1699.0,SAU,ARE
JED,EAM,1,713.0,SAU,SAU
JED,EJH,1,572.0,SAU,SAU
JED,ELQ,1,696.0,SAU,SAU
JED,FCO,2,3363.0,SAU,ITA
JED,FRA,6,4132.0,SAU,DEU
JED,GBT,1,2242.0,SAU,IRN
JED,GIZ,2,642.0,SAU,SAU
JED,GVA,1,4040.0,SAU,CHE
JED,GXF,1,1196.0,SAU,YEM
JED,HAS,1,689.0,SAU,SAU
JED,HBE,7,1393.0,SAU,EGY
JED,HMB,2,914.0,SAU,EGY
JED,HOD,1,869.0,SAU,YEM
JED,HOF,1,1127.0,SAU,SAU
JED,HTY,1,1656.0,SAU,TUR
JED,HYD,1,4137.0,SAU,IND
JED,IAD,1,10592.0,SAU,USA
JED,IFN,1,1756.0,SAU,IRN
JED,ISB,4,3553.0,SAU,PAK
JED,IST,3,2388.0,SAU,TUR
JED,JFK,1,10225.0,SAU,USA
JED,JNB,1,5446.0,SAU,ZAF
JED,KAN,1,3423.0,SAU,NGA
JED,KHI,3,2877.0,SAU,PAK
JED,KRT,3,971.0,SAU,SDN
JED,KUL,4,7066.0,SAU,MYS
JED,KWI,5,1219.0,SAU,KWT
JED,LAX,1,13390.0,SAU,USA
JED,LGW,1,4714.0,SAU,ENG
JED,LHE,4,3653.0,SAU,PAK
JED,LHR,2,4748.0,SAU,ENG
JED,LKO,1,4251.0,SAU,IND
JED,LXR,2,793.0,SAU,EGY
JED,MAA,1,4445.0,SAU,IND
JED,MAD,2,4516.0,SAU,ESP
JED,MAN,2,4957.0,SAU,ENG
JED,MCT,2,1973.0,SAU,OMN
JED,MED,2,324.0,SAU,SAU
JED,MHD,1,2557.0,SAU,IRN
JED,MNL,1,8595.0,SAU,PHL
JED,MUX,1,3349.0,SAU,PAK
JED,MXP,2,3833.0,SAU,ITA
JED,NBO,2,2569.0,SAU,KEN
JED,NDJ,1,2772.0,SAU,TCD
JED,OMH,1,1866.0,SAU,IRN
JED,ORN,1,4145.0,SAU,DZA
JED,PEW,2,3445.0,SAU,PAK
JED,PZU,1,320.0,SAU,SDN
JED,RAE,1,1045.0,SAU,SAU
JED,RAS,1,2009.0,SAU,IRN
JED,RIY,1,1331.0,SAU,YEM
JED,RUH,5,852.0,SAU,SAU
JED,SAH,2,872.0,SAU,YEM
JED,SAW,1,2329.0,SAU,TUR
JED,SHJ,1,1716.0,SAU,ARE
JED,SHW,1,957.0,SAU,SAU
JED,SIN,1,7360.0,SAU,SGP
JED,SKT,1,3668.0,SAU,PAK
JED,SLL,1,1649.0,SAU,OMN
JED,SSH,2,849.0,SAU,EGY
JED,SUB,1,8645.0,SAU,IDN
JED,SYZ,1,1604.0,SAU,IRN
JED,TAI,1,1033.0,SAU,YEM
JED,TBZ,1,1951.0,SAU,IRN
JED,THR,1,1954.0,SAU,IRN
JED,TIP,1,2836.0,SAU,LBY
JED,TUN,2,3254.0,SAU,TUN
JED,TUU,1,786.0,SAU,SAU
JED,URY,1,1098.0,SAU,SAU
JED,WAE,1,640.0,SAU,SAU
JED,YNB,1,296.0,SAU,SAU
JED,YYZ,1,10444.0,SAU,CAN
JEG,JAV,1,90.0,GRL,GRL
JEG,JHS,1,201.0,GRL,GRL
JEG,SFJ,1,209.0,GRL,GRL
JER,AMS,1,598.0,JEY,NLX
JER,BHX,1,362.0,JEY,ENG
JER,BRS,1,245.0,JEY,ENG
JER,CDG,1,346.0,JEY,FXX
JER,CWL,3,257.0,JEY,WLS
JER,DSA,1,482.0,JEY,ENG
JER,DUB,1,547.0,JEY,IRL
JER,DUS,1,677.0,JEY,DEU
JER,EDI,1,754.0,JEY,SCT
JER,EMA,1,407.0,JEY,ENG
JER,EXT,1,191.0,JEY,ENG
JER,FRA,1,780.0,JEY,DEU
JER,GCI,3,39.0,JEY,GGY
JER,GLA,2,756.0,JEY,SCT
JER,GVA,1,703.0,JEY,CHE
JER,HAJ,1,908.0,JEY,DEU
JER,HUY,1,502.0,JEY,ENG
JER,LBA,1,519.0,JEY,ENG
JER,LCY,1,301.0,JEY,ENG
JER,LGW,2,259.0,JEY,ENG
JER,LPL,1,461.0,JEY,ENG
JER,MAN,2,461.0,JEY,ENG
JER,NCL,1,649.0,JEY,ENG
JER,NWI,1,456.0,JEY,ENG
JER,ORK,1,532.0,JEY,IRL
JER,SEN,1,333.0,JEY,ENG
JER,SOU,2,203.0,JEY,ENG
JER,STN,1,344.0,JEY,ENG
JER,STR,1,835.0,JEY,DEU
JER,ZRH,1,817.0,JEY,CHE
JFK,ABQ,1,2931.0,USA,USA
JFK,ACC,1,8221.0,USA,GHA
JFK,AMM,3,9215.0,USA,JOR
JFK,AMS,2,5848.0,USA,NLX
JFK,ANU,2,2855.0,USA,ACA
JFK,ARN,1,6292.0,USA,SWE
JFK,ATL,7,1222.0,USA,USA
JFK,AUA,2,3150.0,USA,ABW
JFK,AUH,2,11031.0,USA,ARE
JFK,AUS,4,2445.0,USA,USA
JFK,AZS,1,2407.0,USA,DOM
JFK,BCN,9,6150.0,USA,ESP
JFK,BDA,4,1227.0,USA,BMU
JFK,BGI,1,3366.0,USA,BRB
JFK,BGO,1,5604.0,USA,NOW
JFK,BNA,3,1230.0,USA,USA
JFK,BOG,4,3996.0,USA,COL
JFK,BOS,4,300.0,USA,USA
JFK,BQN,1,2543.0,USA,PRI
JFK,BRU,6,5886.0,USA,BFR
JFK,BTV,1,429.0,USA,USA
JFK,BUF,2,484.0,USA,USA
JFK,BUR,1,3958.0,USA,USA
JFK,BWI,3,295.0,USA,USA
JFK,CAI,2,9016.0,USA,EGY
JFK,CCS,1,3406.0,USA,VEN
JFK,CDG,11,5834.0,USA,FXX
JFK,CHS,2,1025.0,USA,USA
JFK,CLE,3,682.0,USA,USA
JFK,CLT,4,871.0,USA,USA
JFK,CMH,3,776.0,USA,USA
JFK,CMN,1,5795.0,USA,MAR
JFK,CPH,1,6189.0,USA,DNK
JFK,CTG,1,3362.0,USA,COL
JFK,CUN,5,2506.0,USA,MEX
JFK,CVG,3,946.0,USA,USA
JFK,DCA,3,342.0,USA,USA
JFK,DEL,1,11754.0,USA,IND
JFK,DEN,2,2610.0,USA,USA
JFK,DFW,3,2235.0,USA,USA
JFK,DKR,1,6120.0,USA,SEN
JFK,DOH,2,10769.0,USA,QAT
JFK,DTW,1,817.0,USA,USA
JFK,DUB,9,5103.0,USA,IRL
JFK,DUS,2,6017.0,USA,DEU
JFK,DXB,2,11002.0,USA,ARE
JFK,EZE,3,8535.0,USA,ARG
JFK,FCO,7,6866.0,USA,ITA
JFK,FLL,2,1723.0,USA,USA
JFK,FRA,8,6189.0,USA,DEU
JFK,GCM,2,2481.0,USA,CYM
JFK,GEO,1,4098.0,USA,GUY
JFK,GIG,3,7729.0,USA,BRA
JFK,GND,2,3393.0,USA,GRD
JFK,GRU,5,7664.0,USA,BRA
JFK,GUA,1,3321.0,USA,GTM
JFK,GVA,2,6201.0,USA,CHE
JFK,GYE,2,4799.0,USA,ECU
JFK,HEL,4,6607.0,USA,FIN
JFK,HKG,2,12970.0,USA,HKG
JFK,HNL,1,8007.0,USA,USA
JFK,HOU,1,2296.0,USA,USA
JFK,IAD,3,366.0,USA,USA
JFK,ICN,4,11089.0,USA,KOR
JFK,IND,3,1067.0,USA,USA
JFK,IST,2,8027.0,USA,TUR
JFK,JAX,2,1334.0,USA,USA
JFK,JED,1,10225.0,USA,SAU
JFK,JNB,4,12831.0,USA,ZAF
JFK,KBP,1,7533.0,USA,UKR
JFK,KEF,1,4163.0,USA,ISL
JFK,KIN,3,2541.0,USA,JAM
JFK,KIX,1,11155.0,USA,JPN
JFK,KWI,1,10202.0,USA,KWT
JFK,LAS,8,3609.0,USA,USA
JFK,LAX,8,3974.0,USA,USA
JFK,LCY,4,5572.0,USA,ENG
JFK,LGB,1,3958.0,USA,USA
JFK,LHE,1,11350.0,USA,PAK
JFK,LHR,12,5540.0,USA,ENG
JFK,LIM,3,5866.0,USA,PER
JFK,LIR,2,3535.0,USA,CRI
JFK,LOS,1,8444.0,USA,NGA
JFK,LRM,1,2511.0,USA,DOM
JFK,MAD,9,5762.0,USA,ESP
JFK,MAN,5,5362.0,USA,ENG
JFK,MBJ,3,2493.0,USA,JAM
JFK,MCO,4,1521.0,USA,USA
JFK,MDE,2,3837.0,USA,COL
JFK,MEX,4,3365.0,USA,MEX
JFK,MIA,3,1757.0,USA,USA
JFK,MSP,2,1651.0,USA,USA
JFK,MSY,11,1901.0,USA,USA
JFK,MUC,2,6481.0,USA,DEU
JFK,MXP,10,6413.0,USA,ITA
JFK,NAS,2,1768.0,USA,BHS
JFK,NCE,2,6407.0,USA,FXX
JFK,NRT,5,10830.0,USA,JPN
JFK,OAK,1,4135.0,USA,USA
JFK,ORD,5,1188.0,USA,USA
JFK,ORF,3,466.0,USA,USA
JFK,ORY,3,5834.0,USA,FXX
JFK,OSL,1,5917.0,USA,NOW
JFK,PAP,4,2457.0,USA,HTI
JFK,PBI,1,1657.0,USA,USA
JFK,PDX,2,3939.0,USA,USA
JFK,PEK,3,10978.0,USA,CHN
JFK,PHL,1,151.0,USA,USA
JFK,PHX,4,3458.0,USA,USA
JFK,PIT,3,545.0,USA,USA
JFK,PLS,2,2103.0,USA,TCA
JFK,POP,1,2342.0,USA,DOM
JFK,POS,2,3557.0,USA,TTO
JFK,PSE,1,2610.0,USA,PRI
JFK,PTY,2,3554.0,USA,PAN
JFK,PUJ,2,2508.0,USA,DOM
JFK,PVG,2,11874.0,USA,CHN
JFK,PWM,1,440.0,USA,USA
JFK,RDU,4,687.0,USA,USA
JFK,RIC,1,464.0,USA,USA
JFK,RIX,1,6746.0,USA,LVA
JFK,ROC,2,424.0,USA,USA
JFK,RSW,1,1732.0,USA,USA
JFK,RUH,1,10480.0,USA,SAU
JFK,SAL,3,3370.0,USA,SLV
JFK,SAN,6,3928.0,USA,USA
JFK,SAP,1,3116.0,USA,HND
JFK,SAT,1,2551.0,USA,USA
JFK,SAV,2,1155.0,USA,USA
JFK,SCL,2,8238.0,USA,CHL
JFK,SDF,1,1062.0,USA,USA
JFK,SDQ,2,2501.0,USA,DOM
JFK,SEA,5,3887.0,USA,USA
JFK,SFO,7,4152.0,USA,USA
JFK,SJC,1,4125.0,USA,USA
JFK,SJO,3,3559.0,USA,CRI
JFK,SJU,5,2578.0,USA,PRI
JFK,SLC,2,3194.0,USA,USA
JFK,SMF,1,4047.0,USA,USA
JFK,SNN,1,4946.0,USA,IRL
JFK,SRQ,1,1678.0,USA,USA
JFK,STI,2,2380.0,USA,DOM
JFK,STL,1,1433.0,USA,USA
JFK,STT,3,2619.0,USA,VIR
JFK,SVO,2,7481.0,USA,RUS
JFK,SXM,4,2712.0,USA,SXM
JFK,SYR,2,336.0,USA,USA
JFK,TAB,1,3516.0,USA,TTO
JFK,TLV,2,9117.0,USA,ISR
JFK,TPA,4,1620.0,USA,USA
JFK,TPE,1,12545.0,USA,TWN
JFK,TXL,2,6368.0,USA,DEU
JFK,UVF,1,3241.0,USA,LCA
JFK,VCE,2,6668.0,USA,ITA
JFK,VIE,2,6805.0,USA,AUT
JFK,VKO,1,7501.0,USA,RUS
JFK,WAW,1,6848.0,USA,POL
JFK,YUL,6,537.0,USA,CAN
JFK,YVR,1,3930.0,USA,CAN
JFK,YYC,3,3277.0,USA,CAN
JFK,YYZ,7,589.0,USA,CAN
JFK,ZRH,4,6309.0,USA,CHE
JFR,GOH,1,265.0,GRL,GRL
JFR,UAK,1,242.0,GRL,GRL
JGA,BOM,1,479.0,IND,IND
JGD,HLD,1,334.0,CHN,CHN
JGD,HRB,2,551.0,CHN,CHN
JGD,OHE,1,306.0,CHN,CHN
JGN,JIC,2,375.0,CHN,CHN
JGN,LHW,3,592.0,CHN,CHN
JGN,XIY,1,1100.0,CHN,CHN
JGS,CAN,1,412.0,CHN,CHN
JGS,CTU,1,1130.0,CHN,CHN
JGS,PEK,2,1480.0,CHN,CHN
JGS,SHA,2,803.0,CHN,CHN
JGS,SZX,1,478.0,CHN,CHN
JGS,XIY,1,1019.0,CHN,CHN
JGS,XMN,1,426.0,CHN,CHN
JHB,BDO,1,1044.0,MYS,IDN
JHB,BKI,1,1454.0,MYS,MYS
JHB,CGK,1,925.0,MYS,IDN
JHB,KBR,3,526.0,MYS,MYS
JHB,KCH,1,742.0,MYS,MYS
JHB,KUL,2,250.0,MYS,MYS
JHB,MYY,1,1184.0,MYS,MYS
JHB,PEN,1,554.0,MYS,MYS
JHB,SBW,1,927.0,MYS,MYS
JHB,SUB,2,1425.0,MYS,IDN
JHB,SZB,3,288.0,MYS,MYS
JHB,TWU,1,1633.0,MYS,MYS
JHG,CKG,1,1043.0,CHN,CHN
JHG,CTU,2,1008.0,CHN,CHN
JHG,DIG,1,656.0,CHN,CHN
JHG,DLU,2,411.0,CHN,CHN
JHG,HGH,1,2164.0,CHN,CHN
JHG,KMG,10,412.0,CHN,CHN
JHG,LJG,5,526.0,CHN,CHN
JHG,LPQ,1,273.0,CHN,LAO
JHG,TCZ,1,403.0,CHN,CHN
JHM,HNL,1,136.0,USA,USA
JHM,KOA,1,151.0,USA,USA
JHS,GOH,1,321.0,GRL,GRL
JHS,JEG,1,201.0,GRL,GRL
JHS,SFJ,1,131.0,GRL,GRL
JHW,BFD,1,64.0,USA,USA
JHW,CLE,1,230.0,USA,USA
JIB,ADD,4,556.0,DJI,ETH
JIB,CDG,1,5592.0,DJI,FXX
JIB,DIR,1,257.0,DJI,ETH
JIB,DXB,4,1992.0,DJI,ARE
JIB,HAH,1,2567.0,DJI,COM
JIB,HGA,1,247.0,DJI,SOL
JIB,IST,1,3592.0,DJI,TUR
JIB,JED,1,1204.0,DJI,SAU
JIB,MGQ,4,1086.0,DJI,SOX
JIB,NBO,2,1588.0,DJI,KEN
JIB,SAH,2,452.0,DJI,YEM
JIB,TAI,1,260.0,DJI,YEM
JIC,JGN,2,375.0,CHN,CHN
JIC,LHW,1,252.0,CHN,CHN
JIC,NAY,2,1217.0,CHN,CHN
JIC,XIY,1,731.0,CHN,CHN
JIJ,ADD,1,453.0,ETH,ETH
JIJ,DIR,1,120.0,ETH,ETH
JIJ,GDE,1,385.0,ETH,ETH
JIK,ATH,2,213.0,GRC,GRC
JIK,LXS,1,266.0,GRC,GRC
JIM,ADD,1,262.0,ETH,ETH
JIM,AMH,1,200.0,ETH,ETH
JIQ,CAN,1,813.0,CHN,CHN
JIQ,CKG,1,213.0,CHN,CHN
JIQ,CTU,1,485.0,CHN,CHN
JIQ,KMG,2,762.0,CHN,CHN
JIQ,PEK,1,1370.0,CHN,CHN
JIQ,SHA,1,1214.0,CHN,CHN
JIU,CAN,1,721.0,CHN,CHN
JIU,PEK,2,1181.0,CHN,CHN
JIU,SHA,1,565.0,CHN,CHN
JIU,XMN,2,595.0,CHN,CHN
JJN,CAN,4,559.0,CHN,CHN
JJN,CGO,1,1174.0,CHN,CHN
JJN,CSX,3,654.0,CHN,CHN
JJN,CTU,1,1577.0,CHN,CHN
JJN,HGH,4,631.0,CHN,CHN
JJN,HKG,2,551.0,CHN,HKG
JJN,HSN,4,682.0,CHN,CHN
JJN,KWE,3,1197.0,CHN,CHN
JJN,MFM,2,589.0,CHN,MAC
JJN,NKG,3,773.0,CHN,CHN
JJN,NNG,1,1088.0,CHN,CHN
JJN,PEK,2,1710.0,CHN,CHN
JJN,PVG,2,773.0,CHN,CHN
JJN,SHA,3,761.0,CHN,CHN
JJN,SZX,4,542.0,CHN,CHN
JJN,TPE,1,268.0,CHN,TWN
JJN,WUH,3,793.0,CHN,CHN
JJN,YIW,1,525.0,CHN,CHN
JJU,JNN,1,77.0,GRL,GRL
JJU,JNS,1,22.0,GRL,GRL
JJU,LLU,1,38.0,GRL,GRL
JJU,QFG,1,12.0,GRL,GRL
JJU,UAK,1,59.0,GRL,GRL
JKG,ARN,1,306.0,SWE,SWE
JKG,HAD,1,140.0,SWE,SWE
JKH,ATH,2,197.0,GRC,GRC
JKH,MJT,2,89.0,GRC,GRC
JKH,RHO,1,276.0,GRC,GRC
JKH,SKG,1,364.0,GRC,GRC
JKL,ATH,2,286.0,GRC,GRC
JKL,KGS,2,23.0,GRC,GRC
JKL,LRS,2,28.0,GRC,GRC
JKR,KTM,1,123.0,NPL,NPL
JLN,DFW,2,527.0,USA,USA
JLR,BOM,1,873.0,IND,IND
JLR,DEL,2,668.0,IND,IND
JMK,ATH,2,136.0,GRC,GRC
JMK,CGN,1,2072.0,GRC,DEU
JMK,GVA,1,1863.0,GRC,CHE
JMK,JTR,2,116.0,GRC,GRC
JMK,LGW,2,2519.0,GRC,ENG
JMK,LHR,1,2553.0,GRC,ENG
JMK,MAN,1,2760.0,GRC,ENG
JMK,MXP,1,1651.0,GRC,ITA
JMK,VIE,2,1384.0,GRC,AUT
JMU,DLC,1,1137.0,CHN,CHN
JMU,HRB,1,351.0,CHN,CHN
JMU,KHV,1,400.0,CHN,RUS
JMU,PEK,3,1346.0,CHN,CHN
JMU,PVG,1,1897.0,CHN,CHN
JMU,SHE,1,802.0,CHN,CHN
JMU,TAO,2,1443.0,CHN,CHN
JNB,ACC,1,4674.0,ZAF,GHA
JNB,ADD,2,4068.0,ZAF,ETH
JNB,AMS,1,9017.0,ZAF,NLX
JNB,APL,2,1679.0,ZAF,MOZ
JNB,ATL,1,13583.0,ZAF,USA
JNB,AUH,4,6299.0,ZAF,ARE
JNB,BBK,2,977.0,ZAF,BWA
JNB,BEW,2,981.0,ZAF,MOZ
JNB,BFN,1,380.0,ZAF,ZAF
JNB,BKK,2,8996.0,ZAF,THA
JNB,BLZ,2,1356.0,ZAF,MWI
JNB,BOM,3,6964.0,ZAF,IND
JNB,BUQ,2,682.0,ZAF,ZWE
JNB,BZV,1,2800.0,ZAF,COG
JNB,CAI,2,6265.0,ZAF,EGY
JNB,CDG,2,8738.0,ZAF,FXX
JNB,CPT,9,1271.0,ZAF,ZAF
JNB,DAR,1,2436.0,ZAF,TZA
JNB,DKR,3,6717.0,ZAF,SEN
JNB,DOH,1,6243.0,ZAF,QAT
JNB,DUR,4,479.0,ZAF,ZAF
JNB,DXB,2,6413.0,ZAF,ARE
JNB,EBB,1,2946.0,ZAF,UGA
JNB,ELS,2,768.0,ZAF,ZAF
JNB,FBM,2,1619.0,ZAF,COD
JNB,FIH,1,2776.0,ZAF,COD
JNB,FRA,3,8690.0,ZAF,DEU
JNB,FRW,1,559.0,ZAF,BWA
JNB,GBE,2,293.0,ZAF,BWA
JNB,GRJ,3,1041.0,ZAF,ZAF
JNB,GRU,2,7439.0,ZAF,BRA
JNB,HDS,1,344.0,ZAF,ZAF
JNB,HKG,2,10675.0,ZAF,HKG
JNB,HRE,3,959.0,ZAF,ZWE
JNB,INH,1,764.0,ZAF,MOZ
JNB,IST,1,7496.0,ZAF,TUR
JNB,JED,1,5446.0,ZAF,SAU
JNB,JFK,4,12831.0,ZAF,USA
JNB,KGL,2,2695.0,ZAF,RWA
JNB,KIM,1,453.0,ZAF,ZAF
JNB,LAD,2,2490.0,ZAF,AGO
JNB,LBV,1,3581.0,ZAF,GAB
JNB,LHR,6,9075.0,ZAF,ENG
JNB,LLW,1,1489.0,ZAF,MWI
JNB,LOS,2,4524.0,ZAF,NGA
JNB,LUN,1,1202.0,ZAF,ZMB
JNB,LVI,2,958.0,ZAF,ZMB
JNB,MGH,1,563.0,ZAF,ZAF
JNB,MPM,3,433.0,ZAF,MOZ
JNB,MQP,1,298.0,ZAF,ZAF
JNB,MRU,3,3066.0,ZAF,MUS
JNB,MSU,1,376.0,ZAF,LSO
JNB,MTS,1,308.0,ZAF,SWZ
JNB,MUB,2,844.0,ZAF,BWA
JNB,MUC,3,8444.0,ZAF,DEU
JNB,NBO,2,2912.0,ZAF,KEN
JNB,NLA,2,1462.0,ZAF,ZMB
JNB,PER,2,8310.0,ZAF,AUS
JNB,PHW,1,382.0,ZAF,ZAF
JNB,PLZ,3,908.0,ZAF,ZAF
JNB,PNR,1,2941.0,ZAF,COG
JNB,POL,1,1945.0,ZAF,MOZ
JNB,PTG,1,283.0,ZAF,ZAF
JNB,PZB,1,444.0,ZAF,ZAF
JNB,RCB,1,477.0,ZAF,ZAF
JNB,RUN,1,2835.0,ZAF,REU
JNB,SEZ,2,3756.0,ZAF,SYC
JNB,SIN,4,8656.0,ZAF,SGP
JNB,SYD,2,11024.0,ZAF,AUS
JNB,TET,2,1248.0,ZAF,MOZ
JNB,TLV,1,6504.0,ZAF,ISR
JNB,TNR,2,2135.0,ZAF,MDG
JNB,UTN,1,735.0,ZAF,ZAF
JNB,UTT,1,603.0,ZAF,ZAF
JNB,VFA,3,928.0,ZAF,ZWE
JNB,VNX,2,851.0,ZAF,MOZ
JNB,WDH,5,1165.0,ZAF,NAM
JNB,WVB,1,1419.0,ZAF,NAM
JNB,ZNZ,1,2502.0,ZAF,TZZ
JNB,ZRH,2,8419.0,ZAF,CHE
JNG,CAN,1,1356.0,CHN,CHN
JNG,CTU,1,1269.0,CHN,CHN
JNG,DLC,1,615.0,CHN,CHN
JNG,HRB,1,1419.0,CHN,CHN
JNG,KMG,1,1714.0,CHN,CHN
JNG,PEK,1,533.0,CHN,CHN
JNG,SHA,2,650.0,CHN,CHN
JNG,SHE,1,940.0,CHN,CHN
JNG,XIY,1,699.0,CHN,CHN
JNN,JJU,1,77.0,GRL,GRL
JNN,LLU,1,40.0,GRL,GRL
JNS,JJU,1,22.0,GRL,GRL
JNS,UAK,1,44.0,GRL,GRL
JNU,AGN,1,95.0,USA,USA
JNU,ANC,1,916.0,USA,USA
JNU,GST,2,66.0,USA,USA
JNU,HNH,2,57.0,USA,USA
JNU,HNS,2,113.0,USA,USA
JNU,KTN,3,376.0,USA,USA
JNU,PSG,1,198.0,USA,USA
JNU,SEA,1,1461.0,USA,USA
JNU,SGY,2,130.0,USA,USA
JNU,SIT,1,153.0,USA,USA
JNU,YAK,1,318.0,USA,USA
JNX,ATH,2,158.0,GRC,GRC
JNZ,HGH,1,1210.0,CHN,CHN
JNZ,PVG,2,1109.0,CHN,CHN
JNZ,TAO,2,541.0,CHN,CHN
JOE,HEL,1,359.0,FIN,FIN
JOG,BDJ,1,681.0,IDN,IDN
JOG,BDO,1,330.0,IDN,IDN
JOG,BPN,4,1019.0,IDN,IDN
JOG,BTH,1,1213.0,IDN,IDN
JOG,CGK,5,456.0,IDN,IDN
JOG,DPS,3,532.0,IDN,IDN
JOG,KUL,1,1519.0,IDN,MYS
JOG,LOP,1,652.0,IDN,IDN
JOG,PKU,2,1354.0,IDN,IDN
JOG,PLM,1,836.0,IDN,IDN
JOG,SIN,5,1242.0,IDN,SGP
JOG,SUB,2,264.0,IDN,IDN
JOG,UPG,2,1052.0,IDN,IDN
JOI,CGH,2,361.0,BRA,BRA
JOI,GRU,1,389.0,BRA,BRA
JOI,POA,1,479.0,BRA,BRA
JOI,VCP,1,395.0,BRA,BRA
JOL,ZAM,1,151.0,PHL,PHL
JOS,LOS,1,699.0,NGA,NGA
JPA,BSB,3,1713.0,BRA,BRA
JPA,FOR,1,546.0,BRA,BRA
JPA,GIG,3,1955.0,BRA,BRA
JPA,GRU,2,2190.0,BRA,BRA
JPA,SSA,1,740.0,BRA,BRA
JPA,VCP,1,2193.0,BRA,BRA
JPR,CGB,2,817.0,BRA,BRA
JQA,JAV,1,177.0,GRL,GRL
JQA,UMD,1,22.0,GRL,GRL
JQE,PAC,1,223.0,PAN,PAN
JRO,ADD,2,1393.0,TZA,ETH
JRO,DAR,6,450.0,TZA,TZA
JRO,EBB,2,643.0,TZA,UGA
JRO,KGL,1,787.0,TZA,RWA
JRO,MBA,1,288.0,TZA,KEN
JRO,MWZ,2,473.0,TZA,TZA
JRO,NBO,2,235.0,TZA,KEN
JRO,WIL,2,236.0,TZA,KEN
JRO,ZNZ,2,391.0,TZA,TZZ
JSH,ATH,1,359.0,GRC,GRC
JSH,AXD,1,627.0,GRC,GRC
JSH,KSJ,2,77.0,GRC,GRC
JSH,PVK,1,628.0,GRC,GRC
JSI,ATH,2,143.0,GRC,GRC
JSR,DAC,3,146.0,BGD,BGD
JST,AOO,1,44.0,USA,USA
JST,IAD,1,193.0,USA,USA
JSU,GOH,1,148.0,,GRL
JSU,SFJ,1,204.0,,GRL
JSY,ATH,2,105.0,GRC,GRC
JTC,CGH,1,294.0,BRA,BRA
JTC,MII,1,90.0,BRA,BRA
JTC,VCP,1,218.0,BRA,BRA
JTR,AMS,1,2400.0,GRC,NLX
JTR,ATH,3,218.0,GRC,GRC
JTR,BRU,1,2320.0,GRC,BFR
JTR,CGN,1,2171.0,GRC,DEU
JTR,LGW,2,2611.0,GRC,ENG
JTR,LHR,1,2644.0,GRC,ENG
JTR,MAN,1,2855.0,GRC,ENG
JTR,VCE,1,1493.0,GRC,ITA
JTR,VIE,3,1492.0,GRC,AUT
JTR,VOL,1,392.0,GRC,GRC
JTY,ATH,2,263.0,GRC,GRC
JTY,LRS,2,77.0,GRC,GRC
JUB,ADD,2,916.0,SDS,ETH
JUB,CAI,2,2808.0,SDS,EGY
JUB,DXB,1,3399.0,SDS,ARE
JUB,EBB,2,545.0,SDS,UGA
JUB,KGL,1,778.0,SDS,RWA
JUB,KRT,2,1196.0,SDS,SDN
JUB,NBO,2,908.0,SDS,KEN
JUH,CAN,1,925.0,CHN,CHN
JUH,CTU,1,1313.0,CHN,CHN
JUH,NAY,2,1012.0,CHN,CHN
JUH,SHA,1,352.0,CHN,CHN
JUH,XMN,2,690.0,CHN,CHN
JUJ,AEP,1,1302.0,ARG,ARG
JUJ,COR,1,776.0,ARG,ARG
JUL,AQP,4,181.0,PER,PER
JUL,CUZ,2,288.0,PER,PER
JUL,LIM,1,843.0,PER,PER
JUV,JAV,1,435.0,GRL,GRL
JUV,NAQ,1,642.0,GRL,GRL
JUZ,NAY,2,1225.0,CHN,CHN
JUZ,SZX,2,868.0,CHN,CHN
JUZ,XMN,2,498.0,CHN,CHN
JXA,HRB,1,387.0,CHN,CHN
JXA,PEK,2,1325.0,CHN,CHN
JXA,SHE,1,743.0,CHN,CHN
JXA,TAO,2,1353.0,CHN,CHN
JYV,HEL,2,235.0,FIN,FIN
JYV,KEM,1,379.0,FIN,FIN
JZH,CAN,2,1411.0,CHN,CHN
JZH,CKG,3,448.0,CHN,CHN
JZH,CTU,7,254.0,CHN,CHN
JZH,PVG,3,1717.0,CHN,CHN
JZH,XIY,1,502.0,CHN,CHN
KAA,NLA,1,410.0,ZMB,ZMB
KAD,LOS,1,635.0,NGA,NGA
KAJ,HEL,2,463.0,FIN,FIN
KAL,GAL,1,98.0,USA,USA
KAL,HSL,1,190.0,USA,USA
KAL,NUL,1,56.0,USA,USA
KAN,ABV,1,365.0,NGA,NGA
KAN,BEY,1,3650.0,NGA,LBN
KAN,CAI,1,3098.0,NGA,EGY
KAN,JED,1,3423.0,NGA,SAU
KAN,KRT,1,2623.0,NGA,SDN
KAN,LOS,1,834.0,NGA,NGA
KAN,NDJ,1,708.0,NGA,TCD
KAO,HEL,1,666.0,FIN,FIN
KAT,AKL,1,255.0,NZL,NZL
KAW,MGZ,1,266.0,MMR,MMR
KAZ,MDC,1,333.0,IDN,IDN
KBL,DEL,5,1001.0,AFG,IND
KBL,DWC,1,1728.0,AFG,ARE
KBL,DXB,5,1686.0,AFG,ARE
KBL,DYU,1,444.0,AFG,TJK
KBL,ESB,1,3238.0,AFG,TUR
KBL,GYD,1,1809.0,AFG,AZE
KBL,HEA,3,642.0,AFG,AFG
KBL,IKA,1,1646.0,AFG,IRN
KBL,ISB,2,353.0,AFG,PAK
KBL,IST,1,3593.0,AFG,TUR
KBL,KDH,2,463.0,AFG,AFG
KBL,KWI,1,2087.0,AFG,KWT
KBL,MHD,1,887.0,AFG,IRN
KBL,MZR,2,299.0,AFG,AFG
KBL,PEW,1,221.0,AFG,PAK
KBP,ALA,2,3534.0,UKR,KAZ
KBP,AMM,1,2113.0,UKR,JOR
KBP,AMS,2,1819.0,UKR,NLX
KBP,ATH,1,1485.0,UKR,GRC
KBP,AYT,1,1495.0,UKR,TUR
KBP,BCN,2,2429.0,UKR,ESP
KBP,BKK,1,7416.0,UKR,THA
KBP,BRU,2,1854.0,UKR,BFR
KBP,CDG,2,2032.0,UKR,FXX
KBP,DME,2,733.0,UKR,RUS
KBP,DNK,2,376.0,UKR,UKR
KBP,DOK,2,557.0,UKR,UKR
KBP,DXB,2,3489.0,UKR,ARE
KBP,EVN,1,1545.0,UKR,ARM
KBP,FCO,2,1717.0,UKR,ITA
KBP,FRA,2,1584.0,UKR,DEU
KBP,GVA,1,1880.0,UKR,CHE
KBP,GYD,3,1846.0,UKR,AZE
KBP,HEL,1,1169.0,UKR,FIN
KBP,HER,1,1731.0,UKR,GRC
KBP,HRK,1,387.0,UKR,UKR
KBP,IFO,2,476.0,UKR,UKR
KBP,IST,4,1022.0,UKR,TUR
KBP,JFK,1,7533.0,UKR,USA
KBP,KGD,2,858.0,UKR,RUS
KBP,KIV,1,406.0,UKR,MDA
KBP,LCA,1,1734.0,UKR,CYP
KBP,LED,4,1052.0,UKR,RUS
KBP,LGW,1,2173.0,UKR,ENG
KBP,LHR,1,2185.0,UKR,ENG
KBP,LIS,2,3372.0,UKR,PRX
KBP,LWO,1,498.0,UKR,UKR
KBP,MAD,2,2873.0,UKR,ESP
KBP,MSQ,2,439.0,UKR,BLR
KBP,MUC,2,1398.0,UKR,DEU
KBP,MXP,1,1723.0,UKR,ITA
KBP,NAP,1,1659.0,UKR,ITA
KBP,NCE,1,1933.0,UKR,FXX
KBP,ODS,2,436.0,UKR,UKR
KBP,OSL,1,1651.0,UKR,NOW
KBP,OVB,2,3446.0,UKR,RUS
KBP,PRG,3,1181.0,UKR,CZE
KBP,RHO,1,1566.0,UKR,GRC
KBP,RIX,2,861.0,UKR,LVA
KBP,ROV,2,731.0,UKR,RUS
KBP,SAW,2,1058.0,UKR,TUR
KBP,SHJ,1,3489.0,UKR,ARE
KBP,SIP,1,632.0,UKR,RUS
KBP,SVO,2,761.0,UKR,RUS
KBP,SVX,2,2080.0,UKR,RUS
KBP,TAS,1,3103.0,UKR,UZB
KBP,TBS,2,1448.0,UKR,GEG
KBP,TFS,1,4674.0,UKR,ESP
KBP,TLL,1,1079.0,UKR,EST
KBP,TLV,2,2065.0,UKR,ISR
KBP,TSE,2,2823.0,UKR,KAZ
KBP,TXL,1,1241.0,UKR,DEU
KBP,UKS,1,660.0,UKR,RUS
KBP,VIE,2,1068.0,UKR,AUT
KBP,VNO,1,609.0,UKR,LTU
KBP,WAW,2,719.0,UKR,POL
KBP,ZRH,2,1658.0,UKR,CHE
KBR,BKI,1,1521.0,MYS,MYS
KBR,JHB,3,526.0,MYS,MYS
KBR,KCH,1,1034.0,MYS,MYS
KBR,KUL,2,386.0,MYS,MYS
KBR,PEN,3,243.0,MYS,MYS
KBR,SIN,1,568.0,MYS,SGP
KBR,SZB,3,348.0,MYS,MYS
KBV,BKK,8,650.0,THA,THA
KBV,CNX,1,1186.0,THA,THA
KBV,DMK,2,670.0,THA,THA
KBV,KUL,2,667.0,THA,MYS
KBV,SIN,2,933.0,THA,SGP
KBV,USM,1,200.0,THA,THA
KCA,URC,2,450.0,CHN,CHN
KCH,BKI,2,803.0,MYS,MYS
KCH,BTU,2,348.0,MYS,MYS
KCH,JHB,1,742.0,MYS,MYS
KCH,KBR,1,1034.0,MYS,MYS
KCH,KUL,4,970.0,MYS,MYS
KCH,LGK,1,1295.0,MYS,MYS
KCH,MKM,1,249.0,MYS,MYS
KCH,MYY,3,513.0,MYS,MYS
KCH,MZV,2,571.0,MYS,MYS
KCH,PEN,1,1195.0,MYS,MYS
KCH,PNK,1,210.0,MYS,IDN
KCH,SBW,2,201.0,MYS,MYS
KCH,SIN,4,706.0,MYS,SGP
KCK,IKT,1,655.0,RUS,RUS
KCM,ESB,1,448.0,TUR,TUR
KCM,IST,1,817.0,TUR,TUR
KCM,SAW,1,757.0,TUR,TUR
KCO,ESB,1,256.0,TUR,TUR
KCT,CMB,1,141.0,LKA,LKA
KCZ,HND,2,602.0,JPN,JPN
KCZ,ITM,1,213.0,JPN,JPN
KCZ,NKM,1,354.0,JPN,JPN
KDH,DEL,1,1131.0,AFG,IND
KDH,DXB,1,1238.0,AFG,ARE
KDH,KBL,2,463.0,AFG,AFG
KDH,MHD,1,777.0,AFG,IRN
KDI,CGK,1,1760.0,IDN,IDN
KDI,UPG,3,336.0,IDN,IDN
KDM,GAN,1,133.0,MDV,MDV
KDM,MLE,1,416.0,MDV,MDV
KDO,GKK,1,126.0,MDV,MDV
KDO,MLE,1,259.0,MDV,MDV
KDU,ISB,1,315.0,PAK,PAK
KDV,NAN,1,163.0,FJI,FJI
KDV,SUV,1,121.0,FJI,FJI
KEF,ALC,2,3208.0,ISL,ESP
KEF,AMS,1,2038.0,ISL,NLX
KEF,ARN,1,2143.0,ISL,SWE
KEF,BGO,2,1489.0,ISL,NOW
KEF,BLL,1,1967.0,ISL,DNK
KEF,BOS,1,3874.0,ISL,USA
KEF,BRS,1,1817.0,ISL,ENG
KEF,BRU,1,2148.0,ISL,BFR
KEF,BSL,1,2576.0,ISL,FXX
KEF,CDG,3,2241.0,ISL,FXX
KEF,CPH,3,2144.0,ISL,DNK
KEF,DEN,1,5727.0,ISL,USA
KEF,EDI,1,1385.0,ISL,SCT
KEF,EWR,1,4177.0,ISL,USA
KEF,FRA,1,2401.0,ISL,DEU
KEF,GLA,1,1347.0,ISL,SCT
KEF,GOH,1,1401.0,ISL,GRL
KEF,HEL,2,2444.0,ISL,FIN
KEF,IAD,1,4495.0,ISL,USA
KEF,JFK,1,4163.0,ISL,USA
KEF,LGW,3,1935.0,ISL,ENG
KEF,LHR,1,1895.0,ISL,ENG
KEF,LTN,1,1862.0,ISL,ENG
KEF,MAN,2,1653.0,ISL,ENG
KEF,MUC,1,2692.0,ISL,DEU
KEF,OSL,3,1783.0,ISL,NOW
KEF,SEA,1,5811.0,ISL,USA
KEF,SFB,1,5643.0,ISL,USA
KEF,SXF,2,2431.0,ISL,DEU
KEF,YEG,1,4922.0,ISL,CAN
KEF,YYZ,1,4171.0,ISL,CAN
KEF,ZRH,1,2631.0,ISL,CHE
KEJ,DME,2,2986.0,RUS,RUS
KEJ,SVO,1,2994.0,RUS,RUS
KEM,HEL,2,608.0,FIN,FIN
KEP,KTM,1,366.0,NPL,NPL
KER,IFN,1,555.0,IRN,IRN
KER,SYZ,1,428.0,IRN,IRN
KER,THR,1,799.0,IRN,IRN
KER,ZAH,1,392.0,IRN,IRN
KET,RGN,1,612.0,MMR,MMR
KEW,YRL,1,224.0,CAN,CAN
KFP,CDB,1,59.0,USA,USA
KFS,IST,1,421.0,TUR,TUR
KGA,FBM,1,842.0,COD,COD
KGA,FIH,1,796.0,COD,COD
KGA,TSH,1,195.0,COD,COD
KGC,ADL,1,125.0,AUS,AUS
KGD,CEE,1,1156.0,RUS,RUS
KGD,DME,3,1099.0,RUS,RUS
KGD,EGO,1,1172.0,RUS,RUS
KGD,KBP,2,858.0,RUS,UKR
KGD,LED,1,795.0,RUS,RUS
KGD,MSQ,1,494.0,RUS,BLR
KGD,RIX,1,309.0,RUS,LVA
KGD,SVO,1,1065.0,RUS,RUS
KGD,TAS,2,3828.0,RUS,UZB
KGD,TXL,2,546.0,RUS,DEU
KGE,GZO,1,117.0,SLB,SLB
KGE,MUA,1,116.0,SLB,SLB
KGF,ALA,2,757.0,KAZ,KAZ
KGF,DME,1,2450.0,KAZ,RUS
KGF,KZO,1,804.0,KAZ,KAZ
KGF,LED,1,2922.0,KAZ,RUS
KGF,SVO,1,2482.0,KAZ,RUS
KGF,UKK,1,658.0,KAZ,KAZ
KGI,ADL,1,1657.0,AUS,AUS
KGI,MEL,1,2274.0,AUS,AUS
KGI,PER,3,537.0,AUS,AUS
KGL,ADD,2,1550.0,RWA,ETH
KGL,BJM,7,176.0,RWA,BDI
KGL,BRU,1,6362.0,RWA,BFR
KGL,BZV,1,1672.0,RWA,COG
KGL,DAR,1,1143.0,RWA,TZA
KGL,DXB,1,4067.0,RWA,ARE
KGL,EBB,11,340.0,RWA,UGA
KGL,IST,1,4811.0,RWA,TUR
KGL,JNB,2,2695.0,RWA,ZAF
KGL,JRO,1,787.0,RWA,TZA
KGL,JUB,1,778.0,RWA,SDS
KGL,KME,1,147.0,RWA,RWA
KGL,LBV,1,2320.0,RWA,GAB
KGL,LOS,1,3125.0,RWA,NGA
KGL,MBA,1,1075.0,RWA,KEN
KGL,NBO,7,758.0,RWA,KEN
KGP,SVX,1,981.0,RUS,RUS
KGS,AMS,1,2452.0,GRC,NLX
KGS,ATH,2,306.0,GRC,GRC
KGS,BGY,1,1752.0,GRC,ITA
KGS,BRU,1,2380.0,GRC,BFR
KGS,BSL,1,2000.0,GRC,FXX
KGS,CGN,3,2224.0,GRC,DEU
KGS,DME,1,2225.0,GRC,RUS
KGS,DUS,3,2274.0,GRC,DEU
KGS,FRA,2,2088.0,GRC,DEU
KGS,GLA,1,3170.0,GRC,SCT
KGS,HAJ,2,2209.0,GRC,DEU
KGS,HAM,2,2289.0,GRC,DEU
KGS,JKL,2,23.0,GRC,GRC
KGS,KRK,1,1589.0,GRC,POL
KGS,KUN,1,2033.0,GRC,LTU
KGS,LBA,2,2907.0,GRC,ENG
KGS,LEJ,1,2005.0,GRC,DEU
KGS,LGW,2,2679.0,GRC,ENG
KGS,LPL,1,2949.0,GRC,ENG
KGS,LUX,1,2201.0,GRC,LUX
KGS,MAN,1,2916.0,GRC,ENG
KGS,MUC,3,1789.0,GRC,DEU
KGS,RHO,2,99.0,GRC,GRC
KGS,RYG,1,2771.0,GRC,NOW
KGS,STN,1,2690.0,GRC,ENG
KGS,STR,2,1961.0,GRC,DEU
KGS,SXF,1,2032.0,GRC,DEU
KGS,TXL,1,2057.0,GRC,DEU
KGT,CTU,1,217.0,CHN,CHN
KHD,THR,1,374.0,IRN,IRN
KHG,CTU,2,2716.0,CHN,CHN
KHG,NGQ,1,904.0,CHN,CHN
KHG,URC,9,1066.0,CHN,CHN
KHG,XIY,1,2945.0,CHN,CHN
KHH,BKK,1,2292.0,TWN,THA
KHH,CAN,1,727.0,TWN,CHN
KHH,CGO,2,1471.0,TWN,CHN
KHH,CKG,1,1580.0,TWN,CHN
KHH,CSX,2,950.0,TWN,CHN
KHH,CTU,1,1855.0,TWN,CHN
KHH,FOC,3,380.0,TWN,CHN
KHH,HAN,2,1507.0,TWN,VNM
KHH,HFE,1,1067.0,TWN,CHN
KHH,HGH,2,851.0,TWN,CHN
KHH,HKG,3,662.0,TWN,HKG
KHH,HUN,1,206.0,TWN,TWN
KHH,ICN,3,1756.0,TWN,KOR
KHH,KHN,2,829.0,TWN,CHN
KHH,KIX,2,1959.0,TWN,JPN
KHH,KMG,1,1793.0,TWN,CHN
KHH,KNH,1,289.0,TWN,TWN
KHH,MFM,3,697.0,TWN,MAC
KHH,MNL,1,900.0,TWN,PHL
KHH,MZG,1,133.0,TWN,TWN
KHH,NGB,1,814.0,TWN,CHN
KHH,NKG,1,1030.0,TWN,CHN
KHH,NNG,2,1250.0,TWN,CHN
KHH,NRT,5,2428.0,TWN,JPN
KHH,OKA,1,841.0,TWN,JPN
KHH,PEK,1,1978.0,TWN,CHN
KHH,PUS,1,1630.0,TWN,KOR
KHH,PVG,4,963.0,TWN,CHN
KHH,SGN,3,1956.0,TWN,VNM
KHH,SIN,2,2949.0,TWN,SGP
KHH,SZX,1,671.0,TWN,CHN
KHH,TAO,1,1522.0,TWN,CHN
KHH,TNA,1,1616.0,TWN,CHN
KHH,TSN,1,1862.0,TWN,CHN
KHH,WUH,2,1097.0,TWN,CHN
KHH,XMN,3,315.0,TWN,CHN
KHH,XUZ,1,1306.0,TWN,CHN
KHI,AUH,3,1265.0,PAK,ARE
KHI,BAH,1,1663.0,PAK,BHR
KHI,BHV,2,669.0,PAK,PAK
KHI,BKK,2,3727.0,PAK,THA
KHI,BOM,1,874.0,PAK,IND
KHI,CMB,2,2391.0,PAK,LKA
KHI,CTU,1,3658.0,PAK,CHN
KHI,DAC,1,2354.0,PAK,BGD
KHI,DEA,1,651.0,PAK,PAK
KHI,DEL,1,1067.0,PAK,IND
KHI,DMM,2,1747.0,PAK,SAU
KHI,DOH,1,1566.0,PAK,QAT
KHI,DXB,4,1188.0,PAK,ARE
KHI,GWD,1,488.0,PAK,PAK
KHI,IKA,1,1928.0,PAK,IRN
KHI,ISB,3,1109.0,PAK,PAK
KHI,IST,1,3971.0,PAK,TUR
KHI,JED,3,2877.0,PAK,SAU
KHI,KTM,1,1839.0,PAK,NPL
KHI,KUL,1,4445.0,PAK,MYS
KHI,LHE,3,1022.0,PAK,PAK
KHI,LHR,1,6339.0,PAK,ENG
KHI,LYP,2,918.0,PAK,PAK
KHI,MCT,3,912.0,PAK,OMN
KHI,MED,1,2768.0,PAK,SAU
KHI,MJD,1,287.0,PAK,PAK
KHI,MUX,3,723.0,PAK,PAK
KHI,PEW,3,1095.0,PAK,PAK
KHI,PJG,1,379.0,PAK,PAK
KHI,RUH,2,2061.0,PAK,SAU
KHI,RYK,1,496.0,PAK,PAK
KHI,SHJ,2,1173.0,PAK,ARE
KHI,SKZ,1,353.0,PAK,PAK
KHI,TUK,1,432.0,PAK,PAK
KHI,UET,3,595.0,PAK,PAK
KHI,YYZ,1,11670.0,PAK,CAN
KHN,CAN,5,662.0,CHN,CHN
KHN,CGO,1,658.0,CHN,CHN
KHN,CGQ,1,1893.0,CHN,CHN
KHN,CKG,4,903.0,CHN,CHN
KHN,CTU,4,1169.0,CHN,CHN
KHN,DLC,1,1237.0,CHN,CHN
KHN,DMK,1,2291.0,CHN,THA
KHN,HAK,3,1135.0,CHN,CHN
KHN,HET,1,1383.0,CHN,CHN
KHN,HKG,1,756.0,CHN,HKG
KHN,HRB,3,2072.0,CHN,CHN
KHN,ICN,1,1369.0,CHN,KOR
KHN,KHH,2,829.0,CHN,TWN
KHN,KMG,4,1351.0,CHN,CHN
KHN,KOW,2,353.0,CHN,CHN
KHN,KWE,3,932.0,CHN,CHN
KHN,LYA,1,733.0,CHN,CHN
KHN,NAY,2,1215.0,CHN,CHN
KHN,NGB,2,550.0,CHN,CHN
KHN,NKG,2,428.0,CHN,CHN
KHN,NNG,3,1040.0,CHN,CHN
KHN,PEK,4,1249.0,CHN,CHN
KHN,PVG,3,622.0,CHN,CHN
KHN,SHA,2,584.0,CHN,CHN
KHN,SHE,1,1577.0,CHN,CHN
KHN,SJW,1,1053.0,CHN,CHN
KHN,SYX,1,1347.0,CHN,CHN
KHN,SZX,5,723.0,CHN,CHN
KHN,TAO,3,923.0,CHN,CHN
KHN,TNA,3,897.0,CHN,CHN
KHN,TPE,2,676.0,CHN,TWN
KHN,TSN,1,1149.0,CHN,CHN
KHN,TYN,1,1033.0,CHN,CHN
KHN,WNZ,1,496.0,CHN,CHN
KHN,WUH,1,269.0,CHN,CHN
KHN,XIY,4,918.0,CHN,CHN
KHN,XMN,3,529.0,CHN,CHN
KHN,ZUH,3,804.0,CHN,CHN
KHS,MCT,1,353.0,OMN,OMN
KHV,BQS,1,600.0,RUS,RUS
KHV,DME,1,6150.0,RUS,RUS
KHV,DYR,1,3074.0,RUS,RUS
KHV,GDX,3,1611.0,RUS,RUS
KHV,HKG,2,3469.0,RUS,HKG
KHV,HRB,2,749.0,RUS,CHN
KHV,HTA,1,1596.0,RUS,RUS
KHV,ICN,2,1418.0,RUS,KOR
KHV,IKT,1,2205.0,RUS,RUS
KHV,JMU,1,400.0,RUS,CHN
KHV,KJA,2,2968.0,RUS,RUS
KHV,NER,1,1159.0,RUS,RUS
KHV,NGK,1,671.0,RUS,RUS
KHV,NRT,2,1482.0,RUS,JPN
KHV,OVB,3,3597.0,RUS,RUS
KHV,PEK,3,1746.0,RUS,CHN
KHV,PKC,2,1704.0,RUS,RUS
KHV,SVO,1,6137.0,RUS,RUS
KHV,UUD,1,1997.0,RUS,RUS
KHV,UUS,3,592.0,RUS,RUS
KHV,VVO,2,617.0,RUS,RUS
KHV,YKS,1,1546.0,RUS,RUS
KHY,THR,1,639.0,IRN,IRN
KID,ARN,1,473.0,SWE,SWE
KIF,WNN,1,40.0,CAN,CAN
KIF,YXL,1,352.0,CAN,CAN
KIH,AUH,1,242.0,IRN,ARE
KIH,AWZ,2,737.0,IRN,IRN
KIH,BND,3,250.0,IRN,IRN
KIH,DXB,1,198.0,IRN,ARE
KIH,IFN,2,722.0,IRN,IRN
KIH,SYZ,4,362.0,IRN,IRN
KIH,THR,2,1050.0,IRN,IRN
KIJ,CTS,3,578.0,JPN,JPN
KIJ,FUK,2,920.0,JPN,JPN
KIJ,HRB,1,1363.0,JPN,CHN
KIJ,ICN,2,1115.0,JPN,KOR
KIJ,ITM,2,483.0,JPN,JPN
KIJ,NGO,1,402.0,JPN,JPN
KIJ,NKM,1,359.0,JPN,JPN
KIJ,NRT,1,268.0,JPN,JPN
KIJ,OKA,1,1694.0,JPN,JPN
KIJ,PVG,2,1754.0,JPN,CHN
KIM,CPT,1,819.0,ZAF,ZAF
KIM,JNB,1,453.0,ZAF,ZAF
KIN,ANU,1,1592.0,JAM,ACA
KIN,ATL,1,1904.0,JAM,USA
KIN,BGI,1,1929.0,JAM,BRB
KIN,CUR,1,1055.0,JAM,CUW
KIN,FLL,3,969.0,JAM,USA
KIN,GCM,1,505.0,JAM,CYM
KIN,GEO,1,2378.0,JAM,GUY
KIN,JFK,3,2541.0,JAM,USA
KIN,LGW,2,7537.0,JAM,ENG
KIN,MBJ,2,135.0,JAM,JAM
KIN,MCO,1,1255.0,JAM,USA
KIN,MIA,2,945.0,JAM,USA
KIN,NAS,1,793.0,JAM,BHS
KIN,PLS,1,637.0,JAM,TCA
KIN,POS,1,1853.0,JAM,TTO
KIN,PTY,2,1025.0,JAM,PAN
KIN,SDQ,1,754.0,JAM,DOM
KIN,SXM,1,1446.0,JAM,SXM
KIN,YYZ,4,2875.0,JAM,CAN
KIR,ALC,1,1694.0,IRL,ESP
KIR,DUB,1,259.0,IRL,IRL
KIR,FAO,1,1691.0,IRL,PRX
KIR,HHN,1,1196.0,IRL,DEU
KIR,LTN,1,627.0,IRL,ENG
KIR,STN,1,668.0,IRL,ENG
KIS,EDL,1,79.0,KEN,KEN
KIS,NBO,2,280.0,KEN,KEN
KIT,ATH,2,202.0,GRC,GRC
KIT,KLX,1,125.0,GRC,GRC
KIT,ZTH,1,251.0,GRC,GRC
KIV,AER,1,946.0,MDA,RUS
KIV,ATH,1,1080.0,MDA,GRC
KIV,BLQ,2,1392.0,MDA,ITA
KIV,BVA,1,1997.0,MDA,FXX
KIV,CIA,1,1415.0,MDA,ITA
KIV,DME,2,1130.0,MDA,RUS
KIV,DUB,1,2579.0,MDA,IRL
KIV,DWC,1,3372.0,MDA,ARE
KIV,FCO,2,1441.0,MDA,ITA
KIV,FRA,1,1535.0,MDA,DEU
KIV,IST,2,629.0,MDA,TUR
KIV,KBP,1,406.0,MDA,UKR
KIV,LCA,1,1396.0,MDA,CYP
KIV,LED,1,1434.0,MDA,RUS
KIV,LIS,1,3198.0,MDA,PRX
KIV,MUC,1,1291.0,MDA,DEU
KIV,MXP,2,1555.0,MDA,ITA
KIV,OTP,3,343.0,MDA,ROU
KIV,RIX,1,1162.0,MDA,LVA
KIV,SGC,1,3223.0,MDA,RUS
KIV,STN,1,2133.0,MDA,ENG
KIV,TSF,1,1291.0,MDA,ITA
KIV,VCE,2,1283.0,MDA,ITA
KIV,VIE,1,936.0,MDA,AUT
KIV,VRN,2,1397.0,MDA,ITA
KIX,AMS,1,9241.0,JPN,NLX
KIX,BKK,4,4161.0,JPN,THA
KIX,CAN,2,2455.0,JPN,CHN
KIX,CDG,1,9626.0,JPN,FXX
KIX,CGK,2,5417.0,JPN,IDN
KIX,CJU,2,813.0,JPN,KOR
KIX,CNS,3,5813.0,JPN,AUS
KIX,CTS,4,1083.0,JPN,JPN
KIX,DLC,3,1320.0,JPN,CHN
KIX,DOH,3,7905.0,JPN,QAT
KIX,DPS,2,5246.0,JPN,IDN
KIX,DXB,2,7577.0,JPN,ARE
KIX,FCO,1,9741.0,JPN,ITA
KIX,FOC,2,1767.0,JPN,CHN
KIX,FRA,2,9261.0,JPN,DEU
KIX,FUK,3,452.0,JPN,JPN
KIX,GMP,5,836.0,JPN,KOR
KIX,GUM,4,2520.0,JPN,GUM
KIX,HAN,2,3229.0,JPN,VNM
KIX,HEL,2,7732.0,JPN,FIN
KIX,HGH,2,1466.0,JPN,CHN
KIX,HKD,1,951.0,JPN,JPN
KIX,HKG,6,2476.0,JPN,HKG
KIX,HND,3,432.0,JPN,JPN
KIX,HNL,4,6614.0,JPN,USA
KIX,HRB,1,1459.0,JPN,CHN
KIX,ICN,7,860.0,JPN,KOR
KIX,ISG,3,1540.0,JPN,JPN
KIX,IST,2,8744.0,JPN,TUR
KIX,JFK,1,11155.0,JPN,USA
KIX,KHH,2,1959.0,JPN,TWN
KIX,KOJ,1,512.0,JPN,JPN
KIX,KUL,3,4943.0,JPN,MYS
KIX,MFM,2,2513.0,JPN,MAC
KIX,MNL,3,2635.0,JPN,PHL
KIX,MYJ,1,243.0,JPN,JPN
KIX,NGS,1,521.0,JPN,JPN
KIX,NKG,2,1553.0,JPN,CHN
KIX,NOU,1,7078.0,JPN,NCL
KIX,NRT,4,491.0,JPN,JPN
KIX,OKA,4,1169.0,JPN,JPN
KIX,OOL,3,7220.0,JPN,AUS
KIX,PEK,2,1763.0,JPN,CHN
KIX,PUS,5,582.0,JPN,KOR
KIX,PVG,7,1307.0,JPN,CHN
KIX,RMQ,1,1809.0,JPN,TWN
KIX,SDJ,1,655.0,JPN,JPN
KIX,SFO,2,8692.0,JPN,USA
KIX,SGN,2,3910.0,JPN,VNM
KIX,SHE,2,1303.0,JPN,CHN
KIX,SIN,2,4902.0,JPN,SGP
KIX,SPN,1,2390.0,JPN,MNP
KIX,TAO,5,1363.0,JPN,CHN
KIX,TNA,3,1649.0,JPN,CHN
KIX,TPE,8,1703.0,JPN,TWN
KIX,WUX,2,1419.0,JPN,CHN
KIX,YNT,2,1291.0,JPN,CHN
KJA,AER,1,3914.0,RUS,RUS
KJA,DME,2,3323.0,RUS,RUS
KJA,DXB,1,4548.0,RUS,ARE
KJA,DYU,3,2623.0,RUS,TJK
KJA,EVN,1,3885.0,RUS,ARM
KJA,FRU,2,1940.0,RUS,KGZ
KJA,GYD,1,3515.0,RUS,AZE
KJA,IAA,1,1289.0,RUS,RUS
KJA,IKT,2,885.0,RUS,RUS
KJA,KHV,2,2968.0,RUS,RUS
KJA,KRR,1,3852.0,RUS,RUS
KJA,LBD,3,2428.0,RUS,TJK
KJA,LED,2,3554.0,RUS,RUS
KJA,MJZ,2,1402.0,RUS,RUS
KJA,NMA,1,2268.0,RUS,UZB
KJA,NSK,1,1483.0,RUS,RUS
KJA,NZH,1,1809.0,RUS,CHN
KJA,OSS,1,2244.0,RUS,KGZ
KJA,OVB,2,631.0,RUS,RUS
KJA,PEK,3,2505.0,RUS,CHN
KJA,SKD,1,2611.0,RUS,UZB
KJA,SVO,1,3326.0,RUS,RUS
KJA,SVX,2,1931.0,RUS,RUS
KJA,TAS,2,2355.0,RUS,UZB
KJA,TGP,1,619.0,RUS,RUS
KJA,THX,1,1097.0,RUS,RUS
KJA,TOF,1,450.0,RUS,RUS
KJA,UUD,1,1088.0,RUS,RUS
KJA,VKO,1,3352.0,RUS,RUS
KJA,YKS,1,2191.0,RUS,RUS
KKA,ELI,1,64.0,USA,USA
KKA,OME,1,209.0,USA,USA
KKA,SKK,2,63.0,USA,USA
KKA,UNK,1,118.0,USA,USA
KKC,BKK,1,379.0,THA,THA
KKC,DMK,1,368.0,THA,THA
KKE,AKL,1,210.0,NZL,NZL
KKH,BET,1,108.0,USA,USA
KKH,KWK,2,19.0,USA,USA
KKJ,HND,3,821.0,JPN,JPN
KKN,ALF,1,251.0,NOW,NOW
KKN,LKL,1,192.0,NOW,NOW
KKN,OSL,2,1377.0,NOW,NOW
KKN,TOS,1,423.0,NOW,NOW
KKN,VAW,1,83.0,NOW,NOW
KKN,VDS,1,38.0,NOW,NOW
KKR,PPT,1,358.0,,PYF
KLG,ANI,1,43.0,USA,USA
KLG,BET,1,116.0,USA,USA
KLG,RSH,2,58.0,USA,USA
KLN,KYK,1,28.0,USA,USA
KLO,CEB,1,232.0,PHL,PHL
KLO,CRK,1,437.0,PHL,PHL
KLO,ICN,3,2896.0,PHL,KOR
KLO,KUL,1,2484.0,PHL,MYS
KLO,MNL,6,347.0,PHL,PHL
KLO,PUS,2,2696.0,PHL,KOR
KLO,SIN,2,2330.0,PHL,SGP
KLO,TPE,2,1495.0,PHL,TWN
KLR,ARN,1,343.0,SWE,SWE
KLR,BMA,2,312.0,SWE,SWE
KLU,CGN,2,706.0,AUT,DEU
KLU,HAM,2,836.0,AUT,DEU
KLU,TXL,2,662.0,AUT,DEU
KLU,VIE,1,234.0,AUT,AUT
KLV,LED,2,1528.0,CZE,RUS
KLV,SVO,2,1746.0,CZE,RUS
KLV,SVX,1,3182.0,CZE,RUS
KLW,KTN,2,89.0,USA,USA
KLX,AMS,1,2164.0,GRC,NLX
KLX,ARN,2,2528.0,GRC,SWE
KLX,DUS,1,1987.0,GRC,DEU
KLX,LGW,1,2349.0,GRC,ENG
KLX,MUC,2,1505.0,GRC,DEU
KLX,SKG,1,392.0,GRC,GRC
KLX,VIE,2,1306.0,GRC,AUT
KME,KGL,1,147.0,RWA,RWA
KMG,BFJ,1,350.0,CHN,CHN
KMG,BHY,2,761.0,CHN,CHN
KMG,BKK,2,1290.0,CHN,THA
KMG,BSD,2,379.0,CHN,CHN
KMG,CAN,6,1068.0,CHN,CHN
KMG,CCU,1,1497.0,CHN,IND
KMG,CEI,1,652.0,CHN,THA
KMG,CGD,1,961.0,CHN,CHN
KMG,CGO,7,1483.0,CHN,CHN
KMG,CKG,9,631.0,CHN,CHN
KMG,CMB,1,3156.0,CHN,LKA
KMG,CNX,1,814.0,CHN,THA
KMG,CSX,8,1078.0,CHN,CHN
KMG,CTU,9,617.0,CHN,CHN
KMG,CZX,2,1810.0,CHN,CHN
KMG,DAC,1,1275.0,CHN,BGD
KMG,DAD,1,1147.0,CHN,VNM
KMG,DAX,2,802.0,CHN,CHN
KMG,DIG,3,441.0,CHN,CHN
KMG,DLC,1,2327.0,CHN,CHN
KMG,DLU,3,269.0,CHN,CHN
KMG,DMK,1,1268.0,CHN,THA
KMG,DSN,1,1726.0,CHN,CHN
KMG,DXB,1,4760.0,CHN,ARE
KMG,FOC,3,1681.0,CHN,CHN
KMG,HAK,4,963.0,CHN,CHN
KMG,HFE,4,1587.0,CHN,CHN
KMG,HGH,8,1813.0,CHN,CHN
KMG,HKG,4,1160.0,CHN,HKG
KMG,HKT,1,1951.0,CHN,THA
KMG,ICN,2,2613.0,CHN,KOR
KMG,JHG,10,412.0,CHN,CHN
KMG,JIQ,2,762.0,CHN,CHN
KMG,JNG,1,1714.0,CHN,CHN
KMG,KHH,1,1793.0,CHN,TWN
KMG,KHN,4,1351.0,CHN,CHN
KMG,KOW,1,1192.0,CHN,CHN
KMG,KTM,1,1772.0,CHN,NPL
KMG,KUL,2,2489.0,CHN,MYS
KMG,KWE,7,419.0,CHN,CHN
KMG,KWL,3,716.0,CHN,CHN
KMG,LHW,3,1271.0,CHN,CHN
KMG,LJG,6,321.0,CHN,CHN
KMG,LLF,1,880.0,CHN,CHN
KMG,LNJ,2,331.0,CHN,CHN
KMG,LUM,3,451.0,CHN,CHN
KMG,LXA,1,1276.0,CHN,CHN
KMG,LYA,1,1405.0,CHN,CHN
KMG,LZH,1,660.0,CHN,CHN
KMG,LZO,1,483.0,CHN,CHN
KMG,MDL,1,804.0,CHN,MMR
KMG,MFM,1,1134.0,CHN,MAC
KMG,MIG,2,725.0,CHN,CHN
KMG,NAO,1,708.0,CHN,CHN
KMG,NGB,2,1900.0,CHN,CHN
KMG,NKG,8,1722.0,CHN,CHN
KMG,NNG,6,601.0,CHN,CHN
KMG,NYT,1,921.0,CHN,MMR
KMG,PEK,6,2095.0,CHN,CHN
KMG,PVG,7,1966.0,CHN,CHN
KMG,REP,1,1303.0,CHN,KHM
KMG,RGN,2,1152.0,CHN,MMR
KMG,SHA,5,1925.0,CHN,CHN
KMG,SIN,2,2644.0,CHN,SGP
KMG,SJW,4,1837.0,CHN,CHN
KMG,SYM,3,326.0,CHN,CHN
KMG,SYX,3,1010.0,CHN,CHN
KMG,SZX,6,1139.0,CHN,CHN
KMG,TAO,3,2074.0,CHN,CHN
KMG,TCZ,2,448.0,CHN,CHN
KMG,TNA,6,1883.0,CHN,CHN
KMG,TPE,2,1842.0,CHN,TWN
KMG,TSN,3,2062.0,CHN,CHN
KMG,TYN,4,1678.0,CHN,CHN
KMG,UYN,1,1602.0,CHN,CHN
KMG,VTE,2,792.0,CHN,LAO
KMG,WNZ,3,1809.0,CHN,CHN
KMG,WUH,8,1274.0,CHN,CHN
KMG,WXN,1,833.0,CHN,CHN
KMG,XIC,1,329.0,CHN,CHN
KMG,XIY,8,1181.0,CHN,CHN
KMG,XMN,8,1534.0,CHN,CHN
KMG,XNN,1,1273.0,CHN,CHN
KMG,XUZ,1,1727.0,CHN,CHN
KMG,YBP,1,441.0,CHN,CHN
KMG,YCU,2,1358.0,CHN,CHN
KMG,YIC,1,1171.0,CHN,CHN
KMG,YIH,1,1036.0,CHN,CHN
KMG,YIW,1,1754.0,CHN,CHN
KMG,ZAT,2,261.0,CHN,CHN
KMG,ZHA,1,874.0,CHN,CHN
KMG,ZUH,1,1119.0,CHN,CHN
KMG,ZYI,1,491.0,CHN,CHN
KMI,FUK,2,212.0,JPN,JPN
KMI,HND,2,872.0,JPN,JPN
KMI,ICN,2,771.0,JPN,KOR
KMI,ITM,2,492.0,JPN,JPN
KMI,NGO,1,598.0,JPN,JPN
KMI,OKA,1,732.0,JPN,JPN
KMI,TPE,1,1251.0,JPN,TWN
KMJ,HND,2,874.0,JPN,JPN
KMJ,ICN,2,652.0,JPN,KOR
KMJ,ITM,2,476.0,JPN,JPN
KMJ,NGO,1,594.0,JPN,JPN
KMJ,NKM,1,620.0,JPN,JPN
KMJ,OKA,1,801.0,JPN,JPN
KMQ,CTS,2,841.0,JPN,JPN
KMQ,FUK,2,626.0,JPN,JPN
KMQ,HND,2,318.0,JPN,JPN
KMQ,ICN,2,893.0,JPN,KOR
KMQ,NRT,2,364.0,JPN,JPN
KMQ,OKA,1,1405.0,JPN,JPN
KMQ,PVG,2,1469.0,JPN,CHN
KMQ,SDJ,2,444.0,JPN,JPN
KMQ,TPE,2,1916.0,JPN,TWN
KMS,ACC,4,200.0,GHA,GHA
KND,BKY,1,328.0,COD,COD
KND,FIH,1,1173.0,COD,COD
KNG,AMQ,1,622.0,IDN,IDN
KNG,FKQ,1,178.0,IDN,IDN
KNG,NBX,1,202.0,IDN,IDN
KNH,KHH,1,289.0,TWN,TWN
KNH,MZG,1,160.0,TWN,TWN
KNH,RMQ,1,230.0,TWN,TWN
KNH,TSA,2,330.0,TWN,TWN
KNQ,GEA,1,216.0,NCL,NCL
KNS,BWT,1,200.0,AUS,AUS
KNS,MEL,1,259.0,AUS,AUS
KNU,DEL,1,405.0,IND,IND
KNX,BME,2,730.0,AUS,AUS
KNX,DRW,2,441.0,AUS,AUS
KNX,PER,4,2211.0,AUS,AUS
KOA,DEN,1,5351.0,USA,USA
KOA,HNL,2,263.0,USA,USA
KOA,JHM,1,151.0,USA,USA
KOA,LAX,5,4026.0,USA,USA
KOA,OAK,2,3825.0,USA,USA
KOA,OGG,2,135.0,USA,USA
KOA,PHX,2,4597.0,USA,USA
KOA,SEA,1,4327.0,USA,USA
KOA,SFO,1,3808.0,USA,USA
KOA,SJC,2,3834.0,USA,USA
KOA,YVR,1,4385.0,USA,CAN
KOC,BMY,1,111.0,NCL,NCL
KOC,GEA,1,298.0,NCL,NCL
KOE,DPS,2,946.0,IDN,IDN
KOE,ENE,2,265.0,IDN,IDN
KOE,LOP,1,826.0,IDN,IDN
KOE,MOF,1,232.0,IDN,IDN
KOE,SUB,3,1236.0,IDN,IDN
KOE,TMC,1,492.0,IDN,IDN
KOI,ABZ,1,200.0,SCT,SCT
KOI,EDI,1,336.0,SCT,SCT
KOI,EOI,1,27.0,SCT,SCT
KOI,GLA,1,355.0,SCT,SCT
KOI,INV,1,171.0,SCT,SCT
KOI,LSI,1,137.0,SCT,SCT
KOI,NDY,1,38.0,SCT,SCT
KOI,NRL,1,53.0,SCT,SCT
KOI,PPW,1,44.0,SCT,SCT
KOI,SOY,1,27.0,SCT,SCT
KOI,WRY,1,44.0,SCT,SCT
KOJ,HKG,1,1967.0,JPN,HKG
KOJ,HND,3,936.0,JPN,JPN
KOJ,ICN,2,741.0,JPN,KOR
KOJ,ITM,2,550.0,JPN,JPN
KOJ,KIX,1,512.0,JPN,JPN
KOJ,NGO,2,659.0,JPN,JPN
KOJ,NRT,1,995.0,JPN,JPN
KOJ,OKA,1,691.0,JPN,JPN
KOJ,PVG,2,848.0,JPN,CHN
KOJ,TPE,1,1190.0,JPN,TWN
KOJ,UKB,1,524.0,JPN,JPN
KOK,HEL,2,390.0,FIN,FIN
KOK,POR,1,260.0,FIN,FIN
KOO,FMI,1,256.0,COD,COD
KOP,DMK,2,579.0,THA,THA
KOS,REP,1,315.0,KHM,KHM
KOT,EMK,1,56.0,USA,USA
KOT,KSM,1,109.0,USA,USA
KOV,ALA,1,1237.0,KAZ,KAZ
KOV,DME,1,2048.0,KAZ,RUS
KOW,CAN,1,312.0,CHN,CHN
KOW,CTU,1,1183.0,CHN,CHN
KOW,HGH,1,738.0,CHN,CHN
KOW,KHN,2,353.0,CHN,CHN
KOW,KMG,1,1192.0,CHN,CHN
KOW,PEK,3,1591.0,CHN,CHN
KOW,SHA,1,873.0,CHN,CHN
KOW,SZX,1,371.0,CHN,CHN
KOW,XMN,1,367.0,CHN,CHN
KOW,ZUH,1,451.0,CHN,CHN
KPN,BET,1,153.0,USA,USA
KPN,CYF,2,28.0,USA,USA
KPO,CJU,1,384.0,KOR,KOR
KPO,GMP,2,292.0,KOR,KOR
KPV,AKN,1,343.0,USA,USA
KQA,DUT,1,56.0,USA,USA
KQT,CIT,1,503.0,TJK,KAZ
KQT,DMB,1,592.0,TJK,KAZ
KQT,OVB,1,2171.0,TJK,RUS
KQT,REN,1,1869.0,TJK,RUS
KRF,ARN,2,378.0,SWE,SWE
KRF,GEV,2,476.0,SWE,SWE
KRK,AGP,1,2446.0,POL,ESP
KRK,ALC,1,2074.0,POL,ESP
KRK,AMS,1,1074.0,POL,NLX
KRK,ARN,1,1071.0,POL,SWE
KRK,BFS,1,1825.0,POL,NIR
KRK,BGO,1,1458.0,POL,NOW
KRK,BGY,1,896.0,POL,ITA
KRK,BHX,1,1515.0,POL,ENG
KRK,BLQ,1,888.0,POL,ITA
KRK,BRS,1,1584.0,POL,ENG
KRK,BSL,1,937.0,POL,FXX
KRK,BVA,1,1268.0,POL,FXX
KRK,CAG,1,1470.0,POL,ITA
KRK,CDG,1,1246.0,POL,FXX
KRK,CIA,1,1074.0,POL,ITA
KRK,CPH,1,779.0,POL,DNK
KRK,CRL,1,1089.0,POL,BWR
KRK,DTM,1,869.0,POL,DEU
KRK,DUB,1,1821.0,POL,IRL
KRK,EDI,2,1671.0,POL,SCT
KRK,EIN,1,1023.0,POL,NLX
KRK,EMA,1,1489.0,POL,ENG
KRK,FRA,2,800.0,POL,DEU
KRK,GDN,1,486.0,POL,POL
KRK,GRO,1,1593.0,POL,ESP
KRK,HEL,1,1184.0,POL,FIN
KRK,KGS,1,1589.0,POL,GRC
KRK,LBA,1,1522.0,POL,ENG
KRK,LGW,1,1410.0,POL,ENG
KRK,LPL,2,1594.0,POL,ENG
KRK,MAD,1,2103.0,POL,ESP
KRK,MAN,1,1556.0,POL,ENG
KRK,MLA,1,1638.0,POL,MLT
KRK,MUC,2,611.0,POL,DEU
KRK,NCL,1,1545.0,POL,ENG
KRK,NYO,1,986.0,POL,SWE
KRK,OSL,1,1245.0,POL,NOW
KRK,PFO,1,1995.0,POL,CYP
KRK,PSA,1,1006.0,POL,ITA
KRK,RYG,1,1182.0,POL,NOW
KRK,SEN,1,1347.0,POL,ENG
KRK,SNN,1,2000.0,POL,IRL
KRK,STN,1,1379.0,POL,ENG
KRK,STR,1,779.0,POL,DEU
KRK,SVG,1,1334.0,POL,NOW
KRK,SVO,1,1344.0,POL,RUS
KRK,TPS,1,1472.0,POL,ITA
KRK,TRD,1,1579.0,POL,NOW
KRK,TXL,1,529.0,POL,DEU
KRK,VIE,2,320.0,POL,AUT
KRK,WAW,1,246.0,POL,POL
KRK,ZRH,1,872.0,POL,CHE
KRL,CGO,1,2540.0,CHN,CHN
KRL,CKG,1,2272.0,CHN,CHN
KRL,CTU,2,2015.0,CHN,CHN
KRL,HMI,2,633.0,CHN,CHN
KRL,URC,4,269.0,CHN,CHN
KRN,ARN,2,916.0,SWE,SWE
KRN,GEV,1,79.0,SWE,SWE
KRO,DME,1,1724.0,RUS,RUS
KRO,SVX,1,319.0,RUS,RUS
KRP,CPH,1,232.0,DNK,DNK
KRR,AER,2,187.0,RUS,RUS
KRR,BUD,1,1550.0,RUS,HUN
KRR,DME,4,1157.0,RUS,RUS
KRR,DXB,2,2636.0,RUS,ARE
KRR,DYU,2,2546.0,RUS,TJK
KRR,EGO,1,653.0,RUS,RUS
KRR,EVN,1,691.0,RUS,ARM
KRR,FEG,1,2693.0,RUS,UZB
KRR,FRU,1,2808.0,RUS,KGZ
KRR,IST,1,942.0,RUS,TUR
KRR,KJA,1,3852.0,RUS,RUS
KRR,LBD,2,2538.0,RUS,TJK
KRR,LCA,1,1224.0,RUS,CYP
KRR,LED,1,1746.0,RUS,RUS
KRR,MCX,1,722.0,RUS,RUS
KRR,MSQ,1,1268.0,RUS,BLR
KRR,MUC,1,2109.0,RUS,DEU
KRR,NMA,1,2653.0,RUS,UZB
KRR,NUX,1,3225.0,RUS,RUS
KRR,OVB,2,3237.0,RUS,RUS
KRR,PFO,1,1280.0,RUS,CYP
KRR,PRG,1,1942.0,RUS,CZE
KRR,RMI,1,2099.0,RUS,ITA
KRR,SAW,1,924.0,RUS,TUR
KRR,SCO,1,954.0,RUS,KAZ
KRR,SKG,1,1411.0,RUS,GRC
KRR,SVO,1,1222.0,RUS,RUS
KRR,SVX,2,1984.0,RUS,RUS
KRR,TAS,3,2464.0,RUS,UZB
KRR,TLV,1,1495.0,RUS,ISR
KRR,VIE,1,1754.0,RUS,AUT
KRR,VKO,2,1182.0,RUS,RUS
KRR,VOG,1,573.0,RUS,RUS
KRR,VOZ,1,754.0,RUS,RUS
KRS,ALC,1,2301.0,NOW,ESP
KRS,AMS,2,688.0,NOW,NLX
KRS,BGO,1,284.0,NOW,NOW
KRS,CPH,2,399.0,NOW,DNK
KRS,GDN,1,768.0,NOW,POL
KRS,OSL,2,272.0,NOW,NOW
KRS,SVG,1,161.0,NOW,NOW
KRS,TRD,1,604.0,NOW,NOW
KRT,ADD,2,1000.0,SDN,ETH
KRT,AMM,2,1827.0,SDN,JOR
KRT,ASM,1,682.0,SDN,ERI
KRT,AUH,4,2505.0,SDN,ARE
KRT,BAH,1,2218.0,SDN,BHR
KRT,CAI,2,1620.0,SDN,EGY
KRT,DOH,2,2255.0,SDN,QAT
KRT,DWC,1,2571.0,SDN,ARE
KRT,DXB,3,2603.0,SDN,ARE
KRT,EGN,2,1110.0,SDN,SDN
KRT,ELF,2,808.0,SDN,SDN
KRT,IST,1,2879.0,SDN,TUR
KRT,JED,3,971.0,SDN,SAU
KRT,JUB,2,1196.0,SDN,SDS
KRT,MED,1,1245.0,SDN,SAU
KRT,NBO,1,1941.0,SDN,KEN
KRT,NDJ,1,1929.0,SDN,TCD
KRT,PZU,2,655.0,SDN,SDN
KRT,RUH,3,1804.0,SDN,SAU
KRT,SAH,1,1250.0,SDN,YEM
KRT,SHJ,2,2621.0,SDN,ARE
KRT,UYL,2,909.0,SDN,SDN
KRY,URC,2,264.0,CHN,CHN
KSA,KWA,1,646.0,FSM,MHL
KSA,PNI,1,555.0,FSM,FSM
KSC,BTS,2,302.0,SVK,SVK
KSC,LTN,1,1571.0,SVK,ENG
KSC,PRG,2,530.0,SVK,CZE
KSC,VIE,1,350.0,SVK,AUT
KSD,ALC,1,2551.0,SWE,ESP
KSD,ARN,1,259.0,SWE,SWE
KSE,EBB,1,261.0,UGA,UGA
KSF,AYT,1,2334.0,DEU,TUR
KSF,PMI,1,1416.0,DEU,ESP
KSH,IST,1,1786.0,IRN,TUR
KSH,MHD,2,1151.0,IRN,IRN
KSH,THR,3,407.0,IRN,IRN
KSJ,AOK,2,21.0,GRC,GRC
KSJ,JSH,2,77.0,GRC,GRC
KSM,ANC,2,709.0,USA,USA
KSM,KOT,1,109.0,USA,USA
KSM,MOU,1,20.0,USA,USA
KSN,ALA,1,1478.0,KAZ,KAZ
KSN,TSE,1,592.0,KAZ,KAZ
KSN,VKO,1,1712.0,KAZ,RUS
KSO,ATH,1,361.0,GRC,GRC
KSQ,DME,2,2775.0,UZB,RUS
KSQ,LED,2,3408.0,UZB,RUS
KSQ,TAS,1,393.0,UZB,UZB
KSU,ABZ,1,858.0,NOW,SCT
KSU,BGO,1,342.0,NOW,NOW
KSU,MOL,1,50.0,NOW,NOW
KSU,OSL,1,374.0,NOW,NOW
KSU,SVG,2,485.0,NOW,NOW
KSU,TRD,1,160.0,NOW,NOW
KSY,ESB,1,859.0,TUR,TUR
KSY,IST,1,1208.0,TUR,TUR
KSY,SAW,1,1163.0,TUR,TUR
KTA,BNE,1,3751.0,AUS,AUS
KTA,MEL,1,3292.0,AUS,AUS
KTA,PER,2,1251.0,AUS,AUS
KTA,PHE,2,196.0,AUS,AUS
KTA,SYD,1,3681.0,AUS,AUS
KTE,SZB,2,261.0,MYS,MYS
KTG,PKN,1,214.0,IDN,IDN
KTG,PNK,1,195.0,IDN,IDN
KTL,WIL,1,328.0,KEN,KEN
KTM,AUH,1,3081.0,NPL,ARE
KTM,BDP,1,297.0,NPL,NPL
KTM,BHR,1,92.0,NPL,NPL
KTM,BIR,1,232.0,NPL,NPL
KTM,BKK,2,2230.0,NPL,THA
KTM,BOM,1,1592.0,NPL,IND
KTM,BWA,1,193.0,NPL,NPL
KTM,CAN,1,2837.0,NPL,CHN
KTM,CCU,1,641.0,NPL,IND
KTM,CTU,1,1831.0,NPL,CHN
KTM,DAC,4,662.0,NPL,BGD
KTM,DEL,5,815.0,NPL,IND
KTM,DHI,1,483.0,NPL,NPL
KTM,DOH,2,3360.0,NPL,QAT
KTM,DWC,1,3019.0,NPL,ARE
KTM,DXB,1,2991.0,NPL,ARE
KTM,HKG,1,2932.0,NPL,HKG
KTM,ICN,1,3966.0,NPL,KOR
KTM,IST,1,5305.0,NPL,TUR
KTM,JKR,1,123.0,NPL,NPL
KTM,KEP,1,366.0,NPL,NPL
KTM,KHI,1,1839.0,NPL,PAK
KTM,KMG,1,1772.0,NPL,CHN
KTM,KUL,3,3273.0,NPL,MYS
KTM,LXA,1,571.0,NPL,CHN
KTM,MCT,1,2746.0,NPL,OMN
KTM,PBH,1,402.0,NPL,BTN
KTM,PKR,1,146.0,NPL,NPL
KTM,SHJ,1,2974.0,NPL,ARE
KTM,SIN,2,3538.0,NPL,SGP
KTM,TMI,1,186.0,NPL,NPL
KTM,VNS,1,352.0,NPL,IND
KTN,HYG,1,72.0,USA,USA
KTN,JNU,2,376.0,USA,USA
KTN,KLW,1,89.0,USA,USA
KTN,MTM,3,26.0,USA,USA
KTN,SEA,3,1093.0,USA,USA
KTN,SIT,2,294.0,USA,USA
KTN,WRG,1,132.0,USA,USA
KTS,OME,1,103.0,USA,USA
KTS,TLA,1,12.0,USA,USA
KTS,WAA,2,82.0,USA,USA
KTT,HEL,2,821.0,FIN,FIN
KTW,ALC,1,2056.0,POL,ESP
KTW,BCN,1,1659.0,POL,ESP
KTW,BGO,1,1394.0,POL,NOW
KTW,BGY,1,876.0,POL,ITA
KTW,BHX,1,1454.0,POL,ENG
KTW,BVA,1,1216.0,POL,FXX
KTW,CGN,1,841.0,POL,DEU
KTW,CHQ,1,1711.0,POL,GRC
KTW,CIA,1,1085.0,POL,ITA
KTW,DSA,1,1411.0,POL,ENG
KTW,DTM,1,810.0,POL,DEU
KTW,DUB,1,1758.0,POL,IRL
KTW,DUS,1,868.0,POL,DEU
KTW,EIN,1,965.0,POL,NLX
KTW,FRA,2,748.0,POL,DEU
KTW,HHN,1,842.0,POL,DEU
KTW,IEV,1,805.0,POL,UKR
KTW,KUT,1,2008.0,POL,GEG
KTW,LTN,1,1361.0,POL,ENG
KTW,MMX,1,680.0,POL,SWE
KTW,NAP,1,1129.0,POL,ITA
KTW,NYO,1,935.0,POL,SWE
KTW,STN,1,1319.0,POL,ENG
KTW,SVG,1,1268.0,POL,NOW
KTW,TLV,1,2430.0,POL,ISR
KTW,TRF,1,1119.0,POL,NOW
KTW,WAW,1,229.0,POL,POL
KUA,KUL,1,202.0,MYS,MYS
KUA,PEN,2,366.0,MYS,MYS
KUA,SIN,2,283.0,MYS,SGP
KUD,BKI,1,140.0,MYS,MYS
KUD,SDK,1,177.0,MYS,MYS
KUF,ALA,1,2262.0,RUS,KAZ
KUF,DME,3,819.0,RUS,RUS
KUF,DWC,3,3208.0,RUS,ARE
KUF,DXB,1,3171.0,RUS,ARE
KUF,DYU,1,2187.0,RUS,TJK
KUF,EGO,1,979.0,RUS,RUS
KUF,EVN,2,1548.0,RUS,ARM
KUF,FRA,1,2846.0,RUS,DEU
KUF,GOJ,1,508.0,RUS,RUS
KUF,LBD,1,2082.0,RUS,TJK
KUF,LED,1,1396.0,RUS,RUS
KUF,MSQ,1,1452.0,RUS,BLR
KUF,NSK,1,2574.0,RUS,RUS
KUF,OSS,1,2218.0,RUS,KGZ
KUF,PRG,1,2471.0,RUS,CZE
KUF,ROV,1,984.0,RUS,RUS
KUF,SVO,1,862.0,RUS,RUS
KUF,SVX,2,765.0,RUS,RUS
KUF,TAS,2,1970.0,RUS,UZB
KUF,VKO,1,862.0,RUS,RUS
KUH,CTS,1,206.0,JPN,JPN
KUH,HND,3,915.0,JPN,JPN
KUH,TPE,1,2891.0,JPN,TWN
KUL,ADL,2,5682.0,MYS,AUS
KUL,AKL,1,8703.0,MYS,NZL
KUL,ALA,1,5130.0,MYS,KAZ
KUL,AMD,1,3861.0,MYS,IND
KUL,AMS,3,10237.0,MYS,NLX
KUL,AOR,2,410.0,MYS,MYS
KUL,AUH,3,5588.0,MYS,ARE
KUL,BDO,3,1255.0,MYS,IDN
KUL,BKI,3,1629.0,MYS,MYS
KUL,BKK,9,1221.0,MYS,THA
KUL,BLR,3,2884.0,MYS,IND
KUL,BNE,1,6440.0,MYS,AUS
KUL,BOM,3,3624.0,MYS,IND
KUL,BPN,1,1746.0,MYS,IDN
KUL,BTJ,1,763.0,MYS,IDN
KUL,BTU,2,1257.0,MYS,MYS
KUL,BWN,3,1487.0,MYS,BRN
KUL,CAN,3,2613.0,MYS,CHN
KUL,CCU,1,2636.0,MYS,IND
KUL,CDG,3,10442.0,MYS,FXX
KUL,CEB,1,2598.0,MYS,PHL
KUL,CGK,10,1129.0,MYS,IDN
KUL,CGP,1,2418.0,MYS,BGD
KUL,CMB,4,2467.0,MYS,LKA
KUL,CNX,1,1806.0,MYS,THA
KUL,COK,3,2913.0,MYS,IND
KUL,CTU,1,3104.0,MYS,CHN
KUL,DAC,5,2642.0,MYS,BGD
KUL,DEL,3,3877.0,MYS,IND
KUL,DMK,3,1248.0,MYS,THA
KUL,DOH,2,5909.0,MYS,QAT
KUL,DPS,4,1964.0,MYS,IDN
KUL,DRW,1,3636.0,MYS,AUS
KUL,DWC,1,5556.0,MYS,ARE
KUL,DXB,3,5549.0,MYS,ARE
KUL,FNJ,1,4725.0,MYS,PRK
KUL,FOC,3,3213.0,MYS,CHN
KUL,FRA,3,9998.0,MYS,DEU
KUL,HAN,3,2102.0,MYS,VNM
KUL,HDY,1,488.0,MYS,THA
KUL,HGH,1,3637.0,MYS,CHN
KUL,HKG,3,2543.0,MYS,HKG
KUL,HKT,5,705.0,MYS,THA
KUL,HND,1,5350.0,MYS,JPN
KUL,HYD,2,3009.0,MYS,IND
KUL,ICN,3,4613.0,MYS,KOR
KUL,IKA,2,6336.0,MYS,IRN
KUL,IST,2,8387.0,MYS,TUR
KUL,JED,4,7066.0,MYS,SAU
KUL,JHB,2,250.0,MYS,MYS
KUL,JOG,1,1519.0,MYS,IDN
KUL,KBR,2,386.0,MYS,MYS
KUL,KBV,2,667.0,MYS,THA
KUL,KCH,4,970.0,MYS,MYS
KUL,KHI,1,4445.0,MYS,PAK
KUL,KIX,3,4943.0,MYS,JPN
KUL,KLO,1,2484.0,MYS,PHL
KUL,KMG,2,2489.0,MYS,CHN
KUL,KTM,3,3273.0,MYS,NPL
KUL,KUA,1,202.0,MYS,MYS
KUL,KWI,1,6381.0,MYS,KWT
KUL,KWL,1,2653.0,MYS,CHN
KUL,LBU,2,1528.0,MYS,MYS
KUL,LGK,4,455.0,MYS,MYS
KUL,LHE,1,4291.0,MYS,PAK
KUL,LHR,2,10605.0,MYS,ENG
KUL,LOP,1,2060.0,MYS,IDN
KUL,MAA,4,2629.0,MYS,IND
KUL,MCT,2,5209.0,MYS,OMN
KUL,MED,1,7060.0,MYS,SAU
KUL,MEL,4,6315.0,MYS,AUS
KUL,MFM,1,2510.0,MYS,MAC
KUL,MLE,1,3132.0,MYS,MDV
KUL,MNL,3,2490.0,MYS,PHL
KUL,MRU,2,5447.0,MYS,MUS
KUL,MYY,2,1374.0,MYS,MYS
KUL,NGO,1,5085.0,MYS,JPN
KUL,NNG,1,2316.0,MYS,CHN
KUL,NRT,3,5409.0,MYS,JPN
KUL,OOL,1,6509.0,MYS,AUS
KUL,PDG,1,424.0,MYS,IDN
KUL,PEK,2,4413.0,MYS,CHN
KUL,PEN,4,325.0,MYS,MYS
KUL,PER,2,4140.0,MYS,AUS
KUL,PEW,1,4676.0,MYS,PAK
KUL,PKU,1,256.0,MYS,IDN
KUL,PLM,1,710.0,MYS,IDN
KUL,PNH,2,1038.0,MYS,KHM
KUL,PUS,1,4570.0,MYS,KOR
KUL,PVG,4,3797.0,MYS,CHN
KUL,REP,2,1208.0,MYS,KHM
KUL,RGN,3,1688.0,MYS,MMR
KUL,RUH,1,6377.0,MYS,SAU
KUL,SBW,3,1143.0,MYS,MYS
KUL,SDK,2,1846.0,MYS,MYS
KUL,SGN,3,1050.0,MYS,VNM
KUL,SIN,10,297.0,MYS,SGP
KUL,SOC,1,1520.0,MYS,IDN
KUL,SRG,1,1447.0,MYS,IDN
KUL,SUB,3,1667.0,MYS,IDN
KUL,SYD,2,6585.0,MYS,AUS
KUL,SZX,1,2568.0,MYS,CHN
KUL,TAS,2,5369.0,MYS,UZB
KUL,TGG,2,331.0,MYS,MYS
KUL,TPE,4,3246.0,MYS,TWN
KUL,TRZ,2,2689.0,MYS,IND
KUL,TWU,2,1830.0,MYS,MYS
KUL,UPG,1,2164.0,MYS,IDN
KUL,URT,1,765.0,MYS,THA
KUL,USM,2,778.0,MYS,THA
KUL,VTE,1,1697.0,MYS,LAO
KUL,XMN,3,2996.0,MYS,CHN
KUN,ALC,1,2616.0,LTU,ESP
KUN,BHX,1,1713.0,LTU,ENG
KUN,BRS,1,1818.0,LTU,ENG
KUN,CAG,1,2075.0,LTU,ITA
KUN,CIY,1,2124.0,LTU,ITA
KUN,DUB,1,1967.0,LTU,IRL
KUN,EDI,1,1723.0,LTU,SCT
KUN,HHN,1,1265.0,LTU,DEU
KUN,KGS,1,2033.0,LTU,GRC
KUN,LGW,1,1668.0,LTU,ENG
KUN,LTN,1,1647.0,LTU,ENG
KUN,MLA,1,2248.0,LTU,MLT
KUN,NOC,1,2111.0,LTU,IRL
KUN,PFO,1,2343.0,LTU,CYP
KUN,PMI,1,2333.0,LTU,ESP
KUN,RHO,1,2086.0,LTU,GRC
KUN,RYG,1,938.0,LTU,NOW
KUN,STN,1,1609.0,LTU,ENG
KUN,TPS,1,2088.0,LTU,ITA
KUO,HEL,1,334.0,FIN,FIN
KUT,DOK,1,754.0,GEG,UKR
KUT,HRK,1,984.0,GEG,UKR
KUT,IEV,1,1297.0,GEG,UKR
KUT,KTW,1,2008.0,GEG,POL
KUT,MSQ,1,1681.0,GEG,BLR
KUT,TBS,1,212.0,GEG,GEG
KUT,VNO,1,1869.0,GEG,LTU
KUT,WAW,1,1958.0,GEG,POL
KUU,DEL,1,368.0,IND,IND
KUV,CJU,2,266.0,KOR,KOR
KVA,ATH,2,336.0,GRC,GRC
KVA,CGN,1,1740.0,GRC,DEU
KVA,DUS,1,1788.0,GRC,DEU
KVA,MUC,1,1307.0,GRC,DEU
KVA,STR,1,1487.0,GRC,DEU
KVC,CDB,1,31.0,USA,USA
KVD,DME,1,1744.0,AZE,RUS
KVD,GYD,1,316.0,AZE,AZE
KVD,IST,1,1473.0,AZE,TUR
KVD,LED,1,2393.0,AZE,RUS
KVG,MAS,1,380.0,PNX,PNX
KVG,POM,1,860.0,PNX,PNX
KVG,RAB,2,262.0,PNX,PNX
KVK,DME,1,1359.0,RUS,RUS
KVL,OTZ,2,127.0,USA,USA
KVX,LED,1,1094.0,RUS,RUS
KVX,NNM,1,1033.0,RUS,RUS
KVX,VKO,1,798.0,RUS,RUS
KWA,KSA,1,646.0,MHL,FSM
KWA,MAJ,1,431.0,MHL,MHL
KWA,PNI,1,1067.0,MHL,FSM
KWE,ACX,1,245.0,CHN,CHN
KWE,BFJ,1,155.0,CHN,CHN
KWE,CAN,4,742.0,CHN,CHN
KWE,CGO,7,1114.0,CHN,CHN
KWE,CKG,5,354.0,CHN,CHN
KWE,CSX,6,660.0,CHN,CHN
KWE,CTU,6,529.0,CHN,CHN
KWE,DLU,1,655.0,CHN,CHN
KWE,FOC,3,1284.0,CHN,CHN
KWE,HAK,3,824.0,CHN,CHN
KWE,HFE,2,1173.0,CHN,CHN
KWE,HGH,6,1394.0,CHN,CHN
KWE,HKG,1,860.0,CHN,HKG
KWE,HKT,1,2236.0,CHN,THA
KWE,HZH,2,235.0,CHN,CHN
KWE,JJN,3,1197.0,CHN,CHN
KWE,KHN,3,932.0,CHN,CHN
KWE,KMG,7,419.0,CHN,CHN
KWE,KWL,2,356.0,CHN,CHN
KWE,LHW,1,1149.0,CHN,CHN
KWE,LJG,2,652.0,CHN,CHN
KWE,LZO,1,292.0,CHN,CHN
KWE,MIG,1,579.0,CHN,CHN
KWE,NKG,4,1305.0,CHN,CHN
KWE,NNG,2,458.0,CHN,CHN
KWE,PEK,4,1756.0,CHN,CHN
KWE,PVG,5,1547.0,CHN,CHN
KWE,SHA,6,1506.0,CHN,CHN
KWE,SIN,1,2817.0,CHN,SGP
KWE,SWA,1,1032.0,CHN,CHN
KWE,SYX,4,954.0,CHN,CHN
KWE,SZX,5,831.0,CHN,CHN
KWE,TAO,1,1679.0,CHN,CHN
KWE,TEN,1,290.0,CHN,CHN
KWE,TNA,2,1510.0,CHN,CHN
KWE,TPE,2,1453.0,CHN,TWN
KWE,TYN,1,1361.0,CHN,CHN
KWE,URC,1,2597.0,CHN,CHN
KWE,WNZ,3,1397.0,CHN,CHN
KWE,WUH,5,863.0,CHN,CHN
KWE,WUZ,1,564.0,CHN,CHN
KWE,XIY,8,899.0,CHN,CHN
KWE,XMN,3,1157.0,CHN,CHN
KWE,XNN,1,1198.0,CHN,CHN
KWE,XUZ,2,1327.0,CHN,CHN
KWE,YIH,1,639.0,CHN,CHN
KWE,ZUH,3,835.0,CHN,CHN
KWI,ADD,3,2446.0,KWT,ETH
KWI,AMD,1,2550.0,KWT,IND
KWI,AMM,3,1180.0,KWT,JOR
KWI,AMS,3,4355.0,KWT,NLX
KWI,ATZ,1,1679.0,KWT,EGY
KWI,AUH,4,850.0,KWT,ARE
KWI,AWZ,2,247.0,KWT,IRN
KWI,BAH,4,420.0,KWT,BHR
KWI,BEY,3,1287.0,KWT,LBN
KWI,BKK,1,5678.0,KWT,THA
KWI,BOM,2,2758.0,KWT,IND
KWI,CAI,3,1602.0,KWT,EGY
KWI,CCJ,1,3529.0,KWT,IND
KWI,CGP,1,4434.0,KWT,BGD
KWI,CMB,3,4142.0,KWT,LKA
KWI,COK,1,3637.0,KWT,IND
KWI,DAC,2,4241.0,KWT,BGD
KWI,DEL,1,2830.0,KWT,IND
KWI,DMM,6,355.0,KWT,SAU
KWI,DOH,3,568.0,KWT,QAT
KWI,DWC,2,859.0,KWT,ARE
KWI,DXB,4,854.0,KWT,ARE
KWI,FCO,2,3491.0,KWT,ITA
KWI,FRA,2,4021.0,KWT,DEU
KWI,GOI,1,3063.0,KWT,IND
KWI,HBE,6,1766.0,KWT,EGY
KWI,HMB,3,1627.0,KWT,EGY
KWI,IAD,1,10559.0,KWT,USA
KWI,IFN,1,540.0,KWT,IRN
KWI,IKA,1,750.0,KWT,IRN
KWI,ISB,1,2404.0,KWT,PAK
KWI,IST,2,2191.0,KWT,TUR
KWI,JED,5,1219.0,KWT,SAU
KWI,JFK,1,10202.0,KWT,USA
KWI,KBL,1,2087.0,KWT,AFG
KWI,KUL,1,6381.0,KWT,MYS
KWI,LFM,1,551.0,KWT,IRN
KWI,LHE,3,2543.0,KWT,PAK
KWI,LHR,3,4675.0,KWT,ENG
KWI,LRR,1,650.0,KWT,IRN
KWI,LXR,2,1556.0,KWT,EGY
KWI,MAA,1,3777.0,KWT,IND
KWI,MCT,2,1202.0,KWT,OMN
KWI,MED,2,970.0,KWT,SAU
KWI,MHD,3,1340.0,KWT,IRN
KWI,NJF,2,459.0,KWT,IRR
KWI,PEW,1,2286.0,KWT,PAK
KWI,RIY,1,1626.0,KWT,YEM
KWI,RUH,4,491.0,KWT,SAU
KWI,SAW,4,2130.0,KWT,TUR
KWI,SHJ,1,862.0,KWT,ARE
KWI,SKT,1,2539.0,KWT,PAK
KWI,SSH,1,1332.0,KWT,EGY
KWI,SYZ,2,449.0,KWT,IRN
KWI,TIF,1,1139.0,KWT,SAU
KWI,TRV,1,3800.0,KWT,IND
KWI,TUN,1,3594.0,KWT,TUN
KWJ,CJU,2,182.0,KOR,KOR
KWJ,GMP,2,271.0,KOR,KOR
KWK,BET,2,124.0,USA,USA
KWK,KKH,1,19.0,USA,USA
KWK,KPN,1,48.0,USA,USA
KWL,AEB,1,353.0,CHN,CHN
KWL,BHY,1,416.0,CHN,CHN
KWL,BKK,1,1609.0,CHN,THA
KWL,CAN,1,388.0,CHN,CHN
KWL,CGO,6,1097.0,CHN,CHN
KWL,CKG,6,602.0,CHN,CHN
KWL,CTU,5,844.0,CHN,CHN
KWL,CZX,1,1207.0,CHN,CHN
KWL,FOC,4,968.0,CHN,CHN
KWL,HAK,3,589.0,CHN,CHN
KWL,HFE,1,1017.0,CHN,CHN
KWL,HGH,8,1164.0,CHN,CHN
KWL,HKG,3,510.0,CHN,HKG
KWL,ICN,2,2064.0,CHN,KOR
KWL,KMG,3,716.0,CHN,CHN
KWL,KUL,1,2653.0,CHN,MYS
KWL,KWE,2,356.0,CHN,CHN
KWL,LHW,1,1397.0,CHN,CHN
KWL,LJG,1,992.0,CHN,CHN
KWL,NGB,4,1237.0,CHN,CHN
KWL,NKG,4,1126.0,CHN,CHN
KWL,NNG,2,347.0,CHN,CHN
KWL,PEK,5,1761.0,CHN,CHN
KWL,PUS,1,2122.0,CHN,KOR
KWL,PVG,7,1327.0,CHN,CHN
KWL,SHA,2,1290.0,CHN,CHN
KWL,SHE,1,2205.0,CHN,CHN
KWL,SJW,2,1517.0,CHN,CHN
KWL,SWA,1,680.0,CHN,CHN
KWL,SYX,1,772.0,CHN,CHN
KWL,SZX,3,479.0,CHN,CHN
KWL,TNA,2,1463.0,CHN,CHN
KWL,TPE,2,1127.0,CHN,TWN
KWL,TSN,1,1691.0,CHN,CHN
KWL,TYN,2,1414.0,CHN,CHN
KWL,WNZ,1,1116.0,CHN,CHN
KWL,WUH,1,742.0,CHN,CHN
KWL,XIY,6,1034.0,CHN,CHN
KWL,XMN,6,819.0,CHN,CHN
KWL,ZUH,1,493.0,CHN,CHN
KWM,CNS,1,455.0,AUS,AUS
KWM,EDR,1,67.0,AUS,AUS
KWN,BET,2,114.0,USA,USA
KWN,EEK,1,52.0,USA,USA
KWN,TOG,1,113.0,USA,USA
KWT,BET,1,21.0,USA,USA
KYA,IST,1,491.0,TUR,TUR
KYA,SAW,2,428.0,TUR,TUR
KYP,RGN,1,392.0,MMR,MMR
KYU,FAI,1,466.0,USA,USA
KYU,GAL,1,41.0,USA,USA
KYZ,IKT,1,687.0,RUS,RUS
KZN,AER,1,1507.0,RUS,RUS
KZN,ALA,1,2399.0,RUS,KAZ
KZN,ASF,1,1040.0,RUS,RUS
KZN,AYT,1,2502.0,RUS,TUR
KZN,CEK,1,771.0,RUS,RUS
KZN,DME,4,716.0,RUS,RUS
KZN,DWC,1,3448.0,RUS,ARE
KZN,DYU,2,2389.0,RUS,TJK
KZN,EGO,1,1008.0,RUS,RUS
KZN,FEG,1,2361.0,RUS,UZB
KZN,FRU,1,2276.0,RUS,KGZ
KZN,IST,1,2182.0,RUS,TUR
KZN,LBD,2,2273.0,RUS,TJK
KZN,LED,3,1217.0,RUS,RUS
KZN,OSS,1,2392.0,RUS,KGZ
KZN,SHJ,1,3405.0,RUS,ARE
KZN,SKD,1,2197.0,RUS,UZB
KZN,SVO,1,742.0,RUS,RUS
KZN,SVX,1,724.0,RUS,RUS
KZN,TAS,1,2158.0,RUS,UZB
KZN,UFA,1,436.0,RUS,RUS
KZO,ALA,1,927.0,KAZ,KAZ
KZO,KGF,1,804.0,KAZ,KAZ
KZO,SCO,1,1157.0,KAZ,KAZ
KZO,TSE,1,827.0,KAZ,KAZ
KZR,IST,1,267.0,TUR,TUR
KZS,RHO,2,137.0,TUR,GRC
LAD,ADD,2,3457.0,AGO,ETH
LAD,AMS,1,6849.0,AGO,NLX
LAD,BZV,1,559.0,AGO,COG
LAD,CAB,1,380.0,AGO,AGO
LAD,CBT,1,404.0,AGO,AGO
LAD,CDG,1,6519.0,AGO,FXX
LAD,CMN,1,5186.0,AGO,MAR
LAD,CPT,1,2845.0,AGO,ZAF
LAD,DXB,2,5931.0,AGO,ARE
LAD,FIH,4,554.0,AGO,COD
LAD,FRA,1,6564.0,AGO,DEU
LAD,GIG,1,6200.0,AGO,BRA
LAD,GRU,1,6534.0,AGO,BRA
LAD,HAV,1,10964.0,AGO,CUB
LAD,HRE,1,2177.0,AGO,ZWE
LAD,JNB,2,2490.0,AGO,ZAF
LAD,LHR,2,6836.0,AGO,ENG
LAD,LIS,2,5781.0,AGO,PRX
LAD,LUO,1,798.0,AGO,AGO
LAD,MAD,1,5750.0,AGO,ESP
LAD,MEG,1,346.0,AGO,AGO
LAD,MPM,1,2787.0,AGO,MOZ
LAD,MSZ,1,722.0,AGO,AGO
LAD,NBO,1,2753.0,AGO,KEN
LAD,NOV,1,519.0,AGO,AGO
LAD,OPO,1,6005.0,AGO,PRX
LAD,PEK,1,11774.0,AGO,CHN
LAD,SDD,1,676.0,AGO,AGO
LAD,SPP,1,809.0,AGO,AGO
LAD,SSY,1,309.0,AGO,AGO
LAD,SVP,1,566.0,AGO,AGO
LAD,SZA,2,317.0,AGO,AGO
LAD,TMS,1,1255.0,AGO,STP
LAD,VHC,1,796.0,AGO,AGO
LAD,VPE,1,948.0,AGO,AGO
LAD,WDH,2,1581.0,AGO,NAM
LAE,DAU,1,478.0,PNX,PNX
LAE,GKA,1,157.0,PNX,PNX
LAE,HGU,1,281.0,PNX,PNX
LAE,HKN,2,425.0,PNX,PNX
LAE,MAG,1,184.0,PNX,PNX
LAE,MAS,1,507.0,PNX,PNX
LAE,PNP,1,304.0,PNX,PNX
LAE,POM,2,324.0,PNX,PNX
LAE,RAB,1,673.0,PNX,PNX
LAI,ORY,1,429.0,FXX,FXX
LAM,ABQ,1,98.0,USA,USA
LAN,ATL,2,1017.0,USA,USA
LAN,DCA,1,770.0,USA,USA
LAN,DTW,1,119.0,USA,USA
LAN,MSP,2,731.0,USA,USA
LAN,ORD,1,287.0,USA,USA
LAN,SFB,1,1586.0,USA,USA
LAO,MNL,2,411.0,PHL,PHL
LAP,CUL,1,302.0,MEX,MEX
LAP,GDL,3,826.0,MEX,MEX
LAP,MEX,3,1274.0,MEX,MEX
LAP,MTY,1,1051.0,MEX,MEX
LAP,MZT,1,429.0,MEX,MEX
LAP,TIJ,1,1142.0,MEX,MEX
LAQ,TIP,1,824.0,LBY,LBY
LAQ,TUN,2,1162.0,LBY,TUN
LAR,DEN,1,182.0,USA,USA
LAS,ABQ,1,781.0,USA,USA
LAS,ALB,1,3592.0,USA,USA
LAS,AMA,1,1218.0,USA,USA
LAS,ANC,1,3703.0,USA,USA
LAS,ATL,7,2805.0,USA,USA
LAS,ATW,1,2425.0,USA,USA
LAS,AUS,3,1751.0,USA,USA
LAS,AZA,1,444.0,USA,USA
LAS,BDL,1,3688.0,USA,USA
LAS,BHM,1,2598.0,USA,USA
LAS,BIL,1,1215.0,USA,USA
LAS,BIS,1,1685.0,USA,USA
LAS,BLI,2,1536.0,USA,USA
LAS,BNA,1,2549.0,USA,USA
LAS,BOI,2,837.0,USA,USA
LAS,BOS,2,3823.0,USA,USA
LAS,BUF,1,3189.0,USA,USA
LAS,BUR,2,359.0,USA,USA
LAS,BWI,3,3381.0,USA,USA
LAS,BZN,1,1129.0,USA,USA
LAS,CID,1,2119.0,USA,USA
LAS,CLE,2,2929.0,USA,USA
LAS,CLT,2,3077.0,USA,USA
LAS,CMH,1,2843.0,USA,USA
LAS,COS,1,970.0,USA,USA
LAS,CPR,1,1063.0,USA,USA
LAS,CVG,1,2694.0,USA,USA
LAS,DCA,2,3354.0,USA,USA
LAS,DEN,5,1009.0,USA,USA
LAS,DFW,3,1695.0,USA,USA
LAS,DLH,1,2244.0,USA,USA
LAS,DSM,2,1952.0,USA,USA
LAS,DTW,3,2808.0,USA,USA
LAS,ELP,1,938.0,USA,USA
LAS,EUG,1,1126.0,USA,USA
LAS,EWR,1,3576.0,USA,USA
LAS,FAR,1,1937.0,USA,USA
LAS,FAT,2,416.0,USA,USA
LAS,FCA,1,1362.0,USA,USA
LAS,FLL,2,3492.0,USA,USA
LAS,FNT,1,2783.0,USA,USA
LAS,FRA,1,8963.0,USA,DEU
LAS,FSD,1,1774.0,USA,USA
LAS,GDL,1,2079.0,USA,MEX
LAS,GEG,1,1298.0,USA,USA
LAS,GFK,1,1978.0,USA,USA
LAS,GJT,1,674.0,USA,USA
LAS,GRI,1,1560.0,USA,USA
LAS,GRR,1,2637.0,USA,USA
LAS,GTF,1,1306.0,USA,USA
LAS,HNL,2,4440.0,USA,USA
LAS,HOU,2,1985.0,USA,USA
LAS,IAD,1,3316.0,USA,USA
LAS,IAH,2,1963.0,USA,USA
LAS,ICN,2,9668.0,USA,KOR
LAS,ICT,2,1584.0,USA,USA
LAS,IDA,1,867.0,USA,USA
LAS,IND,2,2553.0,USA,USA
LAS,JAX,1,3156.0,USA,USA
LAS,JFK,8,3609.0,USA,USA
LAS,LAX,9,380.0,USA,USA
LAS,LBB,1,1244.0,USA,USA
LAS,LGB,1,372.0,USA,USA
LAS,LGW,5,8433.0,USA,ENG
LAS,LHR,4,8395.0,USA,ENG
LAS,LIT,1,2079.0,USA,USA
LAS,LRD,1,1757.0,USA,USA
LAS,MAF,1,1278.0,USA,USA
LAS,MAN,4,8166.0,USA,ENG
LAS,MCI,1,1829.0,USA,USA
LAS,MCO,2,3276.0,USA,USA
LAS,MDW,2,2442.0,USA,USA
LAS,MEM,1,2274.0,USA,USA
LAS,MEX,3,2427.0,USA,MEX
LAS,MFE,1,1946.0,USA,USA
LAS,MFR,1,965.0,USA,USA
LAS,MIA,2,3494.0,USA,USA
LAS,MKE,2,2447.0,USA,USA
LAS,MLI,1,2210.0,USA,USA
LAS,MOT,1,1767.0,USA,USA
LAS,MRY,1,602.0,USA,USA
LAS,MSO,1,1208.0,USA,USA
LAS,MSP,3,2088.0,USA,USA
LAS,MSY,1,2410.0,USA,USA
LAS,MTY,3,1832.0,USA,MEX
LAS,OAK,3,654.0,USA,USA
LAS,OKC,1,1584.0,USA,USA
LAS,OMA,1,1765.0,USA,USA
LAS,ONT,1,317.0,USA,USA
LAS,ORD,4,2432.0,USA,USA
LAS,PDX,3,1228.0,USA,USA
LAS,PHL,4,3494.0,USA,USA
LAS,PHX,4,411.0,USA,USA
LAS,PIA,1,2269.0,USA,USA
LAS,PIT,1,3067.0,USA,USA
LAS,PSC,1,1180.0,USA,USA
LAS,PSP,1,279.0,USA,USA
LAS,PTY,2,4696.0,USA,PAN
LAS,PVD,1,3794.0,USA,USA
LAS,RAP,1,1355.0,USA,USA
LAS,RDU,3,3253.0,USA,USA
LAS,RFD,1,2337.0,USA,USA
LAS,RNO,3,556.0,USA,USA
LAS,SAN,3,416.0,USA,USA
LAS,SAT,2,1717.0,USA,USA
LAS,SBN,1,2560.0,USA,USA
LAS,SCK,1,577.0,USA,USA
LAS,SDF,1,2607.0,USA,USA
LAS,SEA,4,1395.0,USA,USA
LAS,SFO,4,665.0,USA,USA
LAS,SGF,1,1941.0,USA,USA
LAS,SHV,1,1997.0,USA,USA
LAS,SJC,1,620.0,USA,USA
LAS,SLC,3,592.0,USA,USA
LAS,SMF,2,639.0,USA,USA
LAS,SMX,1,498.0,USA,USA
LAS,SNA,2,364.0,USA,USA
LAS,STL,1,2202.0,USA,USA
LAS,TLC,1,2405.0,USA,MEX
LAS,TPA,2,3187.0,USA,USA
LAS,TUL,1,1727.0,USA,USA
LAS,TUS,2,587.0,USA,USA
LAS,XNA,1,1867.0,USA,USA
LAS,YEG,2,1920.0,USA,CAN
LAS,YQR,1,1804.0,USA,CAN
LAS,YUL,2,3596.0,USA,CAN
LAS,YVR,4,1597.0,USA,CAN
LAS,YWG,1,2108.0,USA,CAN
LAS,YXE,1,1909.0,USA,CAN
LAS,YYC,4,1674.0,USA,CAN
LAS,YYJ,1,1552.0,USA,CAN
LAS,YYZ,4,3120.0,USA,CAN
LAS,ZRH,1,9172.0,USA,CHE
LAU,MYD,3,141.0,KEN,KEN
LAU,WIL,1,467.0,KEN,KEN
LAW,DFW,2,225.0,USA,USA
LAX,ABQ,5,1088.0,USA,USA
LAX,AGU,1,2082.0,USA,MEX
LAX,AKL,3,10487.0,USA,NZL
LAX,AMS,2,8956.0,USA,NLX
LAX,ANC,2,3771.0,USA,USA
LAX,ARN,1,8863.0,USA,SWE
LAX,ASE,1,1185.0,USA,USA
LAX,ATL,9,3126.0,USA,USA
LAX,AUS,5,1994.0,USA,USA
LAX,BDL,3,4057.0,USA,USA
LAX,BFL,1,176.0,USA,USA
LAX,BJX,3,2199.0,USA,MEX
LAX,BLI,1,1686.0,USA,USA
LAX,BNA,5,2886.0,USA,USA
LAX,BNE,4,11533.0,USA,AUS
LAX,BOI,1,1086.0,USA,USA
LAX,BOS,7,4193.0,USA,USA
LAX,BWI,2,3740.0,USA,USA
LAX,BZE,1,3503.0,USA,BLZ
LAX,CAN,2,11618.0,USA,CHN
LAX,CDG,4,9103.0,USA,FXX
LAX,CLD,1,138.0,USA,USA
LAX,CLE,1,3296.0,USA,USA
LAX,CLT,2,3413.0,USA,USA
LAX,CMH,4,3204.0,USA,USA
LAX,COS,1,1339.0,USA,USA
LAX,CPH,1,9029.0,USA,DNK
LAX,CUN,4,3407.0,USA,MEX
LAX,CVG,1,3051.0,USA,USA
LAX,DCA,4,3711.0,USA,USA
LAX,DEN,7,1385.0,USA,USA
LAX,DFW,6,1983.0,USA,USA
LAX,DGO,1,1733.0,USA,MEX
LAX,DTW,2,3178.0,USA,USA
LAX,DUS,2,9133.0,USA,DEU
LAX,DXB,2,13400.0,USA,ARE
LAX,ELP,4,1148.0,USA,USA
LAX,EUG,3,1205.0,USA,USA
LAX,EWR,2,3941.0,USA,USA
LAX,FAT,4,337.0,USA,USA
LAX,FCO,2,10203.0,USA,ITA
LAX,FLL,3,3763.0,USA,USA
LAX,FRA,2,9322.0,USA,DEU
LAX,GDL,7,2106.0,USA,MEX
LAX,GEG,1,1523.0,USA,USA
LAX,GRU,3,9919.0,USA,BRA
LAX,GUA,4,3531.0,USA,GTM
LAX,HKG,2,11664.0,USA,HKG
LAX,HMO,2,881.0,USA,MEX
LAX,HND,3,8812.0,USA,JPN
LAX,HNL,7,4108.0,USA,USA
LAX,HOU,2,2232.0,USA,USA
LAX,IAD,4,3674.0,USA,USA
LAX,IAH,5,2215.0,USA,USA
LAX,ICN,5,9625.0,USA,KOR
LAX,ICT,1,1932.0,USA,USA
LAX,IND,4,2913.0,USA,USA
LAX,IST,2,11002.0,USA,TUR
LAX,ITO,1,3937.0,USA,USA
LAX,JED,1,13390.0,USA,SAU
LAX,JFK,8,3974.0,USA,USA
LAX,KOA,6,4026.0,USA,USA
LAX,LAS,9,380.0,USA,USA
LAX,LHR,11,8760.0,USA,ENG
LAX,LIH,5,4203.0,USA,USA
LAX,LIM,5,6721.0,USA,PER
LAX,LIR,1,4230.0,USA,CRI
LAX,LTO,1,1115.0,USA,MEX
LAX,MAD,4,9387.0,USA,ESP
LAX,MCE,1,418.0,USA,USA
LAX,MCI,2,2190.0,USA,USA
LAX,MCO,6,3562.0,USA,USA
LAX,MDW,2,2812.0,USA,USA
LAX,MEL,4,12758.0,USA,AUS
LAX,MEM,1,2600.0,USA,USA
LAX,MEX,7,2500.0,USA,MEX
LAX,MFR,3,1015.0,USA,USA
LAX,MIA,4,3763.0,USA,USA
LAX,MKE,2,2821.0,USA,USA
LAX,MLM,1,2323.0,USA,MEX
LAX,MMH,2,411.0,USA,USA
LAX,MNL,1,11740.0,USA,PHL
LAX,MRY,4,429.0,USA,USA
LAX,MSP,6,2467.0,USA,USA
LAX,MSY,9,2683.0,USA,USA
LAX,MUC,2,9616.0,USA,DEU
LAX,MZT,2,1684.0,USA,MEX
LAX,NAN,4,8892.0,USA,FJI
LAX,NRT,9,8754.0,USA,JPN
LAX,OAK,3,543.0,USA,USA
LAX,OGG,8,3995.0,USA,USA
LAX,OKC,4,1906.0,USA,USA
LAX,ORD,7,2802.0,USA,USA
LAX,PBI,2,3743.0,USA,USA
LAX,PDX,4,1343.0,USA,USA
LAX,PEK,3,10037.0,USA,CHN
LAX,PHL,3,3856.0,USA,USA
LAX,PHX,6,594.0,USA,USA
LAX,PIT,4,3430.0,USA,USA
LAX,PPT,6,6611.0,USA,PYF
LAX,PRC,1,556.0,USA,USA
LAX,PSP,1,176.0,USA,USA
LAX,PTY,2,4845.0,USA,PAN
LAX,PVG,7,10415.0,USA,CHN
LAX,PVR,4,1962.0,USA,MEX
LAX,PVU,1,915.0,USA,USA
LAX,PWM,1,4243.0,USA,USA
LAX,RAR,2,7536.0,USA,COK
LAX,RDM,2,1171.0,USA,USA
LAX,RDU,4,3595.0,USA,USA
LAX,RNO,6,630.0,USA,USA
LAX,SAF,3,1140.0,USA,USA
LAX,SAL,3,3734.0,USA,SLV
LAX,SAN,5,176.0,USA,USA
LAX,SAT,2,1945.0,USA,USA
LAX,SBA,1,142.0,USA,USA
LAX,SBP,1,250.0,USA,USA
LAX,SEA,5,1537.0,USA,USA
LAX,SFO,7,543.0,USA,USA
LAX,SJC,6,496.0,USA,USA
LAX,SJD,5,1468.0,USA,MEX
LAX,SJO,1,4382.0,USA,CRI
LAX,SLC,5,949.0,USA,USA
LAX,SMF,6,600.0,USA,USA
LAX,SMX,1,216.0,USA,USA
LAX,STL,4,2557.0,USA,USA
LAX,STS,2,643.0,USA,USA
LAX,SVO,2,9757.0,USA,RUS
LAX,SYD,6,12061.0,USA,AUS
LAX,TLV,1,12167.0,USA,ISR
LAX,TPA,1,3466.0,USA,USA
LAX,TPE,4,10922.0,USA,TWN
LAX,TUS,5,725.0,USA,USA
LAX,UPN,1,2288.0,USA,MEX
LAX,VIS,1,279.0,USA,USA
LAX,VKO,1,9794.0,USA,RUS
LAX,XNA,2,2202.0,USA,USA
LAX,YEG,3,2187.0,USA,CAN
LAX,YLW,2,1782.0,USA,CAN
LAX,YUL,2,3973.0,USA,CAN
LAX,YUM,1,381.0,USA,USA
LAX,YVR,5,1741.0,USA,CAN
LAX,YYC,4,1942.0,USA,CAN
LAX,YYZ,5,3494.0,USA,CAN
LAX,ZCL,1,1963.0,USA,MEX
LAX,ZIH,2,2479.0,USA,MEX
LAX,ZLO,2,2141.0,USA,MEX
LAX,ZRH,2,9534.0,USA,CHE
LAZ,GNM,1,127.0,BRA,BRA
LBA,ABZ,1,372.0,ENG,SCT
LBA,ACE,3,2935.0,ENG,ESP
LBA,AGP,2,1924.0,ENG,ESP
LBA,ALC,2,1735.0,ENG,ESP
LBA,AMS,3,462.0,ENG,NLX
LBA,AYT,1,3116.0,ENG,TUR
LBA,BCN,2,1425.0,ENG,ESP
LBA,BGY,1,1220.0,ENG,ITA
LBA,BHD,1,286.0,ENG,NIR
LBA,BJV,2,2901.0,ENG,TUR
LBA,BUD,1,1631.0,ENG,HUN
LBA,CDG,1,613.0,ENG,FXX
LBA,CFU,1,2267.0,ENG,GRC
LBA,CHQ,1,2853.0,ENG,GRC
LBA,CPH,1,938.0,ENG,DNK
LBA,DBV,1,1927.0,ENG,HRV
LBA,DLM,3,3012.0,ENG,TUR
LBA,DUB,1,308.0,ENG,IRL
LBA,DUS,1,637.0,ENG,DEU
LBA,FAO,3,1935.0,ENG,PRX
LBA,FCO,1,1690.0,ENG,ITA
LBA,FNC,1,2640.0,ENG,PMD
LBA,FUE,2,2995.0,ENG,ESP
LBA,GDN,1,1308.0,ENG,POL
LBA,GLA,1,285.0,ENG,SCT
LBA,GRO,1,1370.0,ENG,ESP
LBA,HER,2,2926.0,ENG,GRC
LBA,IBZ,3,1683.0,ENG,ESP
LBA,ISB,1,6084.0,ENG,PAK
LBA,JER,1,519.0,ENG,JEY
LBA,KGS,2,2907.0,ENG,GRC
LBA,KRK,1,1522.0,ENG,POL
LBA,LCA,2,3453.0,ENG,CYP
LBA,LHR,3,278.0,ENG,ENG
LBA,LIG,1,913.0,ENG,FXX
LBA,LPA,1,3093.0,ENG,ESP
LBA,MAH,2,1619.0,ENG,ESP
LBA,MJV,2,1790.0,ENG,ESP
LBA,MLA,1,2360.0,ENG,MLT
LBA,MPL,1,1215.0,ENG,FXX
LBA,NCE,1,1306.0,ENG,FXX
LBA,PFO,1,3398.0,ENG,CYP
LBA,PMI,4,1626.0,ENG,ESP
LBA,PRG,1,1165.0,ENG,CZE
LBA,PSA,2,1432.0,ENG,ITA
LBA,RHO,1,2997.0,ENG,GRC
LBA,SOU,1,325.0,ENG,ENG
LBA,TFS,4,3118.0,ENG,ESP
LBA,TSF,1,1347.0,ENG,ITA
LBA,VCE,1,1367.0,ENG,ITA
LBA,ZTH,1,2482.0,ENG,GRC
LBB,AUS,1,550.0,USA,USA
LBB,DAL,2,471.0,USA,USA
LBB,DEN,1,734.0,USA,USA
LBB,DFW,2,453.0,USA,USA
LBB,HRL,1,919.0,USA,USA
LBB,IAH,1,736.0,USA,USA
LBB,LAS,2,1244.0,USA,USA
LBC,BGY,1,907.0,DEU,ITA
LBC,GDN,1,509.0,DEU,POL
LBC,PMI,1,1695.0,DEU,ESP
LBC,PSA,1,1126.0,DEU,ITA
LBD,AER,2,2476.0,TJK,RUS
LBD,CEK,2,1783.0,TJK,RUS
LBD,DME,2,2873.0,TJK,RUS
LBD,GOJ,1,2590.0,TJK,RUS
LBD,HMA,1,2315.0,TJK,RUS
LBD,KJA,3,2428.0,TJK,RUS
LBD,KRR,2,2538.0,TJK,RUS
LBD,KUF,1,2082.0,TJK,RUS
LBD,KZN,2,2273.0,TJK,RUS
LBD,LED,4,3477.0,TJK,RUS
LBD,NJC,1,2352.0,TJK,RUS
LBD,OVB,3,1904.0,TJK,RUS
LBD,REN,2,1687.0,TJK,RUS
LBD,ROV,1,2502.0,TJK,RUS
LBD,SGC,1,2363.0,TJK,RUS
LBD,SVX,2,1947.0,TJK,RUS
LBD,TJM,1,1914.0,TJK,RUS
LBD,UFA,1,1897.0,TJK,RUS
LBD,URC,1,1521.0,TJK,CHN
LBE,FLL,1,1581.0,USA,USA
LBE,MCO,1,1329.0,USA,USA
LBE,MYR,1,735.0,USA,USA
LBF,DEN,1,365.0,USA,USA
LBJ,DPS,2,520.0,IDN,IDN
LBJ,ENE,2,199.0,IDN,IDN
LBL,DDC,3,119.0,USA,USA
LBL,DEN,3,450.0,USA,USA
LBS,NAN,1,247.0,FJI,FJI
LBS,SUV,1,194.0,FJI,FJI
LBU,BKI,1,113.0,MYS,MYS
LBU,KUL,2,1528.0,MYS,MYS
LBU,MYY,1,177.0,MYS,MYS
LBV,ABJ,1,1574.0,GAB,CIV
LBV,ADD,1,3388.0,GAB,ETH
LBV,BZV,2,834.0,GAB,COG
LBV,CDG,1,5439.0,GAB,FXX
LBV,CMN,1,4067.0,GAB,MAR
LBV,COO,3,1019.0,GAB,BEN
LBV,DLA,3,396.0,GAB,CMR
LBV,FIH,1,860.0,GAB,COD
LBV,IST,1,4938.0,GAB,TUR
LBV,JNB,1,3581.0,GAB,ZAF
LBV,KGL,1,2320.0,GAB,RWA
LBV,LFW,1,1105.0,GAB,TGO
LBV,LOS,2,959.0,GAB,NGA
LBV,NSI,1,434.0,GAB,CMR
LBV,PNR,3,648.0,GAB,COG
LBV,SSG,1,375.0,GAB,GNQ
LCA,AMM,1,414.0,CYP,JOR
LCA,AMS,2,2992.0,CYP,NLX
LCA,ARN,1,2982.0,CYP,SWE
LCA,ATH,5,930.0,CYP,GRC
LCA,AUH,2,2333.0,CYP,ARE
LCA,BAH,1,1885.0,CYP,BHR
LCA,BEG,2,1582.0,CYP,SRS
LCA,BEY,2,207.0,CYP,LBN
LCA,BHX,1,3399.0,CYP,ENG
LCA,BSL,1,2581.0,CYP,FXX
LCA,BUD,1,1837.0,CYP,HUN
LCA,CAI,2,568.0,CYP,EGY
LCA,CDG,2,2981.0,CYP,FXX
LCA,CWL,1,3464.0,CYP,WLS
LCA,DME,1,2307.0,CYP,RUS
LCA,DOH,1,2028.0,CYP,QAT
LCA,DOK,1,1507.0,CYP,UKR
LCA,DUS,1,2816.0,CYP,DEU
LCA,DXB,1,2343.0,CYP,ARE
LCA,EMA,1,3388.0,CYP,ENG
LCA,FRA,3,2636.0,CYP,DEU
LCA,GLA,1,3704.0,CYP,SCT
LCA,HAJ,1,2720.0,CYP,DEU
LCA,HER,1,770.0,CYP,GRC
LCA,IEV,1,1745.0,CYP,UKR
LCA,KBP,1,1734.0,CYP,UKR
LCA,KIV,1,1396.0,CYP,MDA
LCA,KRR,1,1224.0,CYP,RUS
LCA,LBA,2,3453.0,CYP,ENG
LCA,LED,2,2782.0,CYP,RUS
LCA,LGW,7,3247.0,CYP,ENG
LCA,LHR,3,3278.0,CYP,ENG
LCA,LPL,1,3503.0,CYP,ENG
LCA,LTN,1,3288.0,CYP,ENG
LCA,LWO,1,1838.0,CYP,UKR
LCA,MAN,5,3469.0,CYP,ENG
LCA,MLA,2,1737.0,CYP,MLT
LCA,MSQ,1,2158.0,CYP,BLR
LCA,MUC,2,2340.0,CYP,DEU
LCA,MXP,1,2413.0,CYP,ITA
LCA,ODS,1,1308.0,CYP,UKR
LCA,OSL,1,3244.0,CYP,NOW
LCA,OTP,3,1255.0,CYP,ROU
LCA,RIX,1,2557.0,CYP,LVA
LCA,SKG,2,1127.0,CYP,GRC
LCA,SOF,3,1239.0,CYP,BGR
LCA,SVO,2,2364.0,CYP,RUS
LCA,SVX,1,3175.0,CYP,RUS
LCA,SXF,1,2513.0,CYP,DEU
LCA,TLV,3,339.0,CYP,ISR
LCA,VIE,3,2036.0,CYP,AUT
LCA,WAW,1,2169.0,CYP,POL
LCA,ZRH,3,2505.0,CYP,CHE
LCE,GCM,2,704.0,HND,CYM
LCE,GJA,1,128.0,HND,HND
LCE,PEU,1,333.0,HND,HND
LCE,RTB,1,73.0,HND,HND
LCE,SAP,1,119.0,HND,HND
LCE,TGU,1,191.0,HND,HND
LCE,UII,1,41.0,HND,HND
LCG,BCN,2,888.0,ESP,ESP
LCG,BIO,2,442.0,ESP,ESP
LCG,LHR,2,1085.0,ESP,ENG
LCG,LIS,1,507.0,ESP,PRX
LCG,MAD,3,508.0,ESP,ESP
LCG,SVQ,2,687.0,ESP,ESP
LCH,DFW,2,475.0,USA,USA
LCH,IAH,1,204.0,USA,USA
LCK,PIE,1,1324.0,USA,USA
LCK,SFB,1,1237.0,USA,USA
LCX,SHA,1,760.0,CHN,CHN
LCY,ABZ,1,650.0,ENG,SCT
LCY,AGP,2,1688.0,ENG,ESP
LCY,AMS,4,335.0,ENG,NLX
LCY,ANR,2,308.0,ENG,BFR
LCY,ARN,1,1435.0,ENG,SWE
LCY,BES,2,467.0,ENG,FXX
LCY,BLL,1,762.0,ENG,DNK
LCY,BRN,1,743.0,ENG,CHE
LCY,BSL,1,692.0,ENG,FXX
LCY,BVE,2,727.0,ENG,FXX
LCY,DOL,2,238.0,ENG,FXX
LCY,DRS,2,952.0,ENG,DEU
LCY,DUB,2,478.0,ENG,IRL
LCY,DUS,1,466.0,ENG,DEU
LCY,EDI,1,543.0,ENG,SCT
LCY,FCO,2,1421.0,ENG,ITA
LCY,FLR,3,1193.0,ENG,ITA
LCY,FRA,3,620.0,ENG,DEU
LCY,GLA,1,568.0,ENG,SCT
LCY,GRX,2,1620.0,ENG,ESP
LCY,GVA,1,734.0,ENG,CHE
LCY,IBZ,2,1408.0,ENG,ESP
LCY,IOM,1,425.0,ENG,IMN
LCY,JER,1,301.0,ENG,JEY
LCY,LIN,2,956.0,ENG,ITA
LCY,LUX,1,482.0,ENG,LUX
LCY,MAD,2,1258.0,ENG,ESP
LCY,MAH,1,1334.0,ENG,ESP
LCY,NCE,1,1023.0,ENG,FXX
LCY,NTE,2,499.0,ENG,FXX
LCY,ORY,2,351.0,ENG,FXX
LCY,PMI,2,1345.0,ENG,ESP
LCY,RTM,4,306.0,ENG,NLX
LCY,VCE,1,1123.0,ENG,ITA
LCY,ZRH,3,760.0,ENG,CHE
LDB,CGB,1,1001.0,BRA,BRA
LDB,CGH,2,457.0,BRA,BRA
LDB,CWB,3,314.0,BRA,BRA
LDB,GRU,2,475.0,BRA,BRA
LDB,MGF,1,91.0,BRA,BRA
LDB,POA,1,741.0,BRA,BRA
LDB,VCP,1,410.0,BRA,BRA
LDE,BGY,1,819.0,FXX,ITA
LDE,BRU,1,923.0,FXX,BFR
LDE,MAD,1,421.0,FXX,ESP
LDE,ORY,1,643.0,FXX,FXX
LDE,STN,1,968.0,FXX,ENG
LDH,BNE,1,739.0,AUS,AUS
LDH,PQQ,1,589.0,AUS,AUS
LDH,SYD,1,786.0,AUS,AUS
LDS,DLC,1,1148.0,CHN,CHN
LDS,HRB,1,317.0,CHN,CHN
LDU,BKI,1,271.0,MYS,MYS
LDY,BHX,1,458.0,NIR,ENG
LDY,FAO,1,2006.0,NIR,PRX
LDY,LPL,1,339.0,NIR,ENG
LDY,PIK,1,171.0,NIR,SCT
LDY,STN,1,602.0,NIR,ENG
LEA,PER,3,1095.0,AUS,AUS
LEB,BOS,1,176.0,USA,USA
LEB,HPN,1,307.0,USA,USA
LEC,SSA,1,324.0,BRA,BRA
LED,AAQ,1,1712.0,RUS,RUS
LED,AER,1,1933.0,RUS,RUS
LED,ALA,2,3609.0,RUS,KAZ
LED,AMS,2,1773.0,RUS,NLX
LED,ARH,2,759.0,RUS,RUS
LED,ARN,2,691.0,RUS,SWE
LED,ASF,1,1902.0,RUS,RUS
LED,ATH,1,2472.0,RUS,GRC
LED,AYT,1,2547.0,RUS,TUR
LED,AZN,1,3570.0,RUS,UZB
LED,BCN,3,2822.0,RUS,ESP
LED,BHK,2,3251.0,RUS,UZB
LED,BOJ,2,1925.0,RUS,BGR
LED,CDG,2,2133.0,RUS,FXX
LED,CEE,1,441.0,RUS,RUS
LED,CEK,1,1910.0,RUS,RUS
LED,CPH,1,1140.0,RUS,DNK
LED,CSY,1,1085.0,RUS,RUS
LED,DME,5,667.0,RUS,RUS
LED,DUS,3,1741.0,RUS,DEU
LED,DXB,1,4301.0,RUS,ARE
LED,DYU,4,3581.0,RUS,TJK
LED,EGO,1,1093.0,RUS,RUS
LED,EVN,3,2396.0,RUS,ARM
LED,FCO,3,2351.0,RUS,ITA
LED,FEG,1,3573.0,RUS,UZB
LED,FRA,2,1747.0,RUS,DEU
LED,FRU,2,3492.0,RUS,KGZ
LED,GVA,1,2187.0,RUS,CHE
LED,GYD,3,2549.0,RUS,AZE
LED,HAM,2,1407.0,RUS,DEU
LED,HEL,2,300.0,RUS,FIN
LED,HER,2,2745.0,RUS,GRC
LED,IAR,1,623.0,RUS,RUS
LED,ICN,1,6798.0,RUS,KOR
LED,IJK,1,1387.0,RUS,RUS
LED,IST,2,2063.0,RUS,TUR
LED,KBP,4,1052.0,RUS,UKR
LED,KGD,1,795.0,RUS,RUS
LED,KGF,1,2922.0,RUS,KAZ
LED,KIV,1,1434.0,RUS,MDA
LED,KJA,2,3554.0,RUS,RUS
LED,KLV,2,1528.0,RUS,CZE
LED,KQT,1,3644.0,RUS,TJK
LED,KRR,1,1746.0,RUS,RUS
LED,KSQ,2,3408.0,RUS,UZB
LED,KUF,1,1396.0,RUS,RUS
LED,KVD,1,2393.0,RUS,AZE
LED,KVX,1,1094.0,RUS,RUS
LED,KZN,3,1217.0,RUS,RUS
LED,LBD,4,3477.0,RUS,TJK
LED,LCA,2,2782.0,RUS,CYP
LED,LHR,1,2114.0,RUS,ENG
LED,LLK,1,2680.0,RUS,AZE
LED,MCX,1,2227.0,RUS,RUS
LED,MLA,1,2894.0,RUS,MLT
LED,MMK,2,1006.0,RUS,RUS
LED,MRV,1,1934.0,RUS,RUS
LED,MSQ,3,672.0,RUS,BLR
LED,MUC,2,1741.0,RUS,DEU
LED,MXP,3,2122.0,RUS,ITA
LED,NBC,1,1373.0,RUS,RUS
LED,NBE,2,2997.0,RUS,TUN
LED,NCE,1,2371.0,RUS,FXX
LED,NMA,2,3509.0,RUS,UZB
LED,NSK,1,2797.0,RUS,RUS
LED,NVI,2,3254.0,RUS,UZB
LED,OMS,1,2587.0,RUS,RUS
LED,OSL,1,1066.0,RUS,NOW
LED,OSS,2,3607.0,RUS,KGZ
LED,OVB,3,3098.0,RUS,RUS
LED,PED,1,1424.0,RUS,CZE
LED,PEE,1,1486.0,RUS,RUS
LED,PEK,2,6057.0,RUS,CHN
LED,PRG,2,1478.0,RUS,CZE
LED,PUJ,1,8701.0,RUS,DOM
LED,REN,1,1793.0,RUS,RUS
LED,RHO,3,2606.0,RUS,GRC
LED,RIX,1,486.0,RUS,LVA
LED,ROV,2,1506.0,RUS,RUS
LED,SCW,2,1133.0,RUS,RUS
LED,SIP,1,1658.0,RUS,RUS
LED,SKD,2,3383.0,RUS,UZB
LED,SKG,2,2203.0,RUS,GRC
LED,SKX,1,1100.0,RUS,RUS
LED,SVO,1,599.0,RUS,RUS
LED,SVX,2,1801.0,RUS,RUS
LED,SXF,1,1320.0,RUS,DEU
LED,TAS,2,3365.0,RUS,UZB
LED,TFS,1,4977.0,RUS,ESP
LED,TIV,1,2088.0,RUS,MNE
LED,TJM,2,2033.0,RUS,RUS
LED,TJU,2,3681.0,RUS,TJK
LED,TLL,1,308.0,RUS,EST
LED,TLV,2,3109.0,RUS,ISR
LED,TSE,2,2725.0,RUS,KAZ
LED,TXL,1,1317.0,RUS,DEU
LED,UCT,1,1302.0,RUS,RUS
LED,UFA,1,1637.0,RUS,RUS
LED,UGC,2,2899.0,RUS,UZB
LED,UUA,1,1464.0,RUS,RUS
LED,VCE,2,1983.0,RUS,ITA
LED,VIE,3,1572.0,RUS,AUT
LED,VKO,2,625.0,RUS,RUS
LED,VNO,1,647.0,RUS,LTU
LED,VOG,1,1522.0,RUS,RUS
LED,VOZ,2,1048.0,RUS,RUS
LED,WAW,1,1025.0,RUS,POL
LED,YKS,1,4842.0,RUS,RUS
LED,ZRH,1,1966.0,RUS,CHE
LEH,LYS,1,565.0,FXX,FXX
LEI,AMS,1,1808.0,ESP,NLX
LEI,BCN,2,626.0,ESP,ESP
LEI,BHX,1,1736.0,ESP,ENG
LEI,BRU,1,1655.0,ESP,BFR
LEI,CRL,1,1609.0,ESP,BWR
LEI,DUB,1,1868.0,ESP,IRL
LEI,EMA,1,1780.0,ESP,ENG
LEI,LGW,1,1600.0,ESP,ENG
LEI,MAD,2,416.0,ESP,ESP
LEI,MAN,2,1836.0,ESP,ENG
LEI,MLN,1,182.0,ESP,ESP
LEI,NRN,1,1773.0,ESP,DEU
LEI,PMI,1,538.0,ESP,ESP
LEI,STN,1,1685.0,ESP,ENG
LEI,SVQ,1,319.0,ESP,ESP
LEJ,ACE,2,3292.0,DEU,ESP
LEJ,AGA,1,2946.0,DEU,MAR
LEJ,AMS,1,522.0,DEU,NLX
LEJ,AYT,4,2179.0,DEU,TUR
LEJ,BCN,2,1367.0,DEU,ESP
LEJ,BRE,1,296.0,DEU,DEU
LEJ,CDG,1,739.0,DEU,FXX
LEJ,CFU,1,1442.0,DEU,GRC
LEJ,CGN,1,361.0,DEU,DEU
LEJ,DJE,1,1955.0,DEU,TUN
LEJ,DME,1,1747.0,DEU,RUS
LEJ,DUS,1,380.0,DEU,DEU
LEJ,FNC,2,3137.0,DEU,PMD
LEJ,FRA,1,301.0,DEU,DEU
LEJ,FUE,2,3351.0,DEU,ESP
LEJ,HER,2,2065.0,DEU,GRC
LEJ,HRG,1,3246.0,DEU,EGY
LEJ,IST,1,1690.0,DEU,TUR
LEJ,KGS,1,2005.0,DEU,GRC
LEJ,LPA,1,3482.0,DEU,ESP
LEJ,MUC,1,343.0,DEU,DEU
LEJ,PMI,2,1511.0,DEU,ESP
LEJ,RHO,2,2088.0,DEU,GRC
LEJ,STN,1,829.0,DEU,ENG
LEJ,STR,1,372.0,DEU,DEU
LEJ,TFS,2,3537.0,DEU,ESP
LEJ,VIE,2,482.0,DEU,AUT
LEJ,ZRH,1,515.0,DEU,CHE
LEN,BCN,1,655.0,ESP,ESP
LEQ,ISC,1,49.0,ENG,ENG
LET,BOG,3,1094.0,BRA,COL
LET,LPD,1,321.0,BRA,COL
LEX,ATL,4,489.0,USA,USA
LEX,CLT,2,453.0,USA,USA
LEX,DCA,1,665.0,USA,USA
LEX,DFW,2,1261.0,USA,USA
LEX,DTW,1,476.0,USA,USA
LEX,FLL,1,1394.0,USA,USA
LEX,IAH,1,1333.0,USA,USA
LEX,LGA,1,970.0,USA,USA
LEX,MSP,1,1045.0,USA,USA
LEX,ORD,3,521.0,USA,USA
LEX,PGD,1,1260.0,USA,USA
LEX,PIE,1,1140.0,USA,USA
LEX,SFB,1,1076.0,USA,USA
LFM,DXB,1,320.0,IRN,ARE
LFM,KWI,1,551.0,IRN,KWT
LFM,SYZ,1,248.0,IRN,IRN
LFR,CCS,1,636.0,VEN,VEN
LFT,ATL,3,809.0,USA,USA
LFT,DFW,2,564.0,USA,USA
LFT,IAH,1,324.0,USA,USA
LFW,ABJ,2,582.0,TGO,CIV
LFW,ABV,1,734.0,TGO,NGA
LFW,ACC,2,169.0,TGO,GHA
LFW,ADD,1,4148.0,TGO,ETH
LFW,BKO,1,1233.0,TGO,MLI
LFW,BRU,3,4983.0,TGO,BFR
LFW,CDG,1,4766.0,TGO,FXX
LFW,CKY,1,1681.0,TGO,GIN
LFW,COO,2,127.0,TGO,BEN
LFW,DLA,1,968.0,TGO,CMR
LFW,GIG,1,5812.0,TGO,BRA
LFW,LBV,1,1105.0,TGO,GAB
LFW,LOS,1,233.0,TGO,NGA
LFW,OUA,2,752.0,TGO,BFA
LGA,ATL,7,1225.0,USA,USA
LGA,AUA,1,3167.0,USA,ABW
LGA,BGR,1,608.0,USA,USA
LGA,BHM,1,1393.0,USA,USA
LGA,BNA,4,1228.0,USA,USA
LGA,BOS,3,297.0,USA,USA
LGA,BTV,1,415.0,USA,USA
LGA,BUF,1,469.0,USA,USA
LGA,CAE,1,993.0,USA,USA
LGA,CAK,2,637.0,USA,USA
LGA,CHO,3,491.0,USA,USA
LGA,CHS,1,1033.0,USA,USA
LGA,CLE,2,672.0,USA,USA
LGA,CLT,3,875.0,USA,USA
LGA,CMH,3,768.0,USA,USA
LGA,CVG,1,940.0,USA,USA
LGA,DAY,3,882.0,USA,USA
LGA,DCA,3,345.0,USA,USA
LGA,DEN,4,2600.0,USA,USA
LGA,DFW,4,2231.0,USA,USA
LGA,DSM,1,1655.0,USA,USA
LGA,DTW,4,805.0,USA,USA
LGA,EYW,1,1947.0,USA,USA
LGA,FLL,3,1735.0,USA,USA
LGA,GRR,1,992.0,USA,USA
LGA,GSO,3,741.0,USA,USA
LGA,GSP,1,981.0,USA,USA
LGA,HOU,1,2296.0,USA,USA
LGA,IAD,1,367.0,USA,USA
LGA,IAH,2,2277.0,USA,USA
LGA,ILM,3,806.0,USA,USA
LGA,IND,1,1060.0,USA,USA
LGA,JAX,1,1343.0,USA,USA
LGA,LEX,1,970.0,USA,USA
LGA,LIT,2,1744.0,USA,USA
LGA,MCI,1,1778.0,USA,USA
LGA,MCO,2,1531.0,USA,USA
LGA,MDW,2,1164.0,USA,USA
LGA,MEM,1,1547.0,USA,USA
LGA,MHT,1,313.0,USA,USA
LGA,MIA,3,1768.0,USA,USA
LGA,MKE,2,1185.0,USA,USA
LGA,MSN,1,1303.0,USA,USA
LGA,MSP,1,1638.0,USA,USA
LGA,MSY,3,1903.0,USA,USA
LGA,MYR,2,907.0,USA,USA
LGA,OMA,1,1843.0,USA,USA
LGA,ORD,5,1177.0,USA,USA
LGA,ORF,3,476.0,USA,USA
LGA,PBI,4,1668.0,USA,USA
LGA,PHL,2,154.0,USA,USA
LGA,PIT,3,538.0,USA,USA
LGA,PWM,1,433.0,USA,USA
LGA,RDU,3,693.0,USA,USA
LGA,RIC,3,470.0,USA,USA
LGA,ROA,2,652.0,USA,USA
LGA,ROC,1,408.0,USA,USA
LGA,RSW,2,1742.0,USA,USA
LGA,SAV,1,1163.0,USA,USA
LGA,SDF,3,1058.0,USA,USA
LGA,SRQ,2,1687.0,USA,USA
LGA,STL,4,1426.0,USA,USA
LGA,SYR,1,319.0,USA,USA
LGA,TPA,2,1628.0,USA,USA
LGA,TYS,3,1041.0,USA,USA
LGA,XNA,2,1842.0,USA,USA
LGA,YHZ,2,959.0,USA,CAN
LGA,YOW,2,526.0,USA,CAN
LGA,YUL,6,522.0,USA,CAN
LGA,YYZ,6,573.0,USA,CAN
LGB,AUS,1,1969.0,USA,USA
LGB,BOS,1,4178.0,USA,USA
LGB,IAD,1,3657.0,USA,USA
LGB,JFK,1,3958.0,USA,USA
LGB,LAS,1,372.0,USA,USA
LGB,OAK,1,568.0,USA,USA
LGB,PDX,3,1362.0,USA,USA
LGB,PHX,2,570.0,USA,USA
LGB,SEA,3,1555.0,USA,USA
LGB,SFO,1,569.0,USA,USA
LGB,SLC,2,948.0,USA,USA
LGB,SMF,1,624.0,USA,USA
LGG,AGA,1,2574.0,BWR,MAR
LGG,AJA,2,1002.0,BWR,FXX
LGG,BIA,2,950.0,BWR,FXX
LGG,HER,1,2325.0,BWR,GRC
LGG,LIL,1,167.0,BWR,FXX
LGG,PMI,1,1251.0,BWR,ESP
LGG,RHO,1,2399.0,BWR,GRC
LGI,NAS,2,317.0,BHS,BHS
LGK,KCH,1,1295.0,MYS,MYS
LGK,KUL,4,455.0,MYS,MYS
LGK,PEN,4,130.0,MYS,MYS
LGK,SIN,5,728.0,MYS,SGP
LGK,SZB,3,409.0,MYS,MYS
LGL,MUR,1,124.0,MYS,MYS
LGL,MYY,1,164.0,MYS,MYS
LGP,CEB,1,318.0,PHL,PHL
LGP,MNL,3,329.0,PHL,PHL
LGW,AAL,1,928.0,ENG,DNK
LGW,ABZ,1,686.0,ENG,SCT
LGW,ACE,9,2710.0,ENG,ESP
LGW,ADB,2,2567.0,ENG,TUR
LGW,AES,1,1324.0,ENG,NOW
LGW,AGA,3,2438.0,ENG,MAR
LGW,AGP,6,1645.0,ENG,ESP
LGW,AJA,1,1233.0,ENG,FXX
LGW,ALC,6,1431.0,ENG,ESP
LGW,ALG,1,1630.0,ENG,DZA
LGW,AMS,2,365.0,ENG,NLX
LGW,ANU,3,6564.0,ENG,ACA
LGW,ARN,1,1475.0,ENG,SWE
LGW,ATH,1,2393.0,ENG,GRC
LGW,AYT,5,2908.0,ENG,TUR
LGW,BCN,6,1109.0,ENG,ESP
LGW,BDA,2,5541.0,ENG,BMU
LGW,BFS,1,561.0,ENG,NIR
LGW,BGI,3,6759.0,ENG,BRB
LGW,BGO,2,1071.0,ENG,NOW
LGW,BHD,1,542.0,ENG,NIR
LGW,BIA,1,1204.0,ENG,FXX
LGW,BJV,3,2679.0,ENG,TUR
LGW,BLQ,1,1127.0,ENG,ITA
LGW,BOD,2,704.0,ENG,FXX
LGW,BRI,2,1709.0,ENG,ITA
LGW,BRU,1,328.0,ENG,BFR
LGW,BSL,1,684.0,ENG,FXX
LGW,BUD,2,1465.0,ENG,HUN
LGW,BVC,1,4385.0,ENG,CPV
LGW,CDG,1,308.0,ENG,FXX
LGW,CFU,2,2017.0,ENG,GRC
LGW,CGN,1,514.0,ENG,DEU
LGW,CHQ,2,2603.0,ENG,GRC
LGW,CMN,2,2066.0,ENG,MAR
LGW,CPH,2,984.0,ENG,DNK
LGW,CTA,6,1938.0,ENG,ITA
LGW,CUN,5,7977.0,ENG,MEX
LGW,DBV,5,1690.0,ENG,HRV
LGW,DLM,5,2793.0,ENG,TUR
LGW,DME,2,2543.0,ENG,RUS
LGW,DUB,2,484.0,ENG,IRL
LGW,DUS,1,485.0,ENG,DEU
LGW,DXB,2,5473.0,ENG,ARE
LGW,EDI,2,574.0,ENG,SCT
LGW,EFL,1,2172.0,ENG,GRC
LGW,ERF,1,779.0,ENG,DEU
LGW,FAO,5,1688.0,ENG,PRX
LGW,FCO,3,1406.0,ENG,ITA
LGW,FLR,2,1180.0,ENG,ITA
LGW,FNA,1,4877.0,ENG,SLE
LGW,FNC,4,2456.0,ENG,PMD
LGW,FUE,5,2770.0,ENG,ESP
LGW,GCI,1,256.0,ENG,GGY
LGW,GIB,1,1717.0,ENG,ESP
LGW,GLA,2,595.0,ENG,SCT
LGW,GOA,1,1006.0,ENG,ITA
LGW,GOT,1,1081.0,ENG,SWE
LGW,GVA,1,715.0,ENG,CHE
LGW,HAM,1,743.0,ENG,DEU
LGW,HAV,1,7508.0,ENG,CUB
LGW,HEL,1,1858.0,ENG,FIN
LGW,HER,3,2680.0,ENG,GRC
LGW,HME,1,2227.0,ENG,DZA
LGW,HRG,5,3900.0,ENG,EGY
LGW,IBZ,3,1370.0,ENG,ESP
LGW,INN,1,941.0,ENG,AUT
LGW,INV,1,753.0,ENG,SCT
LGW,IOM,1,443.0,ENG,IMN
LGW,IST,1,2461.0,ENG,TUR
LGW,JED,1,4714.0,ENG,SAU
LGW,JER,2,259.0,ENG,JEY
LGW,JMK,2,2519.0,ENG,GRC
LGW,JTR,3,2611.0,ENG,GRC
LGW,KBP,1,2173.0,ENG,UKR
LGW,KEF,3,1935.0,ENG,ISL
LGW,KGS,2,2679.0,ENG,GRC
LGW,KIN,2,7537.0,ENG,JAM
LGW,KLX,1,2349.0,ENG,GRC
LGW,KRK,1,1410.0,ENG,POL
LGW,KUN,1,1668.0,ENG,LTU
LGW,LAS,5,8433.0,ENG,USA
LGW,LCA,7,3247.0,ENG,CYP
LGW,LEI,1,1600.0,ENG,ESP
LGW,LIN,1,943.0,ENG,ITA
LGW,LIS,3,1542.0,ENG,PRX
LGW,LPA,5,2879.0,ENG,ESP
LGW,LUX,1,484.0,ENG,LUX
LGW,LYS,1,717.0,ENG,FXX
LGW,MAD,2,1215.0,ENG,ESP
LGW,MAH,3,1300.0,ENG,ESP
LGW,MBJ,1,7568.0,ENG,JAM
LGW,MCO,7,6991.0,ENG,USA
LGW,MJV,1,1488.0,ENG,ESP
LGW,MLA,4,2063.0,ENG,MLT
LGW,MLE,1,8514.0,ENG,MDV
LGW,MPL,1,898.0,ENG,FXX
LGW,MRS,1,949.0,ENG,FXX
LGW,MRU,3,9748.0,ENG,MUS
LGW,MSQ,1,1921.0,ENG,BLR
LGW,MUC,1,914.0,ENG,DEU
LGW,MXP,1,899.0,ENG,ITA
LGW,NAP,4,1592.0,ENG,ITA
LGW,NBE,4,1877.0,ENG,TUN
LGW,NCE,4,1001.0,ENG,FXX
LGW,NCL,1,444.0,ENG,ENG
LGW,NOC,1,659.0,ENG,IRL
LGW,NQY,2,347.0,ENG,ENG
LGW,NTE,1,456.0,ENG,FXX
LGW,OLB,3,1361.0,ENG,ITA
LGW,OPO,2,1278.0,ENG,PRX
LGW,ORK,1,579.0,ENG,IRL
LGW,OSL,1,1218.0,ENG,NOW
LGW,OTP,1,2079.0,ENG,ROU
LGW,PDL,1,2493.0,ENG,PAZ
LGW,PEK,2,8165.0,ENG,CHN
LGW,PFO,5,3186.0,ENG,CYP
LGW,PMI,6,1309.0,ENG,ESP
LGW,PMO,3,1778.0,ENG,ITA
LGW,POS,1,7100.0,ENG,TTO
LGW,PRG,1,1024.0,ENG,CZE
LGW,PRN,1,1865.0,ENG,KOS
LGW,PSA,2,1148.0,ENG,ITA
LGW,PUJ,1,6897.0,ENG,DOM
LGW,PVK,2,2122.0,ENG,GRC
LGW,RAK,5,2266.0,ENG,MAR
LGW,RHO,3,2772.0,ENG,GRC
LGW,RIX,1,1692.0,ENG,LVA
LGW,SAW,1,2524.0,ENG,TUR
LGW,SCQ,1,1108.0,ENG,ESP
LGW,SID,2,4325.0,ENG,CPV
LGW,SKG,3,2134.0,ENG,GRC
LGW,SNN,1,623.0,ENG,IRL
LGW,SOF,1,2011.0,ENG,BGR
LGW,SPU,3,1498.0,ENG,HRV
LGW,SSH,5,3866.0,ENG,EGY
LGW,SVG,1,935.0,ENG,NOW
LGW,SVQ,2,1592.0,ENG,ESP
LGW,SXB,1,631.0,ENG,FXX
LGW,SXF,1,952.0,ENG,DEU
LGW,SZG,2,1022.0,ENG,AUT
LGW,TFS,8,2912.0,ENG,ESP
LGW,TIA,1,1864.0,ENG,ALB
LGW,TIV,1,1730.0,ENG,MNE
LGW,TLL,1,1816.0,ENG,EST
LGW,TLS,1,844.0,ENG,FXX
LGW,TLV,1,3557.0,ENG,ISR
LGW,TNG,1,1775.0,ENG,MAR
LGW,TOS,1,2289.0,ENG,NOW
LGW,TPA,4,7111.0,ENG,USA
LGW,TRD,1,1518.0,ENG,NOW
LGW,TRF,1,1111.0,ENG,NOW
LGW,TRN,1,880.0,ENG,ITA
LGW,UVF,3,6800.0,ENG,LCA
LGW,VCE,4,1117.0,ENG,ITA
LGW,VIE,1,1250.0,ENG,AUT
LGW,VLC,1,1297.0,ENG,ESP
LGW,VRN,4,1038.0,ENG,ITA
LGW,YUL,1,5246.0,ENG,CAN
LGW,YVR,1,7619.0,ENG,CAN
LGW,YYC,1,7055.0,ENG,CAN
LGW,YYZ,1,5739.0,ENG,CAN
LGW,ZAG,1,1337.0,ENG,HRV
LGW,ZRH,1,754.0,ENG,CHE
LGW,ZTH,2,2225.0,ENG,GRC
LHE,AUH,7,2090.0,PAK,ARE
LHE,BAH,2,2381.0,PAK,BHR
LHE,BCN,1,6377.0,PAK,ESP
LHE,BHV,2,353.0,PAK,PAK
LHE,BKK,1,3337.0,PAK,THA
LHE,DEA,1,413.0,PAK,PAK
LHE,DEL,1,419.0,PAK,IND
LHE,DMM,2,2452.0,PAK,SAU
LHE,DOH,2,2330.0,PAK,QAT
LHE,DXB,3,1985.0,PAK,ARE
LHE,ISB,1,269.0,PAK,PAK
LHE,IST,1,4176.0,PAK,TUR
LHE,JED,4,3653.0,PAK,SAU
LHE,KHI,3,1022.0,PAK,PAK
LHE,KUL,1,4291.0,PAK,MYS
LHE,KWI,3,2543.0,PAK,KWT
LHE,LHR,1,6315.0,PAK,ENG
LHE,MAN,1,6398.0,PAK,ENG
LHE,MCT,3,1814.0,PAK,OMN
LHE,MED,1,3477.0,PAK,SAU
LHE,MHD,1,1458.0,PAK,IRN
LHE,MUX,1,320.0,PAK,PAK
LHE,MXP,1,5753.0,PAK,ITA
LHE,OSL,1,5551.0,PAK,NOW
LHE,PEW,1,385.0,PAK,PAK
LHE,RUH,3,2802.0,PAK,SAU
LHE,RYK,1,529.0,PAK,PAK
LHE,SHJ,1,1968.0,PAK,ARE
LHE,SKZ,1,687.0,PAK,PAK
LHE,UET,3,726.0,PAK,PAK
LHE,YYZ,1,11246.0,PAK,CAN
LHR,ABV,1,4774.0,ENG,NGA
LHR,ABZ,5,647.0,ENG,SCT
LHR,ACC,2,5100.0,ENG,GHA
LHR,ADD,1,5920.0,ENG,ETH
LHR,AGP,2,1676.0,ENG,ESP
LHR,ALA,2,5624.0,ENG,KAZ
LHR,ALG,1,1669.0,ENG,DZA
LHR,AMM,2,3683.0,ENG,JOR
LHR,AMS,5,370.0,ENG,NLX
LHR,ARN,6,1463.0,ENG,SWE
LHR,ASB,1,4741.0,ENG,TKM
LHR,ATH,5,2427.0,ENG,GRC
LHR,ATL,8,6761.0,ENG,USA
LHR,AUH,4,5517.0,ENG,ARE
LHR,AUS,4,7893.0,ENG,USA
LHR,BAH,4,5094.0,ENG,BHR
LHR,BCN,3,1148.0,ENG,ESP
LHR,BEG,1,1701.0,ENG,SRS
LHR,BEY,3,3482.0,ENG,LBN
LHR,BGO,2,1042.0,ENG,NOW
LHR,BHD,4,503.0,ENG,NIR
LHR,BIO,2,927.0,ENG,ESP
LHR,BKK,4,9578.0,ENG,THA
LHR,BLQ,2,1163.0,ENG,ITA
LHR,BLR,2,8047.0,ENG,IND
LHR,BOM,5,7213.0,ENG,IND
LHR,BOS,9,5240.0,ENG,USA
LHR,BRU,3,350.0,ENG,BFR
LHR,BSL,3,720.0,ENG,FXX
LHR,BUD,3,1490.0,ENG,HUN
LHR,BWI,4,5833.0,ENG,USA
LHR,CAI,2,3533.0,ENG,EGY
LHR,CAN,1,9496.0,ENG,CHN
LHR,CDG,3,347.0,ENG,FXX
LHR,CGN,1,534.0,ENG,DEU
LHR,CLT,2,6409.0,ENG,USA
LHR,CMB,1,8715.0,ENG,LKA
LHR,CMN,1,2094.0,ENG,MAR
LHR,CPH,3,980.0,ENG,DNK
LHR,CPT,2,9681.0,ENG,ZAF
LHR,CTU,1,8302.0,ENG,CHN
LHR,DAC,1,8015.0,ENG,BGD
LHR,DEL,5,6731.0,ENG,IND
LHR,DEN,4,7496.0,ENG,USA
LHR,DFW,7,7627.0,ENG,USA
LHR,DME,1,2545.0,ENG,RUS
LHR,DOH,2,5241.0,ENG,QAT
LHR,DTW,4,6044.0,ENG,USA
LHR,DUB,3,449.0,ENG,IRL
LHR,DUS,3,502.0,ENG,DEU
LHR,DXB,6,5498.0,ENG,ARE
LHR,EBB,2,6497.0,ENG,UGA
LHR,EDI,5,534.0,ENG,SCT
LHR,EWR,8,5562.0,ENG,USA
LHR,EZE,1,11137.0,ENG,ARG
LHR,FAO,1,1713.0,ENG,PRX
LHR,FCO,3,1444.0,ENG,ITA
LHR,FNA,1,4905.0,ENG,SLE
LHR,FRA,4,655.0,ENG,DEU
LHR,GIB,2,1747.0,ENG,ESP
LHR,GIG,1,9253.0,ENG,BRA
LHR,GLA,3,555.0,ENG,SCT
LHR,GOT,4,1069.0,ENG,SWE
LHR,GRU,2,9460.0,ENG,BRA
LHR,GVA,3,754.0,ENG,CHE
LHR,GYD,2,4002.0,ENG,AZE
LHR,HAJ,3,703.0,ENG,DEU
LHR,HAM,4,745.0,ENG,DEU
LHR,HEL,4,1848.0,ENG,FIN
LHR,HKG,3,9631.0,ENG,HKG
LHR,HND,4,9591.0,ENG,JPN
LHR,HYD,2,7754.0,ENG,IND
LHR,IAD,8,5902.0,ENG,USA
LHR,IAH,6,7763.0,ENG,USA
LHR,IBZ,2,1408.0,ENG,ESP
LHR,ICN,3,8861.0,ENG,KOR
LHR,IKA,1,4423.0,ENG,IRN
LHR,ISB,1,6054.0,ENG,PAK
LHR,IST,3,2489.0,ENG,TUR
LHR,JED,2,4748.0,ENG,SAU
LHR,JFK,12,5540.0,ENG,USA
LHR,JMK,1,2553.0,ENG,GRC
LHR,JNB,6,9075.0,ENG,ZAF
LHR,JTR,1,2644.0,ENG,GRC
LHR,KBP,1,2185.0,ENG,UKR
LHR,KEF,1,1895.0,ENG,ISL
LHR,KHI,1,6339.0,ENG,PAK
LHR,KUL,2,10605.0,ENG,MYS
LHR,KWI,3,4675.0,ENG,KWT
LHR,LAD,1,6836.0,ENG,AGO
LHR,LAS,4,8395.0,ENG,USA
LHR,LAX,11,8760.0,ENG,USA
LHR,LBA,3,278.0,ENG,ENG
LHR,LCA,3,3278.0,ENG,CYP
LHR,LCG,2,1085.0,ENG,ESP
LHR,LED,1,2114.0,ENG,RUS
LHR,LHE,1,6315.0,ENG,PAK
LHR,LIN,4,981.0,ENG,ITA
LHR,LIS,7,1564.0,ENG,PRX
LHR,LOS,3,5004.0,ENG,NGA
LHR,LUX,2,514.0,ENG,LUX
LHR,LXR,1,4005.0,ENG,EGY
LHR,LYS,2,757.0,ENG,FXX
LHR,MAA,2,8235.0,ENG,IND
LHR,MAD,2,1246.0,ENG,ESP
LHR,MAN,5,243.0,ENG,ENG
LHR,MCT,1,5834.0,ENG,OMN
LHR,MEX,3,8904.0,ENG,MEX
LHR,MIA,7,7109.0,ENG,USA
LHR,MLA,1,2103.0,ENG,MLT
LHR,MNL,1,10767.0,ENG,PHL
LHR,MRS,2,989.0,ENG,FXX
LHR,MRU,1,9784.0,ENG,MUS
LHR,MSP,4,6443.0,ENG,USA
LHR,MUC,4,942.0,ENG,DEU
LHR,MXP,2,936.0,ENG,ITA
LHR,NAS,1,6977.0,ENG,BHS
LHR,NBO,3,6841.0,ENG,KEN
LHR,NCE,2,1041.0,ENG,FXX
LHR,NCL,3,405.0,ENG,ENG
LHR,NRT,4,9592.0,ENG,JPN
LHR,OPO,1,1298.0,ENG,PRX
LHR,ORD,9,6344.0,ENG,USA
LHR,ORK,1,555.0,ENG,IRL
LHR,ORY,3,367.0,ENG,FXX
LHR,OSL,4,1198.0,ENG,NOW
LHR,OTP,3,2104.0,ENG,ROU
LHR,PEK,3,8153.0,ENG,CHN
LHR,PHL,5,5690.0,ENG,USA
LHR,PHX,4,8463.0,ENG,USA
LHR,PMI,2,1348.0,ENG,ESP
LHR,PRG,2,1044.0,ENG,CZE
LHR,PSA,2,1186.0,ENG,ITA
LHR,PVG,4,9241.0,ENG,CHN
LHR,RDU,6,6216.0,ENG,USA
LHR,RJK,1,1307.0,ENG,HRV
LHR,RTM,2,342.0,ENG,NLX
LHR,RUH,3,4941.0,ENG,SAU
LHR,SAN,4,8807.0,ENG,USA
LHR,SEA,8,7702.0,ENG,USA
LHR,SFO,10,8616.0,ENG,USA
LHR,SIN,4,10883.0,ENG,SGP
LHR,SNN,1,594.0,ENG,IRL
LHR,SOF,3,2041.0,ENG,BGR
LHR,SPU,1,1531.0,ENG,HRV
LHR,STR,4,756.0,ENG,DEU
LHR,SVG,3,909.0,ENG,NOW
LHR,SVO,1,2508.0,ENG,RUS
LHR,TAS,1,5261.0,ENG,UZB
LHR,TIP,2,2365.0,ENG,LBY
LHR,TLS,2,883.0,ENG,FXX
LHR,TLV,2,3589.0,ENG,ISR
LHR,TNG,1,1804.0,ENG,MAR
LHR,TSE,1,4797.0,ENG,KAZ
LHR,TUN,1,1831.0,ENG,TUN
LHR,TXL,4,947.0,ENG,DEU
LHR,VCE,2,1151.0,ENG,ITA
LHR,VIE,4,1275.0,ENG,AUT
LHR,VKO,2,2503.0,ENG,RUS
LHR,WAW,5,1470.0,ENG,POL
LHR,YEG,2,6809.0,ENG,CAN
LHR,YHZ,2,4585.0,ENG,CAN
LHR,YOW,2,5346.0,ENG,CAN
LHR,YUL,6,5214.0,ENG,CAN
LHR,YVR,6,7579.0,ENG,CAN
LHR,YYC,6,7015.0,ENG,CAN
LHR,YYT,2,3716.0,ENG,CAN
LHR,YYZ,7,5707.0,ENG,CAN
LHR,ZAG,3,1368.0,ENG,HRV
LHR,ZRH,4,788.0,ENG,CHE
LHR,ZYL,1,8018.0,ENG,BGD
LHW,CAN,2,1729.0,CHN,CHN
LHW,CGO,4,951.0,CHN,CHN
LHW,CKG,3,806.0,CHN,CHN
LHW,CSX,4,1291.0,CHN,CHN
LHW,CTU,4,661.0,CHN,CHN
LHW,DNH,2,868.0,CHN,CHN
LHW,HFE,1,1363.0,CHN,CHN
LHW,HGH,3,1707.0,CHN,CHN
LHW,IQN,3,366.0,CHN,CHN
LHW,JGN,3,592.0,CHN,CHN
LHW,JIC,1,252.0,CHN,CHN
LHW,KMG,3,1271.0,CHN,CHN
LHW,KWE,1,1149.0,CHN,CHN
LHW,KWL,1,1397.0,CHN,CHN
LHW,LXA,1,1430.0,CHN,CHN
LHW,NKG,1,1498.0,CHN,CHN
LHW,NNG,1,1607.0,CHN,CHN
LHW,PEK,5,1197.0,CHN,CHN
LHW,PVG,3,1779.0,CHN,CHN
LHW,SHA,2,1736.0,CHN,CHN
LHW,SHE,1,1802.0,CHN,CHN
LHW,SJW,1,997.0,CHN,CHN
LHW,SZX,1,1828.0,CHN,CHN
LHW,TNA,4,1212.0,CHN,CHN
LHW,TPE,1,2103.0,CHN,TWN
LHW,TSN,2,1239.0,CHN,CHN
LHW,TYN,4,810.0,CHN,CHN
LHW,URC,9,1594.0,CHN,CHN
LHW,WUH,3,1168.0,CHN,CHN
LHW,XIY,6,518.0,CHN,CHN
LHW,YCU,2,686.0,CHN,CHN
LHW,YZY,1,363.0,CHN,CHN
LIF,GEA,1,183.0,NCL,NCL
LIF,TGJ,1,69.0,NCL,
LIF,UVE,1,71.0,NCL,NCL
LIG,AVN,1,365.0,FXX,FXX
LIG,BRS,1,677.0,FXX,ENG
LIG,EMA,1,796.0,FXX,ENG
LIG,LBA,1,913.0,FXX,ENG
LIG,LPL,1,880.0,FXX,ENG
LIG,LYS,1,303.0,FXX,FXX
LIG,NCE,1,536.0,FXX,FXX
LIG,ORY,1,331.0,FXX,FXX
LIG,SOU,2,596.0,FXX,ENG
LIG,STN,1,673.0,FXX,ENG
LIH,DEN,1,5487.0,USA,USA
LIH,HNL,4,163.0,USA,USA
LIH,LAX,5,4203.0,USA,USA
LIH,OAK,2,3950.0,USA,USA
LIH,OGG,1,324.0,USA,USA
LIH,PHX,2,4787.0,USA,USA
LIH,SAN,1,4300.0,USA,USA
LIH,SEA,1,4345.0,USA,USA
LIH,SFO,1,3934.0,USA,USA
LIH,SJC,2,3965.0,USA,USA
LIH,YVR,1,4383.0,USA,CAN
LIL,AGA,1,2479.0,FXX,MAR
LIL,AJA,2,1056.0,FXX,FXX
LIL,ALG,2,1543.0,FXX,DZA
LIL,BCN,2,1033.0,FXX,ESP
LIL,BIA,2,1015.0,FXX,FXX
LIL,BIQ,1,863.0,FXX,FXX
LIL,BOD,2,698.0,FXX,FXX
LIL,CFU,1,1790.0,FXX,GRC
LIL,DBV,1,1458.0,FXX,HRV
LIL,DJE,2,1958.0,FXX,TUN
LIL,FAO,1,1744.0,FXX,PRX
LIL,FSC,1,1109.0,FXX,FXX
LIL,FUE,1,2841.0,FXX,ESP
LIL,GVA,1,530.0,FXX,CHE
LIL,HER,1,2452.0,FXX,GRC
LIL,LGG,1,167.0,FXX,BWR
LIL,LYS,1,558.0,FXX,FXX
LIL,MPL,1,780.0,FXX,FXX
LIL,MRS,2,808.0,FXX,FXX
LIL,NCE,2,829.0,FXX,FXX
LIL,NTE,1,512.0,FXX,FXX
LIL,OPO,1,1376.0,FXX,PRX
LIL,ORN,2,1688.0,FXX,DZA
LIL,OUD,1,1800.0,FXX,MAR
LIL,RAK,1,2299.0,FXX,MAR
LIL,RHO,1,2537.0,FXX,GRC
LIL,SPU,1,1266.0,FXX,HRV
LIL,SXB,1,397.0,FXX,FXX
LIL,TLS,2,782.0,FXX,FXX
LIL,VCE,1,888.0,FXX,ITA
LIM,AMS,2,10520.0,PER,NLX
LIM,ANF,1,1453.0,PER,CHL
LIM,ANS,1,449.0,PER,PER
LIM,AQP,3,766.0,PER,PER
LIM,ASU,1,2528.0,PER,PRY
LIM,ATA,1,302.0,PER,PER
LIM,ATL,1,5136.0,PER,USA
LIM,AYP,2,340.0,PER,PER
LIM,BOG,2,1888.0,PER,COL
LIM,CCS,2,2753.0,PER,VEN
LIM,CDG,2,10276.0,PER,FXX
LIM,CIX,1,654.0,PER,PER
LIM,CJA,2,563.0,PER,PER
LIM,CLO,1,1733.0,PER,COL
LIM,COR,1,2522.0,PER,ARG
LIM,CUN,1,3828.0,PER,MEX
LIM,CUZ,5,586.0,PER,PER
LIM,DFW,3,5424.0,PER,USA
LIM,EWR,1,5869.0,PER,USA
LIM,EZE,3,3153.0,PER,ARG
LIM,FLL,2,4249.0,PER,USA
LIM,GIG,2,3777.0,PER,BRA
LIM,GRU,4,3475.0,PER,BRA
LIM,GYE,2,1139.0,PER,ECU
LIM,HAV,2,3936.0,PER,CUB
LIM,HUU,2,258.0,PER,PER
LIM,IAH,1,5062.0,PER,USA
LIM,IGU,2,2812.0,PER,BRA
LIM,IQT,2,1007.0,PER,PER
LIM,JAU,1,181.0,PER,PER
LIM,JFK,3,5866.0,PER,USA
LIM,JUL,1,843.0,PER,PER
LIM,LAX,5,6721.0,PER,USA
LIM,LPB,3,1083.0,PER,BOL
LIM,MAD,3,9526.0,PER,ESP
LIM,MDE,1,2031.0,PER,COL
LIM,MEX,3,4245.0,PER,MEX
LIM,MIA,5,4219.0,PER,USA
LIM,MVD,1,3310.0,PER,URY
LIM,PCL,3,491.0,PER,PER
LIM,PEM,1,859.0,PER,PER
LIM,PIU,2,850.0,PER,PER
LIM,POA,2,3338.0,PER,BRA
LIM,PTY,1,2359.0,PER,PAN
LIM,PUJ,1,3534.0,PER,DOM
LIM,SAL,1,3123.0,PER,SLV
LIM,SCL,6,2462.0,PER,CHL
LIM,SDQ,1,3483.0,PER,DOM
LIM,SJO,1,2570.0,PER,CRI
LIM,TBP,1,1008.0,PER,PER
LIM,TCQ,1,994.0,PER,PER
LIM,TGI,1,346.0,PER,PER
LIM,TPP,3,618.0,PER,PER
LIM,TRU,1,490.0,PER,PER
LIM,UIO,4,1330.0,PER,ECU
LIM,VVI,3,1627.0,PER,BOL
LIM,YYZ,1,6199.0,PER,CAN
LIN,AHO,1,541.0,ITA,ITA
LIN,AMS,3,831.0,ITA,NLX
LIN,ARN,1,1681.0,ITA,SWE
LIN,BCN,1,742.0,ITA,ESP
LIN,BDS,1,882.0,ITA,ITA
LIN,BRI,2,772.0,ITA,ITA
LIN,BRU,4,703.0,ITA,BFR
LIN,CAG,1,689.0,ITA,ITA
LIN,CDG,3,644.0,ITA,FXX
LIN,CIY,1,1039.0,ITA,ITA
LIN,CPH,1,1156.0,ITA,DNK
LIN,CTA,3,1009.0,ITA,ITA
LIN,DUB,1,1427.0,ITA,IRL
LIN,FCO,2,470.0,ITA,ITA
LIN,FRA,4,513.0,ITA,DEU
LIN,LCY,2,956.0,ITA,ENG
LIN,LGW,1,943.0,ITA,ENG
LIN,LHR,4,981.0,ITA,ENG
LIN,MAD,1,1180.0,ITA,ESP
LIN,MLA,2,1152.0,ITA,MLT
LIN,NAP,4,650.0,ITA,ITA
LIN,OLB,1,506.0,ITA,ITA
LIN,ORY,3,636.0,ITA,FXX
LIN,OTP,2,1323.0,ITA,ROU
LIN,PMO,2,868.0,ITA,ITA
LIN,PRG,1,637.0,ITA,CZE
LIN,PSR,1,516.0,ITA,ITA
LIN,REG,2,975.0,ITA,ITA
LIN,SUF,1,926.0,ITA,ITA
LIN,TRS,1,329.0,ITA,ITA
LIN,TXL,1,843.0,ITA,DEU
LIN,VIE,1,629.0,ITA,AUT
LIN,WAW,1,1134.0,ITA,POL
LIR,ATL,2,2565.0,CRI,USA
LIR,CLT,2,2777.0,CRI,USA
LIR,DEN,1,3762.0,CRI,USA
LIR,DFW,2,2745.0,CRI,USA
LIR,EWR,1,3528.0,CRI,USA
LIR,IAH,1,2383.0,CRI,USA
LIR,JFK,2,3535.0,CRI,USA
LIR,LAX,1,4230.0,CRI,USA
LIR,MIA,2,1778.0,CRI,USA
LIR,PTY,1,696.0,CRI,PAN
LIR,SAL,1,496.0,CRI,SLV
LIR,SJO,4,161.0,CRI,CRI
LIR,SYQ,1,169.0,CRI,CRI
LIR,YYZ,2,3723.0,CRI,CAN
LIS,ACC,1,3798.0,PRX,GHA
LIS,AGP,3,470.0,PRX,ESP
LIS,ALG,2,1110.0,PRX,DZA
LIS,AMS,8,1846.0,PRX,NLX
LIS,ARN,2,2998.0,PRX,SWE
LIS,BCN,4,994.0,PRX,ESP
LIS,BIO,3,724.0,PRX,ESP
LIS,BKO,1,2921.0,PRX,MLI
LIS,BLQ,3,1807.0,PRX,ITA
LIS,BOD,2,968.0,PRX,FXX
LIS,BOS,2,5124.0,PRX,USA
LIS,BRS,1,1488.0,PRX,ENG
LIS,BRU,8,1717.0,PRX,BFR
LIS,BSB,1,7294.0,PRX,BRA
LIS,BSL,1,1663.0,PRX,FXX
LIS,BUD,1,2480.0,PRX,HUN
LIS,BVA,1,1485.0,PRX,FXX
LIS,BVC,2,2852.0,PRX,CPV
LIS,CCS,1,6502.0,PRX,VEN
LIS,CDG,3,1470.0,PRX,FXX
LIS,CGN,1,1850.0,PRX,DEU
LIS,CMN,2,618.0,PRX,MAR
LIS,CNF,1,7439.0,PRX,BRA
LIS,CPH,3,2472.0,PRX,DNK
LIS,DKR,1,2796.0,PRX,SEN
LIS,DLE,1,1497.0,PRX,FXX
LIS,DME,2,3913.0,PRX,RUS
LIS,DUB,2,1642.0,PRX,IRL
LIS,DUS,1,1862.0,PRX,DEU
LIS,DXB,2,6138.0,PRX,ARE
LIS,EDI,1,1956.0,PRX,SCT
LIS,EIN,1,1804.0,PRX,NLX
LIS,EWR,3,5433.0,PRX,USA
LIS,FAO,4,222.0,PRX,PRX
LIS,FCO,2,1839.0,PRX,ITA
LIS,FNC,4,965.0,PRX,PMD
LIS,FOR,1,5612.0,PRX,BRA
LIS,FRA,4,1874.0,PRX,DEU
LIS,GIG,1,7715.0,PRX,BRA
LIS,GRU,1,7935.0,PRX,BRA
LIS,GVA,4,1496.0,PRX,CHE
LIS,HAM,2,2198.0,PRX,DEU
LIS,HEL,2,3364.0,PRX,FIN
LIS,HHN,1,1793.0,PRX,DEU
LIS,HOR,2,1697.0,PRX,PAZ
LIS,IST,2,3212.0,PRX,TUR
LIS,KBP,2,3372.0,PRX,UKR
LIS,KIV,1,3198.0,PRX,MDA
LIS,LAD,2,5781.0,PRX,AGO
LIS,LCG,1,507.0,PRX,ESP
LIS,LGW,3,1542.0,PRX,ENG
LIS,LHR,6,1564.0,PRX,ENG
LIS,LPA,2,1338.0,PRX,ESP
LIS,LPL,1,1688.0,PRX,ENG
LIS,LTN,1,1606.0,PRX,ENG
LIS,LUX,3,1711.0,PRX,LUX
LIS,LYS,2,1399.0,PRX,FXX
LIS,MAD,6,513.0,PRX,ESP
LIS,MAN,2,1703.0,PRX,ENG
LIS,MIA,2,6677.0,PRX,USA
LIS,MPM,1,8400.0,PRX,MOZ
LIS,MRS,2,1307.0,PRX,FXX
LIS,MUC,2,1984.0,PRX,DEU
LIS,MXP,3,1652.0,PRX,ITA
LIS,NAT,1,5643.0,PRX,BRA
LIS,NCE,2,1468.0,PRX,FXX
LIS,NTE,1,1113.0,PRX,FXX
LIS,OPO,4,277.0,PRX,PRX
LIS,ORK,1,1453.0,PRX,IRL
LIS,ORY,5,1438.0,PRX,FXX
LIS,OSL,2,2761.0,PRX,NOW
LIS,OTP,1,2971.0,PRX,ROU
LIS,PDL,2,1449.0,PRX,PAZ
LIS,PHL,3,5551.0,PRX,USA
LIS,PIX,2,1673.0,PRX,PAZ
LIS,POA,1,8801.0,PRX,BRA
LIS,PRG,1,2229.0,PRX,CZE
LIS,PSA,1,1717.0,PRX,ITA
LIS,PXO,3,908.0,PRX,PMD
LIS,RAI,2,3002.0,PRX,CPV
LIS,RAK,1,804.0,PRX,MAR
LIS,REC,1,5857.0,PRX,BRA
LIS,SID,2,2795.0,PRX,CPV
LIS,SMA,2,1420.0,PRX,PAZ
LIS,SSA,1,6498.0,PRX,BRA
LIS,STN,1,1628.0,PRX,ENG
LIS,STR,1,1833.0,PRX,DEU
LIS,SVQ,2,322.0,PRX,ESP
LIS,SXF,2,2305.0,PRX,DEU
LIS,TER,2,1554.0,PRX,PAZ
LIS,TLS,1,1029.0,PRX,FXX
LIS,TMS,2,4566.0,PRX,STP
LIS,TNG,1,443.0,PRX,MAR
LIS,TUN,1,1711.0,PRX,TUN
LIS,VCE,2,1915.0,PRX,ITA
LIS,VCP,1,7928.0,PRX,BRA
LIS,VIE,2,2305.0,PRX,AUT
LIS,VLC,2,750.0,PRX,ESP
LIS,VXE,2,2889.0,PRX,CPV
LIS,WAW,2,2749.0,PRX,POL
LIS,YUL,1,5235.0,PRX,CAN
LIS,YYZ,3,5740.0,PRX,CAN
LIS,ZRH,4,1723.0,PRX,CHE
LIT,ATL,4,727.0,USA,USA
LIT,BWI,2,1466.0,USA,USA
LIT,CLT,2,1029.0,USA,USA
LIT,DAL,2,476.0,USA,USA
LIT,DCA,2,1426.0,USA,USA
LIT,DEN,2,1239.0,USA,USA
LIT,DFW,2,489.0,USA,USA
LIT,DTW,1,1134.0,USA,USA
LIT,HOU,1,634.0,USA,USA
LIT,IAH,1,603.0,USA,USA
LIT,LAS,1,2079.0,USA,USA
LIT,LGA,2,1744.0,USA,USA
LIT,MDW,1,876.0,USA,USA
LIT,ORD,3,889.0,USA,USA
LIT,PHX,1,1825.0,USA,USA
LIT,SFB,1,1230.0,USA,USA
LIT,STL,1,476.0,USA,USA
LJA,FIH,1,895.0,COD,COD
LJG,CAN,2,1364.0,CHN,CHN
LJG,CGO,1,1564.0,CHN,CHN
LJG,CKG,7,712.0,CHN,CHN
LJG,CSX,2,1291.0,CHN,CHN
LJG,CTU,5,564.0,CHN,CHN
LJG,HFE,1,1747.0,CHN,CHN
LJG,HGH,5,2010.0,CHN,CHN
LJG,HKG,1,1465.0,CHN,HKG
LJG,ICN,1,2732.0,CHN,KOR
LJG,JHG,5,526.0,CHN,CHN
LJG,KMG,7,321.0,CHN,CHN
LJG,KWE,2,652.0,CHN,CHN
LJG,KWL,1,992.0,CHN,CHN
LJG,MIG,1,685.0,CHN,CHN
LJG,NGB,1,2104.0,CHN,CHN
LJG,NKG,2,1889.0,CHN,CHN
LJG,NNG,1,920.0,CHN,CHN
LJG,PEK,4,2120.0,CHN,CHN
LJG,SHA,1,2109.0,CHN,CHN
LJG,SIN,1,2845.0,CHN,SGP
LJG,SJW,1,1867.0,CHN,CHN
LJG,SZX,1,1442.0,CHN,CHN
LJG,TCZ,1,262.0,CHN,CHN
LJG,TNA,1,1958.0,CHN,CHN
LJG,TPE,1,2105.0,CHN,TWN
LJG,TYN,1,1691.0,CHN,CHN
LJG,WUH,3,1435.0,CHN,CHN
LJG,XIY,5,1186.0,CHN,CHN
LJU,AMS,1,974.0,SVN,NLX
LJU,BEG,1,482.0,SVN,SRS
LJU,BRU,2,898.0,SVN,BFR
LJU,CDG,2,944.0,SVN,FXX
LJU,CPH,2,1052.0,SVN,DNK
LJU,CRL,1,876.0,SVN,BWR
LJU,FRA,2,608.0,SVN,DEU
LJU,HEL,1,1711.0,SVN,FIN
LJU,IST,2,1271.0,SVN,TUR
LJU,LTN,1,1247.0,SVN,ENG
LJU,MUC,2,311.0,SVN,DEU
LJU,PRG,1,431.0,SVN,CZE
LJU,PRN,1,661.0,SVN,KOS
LJU,SJJ,1,405.0,SVN,BHF
LJU,SKP,1,742.0,SVN,MKD
LJU,STN,1,1210.0,SVN,ENG
LJU,SVO,2,1921.0,SVN,RUS
LJU,TGD,2,574.0,SVN,MNE
LJU,TIA,1,681.0,SVN,ALB
LJU,VIE,2,264.0,SVN,AUT
LJU,WAW,2,812.0,SVN,POL
LJU,ZRH,2,470.0,SVN,CHE
LKB,SUV,1,278.0,FJI,FJI
LKG,WIL,1,673.0,KEN,KEN
LKH,MUR,1,110.0,MYS,MYS
LKH,MYY,1,144.0,MYS,MYS
LKL,TOS,1,235.0,NOW,NOW
LKN,BOO,1,103.0,NOW,NOW
LKN,RET,1,94.0,NOW,
LKN,SVJ,1,45.0,NOW,NOW
LKO,BLR,1,1544.0,IND,IND
LKO,BOM,5,1184.0,IND,IND
LKO,DED,1,464.0,IND,IND
LKO,DEL,6,423.0,IND,IND
LKO,DXB,1,2552.0,IND,ARE
LKO,JED,1,4251.0,IND,SAU
LKO,MCT,1,2299.0,IND,OMN
LKO,PAT,1,439.0,IND,IND
LKO,RUH,1,3417.0,IND,SAU
LLA,ARN,2,689.0,SWE,SWE
LLA,GEV,1,186.0,SWE,SWE
LLA,PJA,1,194.0,SWE,SWE
LLA,SDL,1,405.0,SWE,SWE
LLA,UME,1,214.0,SWE,SWE
LLB,CAN,1,587.0,CHN,CHN
LLF,CSX,1,260.0,CHN,CHN
LLF,KMG,1,880.0,CHN,CHN
LLF,SZX,1,468.0,CHN,CHN
LLI,ADD,1,334.0,ETH,ETH
LLI,AXU,1,243.0,ETH,ETH
LLI,GDQ,1,179.0,ETH,ETH
LLK,DME,1,2023.0,AZE,RUS
LLK,LED,1,2680.0,AZE,RUS
LLU,JJU,1,38.0,GRL,GRL
LLU,JNN,1,40.0,GRL,GRL
LLW,BLZ,1,246.0,MWI,MWI
LLW,DAR,1,970.0,MWI,TZA
LLW,HRE,1,543.0,MWI,ZWE
LLW,JNB,1,1489.0,MWI,ZAF
LLW,LUN,5,598.0,MWI,ZMB
LLW,NBO,3,1429.0,MWI,KEN
LMA,FAI,1,238.0,USA,USA
LMM,GDL,1,823.0,MEX,MEX
LMM,HMO,1,426.0,MEX,MEX
LMM,MEX,1,1240.0,MEX,MEX
LMM,MZT,1,400.0,MEX,MEX
LMM,TIJ,1,1080.0,MEX,MEX
LMN,MYY,1,126.0,MYS,MYS
LMP,CTA,1,310.0,ITA,ITA
LMP,PMO,1,301.0,ITA,ITA
LMP,VCE,1,1113.0,ITA,ITA
LMT,PDX,1,388.0,USA,USA
LMT,SFO,1,507.0,USA,USA
LNB,CCV,1,43.0,VUT,VUT
LNB,VLI,1,125.0,VUT,VUT
LNE,LOD,1,66.0,VUT,VUT
LNE,SON,1,110.0,VUT,VUT
LNE,VLI,1,205.0,VUT,VUT
LNJ,KMG,2,331.0,CHN,CHN
LNK,DEN,1,679.0,USA,USA
LNK,MSP,1,533.0,USA,USA
LNK,ORD,1,749.0,USA,USA
LNS,IAD,1,164.0,USA,USA
LNY,HNL,2,117.0,USA,USA
LNY,MKK,1,44.0,USA,USA
LNY,OGG,1,56.0,USA,USA
LNZ,AYT,1,1847.0,AUT,TUR
LNZ,DUS,2,632.0,AUT,DEU
LNZ,FRA,2,455.0,AUT,DEU
LNZ,HER,2,1695.0,AUT,GRC
LNZ,PMI,2,1329.0,AUT,ESP
LNZ,STN,1,1073.0,AUT,ENG
LNZ,SZG,1,101.0,AUT,AUT
LNZ,VIE,1,177.0,AUT,AUT
LOD,LNE,1,66.0,VUT,VUT
LOD,SON,1,83.0,VUT,VUT
LOE,DMK,1,410.0,THA,THA
LOH,GYE,1,212.0,ECU,ECU
LOH,UIO,1,444.0,ECU,ECU
LOK,EDL,1,305.0,KEN,KEN
LOP,BMU,1,266.0,IDN,IDN
LOP,CGK,2,1100.0,IDN,IDN
LOP,DPS,2,122.0,IDN,IDN
LOP,JOG,1,652.0,IDN,IDN
LOP,KOE,1,826.0,IDN,IDN
LOP,KUL,1,2060.0,IDN,MYS
LOP,PER,1,2578.0,IDN,AUS
LOP,SIN,3,1765.0,IDN,SGP
LOP,SUB,3,414.0,IDN,IDN
LOP,UPG,1,547.0,IDN,IDN
LOS,ABB,1,372.0,NGA,NGA
LOS,ABJ,4,815.0,NGA,CIV
LOS,ABV,1,511.0,NGA,NGA
LOS,ACC,5,401.0,NGA,GHA
LOS,ADD,1,3916.0,NGA,ETH
LOS,AMM,1,4393.0,NGA,JOR
LOS,AMS,1,5087.0,NGA,NLX
LOS,ATL,1,9395.0,NGA,USA
LOS,AUH,1,5808.0,NGA,ARE
LOS,BEY,1,4484.0,NGA,LBN
LOS,BKO,1,1402.0,NGA,MLI
LOS,BNI,1,253.0,NGA,NGA
LOS,CAI,1,3931.0,NGA,EGY
LOS,CBQ,1,584.0,NGA,NGA
LOS,CDG,1,4719.0,NGA,FXX
LOS,CMN,1,3184.0,NGA,MAR
LOS,COO,2,106.0,NGA,BEN
LOS,DKR,1,2446.0,NGA,SEN
LOS,DLA,2,764.0,NGA,CMR
LOS,DOH,1,5528.0,NGA,QAT
LOS,DXB,1,5896.0,NGA,ARE
LOS,ENU,1,469.0,NGA,NGA
LOS,FNA,1,1834.0,NGA,SLE
LOS,FRA,3,4857.0,NGA,DEU
LOS,IAH,1,10469.0,NGA,USA
LOS,IST,1,4606.0,NGA,TUR
LOS,JFK,1,8444.0,NGA,USA
LOS,JNB,2,4524.0,NGA,ZAF
LOS,JOS,1,699.0,NGA,NGA
LOS,KAD,1,635.0,NGA,NGA
LOS,KAN,1,834.0,NGA,NGA
LOS,KGL,1,3125.0,NGA,RWA
LOS,LBV,1,959.0,NGA,GAB
LOS,LFW,1,233.0,NGA,TGO
LOS,LHR,3,5004.0,NGA,ENG
LOS,MAD,1,3831.0,NGA,ESP
LOS,NBO,1,3832.0,NGA,KEN
LOS,PHC,4,437.0,NGA,NGA
LOS,QOW,1,448.0,NGA,NGA
LOS,QRW,1,297.0,NGA,NGA
LOS,QUO,1,561.0,NGA,NGA
LOS,ROB,1,1512.0,NGA,LBR
LOS,SSG,1,674.0,NGA,GNQ
LPA,ACE,3,207.0,ESP,ESP
LPA,AGA,1,638.0,ESP,MAR
LPA,AGP,2,1410.0,ESP,ESP
LPA,ALC,1,1794.0,ESP,ESP
LPA,AMS,1,3183.0,ESP,NLX
LPA,ARN,1,4335.0,ESP,SWE
LPA,BCN,3,2174.0,ESP,ESP
LPA,BGO,1,3919.0,ESP,NOW
LPA,BGY,1,2957.0,ESP,ITA
LPA,BHX,3,2951.0,ESP,ENG
LPA,BIO,3,2042.0,ESP,ESP
LPA,BJL,1,1628.0,ESP,GMB
LPA,BOH,1,2784.0,ESP,ENG
LPA,BRE,2,3426.0,ESP,DEU
LPA,BRS,3,2815.0,ESP,ENG
LPA,BRU,1,3051.0,ESP,BFR
LPA,BSL,3,2950.0,ESP,FXX
LPA,CDG,1,2801.0,ESP,FXX
LPA,CGN,4,3175.0,ESP,DEU
LPA,CMN,2,959.0,ESP,MAR
LPA,CPH,1,3805.0,ESP,DNK
LPA,CRL,1,3012.0,ESP,BWR
LPA,DKR,2,1483.0,ESP,SEN
LPA,DUB,2,2931.0,ESP,IRL
LPA,DUS,4,3190.0,ESP,DEU
LPA,EDI,1,3259.0,ESP,SCT
LPA,EIN,2,3137.0,ESP,NLX
LPA,EMA,4,3001.0,ESP,ENG
LPA,ERF,1,3382.0,ESP,DEU
LPA,EUN,2,231.0,ESP,MAR
LPA,FKB,1,3067.0,ESP,DEU
LPA,FNC,2,546.0,ESP,PMD
LPA,FRA,2,3185.0,ESP,DEU
LPA,FUE,2,160.0,ESP,ESP
LPA,GLA,3,3227.0,ESP,SCT
LPA,HAJ,1,3424.0,ESP,DEU
LPA,HAM,3,3528.0,ESP,DEU
LPA,LBA,1,3093.0,ESP,ENG
LPA,LEJ,1,3482.0,ESP,DEU
LPA,LGW,5,2879.0,ESP,ENG
LPA,LIS,2,1338.0,ESP,PRX
LPA,LPL,1,3006.0,ESP,ENG
LPA,LTN,2,2941.0,ESP,ENG
LPA,LUX,1,3030.0,ESP,LUX
LPA,MAD,6,1765.0,ESP,ESP
LPA,MAN,6,3024.0,ESP,ENG
LPA,MUC,4,3254.0,ESP,DEU
LPA,NCL,1,3209.0,ESP,ENG
LPA,NDB,2,796.0,ESP,MRT
LPA,NKC,1,1072.0,ESP,MRT
LPA,NRN,1,3185.0,ESP,DEU
LPA,NUE,2,3287.0,ESP,DEU
LPA,OPO,1,1602.0,ESP,PRX
LPA,ORK,1,2720.0,ESP,IRL
LPA,ORY,2,2768.0,ESP,FXX
LPA,OSL,2,4097.0,ESP,NOW
LPA,PAD,1,3306.0,ESP,DEU
LPA,PIK,1,3186.0,ESP,SCT
LPA,PRG,1,3512.0,ESP,CZE
LPA,PSA,1,2890.0,ESP,ITA
LPA,RAI,1,1671.0,ESP,CPV
LPA,RAK,1,818.0,ESP,MAR
LPA,SCQ,3,1778.0,ESP,ESP
LPA,SDR,1,2010.0,ESP,ESP
LPA,SPC,1,244.0,ESP,ESP
LPA,STN,2,2964.0,ESP,ENG
LPA,STR,2,3125.0,ESP,DEU
LPA,SVQ,4,1378.0,ESP,ESP
LPA,SXF,2,3617.0,ESP,DEU
LPA,SZG,2,3296.0,ESP,AUT
LPA,TFN,3,112.0,ESP,ESP
LPA,TFS,1,117.0,ESP,ESP
LPA,TRF,1,3989.0,ESP,NOW
LPA,TXL,1,3617.0,ESP,DEU
LPA,VDE,1,246.0,ESP,ESP
LPA,VIE,3,3544.0,ESP,AUT
LPA,VIL,1,472.0,ESP,MAR
LPA,VLC,2,1880.0,ESP,ESP
LPA,ZRH,3,3001.0,ESP,CHE
LPB,AQP,1,362.0,BOL,PER
LPB,ARI,1,306.0,BOL,CHL
LPB,BOG,1,2448.0,BOL,COL
LPB,CBB,2,237.0,BOL,BOL
LPB,CIJ,1,612.0,BOL,BOL
LPB,CUZ,1,521.0,BOL,PER
LPB,IQQ,1,494.0,BOL,CHL
LPB,LIM,3,1083.0,BOL,PER
LPB,POI,2,426.0,BOL,BOL
LPB,RBQ,1,244.0,BOL,BOL
LPB,SRE,2,414.0,BOL,BOL
LPB,SRZ,1,553.0,BOL,BOL
LPB,TDD,1,398.0,BOL,BOL
LPB,TJA,2,670.0,BOL,BOL
LPB,UYU,1,460.0,BOL,BOL
LPB,VVI,5,552.0,BOL,BOL
LPD,LET,1,321.0,COL,BRA
LPI,AMS,1,965.0,SWE,NLX
LPI,CPH,1,360.0,SWE,DNK
LPL,ACE,2,2850.0,ENG,ESP
LPL,AGP,2,1857.0,ENG,ESP
LPL,ALC,2,1683.0,ENG,ESP
LPL,AMS,1,524.0,ENG,NLX
LPL,BCN,2,1388.0,ENG,ESP
LPL,BFS,1,265.0,ENG,NIR
LPL,BJV,1,2945.0,ENG,TUR
LPL,BTS,1,1517.0,ENG,SVK
LPL,CCF,1,1187.0,ENG,FXX
LPL,CDG,1,610.0,ENG,FXX
LPL,DUB,1,227.0,ENG,IRL
LPL,EGC,1,977.0,ENG,FXX
LPL,FAO,2,1857.0,ENG,PRX
LPL,FNI,1,1190.0,ENG,FXX
LPL,FUE,2,2910.0,ENG,ESP
LPL,GDN,1,1397.0,ENG,POL
LPL,GVA,1,1016.0,ENG,CHE
LPL,IBZ,1,1640.0,ENG,ESP
LPL,IOM,2,143.0,ENG,IMN
LPL,JER,1,461.0,ENG,JEY
LPL,KGS,1,2949.0,ENG,GRC
LPL,KRK,2,1594.0,ENG,POL
LPL,LCA,1,3503.0,ENG,CYP
LPL,LDY,1,339.0,ENG,NIR
LPL,LIG,1,880.0,ENG,FXX
LPL,LIS,1,1688.0,ENG,PRX
LPL,LPA,1,3006.0,ENG,ESP
LPL,MAD,1,1431.0,ENG,ESP
LPL,MLA,1,2365.0,ENG,MLT
LPL,NAP,1,1887.0,ENG,ITA
LPL,NCE,1,1304.0,ENG,FXX
LPL,NOC,1,399.0,ENG,IRL
LPL,OPO,1,1413.0,ENG,PRX
LPL,ORK,1,416.0,ENG,IRL
LPL,PMI,2,1590.0,ENG,ESP
LPL,POZ,1,1320.0,ENG,POL
LPL,PSA,1,1446.0,ENG,ITA
LPL,REU,1,1388.0,ENG,ESP
LPL,RHO,2,3040.0,ENG,GRC
LPL,SNN,1,412.0,ENG,IRL
LPL,SXF,1,1102.0,ENG,DEU
LPL,SZZ,1,1173.0,ENG,POL
LPL,TFS,1,3029.0,ENG,ESP
LPL,TRF,1,1036.0,ENG,NOW
LPL,VNO,1,1833.0,ENG,LTU
LPL,WAW,1,1601.0,ENG,POL
LPL,WMI,1,1573.0,ENG,POL
LPL,WRO,1,1363.0,ENG,POL
LPM,NUS,1,62.0,VUT,VUT
LPM,VLI,1,147.0,VUT,VUT
LPP,BGY,1,2086.0,FIN,ITA
LPP,GRO,1,2725.0,FIN,ESP
LPP,NRN,1,1701.0,FIN,DEU
LPQ,BKK,4,707.0,LAO,THA
LPQ,CNX,1,358.0,LAO,THA
LPQ,HAN,2,407.0,LAO,VNM
LPQ,JHG,1,273.0,LAO,CHN
LPQ,PKZ,1,654.0,LAO,LAO
LPQ,REP,2,742.0,LAO,KHM
LPQ,VTE,2,216.0,LAO,LAO
LPT,BKK,1,527.0,THA,THA
LPY,ORY,1,418.0,FXX,FXX
LQM,PUU,1,207.0,COL,COL
LRD,DFW,2,639.0,USA,USA
LRD,IAH,1,485.0,USA,USA
LRD,LAS,1,1757.0,USA,USA
LRE,BNE,1,990.0,AUS,AUS
LRE,WIN,1,171.0,AUS,AUS
LRH,CRL,1,633.0,FXX,BWR
LRH,DUB,1,883.0,FXX,IRL
LRH,EMA,1,740.0,FXX,ENG
LRH,OPO,1,813.0,FXX,PRX
LRH,ORY,1,390.0,FXX,FXX
LRH,PIS,2,124.0,FXX,FXX
LRH,SOU,2,531.0,FXX,ENG
LRH,STN,1,643.0,FXX,ENG
LRM,AUA,1,672.0,DOM,ABW
LRM,FCO,2,7934.0,DOM,ITA
LRM,JFK,1,2511.0,DOM,USA
LRM,MAD,1,6624.0,DOM,ESP
LRM,MIA,2,1427.0,DOM,USA
LRM,MXP,1,7605.0,DOM,ITA
LRM,SJU,1,307.0,DOM,PRI
LRM,YHZ,1,2981.0,DOM,CAN
LRR,DOH,1,384.0,IRN,QAT
LRR,DXB,1,286.0,IRN,ARE
LRR,KWI,1,650.0,IRN,KWT
LRR,SHJ,1,284.0,IRN,ARE
LRR,SYZ,1,271.0,IRN,IRN
LRR,THR,1,937.0,IRN,IRN
LRS,ATH,2,265.0,GRC,GRC
LRS,JKL,2,28.0,GRC,GRC
LRS,JTY,2,77.0,GRC,GRC
LRT,LYS,1,687.0,FXX,FXX
LRT,ORY,1,444.0,FXX,FXX
LSC,ANF,2,724.0,CHL,CHL
LSC,CJC,2,856.0,CHL,CHL
LSC,CPO,1,298.0,CHL,CHL
LSC,SCL,2,389.0,CHL,CHL
LSE,MSP,1,192.0,USA,USA
LSE,ORD,2,345.0,USA,USA
LSI,ABZ,1,302.0,SCT,SCT
LSI,EDI,1,454.0,SCT,SCT
LSI,GLA,1,483.0,SCT,SCT
LSI,INV,1,304.0,SCT,SCT
LSI,KOI,1,137.0,SCT,SCT
LSP,AUA,1,81.0,VEN,ABW
LSP,CCS,2,369.0,VEN,VEN
LSP,CUR,1,137.0,VEN,CUW
LST,BNE,1,1664.0,AUS,AUS
LST,BWT,1,138.0,AUS,AUS
LST,FLS,1,174.0,AUS,AUS
LST,MEL,3,476.0,AUS,AUS
LST,SYD,2,914.0,AUS,AUS
LSY,SYD,1,602.0,AUS,AUS
LTD,TIP,1,430.0,LBY,LBY
LTI,BYN,1,345.0,MNG,MNG
LTN,ABZ,1,604.0,ENG,SCT
LTN,ACE,3,2775.0,ENG,ESP
LTN,AGP,3,1721.0,ENG,ESP
LTN,AHO,1,1414.0,ENG,ITA
LTN,ALC,2,1511.0,ENG,ESP
LTN,AMS,1,354.0,ENG,NLX
LTN,AYT,2,2949.0,ENG,TUR
LTN,BCN,1,1191.0,ENG,ESP
LTN,BEG,1,1710.0,ENG,SRS
LTN,BFS,1,497.0,ENG,NIR
LTN,BJV,1,2724.0,ENG,TUR
LTN,BOD,1,784.0,ENG,FXX
LTN,BOJ,1,2327.0,ENG,BGR
LTN,BTS,1,1318.0,ENG,SVK
LTN,BUD,2,1492.0,ENG,HUN
LTN,BZR,1,991.0,ENG,FXX
LTN,CDG,1,379.0,ENG,FXX
LTN,CFU,1,2070.0,ENG,GRC
LTN,CLJ,1,1823.0,ENG,ROU
LTN,CRA,1,1975.0,ENG,ROU
LTN,CTA,1,2005.0,ENG,ITA
LTN,DEB,1,1648.0,ENG,HUN
LTN,DLM,2,2837.0,ENG,TUR
LTN,DTM,1,551.0,ENG,DEU
LTN,DUB,1,434.0,ENG,IRL
LTN,EDI,1,494.0,ENG,SCT
LTN,FAO,3,1757.0,ENG,PRX
LTN,FCO,1,1470.0,ENG,ITA
LTN,FNI,1,970.0,ENG,FXX
LTN,FUE,2,2835.0,ENG,ESP
LTN,GDN,1,1283.0,ENG,POL
LTN,GIB,1,1792.0,ENG,ESP
LTN,GLA,1,518.0,ENG,SCT
LTN,GRO,1,1134.0,ENG,ESP
LTN,GVA,1,784.0,ENG,CHE
LTN,HAM,1,723.0,ENG,DEU
LTN,HER,1,2733.0,ENG,GRC
LTN,IAS,1,2072.0,ENG,ROU
LTN,IBZ,2,1452.0,ENG,ESP
LTN,IEV,1,2140.0,ENG,UKR
LTN,INV,1,673.0,ENG,SCT
LTN,IST,1,2495.0,ENG,TUR
LTN,KEF,1,1862.0,ENG,ISL
LTN,KIR,1,627.0,ENG,IRL
LTN,KSC,1,1571.0,ENG,SVK
LTN,KTW,1,1361.0,ENG,POL
LTN,KUN,1,1647.0,ENG,LTU
LTN,LCA,2,3288.0,ENG,CYP
LTN,LIS,1,1606.0,ENG,PRX
LTN,LJU,1,1247.0,ENG,SVN
LTN,LPA,2,2941.0,ENG,ESP
LTN,LUZ,1,1591.0,ENG,POL
LTN,MAD,1,1291.0,ENG,ESP
LTN,MAH,1,1381.0,ENG,ESP
LTN,MJV,1,1568.0,ENG,ESP
LTN,MLA,1,2133.0,ENG,MLT
LTN,MPL,1,978.0,ENG,FXX
LTN,MXP,1,961.0,ENG,ITA
LTN,NAP,1,1654.0,ENG,ITA
LTN,NCE,1,1074.0,ENG,FXX
LTN,NOC,1,610.0,ENG,IRL
LTN,OTP,1,2106.0,ENG,ROU
LTN,PFO,2,3228.0,ENG,CYP
LTN,PMI,3,1391.0,ENG,ESP
LTN,POZ,1,1172.0,ENG,POL
LTN,PRG,1,1041.0,ENG,CZE
LTN,PSA,1,1212.0,ENG,ITA
LTN,RAK,1,2339.0,ENG,MAR
LTN,REU,2,1199.0,ENG,ESP
LTN,RIX,1,1662.0,ENG,LVA
LTN,RZE,1,1573.0,ENG,POL
LTN,SKP,1,1989.0,ENG,MKD
LTN,SOF,1,2050.0,ENG,BGR
LTN,SSH,3,3916.0,ENG,EGY
LTN,SXF,1,948.0,ENG,DEU
LTN,TFS,3,2973.0,ENG,ESP
LTN,TGM,1,1888.0,ENG,ROU
LTN,TLV,2,3601.0,ENG,ISR
LTN,TSR,1,1717.0,ENG,ROU
LTN,VAR,1,2305.0,ENG,BGR
LTN,VCE,1,1169.0,ENG,ITA
LTN,VNO,1,1724.0,ENG,LTU
LTN,WAW,1,1455.0,ENG,POL
LTN,WRO,1,1195.0,ENG,POL
LTN,ZRH,1,807.0,ENG,CHE
LTO,LAX,1,1115.0,MEX,USA
LTX,GYE,1,198.0,ECU,ECU
LTX,OCC,1,188.0,ECU,ECU
LUD,OMD,1,242.0,NAM,NAM
LUG,GVA,1,217.0,CHE,CHE
LUG,ZRH,1,165.0,CHE,CHE
LUH,DEL,1,278.0,IND,IND
LUK,CLT,1,531.0,USA,USA
LUK,MDW,1,411.0,USA,USA
LUK,MMU,1,873.0,USA,USA
LUM,CAN,1,1505.0,CHN,CHN
LUM,CTU,1,870.0,CHN,CHN
LUM,KMG,3,451.0,CHN,CHN
LUM,PEK,1,2424.0,CHN,CHN
LUN,ADD,1,2934.0,ZMB,ETH
LUN,AMS,3,7860.0,ZMB,NLX
LUN,BLZ,1,700.0,ZMB,MWI
LUN,CIP,1,487.0,ZMB,ZMB
LUN,DUR,1,1612.0,ZMB,ZAF
LUN,DXB,1,5373.0,ZMB,ARE
LUN,GBE,1,1059.0,ZMB,BWA
LUN,HRE,7,403.0,ZMB,ZWE
LUN,JNB,1,1202.0,ZMB,ZAF
LUN,KAA,1,639.0,ZMB,ZMB
LUN,LAD,1,1804.0,ZMB,AGO
LUN,LLW,5,598.0,ZMB,MWI
LUN,LVI,1,394.0,ZMB,ZMB
LUN,MFU,1,440.0,ZMB,ZMB
LUN,NBO,4,1814.0,ZMB,KEN
LUN,NLA,1,260.0,ZMB,ZMB
LUN,WDH,2,1401.0,ZMB,NAM
LUO,LAD,1,798.0,AGO,AGO
LUQ,AEP,1,746.0,ARG,ARG
LUR,OTZ,1,266.0,USA,USA
LUV,AMQ,2,558.0,IDN,IDN
LUV,DOB,1,164.0,IDN,IDN
LUW,UPG,2,572.0,IDN,IDN
LUX,ACE,1,2844.0,LUX,ESP
LUX,ADB,1,2086.0,LUX,TUR
LUX,AGA,1,2514.0,LUX,MAR
LUX,AGP,1,1678.0,LUX,ESP
LUX,AJA,1,879.0,LUX,FXX
LUX,AMS,1,315.0,LUX,NLX
LUX,ARN,1,1342.0,LUX,SWE
LUX,AYT,1,2425.0,LUX,TUR
LUX,BCN,3,980.0,LUX,ESP
LUX,BIA,1,826.0,LUX,FXX
LUX,BVC,1,4551.0,LUX,CPV
LUX,CAG,1,1175.0,LUX,ITA
LUX,CDG,2,273.0,LUX,FXX
LUX,CFU,1,1551.0,LUX,GRC
LUX,CLY,1,814.0,LUX,FXX
LUX,CPH,2,795.0,LUX,DNK
LUX,CTA,1,1526.0,LUX,ITA
LUX,DBV,1,1215.0,LUX,HRV
LUX,DJE,1,1791.0,LUX,TUN
LUX,DUB,1,959.0,LUX,IRL
LUX,DUS,2,189.0,LUX,DEU
LUX,FAO,1,1805.0,LUX,PRX
LUX,FCO,2,987.0,LUX,ITA
LUX,FNC,1,2671.0,LUX,PMD
LUX,FRA,1,176.0,LUX,DEU
LUX,FSC,1,931.0,LUX,FXX
LUX,FUE,1,2904.0,LUX,ESP
LUX,GVA,1,376.0,LUX,CHE
LUX,HER,1,2211.0,LUX,GRC
LUX,IBZ,1,1255.0,LUX,ESP
LUX,IST,1,1978.0,LUX,TUR
LUX,KGS,1,2201.0,LUX,GRC
LUX,LCY,1,482.0,LUX,ENG
LUX,LGW,1,484.0,LUX,ENG
LUX,LHR,2,514.0,LUX,ENG
LUX,LIS,3,1711.0,LUX,PRX
LUX,LPA,1,3030.0,LUX,ESP
LUX,MAD,1,1272.0,LUX,ESP
LUX,MLA,1,1671.0,LUX,MLT
LUX,MUC,2,431.0,LUX,DEU
LUX,MXP,3,483.0,LUX,ITA
LUX,NAP,1,1158.0,LUX,ITA
LUX,NCE,1,668.0,LUX,FXX
LUX,OPO,2,1484.0,LUX,PRX
LUX,PMI,1,1153.0,LUX,ESP
LUX,RAK,1,2327.0,LUX,MAR
LUX,RHO,1,2293.0,LUX,GRC
LUX,SCN,2,80.0,LUX,DEU
LUX,TFS,1,3081.0,LUX,ESP
LUX,TXL,2,592.0,LUX,DEU
LUX,VAR,1,1795.0,LUX,BGR
LUX,VIE,2,776.0,LUX,AUT
LUX,XRY,1,1739.0,LUX,ESP
LUX,ZRH,1,296.0,LUX,CHE
LUZ,FCO,1,1318.0,POL,ITA
LUZ,GDN,1,451.0,POL,POL
LUZ,LTN,1,1591.0,POL,ENG
LUZ,MXP,1,1203.0,POL,ITA
LUZ,STN,1,1549.0,POL,ENG
LUZ,TRF,1,1182.0,POL,NOW
LVI,HRE,3,558.0,ZMB,ZWE
LVI,JNB,2,958.0,ZMB,ZAF
LVI,LUN,1,394.0,ZMB,ZMB
LVI,MQP,1,1002.0,ZMB,ZAF
LWB,ATL,1,594.0,USA,USA
LWB,IAD,1,284.0,USA,USA
LWN,DME,1,1687.0,ARM,RUS
LWO,BGY,1,1158.0,UKR,ITA
LWO,DTM,1,1165.0,UKR,DEU
LWO,FCO,1,1269.0,UKR,ITA
LWO,GRO,1,1853.0,UKR,ESP
LWO,IST,1,1020.0,UKR,TUR
LWO,KBP,1,498.0,UKR,UKR
LWO,LCA,1,1838.0,UKR,CYP
LWO,MUC,1,900.0,UKR,DEU
LWO,NAP,1,1245.0,UKR,ITA
LWO,SAW,1,1075.0,UKR,TUR
LWO,TLV,1,2177.0,UKR,ISR
LWO,TSF,1,993.0,UKR,ITA
LWO,VIE,2,571.0,UKR,AUT
LWO,VKO,1,1100.0,UKR,RUS
LWO,VLC,1,2233.0,UKR,ESP
LWO,WAW,1,335.0,UKR,POL
LWS,BOI,1,319.0,USA,USA
LWS,PUW,1,42.0,USA,USA
LWS,SEA,1,419.0,USA,USA
LWS,SLC,1,742.0,USA,USA
LWY,BKI,1,140.0,MYS,MYS
LWY,BKM,1,100.0,MYS,IDN
LWY,MYY,1,168.0,MYS,MYS
LXA,BPX,1,613.0,CHN,CHN
LXA,CKG,8,1522.0,CHN,CHN
LXA,CTU,5,1263.0,CHN,CHN
LXA,DIG,1,872.0,CHN,CHN
LXA,GXH,1,1263.0,CHN,CHN
LXA,KMG,1,1276.0,CHN,CHN
LXA,KTM,1,571.0,CHN,NPL
LXA,LHW,1,1430.0,CHN,CHN
LXA,LZY,1,332.0,CHN,CHN
LXA,MIG,1,1347.0,CHN,CHN
LXA,NGQ,1,1083.0,CHN,CHN
LXA,PEK,2,2622.0,CHN,CHN
LXA,XIY,3,1776.0,CHN,CHN
LXA,XNN,2,1312.0,CHN,CHN
LXG,VTE,1,353.0,LAO,LAO
LXR,CAI,2,511.0,EGY,EGY
LXR,CDG,1,3676.0,EGY,FXX
LXR,DOH,1,1896.0,EGY,QAT
LXR,JED,2,793.0,EGY,SAU
LXR,KWI,2,1556.0,EGY,KWT
LXR,LHR,1,4005.0,EGY,ENG
LXR,RUH,1,1408.0,EGY,SAU
LXS,ATH,2,247.0,GRC,GRC
LXS,JIK,1,266.0,GRC,GRC
LXS,MJT,1,151.0,GRC,GRC
LXS,SKG,1,204.0,GRC,GRC
LYA,BHY,1,1499.0,CHN,CHN
LYA,CAN,1,1265.0,CHN,CHN
LYA,CKG,1,777.0,CHN,CHN
LYA,DLC,1,939.0,CHN,CHN
LYA,KHN,1,733.0,CHN,CHN
LYA,KMG,1,1405.0,CHN,CHN
LYA,PEK,1,700.0,CHN,CHN
LYA,SHA,1,923.0,CHN,CHN
LYA,SHE,1,1235.0,CHN,CHN
LYB,CYB,1,22.0,CYM,CYM
LYB,GCM,1,139.0,CYM,CYM
LYC,AJR,2,119.0,SWE,SWE
LYC,ARN,2,546.0,SWE,SWE
LYG,CAN,1,1356.0,CHN,CHN
LYG,CTU,1,1466.0,CHN,CHN
LYG,DLC,2,543.0,CHN,CHN
LYG,FOC,1,963.0,CHN,CHN
LYG,HGH,1,505.0,CHN,CHN
LYG,HKG,1,1447.0,CHN,HKG
LYG,HSN,1,611.0,CHN,CHN
LYG,NAY,2,620.0,CHN,CHN
LYG,PEK,1,645.0,CHN,CHN
LYG,SHA,2,440.0,CHN,CHN
LYG,SHE,1,883.0,CHN,CHN
LYG,WUH,1,607.0,CHN,CHN
LYG,XUZ,1,134.0,CHN,CHN
LYH,CLT,2,282.0,USA,USA
LYI,CAN,2,1387.0,CHN,CHN
LYI,CSX,1,907.0,CHN,CHN
LYI,DLC,1,517.0,CHN,CHN
LYI,HGH,1,568.0,CHN,CHN
LYI,NAY,2,556.0,CHN,CHN
LYI,PEK,1,582.0,CHN,CHN
LYI,PVG,1,537.0,CHN,CHN
LYI,SHA,2,507.0,CHN,CHN
LYI,SHE,2,856.0,CHN,CHN
LYI,SZX,1,1450.0,CHN,CHN
LYI,WNZ,1,826.0,CHN,CHN
LYI,WUH,1,615.0,CHN,CHN
LYI,XIY,1,885.0,CHN,CHN
LYI,YIW,1,652.0,CHN,CHN
LYP,KHI,2,918.0,PAK,PAK
LYR,OSL,2,2022.0,NSV,NOW
LYR,TOS,1,958.0,NSV,NOW
LYS,AAE,1,1016.0,FXX,DZA
LYS,ADB,1,1994.0,FXX,TUR
LYS,AGA,1,2124.0,FXX,MAR
LYS,AGP,2,1285.0,FXX,ESP
LYS,AJA,4,517.0,FXX,FXX
LYS,ALG,2,1017.0,FXX,DZA
LYS,AMS,2,732.0,FXX,NLX
LYS,ATH,3,1780.0,FXX,GRC
LYS,BCN,3,549.0,FXX,ESP
LYS,BES,2,780.0,FXX,FXX
LYS,BHX,2,897.0,FXX,ENG
LYS,BIA,3,498.0,FXX,FXX
LYS,BIQ,1,580.0,FXX,FXX
LYS,BJA,1,1002.0,FXX,DZA
LYS,BLJ,1,1114.0,FXX,DZA
LYS,BLQ,2,504.0,FXX,ITA
LYS,BOD,2,464.0,FXX,FXX
LYS,BRU,4,577.0,FXX,BFR
LYS,BSK,1,1217.0,FXX,DZA
LYS,CDG,2,412.0,FXX,FXX
LYS,CFE,1,148.0,FXX,FXX
LYS,CFR,1,565.0,FXX,FXX
LYS,CMN,3,1747.0,FXX,MAR
LYS,CTA,2,1236.0,FXX,ITA
LYS,CZL,2,1059.0,FXX,DZA
LYS,DJE,2,1404.0,FXX,TUN
LYS,DUB,1,1181.0,FXX,IRL
LYS,DUS,1,631.0,FXX,DEU
LYS,DXB,1,4988.0,FXX,ARE
LYS,EDI,1,1280.0,FXX,SCT
LYS,ETZ,1,373.0,FXX,FXX
LYS,FCO,4,721.0,FXX,ITA
LYS,FLR,2,528.0,FXX,ITA
LYS,FRA,2,545.0,FXX,DEU
LYS,GOT,2,1415.0,FXX,SWE
LYS,HER,1,2045.0,FXX,GRC
LYS,IST,1,1964.0,FXX,TUR
LYS,LEH,1,565.0,FXX,FXX
LYS,LGW,1,717.0,FXX,ENG
LYS,LHR,2,757.0,FXX,ENG
LYS,LIG,1,303.0,FXX,FXX
LYS,LIL,1,558.0,FXX,FXX
LYS,LIS,2,1399.0,FXX,PRX
LYS,LRT,1,687.0,FXX,FXX
LYS,MAD,2,912.0,FXX,ESP
LYS,MIR,3,1206.0,FXX,TUN
LYS,MLA,2,1351.0,FXX,MLT
LYS,MPL,1,255.0,FXX,FXX
LYS,MRS,1,254.0,FXX,FXX
LYS,MUC,1,586.0,FXX,DEU
LYS,MXP,3,284.0,FXX,ITA
LYS,NCE,2,285.0,FXX,FXX
LYS,NTE,2,537.0,FXX,FXX
LYS,OPO,2,1215.0,FXX,PRX
LYS,ORN,2,1221.0,FXX,DZA
LYS,ORY,1,391.0,FXX,FXX
LYS,OUD,1,1352.0,FXX,MAR
LYS,PIS,2,380.0,FXX,FXX
LYS,PMI,2,713.0,FXX,ESP
LYS,PRG,2,838.0,FXX,CZE
LYS,PUF,1,508.0,FXX,FXX
LYS,QSF,2,1062.0,FXX,DZA
LYS,RAK,3,1934.0,FXX,MAR
LYS,RNS,1,579.0,FXX,FXX
LYS,SPU,1,919.0,FXX,HRV
LYS,STN,1,771.0,FXX,ENG
LYS,SVQ,3,1296.0,FXX,ESP
LYS,SXB,1,367.0,FXX,FXX
LYS,SXF,1,961.0,FXX,DEU
LYS,TLM,1,1312.0,FXX,DZA
LYS,TLS,3,375.0,FXX,FXX
LYS,TUN,3,1076.0,FXX,TUN
LYS,VCE,3,566.0,FXX,ITA
LYS,VIE,2,911.0,FXX,AUT
LYS,YUL,1,5865.0,FXX,CAN
LYS,ZRH,1,328.0,FXX,CHE
LZC,MEX,2,368.0,MEX,MEX
LZH,CAN,1,408.0,CHN,CHN
LZH,CKG,1,671.0,CHN,CHN
LZH,CSX,1,585.0,CHN,CHN
LZH,CTU,1,889.0,CHN,CHN
LZH,KMG,1,660.0,CHN,CHN
LZH,PEK,2,1889.0,CHN,CHN
LZH,PVG,1,1444.0,CHN,CHN
LZH,SHA,1,1408.0,CHN,CHN
LZH,SYX,1,657.0,CHN,CHN
LZH,SZX,1,483.0,CHN,CHN
LZH,WUH,1,872.0,CHN,CHN
LZH,XMN,1,886.0,CHN,CHN
LZH,ZUH,1,475.0,CHN,CHN
LZO,CAN,2,995.0,CHN,CHN
LZO,CSX,2,768.0,CHN,CHN
LZO,HAK,1,1116.0,CHN,CHN
LZO,HGH,1,1462.0,CHN,CHN
LZO,KMG,1,483.0,CHN,CHN
LZO,KWE,1,292.0,CHN,CHN
LZO,NNG,1,748.0,CHN,CHN
LZO,PEK,1,1613.0,CHN,CHN
LZO,PVG,1,1599.0,CHN,CHN
LZO,SZX,1,1089.0,CHN,CHN
LZO,XIY,1,699.0,CHN,CHN
LZY,CTU,4,937.0,CHN,CHN
LZY,LXA,1,332.0,CHN,CHN
MAA,AMD,2,1375.0,IND,IND
MAA,AUH,2,2966.0,IND,ARE
MAA,BAH,1,3415.0,IND,BHR
MAA,BKK,2,2227.0,IND,THA
MAA,BLR,5,268.0,IND,IND
MAA,BOM,7,1033.0,IND,IND
MAA,CCJ,1,502.0,IND,IND
MAA,CCU,3,1386.0,IND,IND
MAA,CJB,4,404.0,IND,IND
MAA,CMB,4,647.0,IND,LKA
MAA,COK,5,518.0,IND,IND
MAA,DAC,1,1617.0,IND,BGD
MAA,DEL,5,1761.0,IND,IND
MAA,DMK,1,2212.0,IND,THA
MAA,DMM,1,3501.0,IND,SAU
MAA,DOH,1,3286.0,IND,QAT
MAA,DXB,2,2933.0,IND,ARE
MAA,FRA,2,7594.0,IND,DEU
MAA,GOI,4,733.0,IND,IND
MAA,HKG,1,3713.0,IND,HKG
MAA,HRI,2,753.0,IND,LKA
MAA,HYD,5,507.0,IND,IND
MAA,IXM,4,417.0,IND,IND
MAA,IXZ,5,1373.0,IND,IND
MAA,JED,1,4445.0,IND,SAU
MAA,KUL,4,2629.0,IND,MYS
MAA,KWI,1,3777.0,IND,KWT
MAA,LHR,2,8235.0,IND,ENG
MAA,MCT,2,2589.0,IND,OMN
MAA,MLE,1,1220.0,IND,MDV
MAA,MRU,2,4456.0,IND,MUS
MAA,PNQ,3,913.0,IND,IND
MAA,RUH,1,3749.0,IND,SAU
MAA,RUN,1,4631.0,IND,REU
MAA,SHJ,2,2922.0,IND,ARE
MAA,SIN,7,2925.0,IND,SGP
MAA,TRV,4,614.0,IND,IND
MAA,TRZ,3,294.0,IND,IND
MAA,VTZ,2,620.0,IND,IND
MAB,AUX,1,229.0,BRA,BRA
MAB,BEL,3,450.0,BRA,BRA
MAB,BSB,3,1175.0,BRA,BRA
MAB,CKS,1,127.0,BRA,BRA
MAB,IMP,1,187.0,BRA,BRA
MAB,OIA,1,262.0,BRA,BRA
MAB,RDC,1,311.0,BRA,BRA
MAB,TUR,1,187.0,BRA,BRA
MAD,ACC,1,3892.0,ESP,GHA
MAD,ACE,3,1574.0,ESP,ESP
MAD,AGP,2,430.0,ESP,ESP
MAD,AHO,1,1001.0,ESP,ITA
MAD,ALC,1,355.0,ESP,ESP
MAD,ALG,2,723.0,ESP,DZA
MAD,AMM,2,3652.0,ESP,JOR
MAD,AMS,3,1461.0,ESP,NLX
MAD,ARN,2,2601.0,ESP,SWE
MAD,ATH,2,2377.0,ESP,GRC
MAD,ATL,4,6962.0,ESP,USA
MAD,BCN,4,483.0,ESP,ESP
MAD,BGY,1,1221.0,ESP,ITA
MAD,BIO,2,319.0,ESP,ESP
MAD,BJZ,1,330.0,ESP,ESP
MAD,BKK,1,10193.0,ESP,THA
MAD,BLQ,2,1296.0,ESP,ITA
MAD,BOD,1,537.0,ESP,FXX
MAD,BOG,2,8031.0,ESP,COL
MAD,BOS,4,5474.0,ESP,USA
MAD,BRS,1,1215.0,ESP,ENG
MAD,BRU,5,1316.0,ESP,BFR
MAD,BSL,1,1186.0,ESP,FXX
MAD,BUD,2,1975.0,ESP,HUN
MAD,BVA,1,1093.0,ESP,FXX
MAD,CAG,1,1084.0,ESP,ITA
MAD,CAI,1,3350.0,ESP,EGY
MAD,CCS,3,7006.0,ESP,VEN
MAD,CDG,3,1065.0,ESP,FXX
MAD,CIA,1,1359.0,ESP,ITA
MAD,CLJ,1,2289.0,ESP,ROU
MAD,CLO,1,8303.0,ESP,COL
MAD,CMN,2,867.0,ESP,MAR
MAD,CPH,3,2060.0,ESP,DNK
MAD,CRL,1,1273.0,ESP,BWR
MAD,CTA,1,1642.0,ESP,ITA
MAD,CUN,4,7962.0,ESP,MEX
MAD,DFW,5,7974.0,ESP,USA
MAD,DJE,1,1464.0,ESP,TUN
MAD,DKR,2,3164.0,ESP,SEN
MAD,DME,2,3437.0,ESP,RUS
MAD,DOH,3,5330.0,ESP,QAT
MAD,DUB,3,1454.0,ESP,IRL
MAD,DUS,3,1441.0,ESP,DEU
MAD,DXB,1,5649.0,ESP,ARE
MAD,EAS,1,353.0,ESP,FXX
MAD,EDI,1,1721.0,ESP,SCT
MAD,EIN,1,1400.0,ESP,NLX
MAD,EWR,2,5790.0,ESP,USA
MAD,EZE,3,10085.0,ESP,ARG
MAD,FCO,3,1330.0,ESP,ITA
MAD,FLR,2,1271.0,ESP,ITA
MAD,FRA,8,1422.0,ESP,DEU
MAD,FUE,4,1634.0,ESP,ESP
MAD,GIG,1,8146.0,ESP,BRA
MAD,GRU,5,8378.0,ESP,BRA
MAD,GRX,1,366.0,ESP,ESP
MAD,GUA,1,8709.0,ESP,GTM
MAD,GVA,4,1010.0,ESP,CHE
MAD,GYE,2,9014.0,ESP,ECU
MAD,HAM,1,1781.0,ESP,DEU
MAD,HAV,2,7462.0,ESP,CUB
MAD,HEL,2,2947.0,ESP,FIN
MAD,IBZ,5,458.0,ESP,ESP
MAD,ICN,1,9965.0,ESP,KOR
MAD,IST,1,2703.0,ESP,TUR
MAD,JED,2,4516.0,ESP,SAU
MAD,JFK,9,5762.0,ESP,USA
MAD,KBP,2,2873.0,ESP,UKR
MAD,KRK,1,2103.0,ESP,POL
MAD,LAD,1,5750.0,ESP,AGO
MAD,LAX,4,9387.0,ESP,USA
MAD,LCG,3,508.0,ESP,ESP
MAD,LCY,2,1258.0,ESP,ENG
MAD,LDE,1,421.0,ESP,FXX
MAD,LEI,2,416.0,ESP,ESP
MAD,LGW,2,1215.0,ESP,ENG
MAD,LHR,2,1246.0,ESP,ENG
MAD,LIM,3,9526.0,ESP,PER
MAD,LIN,1,1180.0,ESP,ITA
MAD,LIS,6,513.0,ESP,PRX
MAD,LOS,1,3831.0,ESP,NGA
MAD,LPA,5,1765.0,ESP,ESP
MAD,LPL,1,1431.0,ESP,ENG
MAD,LRM,1,6624.0,ESP,DOM
MAD,LTN,1,1291.0,ESP,ENG
MAD,LUX,1,1272.0,ESP,LUX
MAD,LYS,2,912.0,ESP,FXX
MAD,MAH,1,664.0,ESP,ESP
MAD,MAN,1,1436.0,ESP,ENG
MAD,MDE,1,8032.0,ESP,COL
MAD,MEX,4,9067.0,ESP,MEX
MAD,MIA,5,7107.0,ESP,USA
MAD,MJV,1,382.0,ESP,ESP
MAD,MLA,1,1655.0,ESP,MLT
MAD,MLN,1,580.0,ESP,ESP
MAD,MRS,2,797.0,ESP,FXX
MAD,MUC,4,1497.0,ESP,DEU
MAD,MVD,1,9947.0,ESP,URY
MAD,MXP,3,1150.0,ESP,ITA
MAD,NCE,1,957.0,ESP,FXX
MAD,NTE,1,759.0,ESP,FXX
MAD,OPO,6,439.0,ESP,PRX
MAD,ORD,4,6746.0,ESP,USA
MAD,ORN,1,597.0,ESP,DZA
MAD,ORY,3,1030.0,ESP,FXX
MAD,OTP,3,2458.0,ESP,ROU
MAD,OVD,2,400.0,ESP,ESP
MAD,PEK,2,9205.0,ESP,CHN
MAD,PHL,2,5911.0,ESP,USA
MAD,PMI,4,546.0,ESP,ESP
MAD,PMO,1,1453.0,ESP,ITA
MAD,PNA,1,301.0,ESP,ESP
MAD,PRG,4,1750.0,ESP,CZE
MAD,PSA,1,1204.0,ESP,ITA
MAD,PTY,1,8157.0,ESP,PAN
MAD,PUJ,3,6570.0,ESP,DOM
MAD,RAK,3,1064.0,ESP,MAR
MAD,RBA,1,768.0,ESP,MAR
MAD,RJL,1,244.0,ESP,ESP
MAD,RTM,1,1416.0,ESP,NLX
MAD,RYG,1,2328.0,ESP,NOW
MAD,SAW,1,2756.0,ESP,TUR
MAD,SCL,2,10718.0,ESP,CHL
MAD,SCQ,2,485.0,ESP,ESP
MAD,SCU,1,7109.0,ESP,CUB
MAD,SDQ,1,6690.0,ESP,DOM
MAD,SDR,1,329.0,ESP,ESP
MAD,SJO,1,8500.0,ESP,CRI
MAD,SOF,3,2247.0,ESP,BGR
MAD,SPC,1,1846.0,ESP,ESP
MAD,SSA,1,6932.0,ESP,BRA
MAD,SSG,1,4264.0,ESP,GNQ
MAD,STN,1,1302.0,ESP,ENG
MAD,SVO,2,3420.0,ESP,RUS
MAD,SVQ,1,395.0,ESP,ESP
MAD,SXB,1,1259.0,ESP,FXX
MAD,SXF,1,1853.0,ESP,DEU
MAD,TFN,5,1771.0,ESP,ESP
MAD,TFS,2,1823.0,ESP,ESP
MAD,TIP,1,1723.0,ESP,LBY
MAD,TLS,1,537.0,ESP,FXX
MAD,TLV,2,3544.0,ESP,ISR
MAD,TNG,3,566.0,ESP,MAR
MAD,TRN,1,1053.0,ESP,ITA
MAD,TSR,1,2096.0,ESP,ROU
MAD,TUN,1,1262.0,ESP,TUN
MAD,TXL,2,1854.0,ESP,DEU
MAD,UIO,2,8737.0,ESP,ECU
MAD,VCE,1,1407.0,ESP,ITA
MAD,VGO,4,466.0,ESP,ESP
MAD,VIE,3,1806.0,ESP,AUT
MAD,VKO,1,3402.0,ESP,RUS
MAD,VLC,3,284.0,ESP,ESP
MAD,VVI,2,8917.0,ESP,BOL
MAD,WAW,1,2271.0,ESP,POL
MAD,XRY,1,468.0,ESP,ESP
MAD,ZRH,3,1240.0,ESP,CHE
MAF,DAL,2,512.0,USA,USA
MAF,DEN,1,908.0,USA,USA
MAF,DFW,2,496.0,USA,USA
MAF,HOU,1,709.0,USA,USA
MAF,IAH,1,689.0,USA,USA
MAF,LAS,1,1278.0,USA,USA
MAG,GKA,1,107.0,PNX,PNX
MAG,HGU,1,179.0,PNX,PNX
MAG,LAE,1,184.0,PNX,PNX
MAG,MAS,1,394.0,PNX,PNX
MAG,POM,1,497.0,PNX,PNX
MAG,VAI,1,571.0,PNX,PNX
MAG,WWK,2,296.0,PNX,PNX
MAH,BCN,3,241.0,ESP,ESP
MAH,BHX,1,1472.0,ESP,ENG
MAH,BRU,1,1228.0,ESP,BFR
MAH,CGN,1,1244.0,ESP,DEU
MAH,DUS,1,1286.0,ESP,DEU
MAH,EDI,1,1873.0,ESP,SCT
MAH,EMA,3,1502.0,ESP,ENG
MAH,FRA,1,1181.0,ESP,DEU
MAH,GRO,1,258.0,ESP,ESP
MAH,HAJ,1,1462.0,ESP,DEU
MAH,HAM,1,1591.0,ESP,DEU
MAH,LBA,2,1619.0,ESP,ENG
MAH,LCY,1,1334.0,ESP,ENG
MAH,LGW,3,1300.0,ESP,ENG
MAH,LTN,1,1381.0,ESP,ENG
MAH,MAD,1,664.0,ESP,ESP
MAH,MAN,3,1578.0,ESP,ENG
MAH,MUC,1,1120.0,ESP,DEU
MAH,NCL,1,1743.0,ESP,ENG
MAH,PMI,2,131.0,ESP,ESP
MAH,STR,1,1059.0,ESP,DEU
MAH,TXL,1,1572.0,ESP,DEU
MAH,VLC,2,404.0,ESP,ESP
MAJ,HNL,1,3668.0,MHL,USA
MAJ,INU,1,974.0,MHL,NRU
MAJ,KWA,1,431.0,MHL,MHL
MAJ,TRW,1,665.0,MHL,KIR
MAM,MEX,2,722.0,MEX,MEX
MAN,ABZ,2,428.0,ENG,SCT
MAN,ACE,7,2867.0,ENG,ESP
MAN,ADB,1,2797.0,ENG,TUR
MAN,AGA,3,2625.0,ENG,MAR
MAN,AGP,5,1863.0,ENG,ESP
MAN,ALC,5,1681.0,ENG,ESP
MAN,AMS,2,487.0,ENG,NLX
MAN,ARN,3,1415.0,ENG,SWE
MAN,ATH,3,2637.0,ENG,GRC
MAN,ATL,4,6581.0,ENG,USA
MAN,AUH,1,5678.0,ENG,ARE
MAN,AYT,4,3130.0,ENG,TUR
MAN,BCN,3,1380.0,ENG,ESP
MAN,BFS,1,295.0,ENG,NIR
MAN,BGI,1,6699.0,ENG,BRB
MAN,BGO,1,895.0,ENG,NOW
MAN,BGY,1,1212.0,ENG,ITA
MAN,BHD,1,274.0,ENG,NIR
MAN,BIO,1,1119.0,ENG,ESP
MAN,BJV,4,2912.0,ENG,TUR
MAN,BLL,1,782.0,ENG,DNK
MAN,BLQ,1,1389.0,ENG,ITA
MAN,BRE,1,737.0,ENG,DEU
MAN,BRU,1,536.0,ENG,BFR
MAN,BSL,1,943.0,ENG,FXX
MAN,BUD,2,1654.0,ENG,HUN
MAN,BVA,1,530.0,ENG,FXX
MAN,BVC,2,4511.0,ENG,CPV
MAN,BZR,1,1189.0,ENG,FXX
MAN,CAI,1,3744.0,ENG,EGY
MAN,CCC,1,7109.0,ENG,CUB
MAN,CDG,4,588.0,ENG,FXX
MAN,CFU,3,2268.0,ENG,GRC
MAN,CGN,1,699.0,ENG,DEU
MAN,CIA,1,1695.0,ENG,ITA
MAN,CPH,3,995.0,ENG,DNK
MAN,CRL,1,562.0,ENG,BWR
MAN,CTA,2,2213.0,ENG,ITA
MAN,CUN,4,7795.0,ENG,MEX
MAN,DBV,3,1932.0,ENG,HRV
MAN,DLM,6,3024.0,ENG,TUR
MAN,DME,1,2576.0,ENG,RUS
MAN,DOH,2,5409.0,ENG,QAT
MAN,DUB,2,265.0,ENG,IRL
MAN,DUS,2,655.0,ENG,DEU
MAN,DXB,2,5655.0,ENG,ARE
MAN,EDI,1,297.0,ENG,SCT
MAN,EWR,2,5383.0,ENG,USA
MAN,EXT,1,301.0,ENG,ENG
MAN,FAO,4,1869.0,ENG,PRX
MAN,FCO,1,1677.0,ENG,ITA
MAN,FNC,2,2570.0,ENG,PMD
MAN,FRA,1,833.0,ENG,DEU
MAN,FUE,5,2927.0,ENG,ESP
MAN,GCI,1,436.0,ENG,GGY
MAN,GDN,1,1360.0,ENG,POL
MAN,GIB,1,1928.0,ENG,ESP
MAN,GLA,1,313.0,ENG,SCT
MAN,GOT,1,1031.0,ENG,SWE
MAN,GRO,1,1327.0,ENG,ESP
MAN,GVA,1,993.0,ENG,CHE
MAN,HAJ,1,807.0,ENG,DEU
MAN,HAM,2,811.0,ENG,DEU
MAN,HEL,3,1812.0,ENG,FIN
MAN,HER,3,2929.0,ENG,GRC
MAN,HRG,4,4146.0,ENG,EGY
MAN,IBZ,4,1634.0,ENG,ESP
MAN,INV,1,479.0,ENG,SCT
MAN,IOM,1,175.0,ENG,IMN
MAN,ISB,1,6134.0,ENG,PAK
MAN,IST,1,2667.0,ENG,TUR
MAN,JED,2,4957.0,ENG,SAU
MAN,JER,2,461.0,ENG,JEY
MAN,JFK,6,5362.0,ENG,USA
MAN,JMK,1,2760.0,ENG,GRC
MAN,JTR,2,2855.0,ENG,GRC
MAN,KEF,2,1653.0,ENG,ISL
MAN,KGS,2,2916.0,ENG,GRC
MAN,KRK,1,1556.0,ENG,POL
MAN,LAS,4,8166.0,ENG,USA
MAN,LCA,5,3469.0,ENG,CYP
MAN,LEI,2,1836.0,ENG,ESP
MAN,LHE,1,6398.0,ENG,PAK
MAN,LHR,5,243.0,ENG,ENG
MAN,LIS,2,1703.0,ENG,PRX
MAN,LPA,6,3024.0,ENG,ESP
MAN,MAD,1,1436.0,ENG,ESP
MAN,MAH,3,1578.0,ENG,ESP
MAN,MBJ,1,7420.0,ENG,JAM
MAN,MCO,3,6805.0,ENG,USA
MAN,MJV,2,1736.0,ENG,ESP
MAN,MLA,4,2342.0,ENG,MLT
MAN,MUC,6,1130.0,ENG,DEU
MAN,MXP,1,1167.0,ENG,ITA
MAN,NAP,3,1860.0,ENG,ITA
MAN,NBE,4,2161.0,ENG,TUN
MAN,NCE,1,1283.0,ENG,FXX
MAN,NOC,1,436.0,ENG,IRL
MAN,NQY,1,374.0,ENG,ENG
MAN,NTE,2,691.0,ENG,FXX
MAN,NWI,1,250.0,ENG,ENG
MAN,ORD,5,6140.0,ENG,USA
MAN,ORK,1,452.0,ENG,IRL
MAN,OSL,2,1104.0,ENG,NOW
MAN,PFO,7,3412.0,ENG,CYP
MAN,PHL,2,5512.0,ENG,USA
MAN,PMI,8,1581.0,ENG,ESP
MAN,PRG,2,1192.0,ENG,CZE
MAN,PSA,1,1419.0,ENG,ITA
MAN,PUJ,2,6783.0,ENG,DOM
MAN,PUY,2,1502.0,ENG,HRV
MAN,PVK,1,2373.0,ENG,GRC
MAN,RAK,3,2462.0,ENG,MAR
MAN,REU,3,1381.0,ENG,ESP
MAN,RHO,3,3007.0,ENG,GRC
MAN,RIX,1,1703.0,ENG,LVA
MAN,RYG,1,1044.0,ENG,NOW
MAN,RZE,1,1703.0,ENG,POL
MAN,SID,2,4449.0,ENG,CPV
MAN,SKG,1,2369.0,ENG,GRC
MAN,SNN,1,450.0,ENG,IRL
MAN,SOF,1,2229.0,ENG,BGR
MAN,SOU,1,274.0,ENG,ENG
MAN,SPU,1,1743.0,ENG,HRV
MAN,SSH,5,4108.0,ENG,EGY
MAN,SVG,1,785.0,ENG,NOW
MAN,SXF,1,1064.0,ENG,DEU
MAN,TFS,8,3048.0,ENG,ESP
MAN,TIP,1,2608.0,ENG,LBY
MAN,TLL,1,1784.0,ENG,EST
MAN,TLS,1,1114.0,ENG,FXX
MAN,TLV,1,3785.0,ENG,ISR
MAN,TPS,1,2057.0,ENG,ITA
MAN,UVF,1,6731.0,ENG,LCA
MAN,VCE,4,1367.0,ENG,ITA
MAN,VIE,1,1443.0,ENG,AUT
MAN,VLC,1,1548.0,ENG,ESP
MAN,VRN,2,1297.0,ENG,ITA
MAN,WAT,1,349.0,ENG,IRL
MAN,WMI,1,1534.0,ENG,POL
MAN,YVR,1,7337.0,ENG,CAN
MAN,YYC,1,6776.0,ENG,CAN
MAN,YYZ,1,5511.0,ENG,CAN
MAN,ZAD,1,1644.0,ENG,HRV
MAN,ZRH,1,1007.0,ENG,CHE
MAN,ZTH,3,2481.0,ENG,GRC
MAO,BAZ,1,392.0,BRA,BRA
MAO,BEL,3,1299.0,BRA,BRA
MAO,BSB,2,1949.0,BRA,BRA
MAO,BVB,3,658.0,BRA,BRA
MAO,CIZ,1,363.0,BRA,BRA
MAO,CNF,1,2540.0,BRA,BRA
MAO,FOR,1,2390.0,BRA,BRA
MAO,GIG,2,2848.0,BRA,BRA
MAO,GRU,4,2697.0,BRA,BRA
MAO,MIA,3,3877.0,BRA,USA
MAO,PIN,1,366.0,BRA,BRA
MAO,PMV,1,1611.0,BRA,VEN
MAO,PTY,1,2531.0,BRA,PAN
MAO,PVH,2,761.0,BRA,BRA
MAO,STM,3,589.0,BRA,BRA
MAO,TBT,1,1105.0,BRA,BRA
MAO,TFF,1,520.0,BRA,BRA
MAO,VCP,1,2620.0,BRA,BRA
MAQ,DMK,1,381.0,THA,THA
MAR,AUA,2,285.0,VEN,ABW
MAR,CCS,5,518.0,VEN,VEN
MAR,CUR,1,352.0,VEN,CUW
MAR,MIA,1,1919.0,VEN,USA
MAR,PBL,1,400.0,VEN,VEN
MAR,PMV,1,849.0,VEN,VEN
MAR,PTY,1,855.0,VEN,PAN
MAR,VLN,2,418.0,VEN,VEN
MAS,KVG,1,380.0,PNX,PNX
MAS,LAE,1,507.0,PNX,PNX
MAS,MAG,1,394.0,PNX,PNX
MAS,POM,1,821.0,PNX,PNX
MAS,RAB,1,606.0,PNX,PNX
MAU,BOB,1,53.0,PYF,PYF
MAU,PPT,1,307.0,PYF,PYF
MAU,RFP,1,89.0,PYF,PYF
MAZ,SJU,1,123.0,PRI,PRI
MBA,ADD,2,1450.0,KEN,ETH
MBA,DXB,1,3675.0,KEN,ARE
MBA,FRA,1,6707.0,KEN,DEU
MBA,HAH,1,927.0,KEN,COM
MBA,IST,1,5157.0,KEN,TUR
MBA,JRO,2,288.0,KEN,TZA
MBA,KGL,1,1075.0,KEN,RWA
MBA,NBO,3,423.0,KEN,KEN
MBA,ZNZ,2,247.0,KEN,TZZ
MBE,HND,1,1021.0,JPN,JPN
MBI,DAR,1,691.0,TZA,TZA
MBJ,AMS,1,7898.0,JAM,NLX
MBJ,ATL,4,1803.0,JAM,USA
MBJ,BWI,1,2302.0,JAM,USA
MBJ,CLT,2,1882.0,JAM,USA
MBJ,DFW,2,2489.0,JAM,USA
MBJ,DTW,1,2686.0,JAM,USA
MBJ,EWR,1,2493.0,JAM,USA
MBJ,FLL,3,873.0,JAM,USA
MBJ,FRA,1,8196.0,JAM,DEU
MBJ,GCM,1,373.0,JAM,CYM
MBJ,IAD,1,2273.0,JAM,USA
MBJ,IAH,1,2175.0,JAM,USA
MBJ,IND,1,2492.0,JAM,USA
MBJ,JFK,3,2493.0,JAM,USA
MBJ,KIN,1,135.0,JAM,JAM
MBJ,LGW,1,7568.0,JAM,ENG
MBJ,MCO,2,1157.0,JAM,USA
MBJ,MDW,1,2752.0,JAM,USA
MBJ,MIA,2,847.0,JAM,USA
MBJ,ORD,3,2776.0,JAM,USA
MBJ,PHL,2,2390.0,JAM,USA
MBJ,PTY,1,1061.0,JAM,PAN
MBJ,STL,1,2552.0,JAM,USA
MBJ,YHZ,3,3223.0,JAM,CAN
MBJ,YUL,2,3023.0,JAM,CAN
MBJ,YYZ,3,2804.0,JAM,CAN
MBL,MDW,1,302.0,USA,USA
MBS,ATL,2,1101.0,USA,USA
MBS,DTW,1,158.0,USA,USA
MBS,MSP,1,744.0,USA,USA
MBS,ORD,1,357.0,USA,USA
MBT,MNL,1,369.0,PHL,PHL
MCE,LAX,1,418.0,USA,USA
MCG,ANC,2,353.0,USA,USA
MCG,ANI,2,254.0,USA,USA
MCG,NIB,1,63.0,USA,USA
MCI,ABQ,1,1154.0,USA,USA
MCI,ATL,8,1113.0,USA,USA
MCI,BNA,1,790.0,USA,USA
MCI,BOS,1,2017.0,USA,USA
MCI,BWI,2,1552.0,USA,USA
MCI,CLE,1,1114.0,USA,USA
MCI,CLT,2,1299.0,USA,USA
MCI,CUN,1,2164.0,USA,MEX
MCI,CVG,1,866.0,USA,USA
MCI,DAL,2,742.0,USA,USA
MCI,DCA,3,1524.0,USA,USA
MCI,DEN,4,855.0,USA,USA
MCI,DFW,2,742.0,USA,USA
MCI,DTW,1,1009.0,USA,USA
MCI,EWR,1,1753.0,USA,USA
MCI,FLL,1,2000.0,USA,USA
MCI,HOU,1,1075.0,USA,USA
MCI,HRO,1,364.0,USA,USA
MCI,IAD,1,1487.0,USA,USA
MCI,IAH,1,1037.0,USA,USA
MCI,IND,2,724.0,USA,USA
MCI,LAS,2,1829.0,USA,USA
MCI,LAX,3,2190.0,USA,USA
MCI,LGA,1,1778.0,USA,USA
MCI,MCO,3,1726.0,USA,USA
MCI,MDW,2,650.0,USA,USA
MCI,MEM,1,632.0,USA,USA
MCI,MKE,2,700.0,USA,USA
MCI,MSP,3,633.0,USA,USA
MCI,MSY,2,1112.0,USA,USA
MCI,OAK,1,2391.0,USA,USA
MCI,ORD,3,647.0,USA,USA
MCI,PDX,2,2379.0,USA,USA
MCI,PHL,3,1667.0,USA,USA
MCI,PHX,3,1677.0,USA,USA
MCI,SAN,1,2142.0,USA,USA
MCI,SEA,3,2392.0,USA,USA
MCI,SFO,2,2406.0,USA,USA
MCI,SLC,1,1477.0,USA,USA
MCI,SLN,1,260.0,USA,USA
MCI,STL,2,380.0,USA,USA
MCI,TPA,2,1687.0,USA,USA
MCI,YYZ,1,1345.0,USA,CAN
MCK,DEN,1,350.0,USA,USA
MCN,ATL,1,128.0,USA,USA
MCN,MCO,1,524.0,USA,USA
MCO,ACY,1,1373.0,USA,USA
MCO,ALB,2,1729.0,USA,USA
MCO,ATL,8,651.0,USA,USA
MCO,AUA,1,2123.0,USA,ABW
MCO,AUS,4,1597.0,USA,USA
MCO,BDL,4,1692.0,USA,USA
MCO,BHM,3,771.0,USA,USA
MCO,BMI,1,1509.0,USA,USA
MCO,BNA,3,993.0,USA,USA
MCO,BOG,3,2745.0,USA,COL
MCO,BOS,3,1806.0,USA,USA
MCO,BQN,1,1817.0,USA,PRI
MCO,BUF,3,1630.0,USA,USA
MCO,BWI,2,1269.0,USA,USA
MCO,CAK,1,1389.0,USA,USA
MCO,CLE,1,1444.0,USA,USA
MCO,CLT,4,755.0,USA,USA
MCO,CMH,2,1295.0,USA,USA
MCO,CUN,3,996.0,USA,MEX
MCO,CVG,1,1221.0,USA,USA
MCO,DAY,1,1303.0,USA,USA
MCO,DCA,3,1224.0,USA,USA
MCO,DEN,4,2486.0,USA,USA
MCO,DFW,3,1582.0,USA,USA
MCO,DTW,2,1544.0,USA,USA
MCO,DUB,1,6541.0,USA,IRL
MCO,EWR,2,1511.0,USA,USA
MCO,EYW,1,433.0,USA,USA
MCO,FLL,3,286.0,USA,USA
MCO,FNT,1,1631.0,USA,USA
MCO,FRA,2,7620.0,USA,DEU
MCO,GLA,3,6627.0,USA,SCT
MCO,GNV,2,169.0,USA,USA
MCO,GRR,2,1651.0,USA,USA
MCO,GRU,2,6869.0,USA,BRA
MCO,HOU,1,1364.0,USA,USA
MCO,HPN,2,1566.0,USA,USA
MCO,IAD,1,1222.0,USA,USA
MCO,IAH,2,1372.0,USA,USA
MCO,ILG,1,1356.0,USA,USA
MCO,IND,3,1336.0,USA,USA
MCO,ISP,2,1565.0,USA,USA
MCO,JAN,2,945.0,USA,USA
MCO,JFK,4,1521.0,USA,USA
MCO,KIN,1,1255.0,USA,JAM
MCO,LAS,2,3276.0,USA,USA
MCO,LAX,6,3562.0,USA,USA
MCO,LBE,1,1329.0,USA,USA
MCO,LGA,2,1531.0,USA,USA
MCO,LGW,7,6991.0,USA,ENG
MCO,MAN,3,6805.0,USA,ENG
MCO,MBJ,2,1157.0,USA,JAM
MCO,MCI,2,1726.0,USA,USA
MCO,MCN,1,524.0,USA,USA
MCO,MDT,1,1373.0,USA,USA
MCO,MDW,2,1595.0,USA,USA
MCO,MEM,3,1100.0,USA,USA
MCO,MEX,3,2060.0,USA,MEX
MCO,MHH,2,468.0,USA,BHS
MCO,MHT,1,1840.0,USA,USA
MCO,MIA,2,310.0,USA,USA
MCO,MKE,3,1719.0,USA,USA
MCO,MSP,4,2110.0,USA,USA
MCO,MSY,2,886.0,USA,USA
MCO,NAS,2,536.0,USA,BHS
MCO,OMA,1,1949.0,USA,USA
MCO,ORD,4,1620.0,USA,USA
MCO,ORF,2,1055.0,USA,USA
MCO,ORH,1,1758.0,USA,USA
MCO,PHL,4,1389.0,USA,USA
MCO,PHX,4,2970.0,USA,USA
MCO,PIT,3,1345.0,USA,USA
MCO,PNS,2,613.0,USA,USA
MCO,POS,1,2874.0,USA,TTO
MCO,PSE,1,1898.0,USA,PRI
MCO,PTY,2,2162.0,USA,PAN
MCO,PVD,3,1729.0,USA,USA
MCO,RDU,3,861.0,USA,USA
MCO,RIC,3,1075.0,USA,USA
MCO,ROC,1,1666.0,USA,USA
MCO,RSW,2,215.0,USA,USA
MCO,SAL,1,1849.0,USA,SLV
MCO,SAN,2,3452.0,USA,USA
MCO,SAT,3,1672.0,USA,USA
MCO,SDF,3,1159.0,USA,USA
MCO,SDQ,3,1625.0,USA,DOM
MCO,SEA,2,4105.0,USA,USA
MCO,SFO,2,3929.0,USA,USA
MCO,SJO,1,2072.0,USA,CRI
MCO,SJU,4,1913.0,USA,PRI
MCO,SLC,1,3103.0,USA,USA
MCO,STL,2,1420.0,USA,USA
MCO,SWF,1,1594.0,USA,USA
MCO,SYR,1,1698.0,USA,USA
MCO,TLH,2,367.0,USA,USA
MCO,TTN,1,1445.0,USA,USA
MCO,YHZ,2,2411.0,USA,CAN
MCO,YQM,2,2445.0,USA,CAN
MCO,YUL,2,2008.0,USA,CAN
MCO,YYC,1,3711.0,USA,CAN
MCO,YYT,2,3255.0,USA,CAN
MCO,YYZ,5,1702.0,USA,CAN
MCP,BEL,3,330.0,BRA,BRA
MCT,ADD,2,2633.0,OMN,ETH
MCT,AMD,1,1466.0,OMN,IND
MCT,AMM,2,2368.0,OMN,JOR
MCT,AUH,11,381.0,OMN,ARE
MCT,BAH,3,827.0,OMN,BHR
MCT,BEY,1,2489.0,OMN,LBN
MCT,BKK,1,4590.0,OMN,THA
MCT,BLR,1,2349.0,OMN,IND
MCT,BOM,4,1590.0,OMN,IND
MCT,CAI,2,2756.0,OMN,EGY
MCT,CCJ,2,2327.0,OMN,IND
MCT,CDG,1,5578.0,OMN,FXX
MCT,CGP,3,3429.0,OMN,BGD
MCT,CMB,3,2940.0,OMN,LKA
MCT,COK,3,2434.0,OMN,IND
MCT,DAC,1,3262.0,OMN,BGD
MCT,DEL,2,1957.0,OMN,IND
MCT,DMM,1,913.0,OMN,SAU
MCT,DOH,5,701.0,OMN,QAT
MCT,DWC,1,348.0,OMN,ARE
MCT,DXB,4,348.0,OMN,ARE
MCT,FRA,1,5179.0,OMN,DEU
MCT,GWD,1,448.0,OMN,PAK
MCT,HYD,2,2213.0,OMN,IND
MCT,IKA,1,1484.0,OMN,IRN
MCT,ISB,2,1800.0,OMN,PAK
MCT,IST,2,3371.0,OMN,TUR
MCT,IXE,1,2111.0,OMN,IND
MCT,JAI,1,1798.0,OMN,IND
MCT,JED,1,1973.0,OMN,SAU
MCT,KHI,3,912.0,OMN,PAK
MCT,KHS,1,353.0,OMN,OMN
MCT,KTM,1,2746.0,OMN,NPL
MCT,KUL,2,5209.0,OMN,MYS
MCT,KWI,2,1202.0,OMN,KWT
MCT,LHE,3,1814.0,OMN,PAK
MCT,LHR,1,5834.0,OMN,ENG
MCT,LKO,1,2299.0,OMN,IND
MCT,MAA,2,2589.0,OMN,IND
MCT,MED,2,1888.0,OMN,SAU
MCT,MLE,1,2707.0,OMN,MDV
MCT,MUC,1,4902.0,OMN,DEU
MCT,MXP,1,5051.0,OMN,ITA
MCT,PEW,2,1729.0,OMN,PAK
MCT,RUH,2,1184.0,OMN,SAU
MCT,SHJ,1,340.0,OMN,ARE
MCT,SKT,2,1861.0,OMN,PAK
MCT,SLL,1,850.0,OMN,OMN
MCT,SYZ,1,870.0,OMN,IRN
MCT,TRV,3,2600.0,OMN,IND
MCT,TUK,1,548.0,OMN,PAK
MCT,ZBR,1,296.0,OMN,IRN
MCT,ZNZ,1,3908.0,OMN,TZZ
MCT,ZRH,2,5109.0,OMN,CHE
MCV,DRW,1,718.0,AUS,AUS
MCX,DME,1,1566.0,RUS,RUS
MCX,KRR,1,722.0,RUS,RUS
MCX,LED,1,2227.0,RUS,RUS
MCX,SCO,1,301.0,RUS,KAZ
MCY,MEL,3,1454.0,AUS,AUS
MCY,SYD,2,837.0,AUS,AUS
MCZ,AJU,1,215.0,BRA,BRA
MCZ,BSB,3,1493.0,BRA,BRA
MCZ,GIG,2,1679.0,BRA,BRA
MCZ,GRU,3,1920.0,BRA,BRA
MCZ,REC,1,181.0,BRA,BRA
MCZ,SSA,2,468.0,BRA,BRA
MCZ,VCP,1,1926.0,BRA,BRA
MDC,BPN,2,946.0,IDN,IDN
MDC,CGK,3,2201.0,IDN,IDN
MDC,GTO,1,252.0,IDN,IDN
MDC,KAZ,1,333.0,IDN,IDN
MDC,MNA,1,335.0,IDN,IDN
MDC,NAH,1,247.0,IDN,IDN
MDC,SIN,3,2327.0,IDN,SGP
MDC,SOQ,1,758.0,IDN,IDN
MDC,SUB,3,1673.0,IDN,IDN
MDC,TTE,3,284.0,IDN,IDN
MDC,UPG,2,947.0,IDN,IDN
MDE,ADZ,1,992.0,COL,COL
MDE,BAQ,1,530.0,COL,COL
MDE,BGA,1,269.0,COL,COL
MDE,BOG,3,215.0,COL,COL
MDE,CCS,1,1050.0,COL,VEN
MDE,CLO,1,310.0,COL,COL
MDE,CTG,1,476.0,COL,COL
MDE,CUC,1,376.0,COL,COL
MDE,CUR,1,975.0,COL,CUW
MDE,FLL,2,2270.0,COL,USA
MDE,JFK,2,3837.0,COL,USA
MDE,LIM,1,2031.0,COL,PER
MDE,MAD,1,8032.0,COL,ESP
MDE,MIA,5,2243.0,COL,USA
MDE,PTY,1,543.0,COL,PAN
MDE,SAL,1,1698.0,COL,SLV
MDE,SMR,1,566.0,COL,COL
MDE,UIO,1,772.0,COL,ECU
MDG,DLC,1,908.0,CHN,CHN
MDG,ICN,2,827.0,CHN,KOR
MDG,PEK,4,1175.0,CHN,CHN
MDG,PVG,1,1635.0,CHN,CHN
MDG,SHE,1,589.0,CHN,CHN
MDG,TAO,1,1202.0,CHN,CHN
MDK,FIH,1,583.0,COD,COD
MDK,GMA,1,393.0,COD,COD
MDL,BKK,3,1025.0,MMR,THA
MDL,DMK,1,995.0,MMR,THA
MDL,HEH,3,136.0,MMR,MMR
MDL,KMG,1,804.0,MMR,CHN
MDL,MYT,2,433.0,MMR,MMR
MDL,NYU,3,123.0,MMR,MMR
MDL,RGN,2,533.0,MMR,MMR
MDL,THL,2,432.0,MMR,MMR
MDQ,AEP,2,383.0,ARG,ARG
MDQ,BHI,1,410.0,ARG,ARG
MDT,ATL,4,997.0,USA,USA
MDT,BOS,2,538.0,USA,USA
MDT,CLT,2,664.0,USA,USA
MDT,DEN,1,2367.0,USA,USA
MDT,DTW,1,595.0,USA,USA
MDT,IAD,1,151.0,USA,USA
MDT,MCO,1,1373.0,USA,USA
MDT,ORD,3,954.0,USA,USA
MDT,PHL,2,134.0,USA,USA
MDT,PIE,1,1470.0,USA,USA
MDT,SFB,1,1333.0,USA,USA
MDT,YYZ,1,454.0,USA,CAN
MDU,POM,1,537.0,PNX,PNX
MDW,ABQ,2,1801.0,USA,USA
MDW,ALB,2,1152.0,USA,USA
MDW,ATL,5,952.0,USA,USA
MDW,AUS,2,1565.0,USA,USA
MDW,BDL,2,1246.0,USA,USA
MDW,BHM,2,919.0,USA,USA
MDW,BJX,1,2646.0,USA,MEX
MDW,BKG,1,749.0,USA,USA
MDW,BNA,2,636.0,USA,USA
MDW,BOS,2,1382.0,USA,USA
MDW,BUF,2,752.0,USA,USA
MDW,BWI,2,981.0,USA,USA
MDW,CHS,2,1199.0,USA,USA
MDW,CLE,2,492.0,USA,USA
MDW,CLT,2,940.0,USA,USA
MDW,CMH,2,454.0,USA,USA
MDW,CUN,1,2309.0,USA,MEX
MDW,DEN,3,1437.0,USA,USA
MDW,DSM,2,492.0,USA,USA
MDW,DTW,3,367.0,USA,USA
MDW,EWR,2,1141.0,USA,USA
MDW,FLL,1,1881.0,USA,USA
MDW,GDL,1,2780.0,USA,MEX
MDW,GSP,2,905.0,USA,USA
MDW,HOU,2,1510.0,USA,USA
MDW,IAD,2,927.0,USA,USA
MDW,ICT,2,946.0,USA,USA
MDW,ILG,1,1049.0,USA,USA
MDW,JAN,2,1073.0,USA,USA
MDW,JAX,1,1368.0,USA,USA
MDW,LAS,2,2442.0,USA,USA
MDW,LAX,2,2812.0,USA,USA
MDW,LGA,2,1164.0,USA,USA
MDW,LIT,2,876.0,USA,USA
MDW,LUK,1,411.0,USA,USA
MDW,MBJ,1,2752.0,USA,JAM
MDW,MBL,1,302.0,USA,USA
MDW,MCI,2,650.0,USA,USA
MDW,MCO,2,1595.0,USA,USA
MDW,MEM,2,774.0,USA,USA
MDW,MHT,2,1345.0,USA,USA
MDW,MLM,1,2741.0,USA,MEX
MDW,MSP,4,560.0,USA,USA
MDW,MSY,2,1330.0,USA,USA
MDW,OAK,2,2961.0,USA,USA
MDW,OKC,2,1111.0,USA,USA
MDW,OMA,2,679.0,USA,USA
MDW,ONT,2,2740.0,USA,USA
MDW,ORF,2,1131.0,USA,USA
MDW,PDX,2,2811.0,USA,USA
MDW,PHL,2,1073.0,USA,USA
MDW,PHX,2,2320.0,USA,USA
MDW,PIT,2,646.0,USA,USA
MDW,PUJ,1,3168.0,USA,DOM
MDW,PVD,2,1353.0,USA,USA
MDW,RDU,2,1016.0,USA,USA
MDW,RNO,1,2698.0,USA,USA
MDW,ROC,2,840.0,USA,USA
MDW,RSW,2,1782.0,USA,USA
MDW,SAN,2,2776.0,USA,USA
MDW,SAT,2,1668.0,USA,USA
MDW,SDF,2,437.0,USA,USA
MDW,SEA,2,2782.0,USA,USA
MDW,SFO,2,2977.0,USA,USA
MDW,SJC,2,2950.0,USA,USA
MDW,SLC,2,2020.0,USA,USA
MDW,SMF,2,2874.0,USA,USA
MDW,STL,2,404.0,USA,USA
MDW,TPA,2,1607.0,USA,USA
MDW,TTN,1,1097.0,USA,USA
MDW,TUL,2,938.0,USA,USA
MDW,TUS,2,2314.0,USA,USA
MDW,YTZ,1,712.0,USA,CAN
MDW,ZCL,1,2517.0,USA,MEX
MDZ,AEP,2,979.0,ARG,ARG
MDZ,BRC,1,949.0,ARG,ARG
MDZ,COR,2,463.0,ARG,ARG
MDZ,EZE,1,972.0,ARG,ARG
MDZ,NQN,2,683.0,ARG,ARG
MDZ,SCL,1,196.0,ARG,CHL
MDZ,SLA,1,943.0,ARG,ARG
MEA,CAW,1,86.0,BRA,BRA
MEA,SDU,2,157.0,BRA,BRA
MEA,VCP,1,556.0,BRA,BRA
MEB,FLS,1,375.0,AUS,AUS
MEC,UIO,1,274.0,ECU,ECU
MED,AHB,1,766.0,SAU,SAU
MED,AMM,2,876.0,SAU,JOR
MED,AUH,2,1512.0,SAU,ARE
MED,BAH,2,1114.0,SAU,BHR
MED,CAI,2,1027.0,SAU,EGY
MED,DMM,2,1035.0,SAU,SAU
MED,DOH,1,1203.0,SAU,QAT
MED,DXB,3,1580.0,SAU,ARE
MED,ELQ,1,453.0,SAU,SAU
MED,ESB,1,1841.0,SAU,TUR
MED,GIZ,1,902.0,SAU,SAU
MED,HBE,1,1212.0,SAU,EGY
MED,HTY,1,1353.0,SAU,TUR
MED,ISB,1,3357.0,SAU,PAK
MED,IST,2,2118.0,SAU,TUR
MED,JED,2,324.0,SAU,SAU
MED,KHI,1,2768.0,SAU,PAK
MED,KRT,1,1245.0,SAU,SDN
MED,KWI,1,970.0,SAU,KWT
MED,LHE,1,3477.0,SAU,PAK
MED,MCT,1,1888.0,SAU,OMN
MED,MUX,2,3183.0,SAU,PAK
MED,RUH,2,708.0,SAU,SAU
MED,SAW,1,2058.0,SAU,TUR
MED,SHJ,1,1596.0,SAU,ARE
MED,TUN,1,3115.0,SAU,TUN
MED,TUU,1,523.0,SAU,SAU
MED,ULH,1,266.0,SAU,SAU
MEE,GEA,1,183.0,NCL,NCL
MEG,LAD,1,346.0,AGO,AGO
MEG,VHC,1,452.0,AGO,AGO
MEH,ALF,1,203.0,NOW,NOW
MEH,BVG,1,47.0,NOW,NOW
MEH,HFT,1,157.0,NOW,NOW
MEH,HVG,1,67.0,NOW,NOW
MEH,VDS,1,131.0,NOW,NOW
MEI,ATL,1,429.0,USA,USA
MEL,ABX,1,259.0,AUS,AUS
MEL,ADL,5,642.0,AUS,AUS
MEL,AKL,8,2637.0,AUS,NZL
MEL,ASP,2,1860.0,AUS,AUS
MEL,AUH,3,11652.0,AUS,ARE
MEL,BKK,3,7332.0,AUS,THA
MEL,BME,1,3107.0,AUS,AUS
MEL,BNE,5,1381.0,AUS,AUS
MEL,BNK,1,1273.0,AUS,AUS
MEL,BWN,1,5659.0,AUS,BRN
MEL,BWT,1,378.0,AUS,AUS
MEL,CAN,1,7548.0,AUS,CHN
MEL,CBR,3,470.0,AUS,AUS
MEL,CFS,1,1117.0,AUS,AUS
MEL,CGK,1,5211.0,AUS,IDN
MEL,CHC,4,2414.0,AUS,NZL
MEL,CNS,4,2313.0,AUS,AUS
MEL,CTU,1,8697.0,AUS,CHN
MEL,DEL,1,10192.0,AUS,IND
MEL,DOH,1,11958.0,AUS,QAT
MEL,DPO,1,412.0,AUS,AUS
MEL,DPS,4,4382.0,AUS,IDN
MEL,DRW,3,3132.0,AUS,AUS
MEL,DXB,2,11645.0,AUS,ARE
MEL,HBA,4,617.0,AUS,AUS
MEL,HKG,3,7413.0,AUS,HKG
MEL,HKT,1,7013.0,AUS,THA
MEL,HNL,2,8875.0,AUS,USA
MEL,HTI,2,1966.0,AUS,AUS
MEL,KGI,1,2274.0,AUS,AUS
MEL,KNS,1,259.0,AUS,AUS
MEL,KTA,1,3292.0,AUS,AUS
MEL,KUL,4,6315.0,AUS,MYS
MEL,LAX,4,12758.0,AUS,USA
MEL,LST,3,476.0,AUS,AUS
MEL,MCY,3,1454.0,AUS,AUS
MEL,MGB,1,357.0,AUS,AUS
MEL,MIM,1,455.0,AUS,AUS
MEL,MKY,1,1882.0,AUS,AUS
MEL,MNL,1,6314.0,AUS,PHL
MEL,MQL,3,456.0,AUS,AUS
MEL,NAN,3,3867.0,AUS,FJI
MEL,NRT,1,8179.0,AUS,JPN
MEL,NTL,2,835.0,AUS,AUS
MEL,OOL,3,1330.0,AUS,AUS
MEL,PER,5,2701.0,AUS,AUS
MEL,PHE,1,3174.0,AUS,AUS
MEL,PVG,4,8017.0,AUS,CHN
MEL,SGN,2,6699.0,AUS,VNM
MEL,SIN,7,6033.0,AUS,SGP
MEL,SYD,7,705.0,AUS,AUS
MEL,TSV,1,2057.0,AUS,AUS
MEL,WGA,1,364.0,AUS,AUS
MEL,WLG,5,2589.0,AUS,NZL
MEL,ZQN,1,2145.0,AUS,NZL
MEM,ATL,7,533.0,USA,USA
MEM,AUS,1,899.0,USA,USA
MEM,BWI,2,1265.0,USA,USA
MEM,CLT,2,821.0,USA,USA
MEM,CVG,1,648.0,USA,USA
MEM,DCA,3,1224.0,USA,USA
MEM,DEN,3,1401.0,USA,USA
MEM,DFW,3,693.0,USA,USA
MEM,DTW,1,982.0,USA,USA
MEM,ELD,1,330.0,USA,USA
MEM,EWR,1,1520.0,USA,USA
MEM,HOT,1,292.0,USA,USA
MEM,HOU,2,780.0,USA,USA
MEM,HRO,1,318.0,USA,USA
MEM,IAH,2,754.0,USA,USA
MEM,IND,1,613.0,USA,USA
MEM,LAS,2,2274.0,USA,USA
MEM,LAX,1,2600.0,USA,USA
MEM,LGA,1,1547.0,USA,USA
MEM,MCI,1,632.0,USA,USA
MEM,MCO,3,1100.0,USA,USA
MEM,MDW,2,774.0,USA,USA
MEM,MIA,2,1384.0,USA,USA
MEM,MKL,1,115.0,USA,USA
MEM,MSP,1,1128.0,USA,USA
MEM,MSY,2,562.0,USA,USA
MEM,ORD,4,792.0,USA,USA
MEM,PIT,1,1048.0,USA,USA
MEM,RDU,1,1017.0,USA,USA
MEM,SAT,1,1006.0,USA,USA
MEM,SLC,1,2027.0,USA,USA
MEM,TPA,2,1055.0,USA,USA
MEU,BEL,1,462.0,BRA,BRA
MEU,ORX,1,371.0,BRA,BRA
MEU,STM,1,297.0,BRA,BRA
MEX,ACA,4,307.0,MEX,MEX
MEX,AGU,2,422.0,MEX,MEX
MEX,AMS,1,9206.0,MEX,NLX
MEX,ATL,8,2143.0,MEX,USA
MEX,AUS,1,1205.0,MEX,USA
MEX,BJX,1,305.0,MEX,MEX
MEX,BOG,4,3159.0,MEX,COL
MEX,CCS,1,3576.0,MEX,VEN
MEX,CDG,3,9199.0,MEX,FXX
MEX,CEN,2,1409.0,MEX,MEX
MEX,CJS,3,1543.0,MEX,MEX
MEX,CLQ,2,473.0,MEX,MEX
MEX,CLT,2,2499.0,MEX,USA
MEX,CME,2,769.0,MEX,MEX
MEX,CPE,2,899.0,MEX,MEX
MEX,CTM,1,1134.0,MEX,MEX
MEX,CUL,3,1049.0,MEX,MEX
MEX,CUN,4,1284.0,MEX,MEX
MEX,CUU,3,1245.0,MEX,MEX
MEX,CVM,2,475.0,MEX,MEX
MEX,CZM,1,1275.0,MEX,MEX
MEX,DEN,2,2333.0,MEX,USA
MEX,DFW,5,1510.0,MEX,USA
MEX,DGO,2,767.0,MEX,MEX
MEX,DTW,2,2933.0,MEX,USA
MEX,EWR,1,3343.0,MEX,USA
MEX,EZE,1,7397.0,MEX,ARG
MEX,FRA,1,9552.0,MEX,DEU
MEX,GDL,4,459.0,MEX,MEX
MEX,GRU,2,7433.0,MEX,BRA
MEX,GUA,2,1056.0,MEX,GTM
MEX,HAV,3,1771.0,MEX,CUB
MEX,HMO,3,1619.0,MEX,MEX
MEX,HUX,2,504.0,MEX,MEX
MEX,IAD,3,3002.0,MEX,USA
MEX,IAH,4,1232.0,MEX,USA
MEX,JAL,2,239.0,MEX,MEX
MEX,JFK,4,3365.0,MEX,USA
MEX,LAP,3,1274.0,MEX,MEX
MEX,LAS,3,2427.0,MEX,USA
MEX,LAX,7,2500.0,MEX,USA
MEX,LHR,2,8904.0,MEX,ENG
MEX,LIM,3,4245.0,MEX,PER
MEX,LMM,1,1240.0,MEX,MEX
MEX,LZC,2,368.0,MEX,MEX
MEX,MAD,4,9067.0,MEX,ESP
MEX,MAM,2,722.0,MEX,MEX
MEX,MCO,3,2060.0,MEX,USA
MEX,MFE,1,754.0,MEX,USA
MEX,MIA,8,2051.0,MEX,USA
MEX,MID,4,996.0,MEX,MEX
MEX,MLM,2,210.0,MEX,MEX
MEX,MTT,2,496.0,MEX,MEX
MEX,MTY,6,713.0,MEX,MEX
MEX,MUC,1,9845.0,MEX,DEU
MEX,MXL,2,2177.0,MEX,MEX
MEX,MZT,4,852.0,MEX,MEX
MEX,NLD,1,892.0,MEX,MEX
MEX,OAX,2,367.0,MEX,MEX
MEX,ORD,6,2719.0,MEX,USA
MEX,PAZ,2,213.0,MEX,MEX
MEX,PDS,2,1033.0,MEX,MEX
MEX,PHX,3,2017.0,MEX,USA
MEX,PQM,1,774.0,MEX,MEX
MEX,PTY,2,2411.0,MEX,PAN
MEX,PVR,4,660.0,MEX,MEX
MEX,PXM,3,448.0,MEX,MEX
MEX,REX,3,736.0,MEX,MEX
MEX,SAL,2,1259.0,MEX,SLV
MEX,SAN,1,2330.0,MEX,USA
MEX,SAP,1,1262.0,MEX,HND
MEX,SAT,4,1124.0,MEX,USA
MEX,SCL,2,6597.0,MEX,CHL
MEX,SFO,4,3028.0,MEX,USA
MEX,SJD,3,1178.0,MEX,MEX
MEX,SJO,3,1910.0,MEX,CRI
MEX,SLP,2,368.0,MEX,MEX
MEX,SLW,1,706.0,MEX,MEX
MEX,SNA,2,2442.0,MEX,USA
MEX,TAM,2,342.0,MEX,MEX
MEX,TAP,1,879.0,MEX,MEX
MEX,TGZ,3,715.0,MEX,MEX
MEX,TIJ,4,2301.0,MEX,MEX
MEX,TPQ,2,640.0,MEX,MEX
MEX,TRC,3,814.0,MEX,MEX
MEX,UIO,1,3136.0,MEX,ECU
MEX,VER,3,304.0,MEX,MEX
MEX,VSA,3,678.0,MEX,MEX
MEX,YUL,1,3713.0,MEX,CAN
MEX,YVR,1,3945.0,MEX,CAN
MEX,YYZ,2,3247.0,MEX,CAN
MEX,ZCL,2,537.0,MEX,MEX
MEX,ZIH,3,324.0,MEX,MEX
MEX,ZLO,3,577.0,MEX,MEX
MFE,DFW,2,756.0,USA,USA
MFE,IAH,1,510.0,USA,USA
MFE,LAS,1,1946.0,USA,USA
MFE,MEX,1,754.0,USA,MEX
MFE,SLP,1,514.0,USA,MEX
MFM,BKK,2,1652.0,MAC,THA
MFM,CGO,2,1376.0,MAC,CHN
MFM,CKG,2,1091.0,MAC,CHN
MFM,CNX,1,1569.0,MAC,THA
MFM,CRK,1,1067.0,MAC,PHL
MFM,CTU,2,1341.0,MAC,CHN
MFM,DAD,1,884.0,MAC,VNM
MFM,DMK,1,1649.0,MAC,THA
MFM,FOC,2,746.0,MAC,CHN
MFM,FUK,1,2084.0,MAC,JPN
MFM,HAN,1,811.0,MAC,VNM
MFM,HFE,2,1132.0,MAC,CHN
MFM,HGH,4,1128.0,MAC,CHN
MFM,ICN,3,2103.0,MAC,KOR
MFM,JJN,2,589.0,MAC,CHN
MFM,KHH,3,697.0,MAC,TWN
MFM,KIX,2,2513.0,MAC,JPN
MFM,KMG,1,1134.0,MAC,CHN
MFM,KUL,1,2510.0,MAC,MYS
MFM,MNL,4,1156.0,MAC,PHL
MFM,MWX,1,1894.0,MAC,KOR
MFM,NGB,2,1160.0,MAC,CHN
MFM,NKG,2,1187.0,MAC,CHN
MFM,NNG,2,560.0,MAC,CHN
MFM,NRT,2,2999.0,MAC,JPN
MFM,OKJ,1,2419.0,MAC,JPN
MFM,PEK,2,2014.0,MAC,CHN
MFM,PUS,2,2078.0,MAC,KOR
MFM,PVG,6,1290.0,MAC,CHN
MFM,RMQ,2,756.0,MAC,TWN
MFM,SHA,4,1266.0,MAC,CHN
MFM,SHE,2,2356.0,MAC,CHN
MFM,SIN,1,2535.0,MAC,SGP
MFM,TPE,3,844.0,MAC,TWN
MFM,TYN,2,1737.0,MAC,CHN
MFM,WUH,2,962.0,MAC,CHN
MFM,WUX,1,1240.0,MAC,CHN
MFM,XMN,4,534.0,MAC,CHN
MFR,DEN,1,1547.0,USA,USA
MFR,LAS,1,965.0,USA,USA
MFR,LAX,3,1015.0,USA,USA
MFR,PDX,1,358.0,USA,USA
MFR,SEA,1,566.0,USA,USA
MFR,SFO,1,530.0,USA,USA
MFR,SLC,1,923.0,USA,USA
MFU,LUN,1,440.0,ZMB,ZMB
MGA,ATL,1,2397.0,NIC,USA
MGA,FLL,1,1672.0,NIC,USA
MGA,GUA,1,544.0,NIC,GTM
MGA,IAH,1,2198.0,NIC,USA
MGA,MIA,3,1638.0,NIC,USA
MGA,PTY,2,816.0,NIC,PAN
MGA,SAL,2,345.0,NIC,SLV
MGA,SJO,4,321.0,NIC,CRI
MGB,ADL,1,371.0,AUS,AUS
MGB,MEL,1,357.0,AUS,AUS
MGF,CGB,1,971.0,BRA,BRA
MGF,CGH,1,546.0,BRA,BRA
MGF,CGR,1,433.0,BRA,BRA
MGF,CWB,3,366.0,BRA,BRA
MGF,GRU,1,565.0,BRA,BRA
MGF,LDB,1,91.0,BRA,BRA
MGF,POA,1,729.0,BRA,BRA
MGF,VCP,1,501.0,BRA,BRA
MGH,JNB,1,563.0,ZAF,ZAF
MGM,ATL,3,236.0,USA,USA
MGM,CLT,2,599.0,USA,USA
MGM,DFW,2,999.0,USA,USA
MGQ,BBO,2,932.0,SOX,SOL
MGQ,EBB,1,1447.0,SOX,UGA
MGQ,GLK,1,581.0,SOX,SOP
MGQ,HGA,1,845.0,SOX,SOL
MGQ,JIB,2,1086.0,SOX,DJI
MGQ,NBO,1,1002.0,SOX,KEN
MGQ,WJR,2,580.0,SOX,KEN
MGS,RAR,1,211.0,COK,COK
MGT,MNG,1,72.0,AUS,AUS
MGW,CKB,1,47.0,USA,USA
MGW,IAD,1,226.0,USA,USA
MGZ,KAW,1,266.0,MMR,MMR
MGZ,TVY,1,190.0,MMR,MMR
MHC,PMC,1,113.0,CHL,CHL
MHD,ABD,2,1244.0,IRN,IRN
MHD,ACZ,1,598.0,IRN,IRN
MHD,ADU,1,1019.0,IRN,IRN
MHD,AWZ,3,1142.0,IRN,IRN
MHD,AZD,3,690.0,IRN,IRN
MHD,BAH,2,1399.0,IRN,BHR
MHD,BEY,1,2210.0,IRN,LBN
MHD,BND,2,1049.0,IRN,IRN
MHD,BUZ,1,1156.0,IRN,IRN
MHD,DMM,2,1431.0,IRN,SAU
MHD,DOH,1,1439.0,IRN,QAT
MHD,DXB,1,1287.0,IRN,ARE
MHD,DYU,1,851.0,IRN,TJK
MHD,GBT,1,474.0,IRN,IRN
MHD,HDM,1,1014.0,IRN,IRN
MHD,HEA,1,325.0,IRN,AFG
MHD,IFN,3,811.0,IRN,IRN
MHD,IST,1,2721.0,IRN,TUR
MHD,KBL,1,887.0,IRN,AFG
MHD,KDH,1,777.0,IRN,AFG
MHD,KIH,1,1205.0,IRN,IRN
MHD,KSH,2,1151.0,IRN,IRN
MHD,KWI,3,1340.0,IRN,KWT
MHD,LHE,1,1458.0,IRN,PAK
MHD,MED,1,2304.0,IRN,SAU
MHD,MZR,1,679.0,IRN,AFG
MHD,NSH,1,733.0,IRN,IRN
MHD,RAS,3,900.0,IRN,IRN
MHD,RZR,1,803.0,IRN,IRN
MHD,SHJ,1,1275.0,IRN,ARE
MHD,SRY,2,578.0,IRN,IRN
MHD,SYZ,3,993.0,IRN,IRN
MHD,TBZ,3,1205.0,IRN,IRN
MHD,THR,4,752.0,IRN,IRN
MHD,UET,1,950.0,IRN,PAK
MHD,XBJ,1,373.0,IRN,IRN
MHD,ZAH,3,761.0,IRN,IRN
MHD,ZBR,1,1202.0,IRN,IRN
MHG,TXL,1,479.0,DEU,DEU
MHH,FLL,3,310.0,BHS,USA
MHH,JAX,2,631.0,BHS,USA
MHH,MCO,2,468.0,BHS,USA
MHH,MIA,2,330.0,BHS,USA
MHH,NAS,2,168.0,BHS,BHS
MHH,PBI,3,300.0,BHS,USA
MHK,DFW,2,695.0,USA,USA
MHK,ORD,2,804.0,USA,USA
MHQ,ARN,1,122.0,ALD,SWE
MHQ,HEL,2,281.0,ALD,FIN
MHQ,TKU,1,137.0,ALD,FIN
MHT,ATL,2,1531.0,USA,USA
MHT,BWI,2,606.0,USA,USA
MHT,CLT,2,1186.0,USA,USA
MHT,DCA,2,654.0,USA,USA
MHT,DTW,1,978.0,USA,USA
MHT,EWR,1,337.0,USA,USA
MHT,LGA,1,313.0,USA,USA
MHT,MCO,1,1840.0,USA,USA
MHT,MDW,2,1345.0,USA,USA
MHT,MSP,1,1753.0,USA,USA
MHT,ORD,1,1353.0,USA,USA
MHT,PHL,2,465.0,USA,USA
MHT,TPA,2,1939.0,USA,USA
MIA,AMS,1,7443.0,USA,NLX
MIA,ANU,2,2139.0,USA,ACA
MIA,APF,1,154.0,USA,USA
MIA,ASU,2,6179.0,USA,PRY
MIA,ATL,12,959.0,USA,USA
MIA,AUA,5,1828.0,USA,ABW
MIA,BAQ,3,1756.0,USA,COL
MIA,BCN,5,7545.0,USA,ESP
MIA,BDA,2,1681.0,USA,BMU
MIA,BDL,2,1926.0,USA,USA
MIA,BEL,1,4562.0,USA,BRA
MIA,BGI,2,2593.0,USA,BRB
MIA,BHM,2,1065.0,USA,USA
MIA,BLA,1,2396.0,USA,VEN
MIA,BNA,2,1299.0,USA,USA
MIA,BOG,5,2435.0,USA,COL
MIA,BOS,2,2028.0,USA,USA
MIA,BSB,3,5808.0,USA,BRA
MIA,BWI,3,1526.0,USA,USA
MIA,BZE,2,1236.0,USA,BLZ
MIA,CCS,3,2193.0,USA,VEN
MIA,CDG,8,7371.0,USA,FXX
MIA,CHS,2,790.0,USA,USA
MIA,CLE,2,1743.0,USA,USA
MIA,CLO,5,2509.0,USA,COL
MIA,CLT,2,1049.0,USA,USA
MIA,CMH,2,1598.0,USA,USA
MIA,CNF,3,6395.0,USA,BRA
MIA,CTG,3,1779.0,USA,COL
MIA,CUN,3,855.0,USA,MEX
MIA,CUR,4,1923.0,USA,CUW
MIA,CVG,2,1530.0,USA,USA
MIA,CWB,2,6612.0,USA,BRA
MIA,CYB,1,680.0,USA,CYM
MIA,CZM,2,896.0,USA,MEX
MIA,DCA,2,1484.0,USA,USA
MIA,DEN,3,2749.0,USA,USA
MIA,DFW,2,1802.0,USA,USA
MIA,DTW,3,1847.0,USA,USA
MIA,DUS,2,7604.0,USA,DEU
MIA,ELH,2,363.0,USA,BHS
MIA,EWR,3,1751.0,USA,USA
MIA,EYW,2,202.0,USA,USA
MIA,EZE,3,7119.0,USA,ARG
MIA,FCO,2,8329.0,USA,ITA
MIA,FDF,2,2362.0,USA,MTQ
MIA,FPO,2,180.0,USA,BHS
MIA,FRA,2,7764.0,USA,DEU
MIA,GCM,3,731.0,USA,CYM
MIA,GEO,1,3174.0,USA,GUY
MIA,GGT,2,510.0,USA,BHS
MIA,GIG,3,6717.0,USA,BRA
MIA,GND,2,2472.0,USA,GRD
MIA,GNV,2,475.0,USA,USA
MIA,GRU,3,6574.0,USA,BRA
MIA,GSO,2,1146.0,USA,USA
MIA,GUA,5,1640.0,USA,GTM
MIA,GYE,2,3108.0,USA,ECU
MIA,IAD,3,1486.0,USA,USA
MIA,IAH,3,1549.0,USA,USA
MIA,IND,2,1646.0,USA,USA
MIA,JAX,2,540.0,USA,USA
MIA,JFK,3,1757.0,USA,USA
MIA,KIN,2,945.0,USA,JAM
MIA,LAS,2,3494.0,USA,USA
MIA,LAX,4,3763.0,USA,USA
MIA,LGA,3,1768.0,USA,USA
MIA,LHR,8,7109.0,USA,ENG
MIA,LIM,5,4219.0,USA,PER
MIA,LIR,2,1778.0,USA,CRI
MIA,LIS,2,6677.0,USA,PRX
MIA,LPB,2,4883.0,USA,BOL
MIA,LRM,2,1427.0,USA,DOM
MIA,MAD,5,7107.0,USA,ESP
MIA,MAO,3,3877.0,USA,BRA
MIA,MAR,1,1919.0,USA,VEN
MIA,MBJ,2,847.0,USA,JAM
MIA,MCO,2,310.0,USA,USA
MIA,MDE,5,2243.0,USA,COL
MIA,MEM,2,1384.0,USA,USA
MIA,MEX,7,2051.0,USA,MEX
MIA,MGA,3,1638.0,USA,NIC
MIA,MHH,2,330.0,USA,BHS
MIA,MID,2,1098.0,USA,MEX
MIA,MSP,3,2418.0,USA,USA
MIA,MSY,5,1085.0,USA,USA
MIA,MVD,2,7210.0,USA,URY
MIA,MXP,5,7920.0,USA,ITA
MIA,NAS,3,296.0,USA,BHS
MIA,ORD,3,1930.0,USA,USA
MIA,ORF,2,1294.0,USA,USA
MIA,PAP,4,1149.0,USA,HTI
MIA,PHL,2,1634.0,USA,USA
MIA,PHX,2,3168.0,USA,USA
MIA,PIT,2,1634.0,USA,USA
MIA,PLS,2,931.0,USA,TCA
MIA,PNS,2,853.0,USA,USA
MIA,POP,2,1201.0,USA,DOM
MIA,POS,3,2613.0,USA,TTO
MIA,PTP,2,2213.0,USA,GLP
MIA,PTY,4,1862.0,USA,PAN
MIA,PUJ,4,1466.0,USA,DOM
MIA,RDU,2,1130.0,USA,USA
MIA,REC,3,6184.0,USA,BRA
MIA,RIC,2,1332.0,USA,USA
MIA,RTB,2,1236.0,USA,HND
MIA,SAL,4,1651.0,USA,SLV
MIA,SAN,2,3643.0,USA,USA
MIA,SAP,4,1397.0,USA,HND
MIA,SCL,3,6657.0,USA,CHL
MIA,SDF,2,1469.0,USA,USA
MIA,SDQ,4,1366.0,USA,DOM
MIA,SEA,2,4379.0,USA,USA
MIA,SFO,3,4154.0,USA,USA
MIA,SJO,2,1805.0,USA,CRI
MIA,SJU,2,1682.0,USA,PRI
MIA,SKB,3,2044.0,USA,KNA
MIA,SSA,3,6257.0,USA,BRA
MIA,STI,2,1221.0,USA,DOM
MIA,STL,2,1722.0,USA,USA
MIA,STT,3,1781.0,USA,VIR
MIA,STX,2,1833.0,USA,VIR
MIA,SVO,2,9200.0,USA,RUS
MIA,SXM,2,1968.0,USA,SXM
MIA,TGU,2,1491.0,USA,HND
MIA,TLH,2,648.0,USA,USA
MIA,TPA,2,329.0,USA,USA
MIA,TUL,2,1880.0,USA,USA
MIA,TXL,2,7991.0,USA,DEU
MIA,UIO,2,2890.0,USA,ECU
MIA,UVF,2,2422.0,USA,LCA
MIA,VKO,1,9218.0,USA,RUS
MIA,YUL,3,2265.0,USA,CAN
MIA,YYZ,4,1990.0,USA,CAN
MIA,ZRH,2,7845.0,USA,CHE
MID,BZE,1,404.0,MEX,BLZ
MID,CUN,1,289.0,MEX,MEX
MID,GDL,2,1420.0,MEX,MEX
MID,IAH,1,1156.0,MEX,USA
MID,MEX,4,996.0,MEX,MEX
MID,MIA,2,1098.0,MEX,USA
MID,MTY,2,1194.0,MEX,MEX
MID,VSA,2,465.0,MEX,MEX
MIG,CAN,1,1229.0,CHN,CHN
MIG,CGO,2,915.0,CHN,CHN
MIG,CSX,2,893.0,CHN,CHN
MIG,KMG,2,725.0,CHN,CHN
MIG,KWE,1,579.0,CHN,CHN
MIG,LJG,1,685.0,CHN,CHN
MIG,LXA,1,1347.0,CHN,CHN
MIG,NKG,1,1337.0,CHN,CHN
MIG,PEK,2,1436.0,CHN,CHN
MIG,PVG,2,1620.0,CHN,CHN
MIG,SHA,1,1575.0,CHN,CHN
MIG,SHE,1,2016.0,CHN,CHN
MIG,SYX,1,1533.0,CHN,CHN
MIG,SZX,2,1326.0,CHN,CHN
MIG,XIY,1,503.0,CHN,CHN
MIG,XNN,1,619.0,CHN,CHN
MII,JTC,1,90.0,BRA,BRA
MII,VCP,1,300.0,BRA,BRA
MIM,MEL,1,455.0,AUS,AUS
MIM,MYA,1,114.0,AUS,AUS
MIM,SYD,1,349.0,AUS,AUS
MIR,BRU,1,1757.0,TUN,BFR
MIR,CDG,2,1618.0,TUN,FXX
MIR,GVA,1,1228.0,TUN,CHE
MIR,LYS,2,1206.0,TUN,FXX
MIR,MRS,1,976.0,TUN,FXX
MIR,NCE,1,929.0,TUN,FXX
MIR,NTE,1,1629.0,TUN,FXX
MIR,ORY,2,1596.0,TUN,FXX
MIR,TIP,2,409.0,TUN,LBY
MIR,TUN,2,130.0,TUN,TUN
MIS,BUA,1,619.0,PNX,PNB
MIS,GUR,1,277.0,PNX,PNX
MJD,KHI,1,287.0,PAK,PAK
MJD,SKZ,1,77.0,PAK,PAK
MJF,BOO,1,173.0,NOW,NOW
MJF,MQN,1,81.0,NOW,NOW
MJF,OSY,1,165.0,NOW,NOW
MJF,SSJ,1,39.0,NOW,NOW
MJF,TRD,1,281.0,NOW,NOW
MJM,FBM,1,748.0,COD,COD
MJM,FIH,1,920.0,COD,COD
MJN,DZA,2,339.0,MDG,MYT
MJN,TNR,1,368.0,MDG,MDG
MJT,AMS,1,2231.0,GRC,NLX
MJT,ATH,2,262.0,GRC,GRC
MJT,DUS,1,2054.0,GRC,DEU
MJT,JKH,1,89.0,GRC,GRC
MJT,LXS,1,151.0,GRC,GRC
MJT,MUC,1,1572.0,GRC,DEU
MJT,RHO,1,323.0,GRC,GRC
MJT,SKG,2,350.0,GRC,GRC
MJV,BFS,1,1921.0,ESP,NIR
MJV,BHX,1,1634.0,ESP,ENG
MJV,BOH,1,1448.0,ESP,ENG
MJV,BRS,1,1520.0,ESP,ENG
MJV,DUB,1,1790.0,ESP,IRL
MJV,EDI,1,2030.0,ESP,SCT
MJV,EIN,1,1596.0,ESP,NLX
MJV,EMA,2,1675.0,ESP,ENG
MJV,LBA,2,1790.0,ESP,ENG
MJV,LGW,1,1488.0,ESP,ENG
MJV,LTN,1,1568.0,ESP,ENG
MJV,MAD,1,382.0,ESP,ESP
MJV,MAN,2,1736.0,ESP,ENG
MJV,NCL,1,1921.0,ESP,ENG
MJV,OSL,1,2622.0,ESP,NOW
MJV,PIK,1,1992.0,ESP,SCT
MJV,STN,1,1571.0,ESP,ENG
MJZ,DME,1,4171.0,RUS,RUS
MJZ,IKT,1,1276.0,RUS,RUS
MJZ,KJA,2,1402.0,RUS,RUS
MJZ,OVB,2,1967.0,RUS,RUS
MJZ,PYJ,1,440.0,RUS,RUS
MJZ,YKS,2,812.0,RUS,RUS
MKE,ATL,7,1078.0,USA,USA
MKE,BOS,2,1381.0,USA,USA
MKE,BWI,2,1029.0,USA,USA
MKE,CLE,1,527.0,USA,USA
MKE,CLT,2,1048.0,USA,USA
MKE,CUN,1,2438.0,USA,MEX
MKE,CVG,1,511.0,USA,USA
MKE,DCA,2,1019.0,USA,USA
MKE,DEN,4,1438.0,USA,USA
MKE,DFW,2,1374.0,USA,USA
MKE,DTW,1,381.0,USA,USA
MKE,EWR,1,1163.0,USA,USA
MKE,FLL,2,2004.0,USA,USA
MKE,IAH,1,1586.0,USA,USA
MKE,LAS,2,2447.0,USA,USA
MKE,LAX,2,2821.0,USA,USA
MKE,LGA,2,1185.0,USA,USA
MKE,MCI,2,700.0,USA,USA
MKE,MCO,3,1719.0,USA,USA
MKE,MSP,3,478.0,USA,USA
MKE,MSY,2,1456.0,USA,USA
MKE,ORD,3,108.0,USA,USA
MKE,PHL,2,1108.0,USA,USA
MKE,PHX,4,2347.0,USA,USA
MKE,RSW,2,1908.0,USA,USA
MKE,SEA,2,2719.0,USA,USA
MKE,SFO,2,2962.0,USA,USA
MKE,STL,2,511.0,USA,USA
MKE,TPA,2,1733.0,USA,USA
MKE,YYZ,1,673.0,USA,CAN
MKG,ORD,1,190.0,USA,USA
MKK,HNL,2,88.0,USA,USA
MKK,OGG,1,75.0,USA,USA
MKL,BNA,1,210.0,USA,USA
MKL,MEM,1,115.0,USA,USA
MKM,KCH,1,249.0,MYS,MYS
MKM,MYY,1,264.0,MYS,MYS
MKP,PPT,1,641.0,PYF,PYF
MKQ,DJJ,3,661.0,IDN,IDN
MKW,AMQ,1,733.0,IDN,IDN
MKW,DJJ,2,743.0,IDN,IDN
MKW,FKQ,1,300.0,IDN,IDN
MKW,SOQ,2,307.0,IDN,IDN
MKW,UPG,1,1675.0,IDN,IDN
MKY,BNE,3,798.0,AUS,AUS
MKY,MEL,1,1882.0,AUS,AUS
MKY,ROK,1,280.0,AUS,AUS
MKY,SYD,1,1434.0,AUS,AUS
MKY,TSV,1,330.0,AUS,AUS
MLA,ALG,1,1013.0,MLT,DZA
MLA,AMS,2,1983.0,MLT,NLX
MLA,ARN,1,2657.0,MLT,SWE
MLA,ATH,1,873.0,MLT,GRC
MLA,BCN,2,1234.0,MLT,ESP
MLA,BEN,1,678.0,MLT,LBY
MLA,BFS,1,2624.0,MLT,NIR
MLA,BGY,1,1163.0,MLT,ITA
MLA,BHX,2,2243.0,MLT,ENG
MLA,BLL,1,2247.0,MLT,DNK
MLA,BLQ,1,1002.0,MLT,ITA
MLA,BOH,1,2111.0,MLT,ENG
MLA,BRI,1,620.0,MLT,ITA
MLA,BRS,2,2201.0,MLT,ENG
MLA,BRU,2,1854.0,MLT,BFR
MLA,BUD,2,1346.0,MLT,HUN
MLA,CDG,2,1755.0,MLT,FXX
MLA,CPH,1,2202.0,MLT,DNK
MLA,CTA,3,186.0,MLT,ITA
MLA,CWL,1,2233.0,MLT,WLS
MLA,DME,1,2808.0,MLT,RUS
MLA,DUB,1,2532.0,MLT,IRL
MLA,DUS,2,1822.0,MLT,DEU
MLA,EDI,1,2609.0,MLT,SCT
MLA,EIN,1,1879.0,MLT,NLX
MLA,EMA,1,2257.0,MLT,ENG
MLA,EXT,1,2187.0,MLT,ENG
MLA,FCO,3,689.0,MLT,ITA
MLA,FRA,2,1647.0,MLT,DEU
MLA,GLA,1,2645.0,MLT,SCT
MLA,GRO,1,1215.0,MLT,ESP
MLA,GSE,1,2445.0,MLT,SWE
MLA,GVA,1,1349.0,MLT,CHE
MLA,HAM,1,2007.0,MLT,DEU
MLA,IST,2,1377.0,MLT,TUR
MLA,KRK,1,1638.0,MLT,POL
MLA,KUN,1,2248.0,MLT,LTU
MLA,LBA,1,2360.0,MLT,ENG
MLA,LCA,2,1737.0,MLT,CYP
MLA,LED,1,2894.0,MLT,RUS
MLA,LGW,4,2063.0,MLT,ENG
MLA,LHR,1,2103.0,MLT,ENG
MLA,LIN,2,1152.0,MLT,ITA
MLA,LPL,1,2365.0,MLT,ENG
MLA,LTN,1,2133.0,MLT,ENG
MLA,LUX,1,1671.0,MLT,LUX
MLA,LYS,2,1351.0,MLT,FXX
MLA,MAD,1,1655.0,MLT,ESP
MLA,MAN,4,2342.0,MLT,ENG
MLA,MRS,2,1156.0,MLT,FXX
MLA,MUC,2,1407.0,MLT,DEU
MLA,NBE,1,364.0,MLT,TUN
MLA,NCL,2,2464.0,MLT,ENG
MLA,NTE,1,1830.0,MLT,FXX
MLA,NWI,1,2137.0,MLT,ENG
MLA,NYO,1,2556.0,MLT,SWE
MLA,ORY,3,1738.0,MLT,FXX
MLA,OSL,1,2709.0,MLT,NOW
MLA,PIK,1,2621.0,MLT,SCT
MLA,PRG,2,1584.0,MLT,CZE
MLA,PSA,1,937.0,MLT,ITA
MLA,RIX,1,2448.0,MLT,LVA
MLA,RYG,1,2629.0,MLT,NOW
MLA,SAW,2,1407.0,MLT,TUR
MLA,STN,1,2108.0,MLT,ENG
MLA,SVO,2,2827.0,MLT,RUS
MLA,TIP,3,375.0,MLT,LBY
MLA,TLS,1,1413.0,MLT,FXX
MLA,TPS,1,289.0,MLT,ITA
MLA,TRN,1,1187.0,MLT,ITA
MLA,TSF,1,1105.0,MLT,ITA
MLA,TUN,1,396.0,MLT,TUN
MLA,TXL,1,1860.0,MLT,DEU
MLA,VIE,4,1373.0,MLT,AUT
MLA,WRO,1,1706.0,MLT,POL
MLA,ZRH,2,1380.0,MLT,CHE
MLB,ATL,3,713.0,USA,USA
MLB,CLT,2,791.0,USA,USA
MLE,AUH,2,3025.0,MDV,ARE
MLE,BKK,1,3166.0,MDV,THA
MLE,CAN,1,4770.0,MDV,CHN
MLE,CMB,10,778.0,MDV,LKA
MLE,COK,1,735.0,MDV,IND
MLE,DOH,1,3312.0,MDV,QAT
MLE,DRV,1,116.0,MDV,MDV
MLE,DWC,1,3026.0,MDV,ARE
MLE,DXB,1,3041.0,MDV,ARE
MLE,FRA,1,7884.0,MDV,DEU
MLE,GAN,1,545.0,MDV,MDV
MLE,GKK,1,385.0,MDV,MDV
MLE,HKG,2,4789.0,MDV,HKG
MLE,HRI,2,873.0,MDV,LKA
MLE,IST,1,6063.0,MDV,TUR
MLE,KDM,1,416.0,MDV,MDV
MLE,KDO,1,259.0,MDV,MDV
MLE,KUL,1,3132.0,MDV,MYS
MLE,LGW,1,8514.0,MDV,ENG
MLE,MAA,1,1220.0,MDV,IND
MLE,MCT,1,2707.0,MDV,OMN
MLE,MXP,1,7735.0,MDV,ITA
MLE,PEK,2,5871.0,MDV,CHN
MLE,PVG,1,5861.0,MDV,CHN
MLE,SIN,2,3398.0,MDV,SGP
MLE,SVO,1,6587.0,MDV,RUS
MLE,TRV,2,607.0,MDV,IND
MLE,VKO,1,6563.0,MDV,RUS
MLG,CGK,2,698.0,IDN,IDN
MLG,DPS,1,285.0,IDN,IDN
MLI,ATL,3,1020.0,USA,USA
MLI,AZA,1,2069.0,USA,USA
MLI,DEN,1,1207.0,USA,USA
MLI,DFW,2,1112.0,USA,USA
MLI,DTW,1,599.0,USA,USA
MLI,LAS,1,2210.0,USA,USA
MLI,MSP,1,441.0,USA,USA
MLI,ORD,3,224.0,USA,USA
MLI,PIE,1,1665.0,USA,USA
MLI,SFB,1,1640.0,USA,USA
MLL,RSH,1,38.0,USA,USA
MLM,DFW,3,1504.0,MEX,USA
MLM,IAH,1,1264.0,MEX,USA
MLM,LAX,1,2323.0,MEX,USA
MLM,MDW,1,2741.0,MEX,USA
MLM,MEX,2,210.0,MEX,MEX
MLM,SFO,1,2856.0,MEX,USA
MLM,TIJ,1,2122.0,MEX,MEX
MLN,AGP,2,208.0,ESP,ESP
MLN,GRX,1,225.0,ESP,ESP
MLN,LEI,1,182.0,ESP,ESP
MLN,MAD,1,580.0,ESP,ESP
MLO,ATH,2,146.0,GRC,GRC
MLU,ATL,3,720.0,USA,USA
MLU,DFW,2,470.0,USA,USA
MLU,IAH,1,421.0,USA,USA
MLW,ACC,1,1174.0,LBR,GHA
MLW,FNA,1,373.0,LBR,SLE
MLX,ESB,1,477.0,TUR,TUR
MLX,IST,2,857.0,TUR,TUR
MLX,SAW,1,800.0,TUR,TUR
MMB,CTS,2,235.0,JPN,JPN
MMB,HND,3,999.0,JPN,JPN
MMB,NGO,1,1185.0,JPN,JPN
MME,ABZ,1,303.0,ENG,SCT
MME,AMS,2,478.0,ENG,NLX
MMH,LAX,2,411.0,USA,USA
MMJ,CTS,1,803.0,JPN,JPN
MMJ,FUK,1,739.0,JPN,JPN
MMK,ARH,1,581.0,RUS,RUS
MMK,CEE,1,1087.0,RUS,RUS
MMK,LED,2,1006.0,RUS,RUS
MMK,SVO,2,1443.0,RUS,RUS
MMK,TOS,1,553.0,RUS,NOW
MMO,RAI,1,40.0,CPV,CPV
MMU,CVG,1,895.0,USA,USA
MMU,LUK,1,873.0,USA,USA
MMX,AGP,1,2493.0,SWE,ESP
MMX,ARN,2,531.0,SWE,SWE
MMX,BEG,1,1288.0,SWE,SRS
MMX,BMA,2,505.0,SWE,SWE
MMX,BUD,1,988.0,SWE,HUN
MMX,GDN,1,349.0,SWE,POL
MMX,KTW,1,680.0,SWE,POL
MMX,ORB,1,422.0,SWE,SWE
MMX,SKP,1,1623.0,SWE,MKD
MMX,STN,1,953.0,SWE,ENG
MMX,TZL,1,1289.0,SWE,BHF
MMX,VBY,2,385.0,SWE,SWE
MMX,WAW,1,623.0,SWE,POL
MMY,HND,1,1833.0,JPN,JPN
MMY,ISG,1,115.0,JPN,JPN
MMY,OKA,3,283.0,JPN,JPN
MNA,MDC,1,335.0,IDN,IDN
MNG,DRW,1,367.0,AUS,AUS
MNG,ELC,1,145.0,AUS,AUS
MNG,MGT,1,72.0,AUS,AUS
MNL,AUH,2,6984.0,PHL,ARE
MNL,BAH,2,7370.0,PHL,BHR
MNL,BCD,3,468.0,PHL,PHL
MNL,BKI,2,1097.0,PHL,MYS
MNL,BKK,4,2188.0,PHL,THA
MNL,BSO,2,669.0,PHL,PHL
MNL,BWN,2,1255.0,PHL,BRN
MNL,BXU,3,786.0,PHL,PHL
MNL,CAN,3,1278.0,PHL,CHN
MNL,CBO,3,888.0,PHL,PHL
MNL,CEB,5,567.0,PHL,PHL
MNL,CGK,3,2788.0,PHL,IDN
MNL,CGY,3,755.0,PHL,PHL
MNL,CRM,2,450.0,PHL,PHL
MNL,CYP,1,468.0,PHL,PHL
MNL,CYZ,1,280.0,PHL,PHL
MNL,DGT,3,627.0,PHL,PHL
MNL,DMM,2,7451.0,PHL,SAU
MNL,DOH,2,7282.0,PHL,QAT
MNL,DPL,2,704.0,PHL,PHL
MNL,DPS,2,2665.0,PHL,IDN
MNL,DRW,1,3185.0,PHL,AUS
MNL,DVO,3,964.0,PHL,PHL
MNL,DWC,2,6929.0,PHL,ARE
MNL,DXB,3,6906.0,PHL,ARE
MNL,FUK,1,2324.0,PHL,JPN
MNL,GES,3,1040.0,PHL,PHL
MNL,GUM,2,2567.0,PHL,GUM
MNL,HAN,1,1773.0,PHL,VNM
MNL,HKG,4,1146.0,PHL,HKG
MNL,HKT,1,2574.0,PHL,THA
MNL,HND,2,2996.0,PHL,JPN
MNL,HNL,1,8520.0,PHL,USA
MNL,ICN,6,2609.0,PHL,KOR
MNL,ILO,3,439.0,PHL,PHL
MNL,JED,1,8595.0,PHL,SAU
MNL,KHH,1,900.0,PHL,TWN
MNL,KIX,3,2635.0,PHL,JPN
MNL,KLO,6,347.0,PHL,PHL
MNL,KUL,3,2490.0,PHL,MYS
MNL,LAO,2,411.0,PHL,PHL
MNL,LAX,1,11740.0,PHL,USA
MNL,LGP,3,329.0,PHL,PHL
MNL,LHR,1,10767.0,PHL,ENG
MNL,MBT,1,369.0,PHL,PHL
MNL,MEL,1,6314.0,PHL,AUS
MNL,MFM,4,1156.0,PHL,MAC
MNL,MPH,3,305.0,PHL,PHL
MNL,MYY,1,1370.0,PHL,MYS
MNL,NGO,3,2760.0,PHL,JPN
MNL,NRT,5,3051.0,PHL,JPN
MNL,OZC,3,768.0,PHL,PHL
MNL,PAG,1,789.0,PHL,PHL
MNL,PEK,3,2876.0,PHL,CHN
MNL,POM,1,3929.0,PHL,PNX
MNL,PPS,5,584.0,PHL,PHL
MNL,PUS,3,2431.0,PHL,KOR
MNL,PVG,4,1851.0,PHL,CHN
MNL,REP,1,1860.0,PHL,KHM
MNL,ROR,1,1675.0,PHL,PLW
MNL,RUH,2,7778.0,PHL,SAU
MNL,RXS,3,374.0,PHL,PHL
MNL,SFO,1,11229.0,PHL,USA
MNL,SGN,3,1611.0,PHL,VNM
MNL,SIN,5,2375.0,PHL,SGP
MNL,SJI,1,239.0,PHL,PHL
MNL,SUG,2,717.0,PHL,PHL
MNL,SYD,2,6263.0,PHL,AUS
MNL,TAC,4,567.0,PHL,PHL
MNL,TAG,3,620.0,PHL,PHL
MNL,TPE,6,1175.0,PHL,TWN
MNL,TUG,3,357.0,PHL,PHL
MNL,USU,2,283.0,PHL,PHL
MNL,VRC,1,359.0,PHL,PHL
MNL,WNP,2,264.0,PHL,PHL
MNL,XMN,3,1156.0,PHL,CHN
MNL,YVR,1,10554.0,PHL,CAN
MNL,ZAM,3,851.0,PHL,PHL
MNS,LUN,1,469.0,ZMB,ZMB
MOB,ATL,3,486.0,USA,USA
MOB,CLT,2,846.0,USA,USA
MOB,DFW,2,866.0,USA,USA
MOB,IAH,1,686.0,USA,USA
MOB,ORD,1,1255.0,USA,USA
MOC,CNF,2,325.0,BRA,BRA
MOC,PLU,1,350.0,BRA,BRA
MOD,SFO,1,125.0,USA,USA
MOF,DPS,1,777.0,IDN,IDN
MOF,KOE,2,232.0,IDN,IDN
MOI,RAR,1,266.0,COK,COK
MOL,ALC,1,2771.0,NOW,ESP
MOL,BGO,1,293.0,NOW,NOW
MOL,CPH,1,849.0,NOW,DNK
MOL,KSU,1,50.0,NOW,NOW
MOL,OSL,2,354.0,NOW,NOW
MOL,SRP,1,344.0,NOW,NOW
MOQ,TLE,1,350.0,MDG,MDG
MOQ,TNR,1,370.0,MDG,MDG
MOT,AZA,1,1874.0,USA,USA
MOT,DEN,2,972.0,USA,USA
MOT,LAS,1,1767.0,USA,USA
MOT,MSP,1,721.0,USA,USA
MOU,KSM,1,20.0,USA,USA
MOV,BNE,2,781.0,AUS,AUS
MOV,TSV,1,340.0,AUS,AUS
MOZ,BOB,1,241.0,PYF,PYF
MOZ,HUH,1,161.0,PYF,PYF
MOZ,PPT,1,18.0,PYF,PYF
MOZ,RFP,1,200.0,PYF,PYF
MPA,ERS,1,925.0,NAM,NAM
MPA,NDU,1,473.0,NAM,NAM
MPH,CEB,1,285.0,PHL,PHL
MPH,MNL,3,305.0,PHL,PHL
MPL,AJA,1,436.0,FXX,FXX
MPL,BSL,1,525.0,FXX,FXX
MPL,CDG,2,614.0,FXX,FXX
MPL,CMN,1,1514.0,FXX,MAR
MPL,CRL,1,766.0,FXX,BWR
MPL,DUS,1,883.0,FXX,DEU
MPL,FCO,2,704.0,FXX,ITA
MPL,FEZ,1,1322.0,FXX,MAR
MPL,FRA,1,799.0,FXX,DEU
MPL,HHN,1,752.0,FXX,DEU
MPL,LBA,1,1215.0,FXX,ENG
MPL,LGW,1,898.0,FXX,ENG
MPL,LIL,1,780.0,FXX,FXX
MPL,LTN,1,978.0,FXX,ENG
MPL,LYS,1,255.0,FXX,FXX
MPL,NDR,1,1128.0,FXX,MAR
MPL,NTE,2,589.0,FXX,FXX
MPL,ORY,1,585.0,FXX,FXX
MPL,RTM,1,933.0,FXX,NLX
MPL,SXB,2,620.0,FXX,FXX
MPM,ADD,1,3939.0,MOZ,ETH
MPM,APL,1,1390.0,MOZ,MOZ
MPM,BEW,1,722.0,MOZ,MOZ
MPM,CPT,1,1614.0,MOZ,ZAF
MPM,DUR,1,435.0,MOZ,ZAF
MPM,INH,1,365.0,MOZ,MOZ
MPM,JNB,3,433.0,MOZ,ZAF
MPM,LAD,1,2787.0,MOZ,AGO
MPM,LIS,1,8400.0,MOZ,PRX
MPM,NBO,1,2775.0,MOZ,KEN
MPM,POL,1,1661.0,MOZ,MOZ
MPM,TET,1,1097.0,MOZ,MOZ
MPM,UEL,1,1000.0,MOZ,MOZ
MPM,VNX,1,516.0,MOZ,MOZ
MPM,VPY,1,758.0,MOZ,MOZ
MPN,PUQ,1,851.0,FLK,CHL
MQF,SVO,1,1396.0,RUS,RUS
MQF,SVX,1,395.0,RUS,RUS
MQH,BSB,1,260.0,BRA,BRA
MQJ,YKS,2,809.0,RUS,RUS
MQL,ADL,1,335.0,AUS,AUS
MQL,BHQ,1,254.0,AUS,AUS
MQL,MEL,3,456.0,AUS,AUS
MQL,SYD,1,837.0,AUS,AUS
MQM,ADB,1,1189.0,TUR,TUR
MQM,ESB,1,737.0,TUR,TUR
MQM,IST,1,1117.0,TUR,TUR
MQM,SAW,2,1059.0,TUR,TUR
MQN,BOO,1,101.0,NOW,NOW
MQN,MJF,1,81.0,NOW,NOW
MQN,RVK,1,223.0,NOW,NOW
MQN,TRD,1,360.0,NOW,NOW
MQP,CPT,1,1537.0,ZAF,ZAF
MQP,DUR,1,470.0,ZAF,ZAF
MQP,JNB,1,298.0,ZAF,ZAF
MQP,LVI,1,1002.0,ZAF,ZMB
MQT,DTW,1,562.0,USA,USA
MQT,ORD,2,488.0,USA,USA
MQX,ADD,1,506.0,ETH,ETH
MRD,CCS,2,509.0,VEN,VEN
MRE,WIL,3,201.0,KEN,KEN
MRS,AAE,2,768.0,FXX,DZA
MRS,AGA,1,1949.0,FXX,MAR
MRS,AGB,1,708.0,FXX,DEU
MRS,AGP,1,1117.0,FXX,ESP
MRS,AJA,3,338.0,FXX,FXX
MRS,ALG,3,769.0,FXX,DZA
MRS,AMS,2,987.0,FXX,NLX
MRS,ATH,3,1688.0,FXX,GRC
MRS,BCN,2,351.0,FXX,ESP
MRS,BES,2,929.0,FXX,FXX
MRS,BIA,3,360.0,FXX,FXX
MRS,BIQ,1,545.0,FXX,FXX
MRS,BJA,2,748.0,FXX,DZA
MRS,BLJ,1,860.0,FXX,DZA
MRS,BOD,2,498.0,FXX,FXX
MRS,BRU,1,832.0,FXX,BFR
MRS,CAG,1,565.0,FXX,ITA
MRS,CDG,8,653.0,FXX,FXX
MRS,CFK,1,869.0,FXX,DZA
MRS,CHQ,1,1841.0,FXX,GRC
MRS,CIA,1,630.0,FXX,ITA
MRS,CLY,3,308.0,FXX,FXX
MRS,CMN,1,1578.0,FXX,MAR
MRS,CRL,1,783.0,FXX,BWR
MRS,CTA,1,1064.0,FXX,ITA
MRS,CZL,2,805.0,FXX,DZA
MRS,DJE,2,1167.0,FXX,TUN
MRS,DUB,1,1393.0,FXX,IRL
MRS,DZA,1,7458.0,FXX,MYT
MRS,EDI,1,1520.0,FXX,SCT
MRS,EIN,1,891.0,FXX,NLX
MRS,ESU,1,1872.0,FXX,MAR
MRS,ETZ,1,621.0,FXX,FXX
MRS,FCO,2,602.0,FXX,ITA
MRS,FEZ,1,1377.0,FXX,MAR
MRS,FRA,2,776.0,FXX,DEU
MRS,FSC,3,384.0,FXX,FXX
MRS,GSE,1,1660.0,FXX,SWE
MRS,GVA,1,319.0,FXX,CHE
MRS,HER,1,1930.0,FXX,GRC
MRS,IBZ,1,601.0,FXX,ESP
MRS,IST,2,1942.0,FXX,TUR
MRS,LGW,1,949.0,FXX,ENG
MRS,LHR,2,989.0,FXX,ENG
MRS,LIL,2,808.0,FXX,FXX
MRS,LIS,2,1307.0,FXX,PRX
MRS,LYS,1,254.0,FXX,FXX
MRS,MAD,2,797.0,FXX,ESP
MRS,MIR,1,976.0,FXX,TUN
MRS,MLA,2,1156.0,FXX,MLT
MRS,MUC,1,746.0,FXX,DEU
MRS,MXP,4,370.0,FXX,ITA
MRS,NDR,1,1177.0,FXX,MAR
MRS,NTE,2,675.0,FXX,FXX
MRS,OPO,1,1167.0,FXX,PRX
MRS,ORN,2,1003.0,FXX,DZA
MRS,ORY,2,627.0,FXX,FXX
MRS,OUD,1,1142.0,FXX,MAR
MRS,PMI,3,479.0,FXX,ESP
MRS,PMO,1,883.0,FXX,ITA
MRS,PRG,1,1010.0,FXX,CZE
MRS,PUF,1,456.0,FXX,FXX
MRS,QSF,2,807.0,FXX,DZA
MRS,RAK,3,1756.0,FXX,MAR
MRS,RBA,1,1469.0,FXX,MAR
MRS,RNS,1,745.0,FXX,FXX
MRS,RUN,1,8801.0,FXX,REU
MRS,SAW,1,1998.0,FXX,TUR
MRS,STN,1,1010.0,FXX,ENG
MRS,SVO,1,2666.0,FXX,RUS
MRS,SVQ,1,1153.0,FXX,ESP
MRS,SXB,1,597.0,FXX,FXX
MRS,TLM,2,1098.0,FXX,DZA
MRS,TLS,1,312.0,FXX,FXX
MRS,TLV,2,2881.0,FXX,ISR
MRS,TNG,1,1281.0,FXX,MAR
MRS,TNR,1,8152.0,FXX,MDG
MRS,TUF,1,566.0,FXX,FXX
MRS,TUN,2,847.0,FXX,TUN
MRS,TXL,1,1177.0,FXX,DEU
MRS,VCE,2,610.0,FXX,ITA
MRS,VLC,1,647.0,FXX,ESP
MRS,WMI,1,1519.0,FXX,POL
MRS,YUL,1,6005.0,FXX,CAN
MRS,ZAD,1,816.0,FXX,HRV
MRU,BLR,2,4333.0,MUS,IND
MRU,BOM,2,4695.0,MUS,IND
MRU,CDG,2,9447.0,MUS,FXX
MRU,CPT,1,4118.0,MUS,ZAF
MRU,DEL,2,5834.0,MUS,IND
MRU,DUR,1,2856.0,MUS,ZAF
MRU,DXB,2,5086.0,MUS,ARE
MRU,FCO,1,8349.0,MUS,ITA
MRU,FRA,1,9200.0,MUS,DEU
MRU,HKG,1,7734.0,MUS,HKG
MRU,JNB,3,3066.0,MUS,ZAF
MRU,KUL,2,5447.0,MUS,MYS
MRU,LGW,2,9748.0,MUS,ENG
MRU,LHR,1,9784.0,MUS,ENG
MRU,NBO,2,3098.0,MUS,KEN
MRU,ORY,1,9436.0,MUS,FXX
MRU,PEK,1,9077.0,MUS,CHN
MRU,PER,1,5886.0,MUS,AUS
MRU,PVG,1,8922.0,MUS,CHN
MRU,RRG,1,598.0,MUS,MUS
MRU,RUN,4,232.0,MUS,REU
MRU,SEZ,1,1768.0,MUS,SYC
MRU,TNR,2,1084.0,MUS,MDG
MRU,VKO,1,8671.0,MUS,RUS
MRU,ZSE,3,255.0,MUS,REU
MRV,ASF,1,448.0,RUS,RUS
MRV,DME,3,1297.0,RUS,RUS
MRV,DWC,1,2411.0,RUS,ARE
MRV,DXB,2,2383.0,RUS,ARE
MRV,DYU,1,2228.0,RUS,TJK
MRV,EVN,1,466.0,RUS,ARM
MRV,GYD,1,708.0,RUS,AZE
MRV,LED,1,1934.0,RUS,RUS
MRV,RTW,1,845.0,RUS,RUS
MRV,SAW,1,1185.0,RUS,TUR
MRV,SCO,1,641.0,RUS,KAZ
MRV,SVO,1,1366.0,RUS,RUS
MRV,SVX,3,1862.0,RUS,RUS
MRV,TAS,2,2155.0,RUS,UZB
MRV,TLV,1,1534.0,RUS,ISR
MRV,VKO,1,1330.0,RUS,RUS
MRX,IFN,1,354.0,IRN,IRN
MRX,THR,1,605.0,IRN,IRN
MRY,DEN,1,1541.0,USA,USA
MRY,LAS,1,602.0,USA,USA
MRY,LAX,4,429.0,USA,USA
MRY,PHX,2,961.0,USA,USA
MRY,SAN,1,604.0,USA,USA
MRY,SFO,1,124.0,USA,USA
MRZ,SYD,1,510.0,AUS,AUS
MSA,XBE,1,76.0,CAN,CAN
MSA,YXL,1,370.0,CAN,CAN
MSA,ZPB,1,58.0,CAN,CAN
MSA,ZRJ,1,63.0,CAN,CAN
MSJ,HND,1,589.0,JPN,JPN
MSJ,ITM,1,839.0,JPN,JPN
MSL,ATL,1,318.0,USA,USA
MSN,ATL,3,1140.0,USA,USA
MSN,CVG,1,600.0,USA,USA
MSN,DCA,1,1136.0,USA,USA
MSN,DEN,2,1326.0,USA,USA
MSN,DFW,2,1322.0,USA,USA
MSN,DTW,1,500.0,USA,USA
MSN,EWR,1,1282.0,USA,USA
MSN,LGA,1,1303.0,USA,USA
MSN,MSP,1,366.0,USA,USA
MSN,ORD,3,174.0,USA,USA
MSN,SLC,1,1884.0,USA,USA
MSO,AZA,1,1527.0,USA,USA
MSO,DEN,1,1091.0,USA,USA
MSO,LAS,1,1208.0,USA,USA
MSO,MSP,1,1626.0,USA,USA
MSO,PDX,1,670.0,USA,USA
MSO,SEA,1,624.0,USA,USA
MSO,SLC,1,702.0,USA,USA
MSP,ABQ,1,1577.0,USA,USA
MSP,ABR,1,412.0,USA,USA
MSP,ALB,1,1572.0,USA,USA
MSP,AMS,2,6685.0,USA,NLX
MSP,ANC,1,4042.0,USA,USA
MSP,APN,1,760.0,USA,USA
MSP,ATL,7,1460.0,USA,USA
MSP,ATW,1,379.0,USA,USA
MSP,ATY,1,310.0,USA,USA
MSP,AUS,1,1679.0,USA,USA
MSP,AZO,1,684.0,USA,USA
MSP,BDL,1,1686.0,USA,USA
MSP,BHM,1,1375.0,USA,USA
MSP,BIL,1,1200.0,USA,USA
MSP,BIS,1,619.0,USA,USA
MSP,BJI,1,320.0,USA,USA
MSP,BMI,1,603.0,USA,USA
MSP,BNA,1,1119.0,USA,USA
MSP,BOI,1,1833.0,USA,USA
MSP,BOS,2,1804.0,USA,USA
MSP,BRD,1,183.0,USA,USA
MSP,BUF,1,1179.0,USA,USA
MSP,BWI,2,1504.0,USA,USA
MSP,BZN,1,1402.0,USA,USA
MSP,CDG,2,6775.0,USA,FXX
MSP,CID,1,355.0,USA,USA
MSP,CLE,2,999.0,USA,USA
MSP,CLT,3,1496.0,USA,USA
MSP,CMH,1,1006.0,USA,USA
MSP,CUN,3,2715.0,USA,MEX
MSP,CVG,1,959.0,USA,USA
MSP,CWA,1,281.0,USA,USA
MSP,DAY,1,923.0,USA,USA
MSP,DCA,4,1495.0,USA,USA
MSP,DEN,6,1092.0,USA,USA
MSP,DFW,5,1373.0,USA,USA
MSP,DIK,1,772.0,USA,USA
MSP,DLH,1,232.0,USA,USA
MSP,DSM,1,374.0,USA,USA
MSP,DTW,1,848.0,USA,USA
MSP,EWR,2,1619.0,USA,USA
MSP,FAR,1,359.0,USA,USA
MSP,FCA,1,1646.0,USA,USA
MSP,FLL,1,2396.0,USA,USA
MSP,FNT,1,788.0,USA,USA
MSP,FSD,1,315.0,USA,USA
MSP,FWA,1,784.0,USA,USA
MSP,GEG,1,1886.0,USA,USA
MSP,GFK,1,456.0,USA,USA
MSP,GRB,1,405.0,USA,USA
MSP,GRR,1,656.0,USA,USA
MSP,GTF,1,1423.0,USA,USA
MSP,HIB,1,280.0,USA,USA
MSP,HLN,1,1465.0,USA,USA
MSP,IAD,2,1459.0,USA,USA
MSP,IAH,3,1667.0,USA,USA
MSP,ICT,1,878.0,USA,USA
MSP,IMT,1,412.0,USA,USA
MSP,IND,1,808.0,USA,USA
MSP,INL,1,410.0,USA,USA
MSP,ISN,1,876.0,USA,USA
MSP,JAX,1,1890.0,USA,USA
MSP,JFK,2,1651.0,USA,USA
MSP,LAN,2,731.0,USA,USA
MSP,LAS,3,2088.0,USA,USA
MSP,LAX,7,2467.0,USA,USA
MSP,LEX,1,1045.0,USA,USA
MSP,LGA,1,1638.0,USA,USA
MSP,LHR,4,6443.0,USA,ENG
MSP,LNK,1,533.0,USA,USA
MSP,LSE,1,192.0,USA,USA
MSP,MBS,1,744.0,USA,USA
MSP,MCI,3,633.0,USA,USA
MSP,MCO,4,2110.0,USA,USA
MSP,MDW,4,560.0,USA,USA
MSP,MEM,1,1128.0,USA,USA
MSP,MIA,3,2418.0,USA,USA
MSP,MKE,3,478.0,USA,USA
MSP,MLI,1,441.0,USA,USA
MSP,MOT,1,721.0,USA,USA
MSP,MSN,1,366.0,USA,USA
MSP,MSO,1,1626.0,USA,USA
MSP,MSY,4,1676.0,USA,USA
MSP,NRT,1,9553.0,USA,JPN
MSP,OAK,1,2534.0,USA,USA
MSP,OKC,1,1118.0,USA,USA
MSP,OMA,1,453.0,USA,USA
MSP,ORD,5,537.0,USA,USA
MSP,ORF,1,1679.0,USA,USA
MSP,PDX,1,2289.0,USA,USA
MSP,PHL,3,1574.0,USA,USA
MSP,PHX,6,2052.0,USA,USA
MSP,PIA,1,550.0,USA,USA
MSP,PIT,1,1167.0,USA,USA
MSP,PSC,1,2013.0,USA,USA
MSP,PSP,2,2336.0,USA,USA
MSP,PUJ,1,3722.0,USA,DOM
MSP,RAP,1,786.0,USA,USA
MSP,RDU,1,1576.0,USA,USA
MSP,RHI,1,305.0,USA,USA
MSP,RIC,1,1559.0,USA,USA
MSP,ROC,1,1257.0,USA,USA
MSP,RST,1,123.0,USA,USA
MSP,RSW,2,2282.0,USA,USA
MSP,SAN,3,2463.0,USA,USA
MSP,SAT,1,1768.0,USA,USA
MSP,SBN,1,661.0,USA,USA
MSP,SDF,1,971.0,USA,USA
MSP,SEA,5,2245.0,USA,USA
MSP,SFO,5,2551.0,USA,USA
MSP,SJC,1,2530.0,USA,USA
MSP,SLC,1,1592.0,USA,USA
MSP,SMF,1,2436.0,USA,USA
MSP,SNA,1,2446.0,USA,USA
MSP,STL,3,722.0,USA,USA
MSP,SYR,1,1381.0,USA,USA
MSP,TPA,1,2105.0,USA,USA
MSP,TUL,1,991.0,USA,USA
MSP,TUS,1,2087.0,USA,USA
MSP,TVC,1,603.0,USA,USA
MSP,TYS,1,1274.0,USA,USA
MSP,XNA,1,961.0,USA,USA
MSP,YEG,1,1744.0,USA,CAN
MSP,YQR,1,1054.0,USA,CAN
MSP,YUL,2,1525.0,USA,CAN
MSP,YVR,1,2305.0,USA,CAN
MSP,YWG,1,635.0,USA,CAN
MSP,YXE,1,1278.0,USA,CAN
MSP,YYC,1,1688.0,USA,CAN
MSP,YYZ,4,1089.0,USA,CAN
MSQ,AER,1,1449.0,BLR,RUS
MSQ,AMS,1,1556.0,BLR,NLX
MSQ,ARN,1,888.0,BLR,SWE
MSQ,ASB,1,2900.0,BLR,TKM
MSQ,AUH,2,3950.0,BLR,ARE
MSQ,BCN,1,2375.0,BLR,ESP
MSQ,BEY,1,2306.0,BLR,LBN
MSQ,BUD,1,946.0,BLR,HUN
MSQ,BUS,1,1694.0,BLR,GEA
MSQ,CDG,1,1835.0,BLR,FXX
MSQ,DME,3,657.0,BLR,RUS
MSQ,EVN,1,1958.0,BLR,ARM
MSQ,FCO,1,1779.0,BLR,ITA
MSQ,FRA,2,1395.0,BLR,DEU
MSQ,GVA,1,1770.0,BLR,CHE
MSQ,GYD,1,2218.0,BLR,AZE
MSQ,HAJ,1,1229.0,BLR,DEU
MSQ,HEL,2,739.0,BLR,FIN
MSQ,IKA,1,2725.0,BLR,IRN
MSQ,IST,2,1403.0,BLR,TUR
MSQ,KBP,2,439.0,BLR,UKR
MSQ,KGD,1,494.0,BLR,RUS
MSQ,KRR,1,1268.0,BLR,RUS
MSQ,KUF,1,1452.0,BLR,RUS
MSQ,KUT,1,1681.0,BLR,GEG
MSQ,LCA,1,2158.0,BLR,CYP
MSQ,LED,3,672.0,BLR,RUS
MSQ,LGW,1,1921.0,BLR,ENG
MSQ,MXP,1,1654.0,BLR,ITA
MSQ,NCE,1,1891.0,BLR,FXX
MSQ,PRG,2,1030.0,BLR,CZE
MSQ,RIX,2,424.0,BLR,LVA
MSQ,SVO,1,642.0,BLR,RUS
MSQ,SVX,1,2078.0,BLR,RUS
MSQ,SXF,1,980.0,BLR,DEU
MSQ,TBS,1,1846.0,BLR,GEG
MSQ,TLV,1,2492.0,BLR,ISR
MSQ,TSE,1,2914.0,BLR,KAZ
MSQ,VIE,2,1025.0,BLR,AUT
MSQ,VNO,1,197.0,BLR,LTU
MSQ,WAW,2,509.0,BLR,POL
MSR,ESB,1,760.0,TUR,TUR
MSR,IST,1,1134.0,TUR,TUR
MSR,SAW,1,1081.0,TUR,TUR
MSS,ALB,1,257.0,USA,USA
MST,ALC,1,1490.0,NLX,ESP
MST,AYT,1,2518.0,NLX,TUR
MST,BRI,1,1376.0,NLX,ITA
MST,FAO,1,1890.0,NLX,PRX
MST,GRO,1,1028.0,NLX,ESP
MST,HER,1,2327.0,NLX,GRC
MST,OPO,1,1543.0,NLX,PRX
MST,PMI,1,1285.0,NLX,ESP
MST,TFS,1,3158.0,NLX,ESP
MST,TPS,1,1539.0,NLX,ITA
MSU,JNB,1,376.0,LSO,ZAF
MSW,ASM,1,65.0,ERI,ERI
MSY,ATL,9,684.0,USA,USA
MSY,AUS,3,713.0,USA,USA
MSY,BNA,1,759.0,USA,USA
MSY,BOS,1,2200.0,USA,USA
MSY,BWI,2,1606.0,USA,USA
MSY,CLE,1,1478.0,USA,USA
MSY,CLT,2,1047.0,USA,USA
MSY,CVG,1,1129.0,USA,USA
MSY,DAL,2,701.0,USA,USA
MSY,DCA,2,1559.0,USA,USA
MSY,DEN,5,1708.0,USA,USA
MSY,DFW,6,719.0,USA,USA
MSY,DTW,5,1492.0,USA,USA
MSY,EWR,5,1877.0,USA,USA
MSY,EYW,2,1034.0,USA,USA
MSY,FLL,2,1083.0,USA,USA
MSY,HOU,2,486.0,USA,USA
MSY,IAD,3,1536.0,USA,USA
MSY,IAH,4,490.0,USA,USA
MSY,JFK,11,1901.0,USA,USA
MSY,LAS,2,2410.0,USA,USA
MSY,LAX,9,2683.0,USA,USA
MSY,LGA,3,1903.0,USA,USA
MSY,MCI,2,1112.0,USA,USA
MSY,MCO,2,886.0,USA,USA
MSY,MDW,2,1330.0,USA,USA
MSY,MEM,2,562.0,USA,USA
MSY,MIA,5,1085.0,USA,USA
MSY,MKE,2,1456.0,USA,USA
MSY,MSP,3,1676.0,USA,USA
MSY,ORD,8,1349.0,USA,USA
MSY,PHL,2,1751.0,USA,USA
MSY,PHX,1,2089.0,USA,USA
MSY,SAN,2,2568.0,USA,USA
MSY,SFO,1,3069.0,USA,USA
MSY,SLC,2,2296.0,USA,USA
MSY,STL,2,974.0,USA,USA
MSY,TPA,2,784.0,USA,USA
MSY,YYZ,2,1788.0,USA,CAN
MSZ,LAD,1,722.0,AGO,AGO
MTJ,DEN,1,316.0,USA,USA
MTM,KTN,3,26.0,USA,USA
MTR,BOG,2,494.0,COL,COL
MTR,EOH,1,291.0,COL,COL
MTS,JNB,1,308.0,SWZ,ZAF
MTT,MEX,2,496.0,MEX,MEX
MTV,SLH,1,28.0,VUT,VUT
MTV,TOH,1,122.0,VUT,VUT
MTV,ZGU,1,63.0,VUT,VUT
MTY,ACA,1,1004.0,MEX,MEX
MTY,AGU,1,506.0,MEX,MEX
MTY,ATL,6,1745.0,MEX,USA
MTY,BJX,2,550.0,MEX,MEX
MTY,CJS,3,896.0,MEX,MEX
MTY,CUL,4,749.0,MEX,MEX
MTY,CUN,3,1448.0,MEX,MEX
MTY,CUU,4,664.0,MEX,MEX
MTY,DFW,2,845.0,MEX,USA
MTY,DTW,2,2383.0,MEX,USA
MTY,GDL,5,670.0,MEX,MEX
MTY,HMO,2,1140.0,MEX,MEX
MTY,IAH,2,662.0,MEX,USA
MTY,LAP,1,1051.0,MEX,MEX
MTY,LAS,3,1832.0,MEX,USA
MTY,MEX,4,713.0,MEX,MEX
MTY,MID,2,1194.0,MEX,MEX
MTY,MZT,1,688.0,MEX,MEX
MTY,OAX,1,1037.0,MEX,MEX
MTY,ORD,1,2120.0,MEX,USA
MTY,PBC,1,757.0,MEX,MEX
MTY,PTY,2,2870.0,MEX,PAN
MTY,PVR,2,773.0,MEX,MEX
MTY,QRO,2,574.0,MEX,MEX
MTY,SAT,3,448.0,MEX,USA
MTY,SJD,2,1016.0,MEX,MEX
MTY,TAM,2,449.0,MEX,MEX
MTY,TGZ,1,1260.0,MEX,MEX
MTY,TIJ,1,1799.0,MEX,MEX
MTY,TLC,2,718.0,MEX,MEX
MTY,VER,3,840.0,MEX,MEX
MTY,VSA,1,1146.0,MEX,MEX
MUA,EGM,1,73.0,SLB,SLB
MUA,GZO,1,51.0,SLB,SLB
MUA,HIR,1,330.0,SLB,SLB
MUA,KGE,1,116.0,SLB,SLB
MUB,BBK,1,300.0,BWA,BWA
MUB,CPT,1,1627.0,BWA,ZAF
MUB,GBE,1,570.0,BWA,BWA
MUB,JNB,2,844.0,BWA,ZAF
MUB,VFA,1,328.0,BWA,ZWE
MUB,WDH,1,678.0,BWA,NAM
MUC,ACE,2,3058.0,DEU,ESP
MUC,ADB,2,1667.0,DEU,TUR
MUC,AGA,1,2691.0,DEU,MAR
MUC,AGP,5,1855.0,DEU,ESP
MUC,ALC,2,1497.0,DEU,ESP
MUC,AMM,2,2747.0,DEU,JOR
MUC,AMS,2,664.0,DEU,NLX
MUC,AOI,1,541.0,DEU,ITA
MUC,AOK,1,1912.0,DEU,GRC
MUC,ARN,3,1317.0,DEU,SWE
MUC,ATH,4,1518.0,DEU,GRC
MUC,ATL,3,7702.0,DEU,USA
MUC,AUH,3,4580.0,DEU,ARE
MUC,AYT,4,2001.0,DEU,TUR
MUC,BCN,3,1095.0,DEU,ESP
MUC,BDS,2,985.0,DEU,ITA
MUC,BEG,2,760.0,DEU,SRS
MUC,BHX,1,1060.0,DEU,ENG
MUC,BIO,1,1267.0,DEU,ESP
MUC,BKK,2,8800.0,DEU,THA
MUC,BLL,1,841.0,DEU,DNK
MUC,BLQ,1,426.0,DEU,ITA
MUC,BOD,1,1031.0,DEU,FXX
MUC,BOM,2,6312.0,DEU,IND
MUC,BOS,2,6181.0,DEU,USA
MUC,BRE,1,563.0,DEU,DEU
MUC,BRI,2,893.0,DEU,ITA
MUC,BRN,1,359.0,DEU,CHE
MUC,BRS,1,1091.0,DEU,ENG
MUC,BRU,2,597.0,DEU,BFR
MUC,BSL,3,328.0,DEU,FXX
MUC,BUD,1,566.0,DEU,HUN
MUC,BVC,1,4769.0,DEU,CPV
MUC,CAG,3,1035.0,DEU,ITA
MUC,CAI,2,2623.0,DEU,EGY
MUC,CDG,2,682.0,DEU,FXX
MUC,CFU,3,1169.0,DEU,GRC
MUC,CGN,2,436.0,DEU,DEU
MUC,CHQ,1,1750.0,DEU,GRC
MUC,CLJ,1,909.0,DEU,ROU
MUC,CLT,1,7351.0,DEU,USA
MUC,CMN,1,2318.0,DEU,MAR
MUC,CPH,2,810.0,DEU,DNK
MUC,CTA,5,1239.0,DEU,ITA
MUC,DBV,2,818.0,DEU,HRV
MUC,DEL,2,5899.0,DEU,IND
MUC,DJE,3,1612.0,DEU,TUN
MUC,DLM,2,1894.0,DEU,TUR
MUC,DME,3,1942.0,DEU,RUS
MUC,DOH,2,4302.0,DEU,QAT
MUC,DOK,1,1914.0,DEU,UKR
MUC,DRS,1,340.0,DEU,DEU
MUC,DTM,2,461.0,DEU,DEU
MUC,DUB,2,1381.0,DEU,IRL
MUC,DUS,3,486.0,DEU,DEU
MUC,DXB,3,4564.0,DEU,ARE
MUC,EBA,1,633.0,DEU,ITA
MUC,EBL,1,2940.0,DEU,IRK
MUC,EDI,1,1330.0,DEU,SCT
MUC,ESB,1,1912.0,DEU,TUR
MUC,EWR,2,6503.0,DEU,USA
MUC,FAO,4,2038.0,DEU,PRX
MUC,FCO,2,730.0,DEU,ITA
MUC,FLR,2,507.0,DEU,ITA
MUC,FMO,1,511.0,DEU,DEU
MUC,FNC,2,2948.0,DEU,PMD
MUC,FRA,3,299.0,DEU,DEU
MUC,FUE,3,3117.0,DEU,ESP
MUC,GDN,2,814.0,DEU,POL
MUC,GOA,1,493.0,DEU,ITA
MUC,GOT,2,1036.0,DEU,SWE
MUC,GRU,2,9857.0,DEU,BRA
MUC,GRZ,2,313.0,DEU,AUT
MUC,GVA,2,488.0,DEU,CHE
MUC,GWT,2,767.0,DEU,DEU
MUC,HAJ,1,480.0,DEU,DEU
MUC,HAM,2,600.0,DEU,DEU
MUC,HEL,4,1575.0,DEU,FIN
MUC,HER,5,1818.0,DEU,GRC
MUC,HKG,1,9019.0,DEU,HKG
MUC,HND,2,9359.0,DEU,JPN
MUC,HRG,1,3025.0,DEU,EGY
MUC,IAD,2,6843.0,DEU,USA
MUC,IAH,1,8699.0,DEU,USA
MUC,IBZ,2,1344.0,DEU,ESP
MUC,ICN,1,8500.0,DEU,KOR
MUC,IST,4,1548.0,DEU,TUR
MUC,ISU,1,3082.0,DEU,IRK
MUC,JFK,2,6481.0,DEU,USA
MUC,JNB,3,8444.0,DEU,ZAF
MUC,KBP,2,1398.0,DEU,UKR
MUC,KEF,1,2692.0,DEU,ISL
MUC,KGS,3,1789.0,DEU,GRC
MUC,KIV,1,1291.0,DEU,MDA
MUC,KLX,2,1505.0,DEU,GRC
MUC,KRK,2,611.0,DEU,POL
MUC,KRR,1,2109.0,DEU,RUS
MUC,KVA,1,1307.0,DEU,GRC
MUC,LAX,2,9616.0,DEU,USA
MUC,LCA,2,2340.0,DEU,CYP
MUC,LED,2,1741.0,DEU,RUS
MUC,LEJ,1,343.0,DEU,DEU
MUC,LGW,1,914.0,DEU,ENG
MUC,LHR,4,942.0,DEU,ENG
MUC,LIS,3,1984.0,DEU,PRX
MUC,LJU,2,311.0,DEU,SVN
MUC,LPA,4,3254.0,DEU,ESP
MUC,LUX,2,431.0,DEU,LUX
MUC,LWO,1,900.0,DEU,UKR
MUC,LYS,1,586.0,DEU,FXX
MUC,MAD,6,1497.0,DEU,ESP
MUC,MAH,1,1120.0,DEU,ESP
MUC,MAN,6,1130.0,DEU,ENG
MUC,MCT,1,4902.0,DEU,OMN
MUC,MEX,1,9845.0,DEU,MEX
MUC,MJT,1,1572.0,DEU,GRC
MUC,MLA,2,1407.0,DEU,MLT
MUC,MRS,1,746.0,DEU,FXX
MUC,MXP,1,381.0,DEU,ITA
MUC,NAP,3,854.0,DEU,ITA
MUC,NBE,3,1370.0,DEU,TUN
MUC,NCE,1,630.0,DEU,FXX
MUC,NTE,1,1009.0,DEU,FXX
MUC,NUE,1,137.0,DEU,DEU
MUC,ODS,1,1434.0,DEU,UKR
MUC,OLB,3,848.0,DEU,ITA
MUC,OPO,1,1790.0,DEU,PRX
MUC,ORD,2,7270.0,DEU,USA
MUC,ORK,1,1492.0,DEU,IRL
MUC,OSL,3,1309.0,DEU,NOW
MUC,OTP,2,1171.0,DEU,ROU
MUC,OVB,1,4727.0,DEU,RUS
MUC,PAD,1,427.0,DEU,DEU
MUC,PEK,2,7721.0,DEU,CHN
MUC,PHL,2,6631.0,DEU,USA
MUC,PMI,4,1216.0,DEU,ESP
MUC,PMO,1,1137.0,DEU,ITA
MUC,POZ,2,576.0,DEU,POL
MUC,PRG,1,265.0,DEU,CZE
MUC,PRN,2,965.0,DEU,KOS
MUC,PSA,1,530.0,DEU,ITA
MUC,PUJ,2,7759.0,DEU,DOM
MUC,PVG,2,8778.0,DEU,CHN
MUC,PVK,1,1271.0,DEU,GRC
MUC,RAK,1,2499.0,DEU,MAR
MUC,RHO,3,1879.0,DEU,GRC
MUC,RIX,2,1255.0,DEU,LVA
MUC,RLG,1,620.0,DEU,DEU
MUC,RTM,1,659.0,DEU,NLX
MUC,RUH,1,3999.0,DEU,SAU
MUC,SAW,3,1610.0,DEU,TUR
MUC,SBZ,2,973.0,DEU,ROU
MUC,SFO,2,9437.0,DEU,USA
MUC,SIN,4,10058.0,DEU,SGP
MUC,SJJ,1,713.0,DEU,BHF
MUC,SKG,4,1242.0,DEU,GRC
MUC,SMI,1,1702.0,DEU,GRC
MUC,SOF,2,1101.0,DEU,BGR
MUC,SPC,1,3343.0,DEU,ESP
MUC,SPU,2,639.0,DEU,HRV
MUC,STN,1,911.0,DEU,ENG
MUC,STR,1,192.0,DEU,DEU
MUC,SUF,1,1110.0,DEU,ITA
MUC,SVO,1,1927.0,DEU,RUS
MUC,SVX,1,3363.0,DEU,RUS
MUC,TBS,1,2688.0,DEU,GEG
MUC,TFS,4,3318.0,DEU,ESP
MUC,TIA,1,992.0,DEU,ALB
MUC,TLS,1,960.0,DEU,FXX
MUC,TLV,3,2655.0,DEU,ISR
MUC,TRN,1,471.0,DEU,ITA
MUC,TRS,1,309.0,DEU,ITA
MUC,TSR,1,776.0,DEU,ROU
MUC,TUN,1,1285.0,DEU,TUN
MUC,TXL,3,480.0,DEU,DEU
MUC,VCE,2,320.0,DEU,ITA
MUC,VIE,5,355.0,DEU,AUT
MUC,VLC,1,1388.0,DEU,ESP
MUC,VNO,1,1163.0,DEU,LTU
MUC,VOZ,1,1983.0,DEU,RUS
MUC,VRN,2,336.0,DEU,ITA
MUC,WAW,2,777.0,DEU,POL
MUC,WRO,2,477.0,DEU,POL
MUC,XRY,2,1942.0,DEU,ESP
MUC,YUL,2,6151.0,DEU,CAN
MUC,YVR,2,8340.0,DEU,CAN
MUC,YYZ,2,6641.0,DEU,CAN
MUC,ZAD,2,546.0,DEU,HRV
MUC,ZAG,2,435.0,DEU,HRV
MUC,ZRH,2,261.0,DEU,CHE
MUC,ZTH,1,1389.0,DEU,GRC
MUE,OGG,1,128.0,USA,USA
MUK,RAR,1,282.0,COK,COK
MUN,CCS,3,431.0,VEN,VEN
MUN,PMV,1,157.0,VEN,VEN
MUR,BBN,1,137.0,MYS,MYS
MUR,LGL,1,124.0,MYS,MYS
MUR,LKH,1,110.0,MYS,MYS
MUR,MYY,1,41.0,MYS,MYS
MUR,ODN,1,83.0,MYS,MYS
MUW,ALG,1,322.0,DZA,DZA
MUW,TID,1,120.0,DZA,DZA
MUX,DXB,2,1671.0,PAK,ARE
MUX,ISB,1,397.0,PAK,PAK
MUX,JED,1,3349.0,PAK,SAU
MUX,KHI,3,723.0,PAK,PAK
MUX,LHE,1,320.0,PAK,PAK
MUX,MED,2,3183.0,PAK,SAU
MUX,SHJ,1,1654.0,PAK,ARE
MUX,UET,1,431.0,PAK,PAK
MVD,AEP,2,220.0,URY,ARG
MVD,ASU,1,1077.0,URY,PRY
MVD,CWB,1,1226.0,URY,BRA
MVD,EZE,4,229.0,URY,ARG
MVD,GIG,1,1824.0,URY,BRA
MVD,GRU,5,1570.0,URY,BRA
MVD,LIM,1,3310.0,URY,PER
MVD,MAD,1,9947.0,URY,ESP
MVD,MIA,2,7210.0,URY,USA
MVD,POA,2,706.0,URY,BRA
MVD,PTY,1,5466.0,URY,PAN
MVD,SCL,2,1367.0,URY,CHL
MVP,BOG,1,579.0,COL,COL
MVP,VVC,2,496.0,COL,COL
MVR,NSI,1,805.0,CMR,CMR
MVT,PPT,1,313.0,PYF,PYF
MVT,RGI,1,114.0,PYF,PYF
MVY,ACK,1,49.0,USA,USA
MVY,BOS,1,113.0,USA,USA
MVY,EWB,1,42.0,USA,USA
MVY,HPN,1,261.0,USA,USA
MWA,STL,1,162.0,USA,USA
MWF,SON,1,108.0,VUT,VUT
MWX,CJU,1,165.0,KOR,KOR
MWX,MFM,1,1894.0,KOR,MAC
MWX,PEK,2,1032.0,KOR,CHN
MWX,PVG,1,604.0,KOR,CHN
MWX,TSN,1,924.0,KOR,CHN
MWZ,BKZ,1,175.0,TZA,TZA
MWZ,DAR,1,852.0,TZA,TZA
MWZ,JRO,2,473.0,TZA,TZA
MWZ,NBO,2,461.0,TZA,KEN
MXH,HGU,2,131.0,PNX,PNX
MXH,POM,1,556.0,PNX,PNX
MXL,GDL,1,1792.0,MEX,MEX
MXL,HMO,1,561.0,MEX,MEX
MXL,MEX,2,2177.0,MEX,MEX
MXP,AGP,1,1486.0,ITA,ESP
MXP,AHO,1,557.0,ITA,ITA
MXP,ALG,1,1095.0,ITA,DZA
MXP,AMS,1,797.0,ITA,NLX
MXP,ATH,3,1520.0,ITA,GRC
MXP,AUH,2,4714.0,ITA,ARE
MXP,BCN,4,721.0,ITA,ESP
MXP,BDS,1,929.0,ITA,ITA
MXP,BEG,3,911.0,ITA,SRS
MXP,BEY,2,2620.0,ITA,LBN
MXP,BHX,1,1074.0,ITA,ENG
MXP,BIO,2,958.0,ITA,ESP
MXP,BKK,1,9080.0,ITA,THA
MXP,BOD,1,744.0,ITA,FXX
MXP,BRI,1,818.0,ITA,ITA
MXP,BRS,1,1056.0,ITA,ENG
MXP,BRU,4,665.0,ITA,BFR
MXP,BUD,1,830.0,ITA,HUN
MXP,CAG,1,710.0,ITA,ITA
MXP,CAI,2,2617.0,ITA,EGY
MXP,CDG,2,598.0,ITA,FXX
MXP,CGN,1,594.0,ITA,DEU
MXP,CMN,2,1947.0,ITA,MAR
MXP,CPH,2,1144.0,ITA,DNK
MXP,CTA,3,1049.0,ITA,ITA
MXP,CUN,1,8771.0,ITA,MEX
MXP,DKR,1,4220.0,ITA,SEN
MXP,DME,1,2308.0,ITA,RUS
MXP,DOH,1,4423.0,ITA,QAT
MXP,DUB,1,1382.0,ITA,IRL
MXP,DUS,3,646.0,ITA,DEU
MXP,DXB,2,4707.0,ITA,ARE
MXP,EDI,1,1424.0,ITA,SCT
MXP,EWR,2,6436.0,ITA,USA
MXP,FCO,6,511.0,ITA,ITA
MXP,FOR,1,7201.0,ITA,BRA
MXP,FRA,2,490.0,ITA,DEU
MXP,FUE,1,2751.0,ITA,ESP
MXP,GRU,1,9485.0,ITA,BRA
MXP,GYD,2,3368.0,ITA,AZE
MXP,HAJ,1,763.0,ITA,DEU
MXP,HAM,2,894.0,ITA,DEU
MXP,HAV,1,8289.0,ITA,CUB
MXP,HEL,1,1950.0,ITA,FIN
MXP,HER,1,1795.0,ITA,GRC
MXP,HKG,1,9357.0,ITA,HKG
MXP,IBZ,1,964.0,ITA,ESP
MXP,IKA,1,3713.0,ITA,IRN
MXP,ISB,1,5504.0,ITA,PAK
MXP,IST,1,1682.0,ITA,TUR
MXP,JED,2,3833.0,ITA,SAU
MXP,JFK,10,6413.0,ITA,USA
MXP,JMK,1,1651.0,ITA,GRC
MXP,KBP,1,1723.0,ITA,UKR
MXP,KIV,2,1555.0,ITA,MDA
MXP,LCA,1,2413.0,ITA,CYP
MXP,LED,3,2122.0,ITA,RUS
MXP,LGW,1,899.0,ITA,ENG
MXP,LHR,2,936.0,ITA,ENG
MXP,LIS,4,1652.0,ITA,PRX
MXP,LRM,1,7605.0,ITA,DOM
MXP,LTN,1,961.0,ITA,ENG
MXP,LUX,3,483.0,ITA,LUX
MXP,LUZ,1,1203.0,ITA,POL
MXP,LYS,3,284.0,ITA,FXX
MXP,MAD,3,1150.0,ITA,ESP
MXP,MAN,1,1167.0,ITA,ENG
MXP,MCT,1,5051.0,ITA,OMN
MXP,MIA,5,7920.0,ITA,USA
MXP,MRS,4,370.0,ITA,FXX
MXP,MRU,1,8850.0,ITA,MUS
MXP,MSQ,1,1654.0,ITA,BLR
MXP,MUC,1,381.0,ITA,DEU
MXP,NAP,1,693.0,ITA,ITA
MXP,NRT,1,9749.0,ITA,JPN
MXP,NTE,3,810.0,ITA,FXX
MXP,OLB,1,530.0,ITA,ITA
MXP,OPO,2,1484.0,ITA,PRX
MXP,OSL,2,1619.0,ITA,NOW
MXP,OTP,1,1365.0,ITA,ROU
MXP,PEK,1,8092.0,ITA,CHN
MXP,PMI,1,834.0,ITA,ESP
MXP,PMO,1,904.0,ITA,ITA
MXP,PRG,3,646.0,ITA,CZE
MXP,PVG,1,9144.0,ITA,CHN
MXP,RAK,2,2125.0,ITA,MAR
MXP,RIX,2,1636.0,ITA,LVA
MXP,RUH,2,4085.0,ITA,SAU
MXP,SAW,1,1742.0,ITA,TUR
MXP,SIN,1,10309.0,ITA,SGP
MXP,SOF,2,1214.0,ITA,BGR
MXP,SSH,2,2989.0,ITA,EGY
MXP,STR,1,342.0,ITA,DEU
MXP,SUF,1,969.0,ITA,ITA
MXP,SVO,2,2297.0,ITA,RUS
MXP,SXF,1,828.0,ITA,DEU
MXP,TFS,1,2959.0,ITA,ESP
MXP,TIA,5,1001.0,ITA,ALB
MXP,TLS,1,624.0,ITA,FXX
MXP,TLV,3,2706.0,ITA,ISR
MXP,TUN,2,984.0,ITA,TUN
MXP,TXL,2,839.0,ITA,DEU
MXP,UGC,1,4130.0,ITA,UZB
MXP,VIE,5,656.0,ITA,AUT
MXP,VKO,1,2275.0,ITA,RUS
MXP,WAW,1,1150.0,ITA,POL
MXP,ZRH,1,204.0,ITA,CHE
MXV,ULN,2,529.0,MNG,MNG
MXX,ARN,1,237.0,SWE,SWE
MXX,EVG,1,121.0,SWE,SWE
MXZ,CAN,1,307.0,CHN,CHN
MXZ,HKG,1,321.0,CHN,HKG
MXZ,RMQ,1,455.0,CHN,TWN
MXZ,SZX,1,304.0,CHN,CHN
MXZ,ZUH,1,384.0,CHN,CHN
MYA,MIM,1,114.0,AUS,AUS
MYA,SYD,1,237.0,AUS,AUS
MYD,LAU,1,141.0,KEN,KEN
MYD,NBO,2,412.0,KEN,KEN
MYD,WIL,2,422.0,KEN,KEN
MYG,IGA,1,170.0,BHS,BHS
MYG,NAS,1,541.0,BHS,BHS
MYJ,HND,2,675.0,JPN,JPN
MYJ,ICN,2,695.0,JPN,KOR
MYJ,ITM,2,273.0,JPN,JPN
MYJ,KIX,1,243.0,JPN,JPN
MYJ,NGO,1,394.0,JPN,JPN
MYJ,NRT,1,734.0,JPN,JPN
MYJ,OKA,1,978.0,JPN,JPN
MYJ,PVG,2,1064.0,JPN,CHN
MYQ,BLR,1,157.0,IND,IND
MYR,ABE,1,834.0,USA,USA
MYR,ACY,1,751.0,USA,USA
MYR,ATL,4,509.0,USA,USA
MYR,BOS,2,1188.0,USA,USA
MYR,BWI,1,644.0,USA,USA
MYR,CLT,2,251.0,USA,USA
MYR,CRW,1,574.0,USA,USA
MYR,DCA,2,600.0,USA,USA
MYR,DFW,1,1683.0,USA,USA
MYR,DTW,2,1025.0,USA,USA
MYR,EWR,1,886.0,USA,USA
MYR,FLL,1,854.0,USA,USA
MYR,FWA,1,982.0,USA,USA
MYR,HTS,1,615.0,USA,USA
MYR,IAG,1,1048.0,USA,USA
MYR,LBE,1,735.0,USA,USA
MYR,LGA,2,907.0,USA,USA
MYR,ORD,2,1212.0,USA,USA
MYR,PBG,1,1307.0,USA,USA
MYR,PHL,3,763.0,USA,USA
MYR,YNG,1,857.0,USA,USA
MYR,YTZ,1,1107.0,USA,CAN
MYR,YYZ,1,1113.0,USA,CAN
MYT,MDL,2,433.0,MMR,MMR
MYT,PBU,1,217.0,MMR,MMR
MYT,RGN,1,951.0,MMR,MMR
MYU,BET,1,246.0,USA,USA
MYW,DAR,1,400.0,TZA,TZA
MYY,BBN,1,178.0,MYS,MYS
MYY,BKI,2,291.0,MYS,MYS
MYY,BTU,1,171.0,MYS,MYS
MYY,JHB,1,1184.0,MYS,MYS
MYY,KCH,3,513.0,MYS,MYS
MYY,KUL,2,1374.0,MYS,MYS
MYY,LBU,1,177.0,MYS,MYS
MYY,LGL,1,164.0,MYS,MYS
MYY,LKH,1,144.0,MYS,MYS
MYY,LMN,1,126.0,MYS,MYS
MYY,LWY,1,168.0,MYS,MYS
MYY,MKM,1,264.0,MYS,MYS
MYY,MNL,1,1370.0,MYS,PHL
MYY,MUR,1,41.0,MYS,MYS
MYY,MZV,1,96.0,MYS,MYS
MYY,ODN,1,124.0,MYS,MYS
MYY,PEN,1,1523.0,MYS,MYS
MYY,SBW,1,319.0,MYS,MYS
MYY,SIN,1,1158.0,MYS,SGP
MYY,TGG,1,1212.0,MYS,MYS
MZG,KHH,1,133.0,TWN,TWN
MZG,KNH,1,160.0,TWN,TWN
MZG,RMQ,1,127.0,TWN,TWN
MZG,TSA,2,257.0,TWN,TWN
MZH,IST,1,570.0,TUR,TUR
MZH,SAW,1,522.0,TUR,TUR
MZL,BOG,1,150.0,COL,COL
MZR,IKA,1,1449.0,AFG,IRN
MZR,IST,1,3335.0,AFG,TUR
MZR,KBL,2,299.0,AFG,AFG
MZT,DFW,2,1410.0,MEX,USA
MZT,GDL,1,423.0,MEX,MEX
MZT,LAP,1,429.0,MEX,MEX
MZT,LAX,2,1684.0,MEX,USA
MZT,LMM,1,400.0,MEX,MEX
MZT,MEX,4,852.0,MEX,MEX
MZT,MTY,1,688.0,MEX,MEX
MZT,PHX,2,1273.0,MEX,USA
MZT,TIJ,1,1480.0,MEX,MEX
MZV,BKI,1,251.0,MYS,MYS
MZV,BWN,2,101.0,MYS,BRN
MZV,KCH,2,571.0,MYS,MYS
MZV,MYY,1,96.0,MYS,MYS
MZW,ALG,1,471.0,DZA,DZA
NAG,BLR,1,889.0,IND,IND
NAG,BOM,5,683.0,IND,IND
NAG,CCU,2,985.0,IND,IND
NAG,DEL,2,854.0,IND,IND
NAG,IDR,1,381.0,IND,IND
NAG,PNQ,2,605.0,IND,IND
NAG,RPR,1,279.0,IND,IND
NAG,SHJ,1,2447.0,IND,ARE
NAH,MDC,1,247.0,IDN,IDN
NAJ,KVD,1,187.0,AZE,AZE
NAN,AKL,4,2156.0,FJI,NZL
NAN,APW,1,1210.0,FJI,WSM
NAN,BNE,3,2711.0,FJI,AUS
NAN,CHC,2,2898.0,FJI,NZL
NAN,CXI,2,3528.0,FJI,KIR
NAN,HIR,2,2093.0,FJI,SLB
NAN,HKG,2,8219.0,FJI,HKG
NAN,HNL,2,5107.0,FJI,USA
NAN,ICN,1,8131.0,FJI,KOR
NAN,KDV,1,163.0,FJI,FJI
NAN,LAX,4,8892.0,FJI,USA
NAN,LBS,1,247.0,FJI,FJI
NAN,MEL,3,3867.0,FJI,AUS
NAN,NOU,1,1266.0,FJI,NCL
NAN,POM,1,3389.0,FJI,PNX
NAN,RTA,1,588.0,FJI,FJI
NAN,SUV,1,122.0,FJI,FJI
NAN,SVU,1,228.0,FJI,FJI
NAN,SYD,4,3170.0,FJI,AUS
NAN,TBU,1,868.0,FJI,TON
NAN,TRW,1,2179.0,FJI,KIR
NAN,TVU,1,308.0,FJI,FJI
NAN,VLI,2,966.0,FJI,VUT
NAN,WLS,1,846.0,FJI,WLF
NAO,CAN,1,1084.0,CHN,CHN
NAO,KMG,1,708.0,CHN,CHN
NAO,PEK,1,1397.0,CHN,CHN
NAO,PVG,1,1491.0,CHN,CHN
NAO,SZX,1,1182.0,CHN,CHN
NAO,XIY,1,473.0,CHN,CHN
NAP,AMS,1,1461.0,ITA,NLX
NAP,BCN,2,1024.0,ITA,ESP
NAP,BRU,2,1345.0,ITA,BFR
NAP,BSL,1,919.0,ITA,FXX
NAP,BUD,1,828.0,ITA,HUN
NAP,CAG,1,481.0,ITA,ITA
NAP,CDG,3,1290.0,ITA,FXX
NAP,CGN,1,1239.0,ITA,DEU
NAP,CTA,3,386.0,ITA,ITA
NAP,DUB,1,2074.0,ITA,IRL
NAP,DUS,3,1293.0,ITA,DEU
NAP,EDI,1,2110.0,ITA,SCT
NAP,EIN,1,1358.0,ITA,NLX
NAP,FCO,1,199.0,ITA,ITA
NAP,FMM,1,852.0,ITA,DEU
NAP,FRA,2,1110.0,ITA,DEU
NAP,GOA,1,594.0,ITA,ITA
NAP,GVA,1,887.0,ITA,CHE
NAP,HAJ,1,1333.0,ITA,DEU
NAP,HAM,2,1453.0,ITA,DEU
NAP,IST,1,1211.0,ITA,TUR
NAP,KBP,1,1659.0,ITA,UKR
NAP,KTW,1,1129.0,ITA,POL
NAP,LGW,4,1592.0,ITA,ENG
NAP,LIN,4,650.0,ITA,ITA
NAP,LPL,1,1887.0,ITA,ENG
NAP,LTN,1,1654.0,ITA,ENG
NAP,LUX,1,1158.0,ITA,LUX
NAP,LWO,1,1245.0,ITA,UKR
NAP,MAN,3,1860.0,ITA,ENG
NAP,MUC,3,854.0,ITA,DEU
NAP,MXP,1,693.0,ITA,ITA
NAP,NCE,1,658.0,ITA,FXX
NAP,NTE,1,1446.0,ITA,FXX
NAP,OLB,1,401.0,ITA,ITA
NAP,ORY,2,1279.0,ITA,FXX
NAP,OTP,1,1046.0,ITA,ROU
NAP,PMO,2,318.0,ITA,ITA
NAP,PRG,1,1025.0,ITA,CZE
NAP,STN,1,1625.0,ITA,ENG
NAP,STR,3,955.0,ITA,DEU
NAP,SXF,1,1279.0,ITA,DEU
NAP,TLV,1,2082.0,ITA,ISR
NAP,TRN,2,722.0,ITA,ITA
NAP,TRS,1,553.0,ITA,ITA
NAP,TUN,1,570.0,ITA,TUN
NAP,TXL,2,1300.0,ITA,DEU
NAP,VCE,2,537.0,ITA,ITA
NAP,VIE,1,823.0,ITA,AUT
NAP,VRN,1,572.0,ITA,ITA
NAP,ZRH,2,862.0,ITA,CHE
NAQ,JUV,1,642.0,GRL,GRL
NAQ,THU,1,108.0,GRL,GRL
NAS,ATC,2,187.0,BHS,BHS
NAS,ATL,4,1169.0,BHS,USA
NAS,AXP,1,458.0,BHS,BHS
NAS,BOS,2,2015.0,BHS,USA
NAS,BWI,1,1574.0,BHS,USA
NAS,CLT,2,1180.0,BHS,USA
NAS,CRI,1,420.0,BHS,BHS
NAS,DCA,2,1536.0,BHS,USA
NAS,DFW,2,2090.0,BHS,USA
NAS,DTW,1,1985.0,BHS,USA
NAS,ELH,2,92.0,BHS,BHS
NAS,EWR,1,1767.0,BHS,USA
NAS,FLL,2,293.0,BHS,USA
NAS,FPO,2,209.0,BHS,BHS
NAS,GCM,1,754.0,BHS,CYM
NAS,GGT,2,230.0,BHS,BHS
NAS,GHB,2,117.0,BHS,BHS
NAS,HAV,2,551.0,BHS,CUB
NAS,IAH,1,1844.0,BHS,USA
NAS,IGA,1,596.0,BHS,BHS
NAS,JFK,2,1768.0,BHS,USA
NAS,KIN,1,793.0,BHS,JAM
NAS,LGI,2,317.0,BHS,BHS
NAS,LHR,1,6977.0,BHS,ENG
NAS,MCO,2,536.0,BHS,USA
NAS,MHH,2,168.0,BHS,BHS
NAS,MIA,3,296.0,BHS,USA
NAS,MYG,1,541.0,BHS,BHS
NAS,ORD,1,2114.0,BHS,USA
NAS,PBI,1,320.0,BHS,USA
NAS,PHL,2,1662.0,BHS,USA
NAS,PLS,3,643.0,BHS,TCA
NAS,PTY,1,1787.0,BHS,PAN
NAS,RCY,1,306.0,BHS,BHS
NAS,RSD,2,131.0,BHS,BHS
NAS,SML,2,275.0,BHS,BHS
NAS,TBI,2,219.0,BHS,BHS
NAS,YYZ,2,2082.0,BHS,CAN
NAS,ZSA,2,317.0,BHS,BHS
NAT,BSB,3,1770.0,BRA,BRA
NAT,CNF,1,1800.0,BRA,BRA
NAT,FEN,1,390.0,BRA,BRA
NAT,FOR,2,414.0,BRA,BRA
NAT,GIG,2,2075.0,BRA,BRA
NAT,GRU,3,2296.0,BRA,BRA
NAT,LIS,1,5643.0,BRA,PRX
NAT,REC,1,267.0,BRA,BRA
NAT,SSA,1,857.0,BRA,BRA
NAT,VCP,1,2294.0,BRA,BRA
NAV,IST,1,565.0,TUR,TUR
NAV,SAW,1,505.0,TUR,TUR
NAW,DMK,1,831.0,THA,THA
NAY,ACX,2,1951.0,CHN,CHN
NAY,AVA,2,1792.0,CHN,CHN
NAY,BAV,2,550.0,CHN,CHN
NAY,BFJ,2,1718.0,CHN,CHN
NAY,CAN,2,1846.0,CHN,CHN
NAY,CIF,2,345.0,CHN,CHN
NAY,CIH,2,486.0,CHN,CHN
NAY,CKG,2,1428.0,CHN,CHN
NAY,CSX,2,1322.0,CHN,CHN
NAY,CTU,2,1522.0,CHN,CHN
NAY,CZX,2,926.0,CHN,CHN
NAY,DAT,2,250.0,CHN,CHN
NAY,DSN,2,560.0,CHN,CHN
NAY,ENY,2,692.0,CHN,CHN
NAY,FUO,2,1883.0,CHN,CHN
NAY,HET,2,405.0,CHN,CHN
NAY,HLD,2,1082.0,CHN,CHN
NAY,HLH,2,846.0,CHN,CHN
NAY,HRB,2,1034.0,CHN,CHN
NAY,HSN,2,1222.0,CHN,CHN
NAY,IQN,2,889.0,CHN,CHN
NAY,JIC,2,1217.0,CHN,CHN
NAY,JUH,2,1012.0,CHN,CHN
NAY,JUZ,2,1225.0,CHN,CHN
NAY,KHN,2,1215.0,CHN,CHN
NAY,LYG,2,620.0,CHN,CHN
NAY,LYI,2,556.0,CHN,CHN
NAY,NDG,2,1027.0,CHN,CHN
NAY,NGB,2,1200.0,CHN,CHN
NAY,NNY,2,828.0,CHN,CHN
NAY,NZH,2,1090.0,CHN,CHN
NAY,SHA,2,1054.0,CHN,CHN
NAY,SZX,2,1922.0,CHN,CHN
NAY,UYN,2,608.0,CHN,CHN
NAY,WNZ,2,1382.0,CHN,CHN
NAY,WUA,2,819.0,CHN,CHN
NAY,XFN,2,925.0,CHN,CHN
NAY,XIL,2,461.0,CHN,CHN
NAY,XMN,2,1702.0,CHN,CHN
NAY,ZHA,2,2143.0,CHN,CHN
NBC,DME,1,892.0,RUS,RUS
NBC,DYU,1,2265.0,RUS,TJK
NBC,GYD,1,1685.0,RUS,AZE
NBC,IST,1,2323.0,RUS,TUR
NBC,LED,1,1373.0,RUS,RUS
NBC,SVO,1,918.0,RUS,RUS
NBC,SVX,1,555.0,RUS,RUS
NBE,AMS,1,1859.0,TUN,NLX
NBE,BHX,1,2057.0,TUN,ENG
NBE,BRE,1,1892.0,TUN,DEU
NBE,BRS,3,1997.0,TUN,ENG
NBE,BRU,1,1716.0,TUN,BFR
NBE,CGN,1,1666.0,TUN,DEU
NBE,CWL,1,2024.0,TUN,WLS
NBE,DME,2,2990.0,TUN,RUS
NBE,DRS,1,1695.0,TUN,DEU
NBE,DUS,3,1717.0,TUN,DEU
NBE,EMA,3,2078.0,TUN,ENG
NBE,FRA,2,1559.0,TUN,DEU
NBE,GLA,2,2471.0,TUN,SCT
NBE,HAM,1,1952.0,TUN,DEU
NBE,LED,2,2997.0,TUN,RUS
NBE,LGW,4,1877.0,TUN,ENG
NBE,LUX,1,1545.0,TUN,LUX
NBE,MAN,4,2161.0,TUN,ENG
NBE,MUC,3,1370.0,TUN,DEU
NBE,NCL,3,2303.0,TUN,ENG
NBE,NUE,1,1493.0,TUN,DEU
NBE,SVO,1,3001.0,TUN,RUS
NBE,SXF,1,1829.0,TUN,DEU
NBE,TXL,1,1847.0,TUN,DEU
NBE,ZRH,1,1276.0,TUN,CHE
NBO,ABJ,1,4596.0,KEN,CIV
NBO,ACC,1,4191.0,KEN,GHA
NBO,ADD,4,1164.0,KEN,ETH
NBO,AMS,3,6677.0,KEN,NLX
NBO,APL,1,1555.0,KEN,MOZ
NBO,ASM,1,1860.0,KEN,ERI
NBO,AUH,3,3443.0,KEN,ARE
NBO,BJM,2,874.0,KEN,BDI
NBO,BKK,3,7224.0,KEN,THA
NBO,BKO,1,5186.0,KEN,MLI
NBO,BLZ,1,1611.0,KEN,MWI
NBO,BOM,2,4533.0,KEN,IND
NBO,BRU,4,6567.0,KEN,BFR
NBO,BZV,2,2429.0,KEN,COG
NBO,CAI,1,3545.0,KEN,EGY
NBO,CAN,2,8679.0,KEN,CHN
NBO,CDG,2,6495.0,KEN,FXX
NBO,DAR,5,668.0,KEN,TZA
NBO,DEL,1,5416.0,KEN,IND
NBO,DLA,1,3081.0,KEN,CMR
NBO,DOH,1,3353.0,KEN,QAT
NBO,DXB,4,3559.0,KEN,ARE
NBO,DZA,3,1574.0,KEN,MYT
NBO,EBB,3,521.0,KEN,UGA
NBO,EDL,2,268.0,KEN,KEN
NBO,FBM,2,1543.0,KEN,COD
NBO,FIH,2,2410.0,KEN,COD
NBO,GBE,1,2842.0,KEN,BWA
NBO,GLK,1,1475.0,KEN,SOP
NBO,HGA,1,1443.0,KEN,SOL
NBO,HRE,3,1954.0,KEN,ZWE
NBO,ICN,2,10055.0,KEN,KOR
NBO,IST,2,4808.0,KEN,TUR
NBO,JED,2,2569.0,KEN,SAU
NBO,JIB,2,1588.0,KEN,DJI
NBO,JNB,2,2912.0,KEN,ZAF
NBO,JRO,2,235.0,KEN,TZA
NBO,JUB,2,908.0,KEN,SDS
NBO,KGL,4,758.0,KEN,RWA
NBO,KIS,2,280.0,KEN,KEN
NBO,KRT,1,1941.0,KEN,SDN
NBO,LAD,1,2753.0,KEN,AGO
NBO,LHR,3,6841.0,KEN,ENG
NBO,LLW,3,1429.0,KEN,MWI
NBO,LOK,1,515.0,KEN,KEN
NBO,LOS,1,3832.0,KEN,NGA
NBO,LUN,4,1814.0,KEN,ZMB
NBO,LVI,3,2200.0,KEN,ZMB
NBO,MBA,4,423.0,KEN,KEN
NBO,MGQ,3,1002.0,KEN,SOX
NBO,MPM,1,2775.0,KEN,MOZ
NBO,MRU,2,3098.0,KEN,MUS
NBO,MWZ,2,461.0,KEN,TZA
NBO,MYD,2,412.0,KEN,KEN
NBO,NLA,2,1586.0,KEN,ZMB
NBO,NSI,1,2875.0,KEN,CMR
NBO,POL,2,1357.0,KEN,MOZ
NBO,SAH,1,2032.0,KEN,YEM
NBO,SEZ,1,2098.0,KEN,SYC
NBO,SHJ,1,3575.0,KEN,ARE
NBO,TNR,1,2258.0,KEN,MDG
NBO,WJR,1,489.0,KEN,KEN
NBO,ZNZ,2,602.0,KEN,TZZ
NBO,ZRH,3,6084.0,KEN,CHE
NBS,CGQ,1,265.0,CHN,CHN
NBS,PEK,1,949.0,CHN,CHN
NBS,SHE,2,344.0,CHN,CHN
NBS,TSN,1,925.0,CHN,CHN
NBX,AMQ,1,823.0,IDN,IDN
NBX,DJJ,1,564.0,IDN,IDN
NBX,KNG,1,202.0,IDN,IDN
NCE,AJA,3,232.0,FXX,FXX
NCE,ALG,1,846.0,FXX,DZA
NCE,AMS,3,979.0,FXX,NLX
NCE,ARN,2,1920.0,FXX,SWE
NCE,BCN,3,496.0,FXX,ESP
NCE,BES,1,1042.0,FXX,FXX
NCE,BFS,1,1560.0,FXX,NIR
NCE,BGO,1,1855.0,FXX,NOW
NCE,BHX,1,1181.0,FXX,ENG
NCE,BIA,3,221.0,FXX,FXX
NCE,BIQ,1,705.0,FXX,FXX
NCE,BOD,2,645.0,FXX,FXX
NCE,BRS,1,1136.0,FXX,ENG
NCE,BRU,2,831.0,FXX,BFR
NCE,BSL,1,438.0,FXX,FXX
NCE,CDG,2,695.0,FXX,FXX
NCE,CFE,1,398.0,FXX,FXX
NCE,CFR,1,849.0,FXX,FXX
NCE,CGN,1,801.0,FXX,DEU
NCE,CLY,3,180.0,FXX,FXX
NCE,CMN,1,1718.0,FXX,MAR
NCE,CPH,2,1385.0,FXX,DNK
NCE,CZL,1,822.0,FXX,DZA
NCE,DJE,1,1130.0,FXX,TUN
NCE,DME,1,2541.0,FXX,RUS
NCE,DUB,2,1466.0,FXX,IRL
NCE,DUS,2,849.0,FXX,DEU
NCE,DXB,1,4784.0,FXX,ARE
NCE,EDI,1,1560.0,FXX,SCT
NCE,EIN,1,877.0,FXX,NLX
NCE,ETZ,1,597.0,FXX,FXX
NCE,FCO,3,459.0,FXX,ITA
NCE,FRA,1,716.0,FXX,DEU
NCE,FSC,3,285.0,FXX,FXX
NCE,GOT,1,1596.0,FXX,SWE
NCE,GVA,2,300.0,FXX,CHE
NCE,HAM,2,1127.0,FXX,DEU
NCE,HEL,2,2200.0,FXX,FIN
NCE,IST,1,1781.0,FXX,TUR
NCE,JFK,2,6407.0,FXX,USA
NCE,KBP,1,1933.0,FXX,UKR
NCE,LBA,1,1306.0,FXX,ENG
NCE,LCY,1,1023.0,FXX,ENG
NCE,LED,1,2371.0,FXX,RUS
NCE,LGW,4,1001.0,FXX,ENG
NCE,LHR,2,1041.0,FXX,ENG
NCE,LIG,1,536.0,FXX,FXX
NCE,LIL,2,829.0,FXX,FXX
NCE,LIS,3,1468.0,FXX,PRX
NCE,LPL,1,1304.0,FXX,ENG
NCE,LTN,1,1074.0,FXX,ENG
NCE,LUX,1,668.0,FXX,LUX
NCE,LYS,2,285.0,FXX,FXX
NCE,MAD,1,957.0,FXX,ESP
NCE,MAN,1,1283.0,FXX,ENG
NCE,MIR,1,929.0,FXX,TUN
NCE,MSQ,1,1891.0,FXX,BLR
NCE,MUC,1,630.0,FXX,DEU
NCE,NAP,1,658.0,FXX,ITA
NCE,NCL,1,1418.0,FXX,ENG
NCE,NTE,2,790.0,FXX,FXX
NCE,OLB,1,361.0,FXX,ITA
NCE,ORK,1,1480.0,FXX,IRL
NCE,ORY,2,675.0,FXX,FXX
NCE,OSL,2,1849.0,FXX,NOW
NCE,OTP,1,1506.0,FXX,ROU
NCE,PRG,2,893.0,FXX,CZE
NCE,RAK,2,1891.0,FXX,MAR
NCE,RIX,1,1885.0,FXX,LVA
NCE,RNS,1,848.0,FXX,FXX
NCE,RTM,1,946.0,FXX,NLX
NCE,SNN,1,1557.0,FXX,IRL
NCE,SOU,2,1036.0,FXX,ENG
NCE,STN,1,1052.0,FXX,ENG
NCE,SVO,1,2532.0,FXX,RUS
NCE,SXB,1,544.0,FXX,FXX
NCE,SXF,1,1076.0,FXX,DEU
NCE,TLL,1,2120.0,FXX,EST
NCE,TLS,2,471.0,FXX,FXX
NCE,TLV,2,2735.0,FXX,ISR
NCE,TRD,1,2214.0,FXX,NOW
NCE,TRF,1,1739.0,FXX,NOW
NCE,TUN,1,799.0,FXX,TUN
NCE,TXL,1,1087.0,FXX,DEU
NCE,VCE,3,456.0,FXX,ITA
NCE,VIE,3,876.0,FXX,AUT
NCE,WAW,1,1390.0,FXX,POL
NCE,YUL,1,6129.0,FXX,CAN
NCE,ZRH,1,436.0,FXX,CHE
NCL,ABZ,1,243.0,ENG,SCT
NCL,ACE,4,3054.0,ENG,ESP
NCL,AGP,3,2053.0,ENG,ESP
NCL,ALC,3,1865.0,ENG,ESP
NCL,AMS,2,522.0,ENG,NLX
NCL,BCN,1,1553.0,ENG,ESP
NCL,BFS,1,293.0,ENG,NIR
NCL,BHD,1,272.0,ENG,NIR
NCL,BHX,1,287.0,ENG,ENG
NCL,BJV,1,2965.0,ENG,TUR
NCL,BRS,1,412.0,ENG,ENG
NCL,BRU,2,618.0,ENG,BFR
NCL,CDG,3,730.0,ENG,FXX
NCL,CPH,1,908.0,ENG,DNK
NCL,CWL,1,419.0,ENG,WLS
NCL,DBV,1,2002.0,ENG,HRV
NCL,DLM,4,3075.0,ENG,TUR
NCL,DUB,2,348.0,ENG,IRL
NCL,DUS,1,700.0,ENG,DEU
NCL,DXB,2,5653.0,ENG,ARE
NCL,FAO,3,2060.0,ENG,PRX
NCL,FCO,1,1788.0,ENG,ITA
NCL,FUE,1,3113.0,ENG,ESP
NCL,GRO,1,1496.0,ENG,ESP
NCL,HER,2,3002.0,ENG,GRC
NCL,IBZ,2,1812.0,ENG,ESP
NCL,IOM,1,217.0,ENG,IMN
NCL,JER,1,649.0,ENG,JEY
NCL,KRK,1,1545.0,ENG,POL
NCL,LGW,1,444.0,ENG,ENG
NCL,LHR,3,405.0,ENG,ENG
NCL,LPA,1,3209.0,ENG,ESP
NCL,MAH,1,1743.0,ENG,ESP
NCL,MJV,1,1921.0,ENG,ESP
NCL,MLA,2,2464.0,ENG,MLT
NCL,NBE,3,2303.0,ENG,TUN
NCL,NCE,1,1418.0,ENG,FXX
NCL,ORK,1,573.0,ENG,IRL
NCL,PFO,2,3456.0,ENG,CYP
NCL,PMI,4,1753.0,ENG,ESP
NCL,PRG,1,1206.0,ENG,CZE
NCL,PSA,1,1531.0,ENG,ITA
NCL,REU,1,1559.0,ENG,ESP
NCL,RHO,2,3062.0,ENG,GRC
NCL,SOU,1,455.0,ENG,ENG
NCL,SSH,1,4169.0,ENG,EGY
NCL,SVG,3,616.0,ENG,NOW
NCL,TFS,4,3231.0,ENG,ESP
NCL,VCE,1,1451.0,ENG,ITA
NCU,DME,2,2123.0,UZB,RUS
NCU,TAS,1,811.0,UZB,UZB
NCU,VKO,1,2169.0,UZB,RUS
NDB,LPA,2,796.0,MRT,ESP
NDB,NKC,1,312.0,MRT,MRT
NDB,OUZ,1,511.0,MRT,MRT
NDG,NAY,2,1027.0,CHN,CHN
NDG,PEK,3,990.0,CHN,CHN
NDG,PVG,1,1799.0,CHN,CHN
NDG,TAO,2,1255.0,CHN,CHN
NDJ,ABV,1,918.0,TCD,NGA
NDJ,ADD,1,2620.0,TCD,ETH
NDJ,CDG,1,4259.0,TCD,FXX
NDJ,DLA,1,1076.0,TCD,CMR
NDJ,IST,1,3505.0,TCD,TUR
NDJ,KAN,1,708.0,TCD,NGA
NDJ,NGE,1,555.0,TCD,CMR
NDJ,NIM,1,1401.0,TCD,NER
NDJ,NSI,1,1011.0,TCD,CMR
NDR,AMS,2,2023.0,MAR,NLX
NDR,BCN,4,831.0,MAR,ESP
NDR,BRU,2,1870.0,MAR,BFR
NDR,BVA,1,1662.0,MAR,FXX
NDR,CGN,2,1946.0,MAR,DEU
NDR,CMN,1,457.0,MAR,MAR
NDR,CRL,1,1823.0,MAR,BWR
NDR,FRA,1,1919.0,MAR,DEU
NDR,HHN,1,1861.0,MAR,DEU
NDR,MPL,1,1128.0,MAR,FXX
NDR,MRS,1,1177.0,MAR,FXX
NDR,PMI,1,719.0,MAR,ESP
NDU,ERS,1,586.0,NAM,NAM
NDU,MPA,1,473.0,NAM,NAM
NDY,KOI,1,38.0,SCT,SCT
NDY,SOY,1,11.0,SCT,SCT
NER,IKT,1,1413.0,RUS,RUS
NER,KHV,1,1159.0,RUS,RUS
NER,VKO,1,5033.0,RUS,RUS
NER,YKS,2,637.0,RUS,RUS
NEV,ANU,1,85.0,KNA,ACA
NEV,SJU,3,386.0,KNA,PRI
NEV,SKB,2,18.0,KNA,KNA
NEV,STT,1,282.0,KNA,VIR
NEV,SXM,1,108.0,KNA,SXM
NGB,BKK,1,2784.0,CHN,THA
NGB,CAN,3,1081.0,CHN,CHN
NGB,CGO,1,887.0,CHN,CHN
NGB,CGQ,2,1619.0,CHN,CHN
NGB,CJU,1,628.0,CHN,KOR
NGB,CKG,3,1429.0,CHN,CHN
NGB,CSX,5,822.0,CHN,CHN
NGB,CTU,3,1684.0,CHN,CHN
NGB,DLC,4,1016.0,CHN,CHN
NGB,DMK,1,2777.0,CHN,THA
NGB,HAK,2,1561.0,CHN,CHN
NGB,HKG,4,1125.0,CHN,HKG
NGB,HRB,2,1805.0,CHN,CHN
NGB,ICN,1,967.0,CHN,KOR
NGB,KHH,1,814.0,CHN,TWN
NGB,KHN,2,550.0,CHN,CHN
NGB,KMG,2,1900.0,CHN,CHN
NGB,KWL,4,1237.0,CHN,CHN
NGB,LJG,1,2104.0,CHN,CHN
NGB,MFM,2,1160.0,CHN,MAC
NGB,NAY,2,1200.0,CHN,CHN
NGB,PEK,5,1223.0,CHN,CHN
NGB,RMQ,2,624.0,CHN,TWN
NGB,SHE,1,1326.0,CHN,CHN
NGB,SIN,1,3665.0,CHN,SGP
NGB,SJW,1,1127.0,CHN,CHN
NGB,SWA,2,854.0,CHN,CHN
NGB,SYX,2,1769.0,CHN,CHN
NGB,SZX,4,1104.0,CHN,CHN
NGB,TAO,5,723.0,CHN,CHN
NGB,TPE,3,529.0,CHN,TWN
NGB,TSN,2,1100.0,CHN,CHN
NGB,WEF,1,789.0,CHN,CHN
NGB,WUH,2,704.0,CHN,CHN
NGB,XIY,1,1301.0,CHN,CHN
NGB,XMN,3,674.0,CHN,CHN
NGB,YIH,1,962.0,CHN,CHN
NGB,ZUH,1,1187.0,CHN,CHN
NGE,NSI,1,461.0,CMR,CMR
NGK,KHV,1,671.0,RUS,RUS
NGO,AKJ,1,1093.0,JPN,JPN
NGO,AXT,1,609.0,JPN,JPN
NGO,BKK,3,4310.0,JPN,THA
NGO,CJU,1,960.0,JPN,KOR
NGO,CTS,4,976.0,JPN,JPN
NGO,DLC,1,1430.0,JPN,CHN
NGO,DTW,1,10521.0,JPN,USA
NGO,FRA,2,9293.0,JPN,DEU
NGO,FUK,3,601.0,JPN,JPN
NGO,GMP,1,947.0,JPN,KOR
NGO,GUM,3,2509.0,JPN,GUM
NGO,HAN,2,3380.0,JPN,VNM
NGO,HEL,2,7761.0,JPN,FIN
NGO,HKD,1,844.0,JPN,JPN
NGO,HKG,3,2625.0,JPN,HKG
NGO,HND,1,281.0,JPN,JPN
NGO,HNL,3,6467.0,JPN,USA
NGO,IBR,1,358.0,JPN,JPN
NGO,ICN,6,973.0,JPN,KOR
NGO,ISG,1,1679.0,JPN,JPN
NGO,KIJ,1,402.0,JPN,JPN
NGO,KMI,1,598.0,JPN,JPN
NGO,KMJ,1,594.0,JPN,JPN
NGO,KOJ,2,659.0,JPN,JPN
NGO,KUL,1,5085.0,JPN,MYS
NGO,MMB,1,1185.0,JPN,JPN
NGO,MNL,3,2760.0,JPN,PHL
NGO,MYJ,1,394.0,JPN,JPN
NGO,NGS,1,672.0,JPN,JPN
NGO,NRT,3,340.0,JPN,JPN
NGO,OIT,2,491.0,JPN,JPN
NGO,OKA,3,1302.0,JPN,JPN
NGO,PEK,3,1872.0,JPN,CHN
NGO,PUS,2,717.0,JPN,KOR
NGO,PVG,5,1457.0,JPN,CHN
NGO,SDJ,2,518.0,JPN,JPN
NGO,SGN,1,4055.0,JPN,VNM
NGO,SHE,1,1384.0,JPN,CHN
NGO,SIN,2,5041.0,JPN,SGP
NGO,TAO,2,1493.0,JPN,CHN
NGO,TPE,3,1849.0,JPN,TWN
NGO,TSN,2,1788.0,JPN,CHN
NGQ,KHG,1,904.0,CHN,CHN
NGQ,LXA,1,1083.0,CHN,CHN
NGS,FUJ,2,105.0,JPN,JPN
NGS,HND,2,953.0,JPN,JPN
NGS,ICN,1,596.0,JPN,KOR
NGS,IKI,2,93.0,JPN,JPN
NGS,ITM,2,551.0,JPN,JPN
NGS,KIX,1,521.0,JPN,JPN
NGS,NGO,1,672.0,JPN,JPN
NGS,OKA,1,779.0,JPN,JPN
NGS,PVG,2,789.0,JPN,CHN
NGS,TSJ,2,161.0,JPN,JPN
NGS,UKB,1,526.0,JPN,JPN
NHV,AUQ,1,172.0,PYF,PYF
NHV,PPT,1,1406.0,PYF,PYF
NHV,UAH,1,76.0,PYF,PYF
NHV,UAP,1,64.0,PYF,PYF
NIB,MCG,1,63.0,USA,USA
NIM,ABV,1,745.0,NER,NGA
NIM,ADD,1,4021.0,NER,ETH
NIM,ALG,1,2583.0,NER,DZA
NIM,CDG,3,3951.0,NER,FXX
NIM,CMN,1,2422.0,NER,MAR
NIM,COO,1,792.0,NER,BEN
NIM,NDJ,1,1401.0,NER,TCD
NIM,OUA,8,420.0,NER,BFA
NJC,DME,2,2307.0,RUS,RUS
NJC,HMA,1,399.0,RUS,RUS
NJC,LBD,1,2352.0,RUS,TJK
NJC,OMS,1,691.0,RUS,RUS
NJC,OVB,3,753.0,RUS,RUS
NJC,SVO,1,2301.0,RUS,RUS
NJC,SVX,2,1013.0,RUS,RUS
NJC,TJM,1,761.0,RUS,RUS
NJC,UUA,2,1557.0,RUS,RUS
NJF,AMM,1,795.0,IRR,JOR
NJF,BAH,1,877.0,IRR,BHR
NJF,BEY,1,857.0,IRR,LBN
NJF,DOH,1,1025.0,IRR,QAT
NJF,DXB,1,1305.0,IRR,ARE
NJF,IKA,2,731.0,IRR,IRN
NJF,IST,1,1732.0,IRR,TUR
NJF,KWI,2,459.0,IRR,KWT
NJF,SHJ,1,1312.0,IRR,ARE
NKC,BKO,1,1073.0,MRT,MLI
NKC,CDG,1,3797.0,MRT,FXX
NKC,CKY,1,1004.0,MRT,GIN
NKC,CMN,2,1871.0,MRT,MAR
NKC,DKR,3,429.0,MRT,SEN
NKC,LPA,1,1072.0,MRT,ESP
NKC,NDB,1,312.0,MRT,MRT
NKC,OUZ,1,613.0,MRT,MRT
NKC,TUN,1,3284.0,MRT,TUN
NKG,BAV,1,1261.0,CHN,CHN
NKG,CAN,6,1078.0,CHN,CHN
NKG,CGO,1,560.0,CHN,CHN
NKG,CGQ,6,1487.0,CHN,CHN
NKG,CIF,1,1167.0,CHN,CHN
NKG,CKG,5,1189.0,CHN,CHN
NKG,CSX,6,672.0,CHN,CHN
NKG,CTU,5,1424.0,CHN,CHN
NKG,DLC,5,839.0,CHN,CHN
NKG,DSN,1,1184.0,CHN,CHN
NKG,DYG,2,859.0,CHN,CHN
NKG,FOC,8,650.0,CHN,CHN
NKG,FRA,2,8635.0,CHN,DEU
NKG,HAK,5,1558.0,CHN,CHN
NKG,HET,3,1192.0,CHN,CHN
NKG,HKG,6,1157.0,CHN,HKG
NKG,HRB,3,1670.0,CHN,CHN
NKG,ICN,2,942.0,CHN,KOR
NKG,JJN,3,773.0,CHN,CHN
NKG,KHH,1,1030.0,CHN,TWN
NKG,KHN,2,428.0,CHN,CHN
NKG,KIX,2,1553.0,CHN,JPN
NKG,KMG,8,1722.0,CHN,CHN
NKG,KWE,4,1305.0,CHN,CHN
NKG,KWL,4,1126.0,CHN,CHN
NKG,LHW,1,1498.0,CHN,CHN
NKG,LJG,2,1889.0,CHN,CHN
NKG,MFM,2,1187.0,CHN,MAC
NKG,MIG,1,1337.0,CHN,CHN
NKG,NNG,3,1465.0,CHN,CHN
NKG,NRT,2,2035.0,CHN,JPN
NKG,PEK,4,949.0,CHN,CHN
NKG,PUS,2,1009.0,CHN,KOR
NKG,PVG,1,287.0,CHN,CHN
NKG,RMQ,1,849.0,CHN,TWN
NKG,SHE,6,1175.0,CHN,CHN
NKG,SIN,1,3722.0,CHN,SGP
NKG,SJW,2,820.0,CHN,CHN
NKG,SWA,2,940.0,CHN,CHN
NKG,SYD,2,8050.0,CHN,AUS
NKG,SYX,3,1770.0,CHN,CHN
NKG,SZX,5,1128.0,CHN,CHN
NKG,TAO,3,522.0,CHN,CHN
NKG,TGO,1,1346.0,CHN,CHN
NKG,TPE,3,776.0,CHN,TWN
NKG,TYN,3,877.0,CHN,CHN
NKG,URC,1,3046.0,CHN,CHN
NKG,XIY,6,988.0,CHN,CHN
NKG,XMN,8,804.0,CHN,CHN
NKG,XNN,1,1634.0,CHN,CHN
NKG,YCU,1,817.0,CHN,CHN
NKG,YNT,3,670.0,CHN,CHN
NKG,ZYI,1,1235.0,CHN,CHN
NKM,AOJ,1,693.0,JPN,JPN
NKM,GAJ,1,466.0,JPN,JPN
NKM,HNA,1,595.0,JPN,JPN
NKM,KCZ,1,354.0,JPN,JPN
NKM,KIJ,1,359.0,JPN,JPN
NKM,KMJ,1,620.0,JPN,JPN
NLA,ADD,1,2688.0,ZMB,ETH
NLA,FBM,2,199.0,ZMB,COD
NLA,JNB,2,1462.0,ZMB,ZAF
NLA,LUN,1,260.0,ZMB,ZMB
NLA,MNS,1,208.0,ZMB,ZMB
NLA,NBO,2,1586.0,ZMB,KEN
NLD,MEX,1,892.0,MEX,MEX
NLG,CDB,1,133.0,USA,USA
NLK,AKL,1,1091.0,NFK,NZL
NLK,BNE,1,1463.0,NFK,AUS
NLK,SYD,1,1678.0,NFK,AUS
NLT,URC,2,334.0,CHN,CHN
NMA,CEK,1,1754.0,UZB,RUS
NMA,DME,2,2922.0,UZB,RUS
NMA,GOJ,1,2622.0,UZB,RUS
NMA,KJA,1,2268.0,UZB,RUS
NMA,KRR,1,2653.0,UZB,RUS
NMA,LED,2,3509.0,UZB,RUS
NMA,OVB,1,1760.0,UZB,RUS
NMA,SVX,2,1915.0,UZB,RUS
NMA,TAS,1,193.0,UZB,UZB
NME,OOK,2,23.0,USA,USA
NNB,HIR,1,306.0,SLB,SLB
NNB,IRA,1,75.0,SLB,SLB
NNG,BKK,2,1265.0,CHN,THA
NNG,CAN,3,532.0,CHN,CHN
NNG,CGO,4,1435.0,CHN,CHN
NNG,CKG,4,805.0,CHN,CHN
NNG,CSX,4,801.0,CHN,CHN
NNG,CTU,3,981.0,CHN,CHN
NNG,FOC,4,1222.0,CHN,CHN
NNG,HAK,4,380.0,CHN,CHN
NNG,HAN,1,289.0,CHN,VNM
NNG,HFE,1,1361.0,CHN,CHN
NNG,HGH,4,1485.0,CHN,CHN
NNG,HKG,1,591.0,CHN,HKG
NNG,JJN,1,1088.0,CHN,CHN
NNG,KHH,2,1250.0,CHN,TWN
NNG,KHN,3,1040.0,CHN,CHN
NNG,KMG,6,601.0,CHN,CHN
NNG,KUL,1,2316.0,CHN,MYS
NNG,KWE,2,458.0,CHN,CHN
NNG,KWL,2,347.0,CHN,CHN
NNG,LHW,1,1607.0,CHN,CHN
NNG,LJG,1,920.0,CHN,CHN
NNG,LZO,1,748.0,CHN,CHN
NNG,MFM,2,560.0,CHN,MAC
NNG,NKG,3,1465.0,CHN,CHN
NNG,PEK,4,2098.0,CHN,CHN
NNG,PNH,1,1280.0,CHN,KHM
NNG,PVG,3,1650.0,CHN,CHN
NNG,RGN,1,1409.0,CHN,MMR
NNG,RMQ,1,1283.0,CHN,TWN
NNG,SGN,1,1321.0,CHN,VNM
NNG,SHA,5,1615.0,CHN,CHN
NNG,SIN,1,2407.0,CHN,SGP
NNG,SWA,1,859.0,CHN,CHN
NNG,SYX,4,496.0,CHN,CHN
NNG,SZX,5,579.0,CHN,CHN
NNG,TPE,2,1356.0,CHN,TWN
NNG,TSA,1,1387.0,CHN,TWN
NNG,VTE,1,778.0,CHN,LAO
NNG,WNZ,1,1404.0,CHN,CHN
NNG,WUH,7,1088.0,CHN,CHN
NNG,WUZ,1,329.0,CHN,CHN
NNG,XIY,5,1318.0,CHN,CHN
NNG,XMN,6,1037.0,CHN,CHN
NNG,ZUH,3,539.0,CHN,CHN
NNM,ARH,2,651.0,RUS,RUS
NNM,KVX,1,1033.0,RUS,RUS
NNM,SCW,1,675.0,RUS,RUS
NNT,CNX,1,192.0,THA,THA
NNT,DMK,1,545.0,THA,THA
NNY,CAN,1,1068.0,CHN,CHN
NNY,CGO,1,205.0,CHN,CHN
NNY,CTU,1,861.0,CHN,CHN
NNY,HGH,1,801.0,CHN,CHN
NNY,NAY,2,828.0,CHN,CHN
NNY,SHA,1,845.0,CHN,CHN
NNY,SZX,1,1156.0,CHN,CHN
NOB,TMU,1,75.0,CRI,CRI
NOC,ACE,1,2803.0,IRL,ESP
NOC,AGP,1,1945.0,IRL,ESP
NOC,ALC,1,1848.0,IRL,ESP
NOC,BHX,1,498.0,IRL,ENG
NOC,BRS,1,498.0,IRL,ENG
NOC,EIN,1,993.0,IRL,NLX
NOC,EMA,1,511.0,IRL,ENG
NOC,FAO,1,1880.0,IRL,PRX
NOC,KUN,1,2111.0,IRL,LTU
NOC,LGW,1,659.0,IRL,ENG
NOC,LPL,1,399.0,IRL,ENG
NOC,LTN,1,610.0,IRL,ENG
NOC,MAN,1,436.0,IRL,ENG
NOC,STN,1,647.0,IRL,ENG
NOC,TFS,1,2945.0,IRL,ESP
NOJ,DME,1,2251.0,RUS,RUS
NOJ,SLY,1,556.0,RUS,RUS
NOJ,SVX,1,1073.0,RUS,RUS
NOJ,TJM,1,862.0,RUS,RUS
NOJ,UFA,1,1460.0,RUS,RUS
NOP,IST,1,531.0,TUR,TUR
NOS,DIE,1,151.0,MDG,MDG
NOS,DZA,1,333.0,MDG,MYT
NOS,RUN,1,1137.0,MDG,REU
NOS,TNR,1,616.0,MDG,MDG
NOU,AKL,2,1860.0,NCL,NZL
NOU,BNE,2,1450.0,NCL,AUS
NOU,KIX,1,7078.0,NCL,JPN
NOU,NAN,1,1266.0,NCL,FJI
NOU,NRT,1,6976.0,NCL,JPN
NOU,PPT,1,4634.0,NCL,PYF
NOU,SYD,2,1981.0,NCL,AUS
NOU,VLI,2,528.0,NCL,VUT
NOU,WLS,1,2101.0,NCL,WLF
NOV,LAD,1,519.0,AGO,AGO
NOV,SPP,1,295.0,AGO,AGO
NOV,VPE,1,471.0,AGO,AGO
NOZ,DME,1,3093.0,RUS,RUS
NOZ,SVO,1,3104.0,RUS,RUS
NPE,AKL,1,328.0,NZL,NZL
NPE,CHC,1,575.0,NZL,NZL
NPE,WLG,1,271.0,NZL,NZL
NPL,AKL,1,229.0,NZL,NZL
NPL,CHC,1,517.0,NZL,NZL
NPL,WLG,1,263.0,NZL,NZL
NQN,AEP,2,995.0,ARG,ARG
NQN,CRD,2,762.0,ARG,ARG
NQN,MDZ,2,683.0,ARG,ARG
NQU,EOH,1,196.0,COL,COL
NQY,DUS,1,830.0,ENG,DEU
NQY,EXT,1,116.0,ENG,ENG
NQY,ISC,1,109.0,ENG,ENG
NQY,LGW,2,347.0,ENG,ENG
NQY,MAN,1,374.0,ENG,ENG
NRA,GFF,1,65.0,AUS,AUS
NRA,SYD,1,437.0,AUS,AUS
NRK,HEL,2,528.0,SWE,FIN
NRL,EOI,1,27.0,SCT,SCT
NRL,KOI,1,53.0,SCT,SCT
NRL,NDY,1,15.0,SCT,SCT
NRL,PPW,1,26.0,SCT,SCT
NRN,ACE,1,3004.0,DEU,ESP
NRN,AGP,1,1860.0,DEU,ESP
NRN,AHO,1,1231.0,DEU,ITA
NRN,ALC,1,1571.0,DEU,ESP
NRN,AOI,1,1039.0,DEU,ITA
NRN,BGY,1,709.0,DEU,ITA
NRN,BLQ,1,873.0,DEU,ITA
NRN,BRI,1,1417.0,DEU,ITA
NRN,BZR,1,944.0,DEU,FXX
NRN,CAG,1,1392.0,DEU,ITA
NRN,CFU,1,1705.0,DEU,GRC
NRN,CHQ,1,2289.0,DEU,GRC
NRN,CIA,1,1195.0,DEU,ITA
NRN,EDI,1,789.0,DEU,SCT
NRN,FAO,1,1965.0,DEU,PRX
NRN,FEZ,1,2159.0,DEU,MAR
NRN,FUE,1,3065.0,DEU,ESP
NRN,GRO,1,1109.0,DEU,ESP
NRN,IBZ,1,1463.0,DEU,ESP
NRN,LEI,1,1773.0,DEU,ESP
NRN,LPA,1,3185.0,DEU,ESP
NRN,LPP,1,1701.0,DEU,FIN
NRN,OPO,1,1612.0,DEU,PRX
NRN,OUD,1,1978.0,DEU,MAR
NRN,PMI,1,1366.0,DEU,ESP
NRN,PMO,1,1588.0,DEU,ITA
NRN,PSA,1,936.0,DEU,ITA
NRN,PSR,1,1186.0,DEU,ITA
NRN,RAK,1,2506.0,DEU,MAR
NRN,RIX,1,1295.0,DEU,LVA
NRN,SDR,1,1175.0,DEU,ESP
NRN,SKG,1,1782.0,DEU,GRC
NRN,STN,1,408.0,DEU,ENG
NRN,SUF,1,1615.0,DEU,ITA
NRN,TFS,1,3231.0,DEU,ESP
NRN,TSF,1,797.0,DEU,ITA
NRN,VLC,1,1441.0,DEU,ESP
NRN,ZAD,1,1078.0,DEU,HRV
NRT,AKL,3,8836.0,JPN,NZL
NRT,AMS,1,9319.0,JPN,NLX
NRT,ATL,1,11002.0,JPN,USA
NRT,AUH,2,8088.0,JPN,ARE
NRT,BKI,2,4144.0,JPN,MYS
NRT,BKK,8,4649.0,JPN,THA
NRT,BOM,2,6786.0,JPN,IND
NRT,BOS,2,10761.0,JPN,USA
NRT,CAN,6,2944.0,JPN,CHN
NRT,CDG,3,9710.0,JPN,FXX
NRT,CEB,1,3280.0,JPN,PHL
NRT,CGK,3,5839.0,JPN,IDN
NRT,CGQ,1,1549.0,JPN,CHN
NRT,CJU,2,1294.0,JPN,KOR
NRT,CMB,1,6894.0,JPN,LKA
NRT,CNS,3,5882.0,JPN,AUS
NRT,CPH,1,8712.0,JPN,DNK
NRT,CTS,6,788.0,JPN,JPN
NRT,CTU,2,3420.0,JPN,CHN
NRT,DEL,3,5909.0,JPN,IND
NRT,DEN,2,9293.0,JPN,USA
NRT,DFW,4,10322.0,JPN,USA
NRT,DLC,5,1700.0,JPN,CHN
NRT,DME,2,7513.0,JPN,RUS
NRT,DOH,3,8298.0,JPN,QAT
NRT,DPS,2,5611.0,JPN,IDN
NRT,DTW,1,10272.0,JPN,USA
NRT,DUS,2,9331.0,JPN,DEU
NRT,DXB,2,7979.0,JPN,ARE
NRT,EWR,2,10810.0,JPN,USA
NRT,FCO,1,9906.0,JPN,ITA
NRT,FRA,1,9367.0,JPN,DEU
NRT,FUK,4,940.0,JPN,JPN
NRT,GUM,4,2517.0,JPN,GUM
NRT,HAN,3,3720.0,JPN,VNM
NRT,HEL,2,7829.0,JPN,FIN
NRT,HGH,2,1956.0,JPN,CHN
NRT,HIJ,2,695.0,JPN,JPN
NRT,HKG,5,2962.0,JPN,HKG
NRT,HNL,7,6136.0,JPN,USA
NRT,IAD,2,10845.0,JPN,USA
NRT,IAH,2,10669.0,JPN,USA
NRT,ICN,10,1257.0,JPN,KOR
NRT,IST,2,8979.0,JPN,TUR
NRT,ITM,3,462.0,JPN,JPN
NRT,JFK,5,10830.0,JPN,USA
NRT,KHH,5,2428.0,JPN,TWN
NRT,KHV,2,1482.0,JPN,RUS
NRT,KIJ,1,268.0,JPN,JPN
NRT,KIX,4,491.0,JPN,JPN
NRT,KMQ,2,364.0,JPN,JPN
NRT,KOJ,1,995.0,JPN,JPN
NRT,KUL,3,5409.0,JPN,MYS
NRT,LAX,8,8754.0,JPN,USA
NRT,LHR,4,9592.0,JPN,ENG
NRT,MEL,1,8179.0,JPN,AUS
NRT,MEX,1,11254.0,JPN,MEX
NRT,MFM,2,2999.0,JPN,MAC
NRT,MNL,5,3051.0,JPN,PHL
NRT,MSP,1,9553.0,JPN,USA
NRT,MXP,1,9749.0,JPN,ITA
NRT,MYJ,1,734.0,JPN,JPN
NRT,NGO,3,340.0,JPN,JPN
NRT,NKG,2,2035.0,JPN,CHN
NRT,NOU,1,6976.0,JPN,NCL
NRT,OIT,1,831.0,JPN,JPN
NRT,OKA,5,1612.0,JPN,JPN
NRT,OOL,3,7240.0,JPN,AUS
NRT,ORD,6,10074.0,JPN,USA
NRT,PDX,1,7742.0,JPN,USA
NRT,PEK,6,2135.0,JPN,CHN
NRT,POM,1,5078.0,JPN,PNX
NRT,PPT,2,9445.0,JPN,PYF
NRT,PUS,5,1038.0,JPN,KOR
NRT,PVG,5,1796.0,JPN,CHN
NRT,RGN,1,4831.0,JPN,MMR
NRT,ROR,2,3213.0,JPN,PLW
NRT,SAN,2,8924.0,JPN,USA
NRT,SDJ,1,268.0,JPN,JPN
NRT,SEA,3,7656.0,JPN,USA
NRT,SFO,2,8228.0,JPN,USA
NRT,SGN,4,4383.0,JPN,VNM
NRT,SHE,4,1602.0,JPN,CHN
NRT,SIN,8,5358.0,JPN,SGP
NRT,SJC,2,8276.0,JPN,USA
NRT,SPN,2,2356.0,JPN,MNP
NRT,SVO,1,7507.0,JPN,RUS
NRT,SYD,2,7832.0,JPN,AUS
NRT,TAK,1,605.0,JPN,JPN
NRT,TAO,3,1798.0,JPN,CHN
NRT,TAS,1,6042.0,JPN,UZB
NRT,TPE,10,2181.0,JPN,TWN
NRT,ULN,1,3061.0,JPN,MNG
NRT,UUS,1,1252.0,JPN,RUS
NRT,VCE,1,9583.0,JPN,ITA
NRT,VIE,2,9154.0,JPN,AUT
NRT,VVO,2,1103.0,JPN,RUS
NRT,XMN,3,2468.0,JPN,CHN
NRT,YGJ,1,647.0,JPN,JPN
NRT,YVR,4,7503.0,JPN,CAN
NRT,YYC,2,7946.0,JPN,CAN
NRT,YYZ,2,10300.0,JPN,CAN
NRT,ZRH,2,9595.0,JPN,CHE
NSH,MHD,1,733.0,IRN,IRN
NSH,THR,1,109.0,IRN,IRN
NSI,BRU,4,5287.0,CMR,BFR
NSI,CDG,2,5108.0,CMR,FXX
NSI,CMN,1,3849.0,CMR,MAR
NSI,DLA,7,206.0,CMR,CMR
NSI,GOU,1,656.0,CMR,CMR
NSI,LBV,1,434.0,CMR,GAB
NSI,NBO,1,2875.0,CMR,KEN
NSK,ABA,1,1744.0,RUS,RUS
NSK,AER,1,3915.0,RUS,RUS
NSK,DME,2,2865.0,RUS,RUS
NSK,GOJ,1,2566.0,RUS,RUS
NSK,KJA,1,1483.0,RUS,RUS
NSK,KUF,1,2574.0,RUS,RUS
NSK,LED,1,2797.0,RUS,RUS
NSK,OVB,3,1607.0,RUS,RUS
NSK,SVX,2,1905.0,RUS,RUS
NSK,UFA,1,2275.0,RUS,RUS
NSK,VKO,1,2874.0,RUS,RUS
NSN,AKL,1,496.0,NZL,NZL
NSN,CHC,1,250.0,NZL,NZL
NSN,PMR,1,229.0,NZL,NZL
NSN,WLG,1,132.0,NZL,NZL
NST,DMK,2,602.0,THA,THA
NTE,ADB,1,2530.0,FXX,TUR
NTE,AGP,2,1189.0,FXX,ESP
NTE,AJA,3,1008.0,FXX,FXX
NTE,AMS,2,733.0,FXX,NLX
NTE,ATH,2,2317.0,FXX,GRC
NTE,BCN,2,714.0,FXX,ESP
NTE,BIA,3,1012.0,FXX,FXX
NTE,BOD,2,268.0,FXX,FXX
NTE,BRU,2,609.0,FXX,BFR
NTE,BSL,1,690.0,FXX,FXX
NTE,CDG,3,372.0,FXX,FXX
NTE,CLY,2,967.0,FXX,FXX
NTE,CMN,1,1613.0,FXX,MAR
NTE,DJE,3,1805.0,FXX,TUN
NTE,DUB,1,771.0,FXX,IRL
NTE,DUS,2,762.0,FXX,DEU
NTE,FCO,4,1247.0,FXX,ITA
NTE,FEZ,1,1498.0,FXX,MAR
NTE,FLR,1,1065.0,FXX,ITA
NTE,FSC,2,1057.0,FXX,FXX
NTE,FUE,1,2335.0,FXX,ESP
NTE,GVA,1,597.0,FXX,CHE
NTE,HER,1,2578.0,FXX,GRC
NTE,LCY,2,499.0,FXX,ENG
NTE,LGW,1,456.0,FXX,ENG
NTE,LIL,1,512.0,FXX,FXX
NTE,LIS,1,1113.0,FXX,PRX
NTE,LYS,3,537.0,FXX,FXX
NTE,MAD,1,759.0,FXX,ESP
NTE,MAN,2,691.0,FXX,ENG
NTE,MIR,1,1629.0,FXX,TUN
NTE,MLA,1,1830.0,FXX,MLT
NTE,MPL,2,589.0,FXX,FXX
NTE,MRS,2,675.0,FXX,FXX
NTE,MUC,1,1009.0,FXX,DEU
NTE,MXP,3,810.0,FXX,ITA
NTE,NAP,1,1446.0,FXX,ITA
NTE,NCE,2,790.0,FXX,FXX
NTE,OLB,1,1127.0,FXX,ITA
NTE,OPO,1,865.0,FXX,PRX
NTE,ORY,1,345.0,FXX,FXX
NTE,PGF,1,604.0,FXX,FXX
NTE,PMI,1,915.0,FXX,ESP
NTE,PMO,1,1558.0,FXX,ITA
NTE,PRG,1,1209.0,FXX,CZE
NTE,RAK,2,1813.0,FXX,MAR
NTE,SOU,2,423.0,FXX,ENG
NTE,SVQ,3,1138.0,FXX,ESP
NTE,SXB,2,706.0,FXX,FXX
NTE,TFS,1,2491.0,FXX,ESP
NTE,TLS,2,455.0,FXX,FXX
NTE,TUN,2,1503.0,FXX,TUN
NTE,TXL,1,1222.0,FXX,DEU
NTE,VCE,2,1086.0,FXX,ITA
NTE,VLC,1,857.0,FXX,ESP
NTL,BNE,3,614.0,AUS,AUS
NTL,BNK,1,470.0,AUS,AUS
NTL,MEL,2,835.0,AUS,AUS
NTL,OOL,1,539.0,AUS,AUS
NTL,SYD,1,142.0,AUS,AUS
NTN,CNS,1,505.0,AUS,AUS
NTN,ONG,1,231.0,AUS,AUS
NTQ,HND,1,318.0,JPN,JPN
NTX,BTH,1,567.0,IDN,IDN
NUE,AGP,1,1899.0,DEU,ESP
NUE,ALC,1,1553.0,DEU,ESP
NUE,AMS,1,542.0,DEU,NLX
NUE,AYT,3,2114.0,DEU,TUR
NUE,BCN,2,1150.0,DEU,ESP
NUE,CDG,2,621.0,DEU,FXX
NUE,DJE,1,1737.0,DEU,TUN
NUE,DUS,2,365.0,DEU,DEU
NUE,FRA,1,190.0,DEU,DEU
NUE,FUE,1,3153.0,DEU,ESP
NUE,HAM,2,466.0,DEU,DEU
NUE,HER,2,1947.0,DEU,GRC
NUE,HRG,1,3150.0,DEU,EGY
NUE,IBZ,1,1410.0,DEU,ESP
NUE,IST,1,1649.0,DEU,TUR
NUE,KGS,1,1911.0,DEU,GRC
NUE,LPA,1,3287.0,DEU,ESP
NUE,MUC,1,137.0,DEU,DEU
NUE,NBE,1,1493.0,DEU,TUN
NUE,OLB,2,964.0,DEU,ITA
NUE,PMI,2,1287.0,DEU,ESP
NUE,RHO,2,2000.0,DEU,GRC
NUE,SAW,2,1712.0,DEU,TUR
NUE,SKG,2,1365.0,DEU,GRC
NUE,SMI,1,1823.0,DEU,GRC
NUE,SPU,1,773.0,DEU,HRV
NUE,STN,1,808.0,DEU,ENG
NUE,TFS,2,3346.0,DEU,ESP
NUE,TXL,3,374.0,DEU,DEU
NUE,VIE,1,431.0,DEU,AUT
NUE,ZQW,1,268.0,DEU,DEU
NUE,ZRH,2,293.0,DEU,CHE
NUI,BRW,1,243.0,USA,USA
NUI,SCC,1,96.0,USA,USA
NUL,GAL,1,54.0,USA,USA
NUL,KAL,1,56.0,USA,USA
NUL,KYU,1,23.0,USA,USA
NUS,CCV,1,60.0,VUT,VUT
NUS,LPM,1,62.0,VUT,VUT
NUS,SON,1,67.0,VUT,VUT
NUS,SWJ,1,45.0,VUT,VUT
NUS,VLI,1,205.0,VUT,VUT
NUX,DME,3,2356.0,RUS,RUS
NUX,KRR,1,3225.0,RUS,RUS
NUX,OMS,1,1247.0,RUS,RUS
NUX,OVB,1,1273.0,RUS,RUS
NUX,SLY,1,446.0,RUS,RUS
NUX,SVO,1,2334.0,RUS,RUS
NUX,SVX,2,1325.0,RUS,RUS
NUX,TJM,2,1147.0,RUS,RUS
NUX,UFA,2,1696.0,RUS,RUS
NUX,VKO,2,2370.0,RUS,RUS
NVA,BOG,2,233.0,COL,COL
NVI,DME,3,2624.0,UZB,RUS
NVI,LED,2,3254.0,UZB,RUS
NVI,TAS,1,369.0,UZB,UZB
NVK,BOO,1,181.0,NOW,NOW
NVT,CGH,2,414.0,BRA,BRA
NVT,GIG,1,708.0,BRA,BRA
NVT,GRU,2,441.0,BRA,BRA
NVT,POA,1,425.0,BRA,BRA
NVT,VCP,1,457.0,BRA,BRA
NWI,ABZ,2,550.0,ENG,SCT
NWI,AMS,2,239.0,ENG,NLX
NWI,EDI,1,473.0,ENG,SCT
NWI,GCI,1,451.0,ENG,GGY
NWI,HUY,1,148.0,ENG,ENG
NWI,JER,1,456.0,ENG,JEY
NWI,MAN,1,250.0,ENG,ENG
NWI,MLA,1,2137.0,ENG,MLT
NYA,EYK,1,184.0,RUS,RUS
NYA,SVX,1,655.0,RUS,RUS
NYA,TJM,2,547.0,RUS,RUS
NYI,ACC,1,309.0,GHA,GHA
NYK,MRE,1,271.0,KEN,KEN
NYK,UAS,2,86.0,KEN,KEN
NYK,WIL,1,142.0,KEN,KEN
NYM,DME,2,2172.0,RUS,RUS
NYM,OVS,1,646.0,RUS,RUS
NYM,SLY,1,301.0,RUS,RUS
NYM,SVX,1,1159.0,RUS,RUS
NYM,TJM,1,1001.0,RUS,RUS
NYM,UFA,1,1523.0,RUS,RUS
NYM,VKO,1,2186.0,RUS,RUS
NYO,AGP,1,2906.0,SWE,ESP
NYO,AHO,1,2108.0,SWE,ITA
NYO,ALC,1,2600.0,SWE,ESP
NYO,BCN,1,2203.0,SWE,ESP
NYO,BEG,1,1570.0,SWE,SRS
NYO,BGY,1,1537.0,SWE,ITA
NYO,BIQ,1,2120.0,SWE,FXX
NYO,BRE,1,814.0,SWE,DEU
NYO,BUD,1,1273.0,SWE,HUN
NYO,BVA,1,1411.0,SWE,FXX
NYO,BZR,1,1955.0,SWE,FXX
NYO,CHQ,1,2640.0,SWE,GRC
NYO,CIA,1,1913.0,SWE,ITA
NYO,CRL,1,1221.0,SWE,BWR
NYO,GDN,1,500.0,SWE,POL
NYO,KRK,1,986.0,SWE,POL
NYO,KTW,1,935.0,SWE,POL
NYO,MLA,1,2556.0,SWE,MLT
NYO,PFO,1,2911.0,SWE,CYP
NYO,PMI,1,2363.0,SWE,ESP
NYO,POZ,1,708.0,SWE,POL
NYO,PSA,1,1738.0,SWE,ITA
NYO,RHO,1,2618.0,SWE,GRC
NYO,RJK,1,1517.0,SWE,HRV
NYO,SKG,1,2076.0,SWE,GRC
NYO,SKP,1,1899.0,SWE,MKD
NYO,STN,1,1299.0,SWE,ENG
NYO,TSF,1,1495.0,SWE,ITA
NYO,WAW,1,779.0,SWE,POL
NYO,WMI,1,742.0,SWE,POL
NYO,ZAD,1,1636.0,SWE,HRV
NYT,BKK,1,819.0,MMR,THA
NYT,KMG,1,921.0,MMR,CHN
NYU,HEH,1,199.0,MMR,MMR
NYU,MDL,3,123.0,MMR,MMR
NYU,RGN,3,492.0,MMR,MMR
NZH,COQ,1,253.0,CHN,MNG
NZH,HET,1,1060.0,CHN,CHN
NZH,HRB,1,799.0,CHN,CHN
NZH,HTA,1,393.0,CHN,RUS
NZH,IKT,1,954.0,CHN,RUS
NZH,KJA,1,1809.0,CHN,RUS
NZH,NAY,2,1090.0,CHN,CHN
NZH,OVB,1,2408.0,CHN,RUS
NZH,PEK,1,1056.0,CHN,CHN
NZH,UUD,1,739.0,CHN,RUS
OAG,SYD,1,199.0,AUS,AUS
OAJ,ATL,3,640.0,USA,USA
OAJ,CLT,2,306.0,USA,USA
OAJ,DCA,2,450.0,USA,USA
OAK,ABQ,1,1427.0,USA,USA
OAK,ARN,1,8586.0,USA,SWE
OAK,AUS,1,2405.0,USA,USA
OAK,AZA,1,1074.0,USA,USA
OAK,BLI,1,1231.0,USA,USA
OAK,BOI,1,823.0,USA,USA
OAK,BUR,1,523.0,USA,USA
OAK,CMH,1,3387.0,USA,USA
OAK,DEN,2,1537.0,USA,USA
OAK,DFW,1,2340.0,USA,USA
OAK,EUG,1,717.0,USA,USA
OAK,GDL,1,2641.0,USA,MEX
OAK,GEG,1,1165.0,USA,USA
OAK,HNL,3,3873.0,USA,USA
OAK,HOU,1,2638.0,USA,USA
OAK,JFK,1,4135.0,USA,USA
OAK,KOA,2,3825.0,USA,USA
OAK,LAS,3,654.0,USA,USA
OAK,LAX,3,543.0,USA,USA
OAK,LGB,1,568.0,USA,USA
OAK,LIH,2,3950.0,USA,USA
OAK,MCI,1,2391.0,USA,USA
OAK,MDW,2,2961.0,USA,USA
OAK,OGG,3,3777.0,USA,USA
OAK,OKC,1,2208.0,USA,USA
OAK,ONT,1,582.0,USA,USA
OAK,ORD,1,2947.0,USA,USA
OAK,PDX,3,875.0,USA,USA
OAK,PHX,3,1038.0,USA,USA
OAK,PVU,1,948.0,USA,USA
OAK,SAN,1,718.0,USA,USA
OAK,SEA,3,1082.0,USA,USA
OAK,SLC,2,945.0,USA,USA
OAK,SNA,2,597.0,USA,USA
OAL,CGB,1,739.0,BRA,BRA
OAX,CUN,1,1128.0,MEX,MEX
OAX,IAH,1,1451.0,MEX,USA
OAX,MEX,2,367.0,MEX,MEX
OAX,MTY,1,1037.0,MEX,MEX
OAX,TIJ,1,2667.0,MEX,MEX
OBO,HND,3,852.0,JPN,JPN
OBU,ABL,2,47.0,USA,USA
OBU,OTZ,2,249.0,USA,USA
OBY,CNP,1,38.0,GRL,GRL
OCC,LTX,1,188.0,ECU,ECU
OCC,UIO,2,157.0,ECU,ECU
ODN,MUR,1,83.0,MYS,MYS
ODN,MYY,1,124.0,MYS,MYS
ODO,IKT,2,882.0,RUS,RUS
ODS,DME,2,1119.0,UKR,RUS
ODS,DWC,1,3233.0,UKR,ARE
ODS,IST,3,593.0,UKR,TUR
ODS,KBP,2,436.0,UKR,UKR
ODS,LCA,1,1308.0,UKR,CYP
ODS,MUC,1,1434.0,UKR,DEU
ODS,SHJ,1,3215.0,UKR,ARE
ODS,SVO,2,1159.0,UKR,RUS
ODS,TLV,1,1643.0,UKR,ISR
ODS,VIE,2,1079.0,UKR,AUT
ODS,VKO,1,1117.0,UKR,RUS
ODS,WAW,1,949.0,UKR,POL
ODY,VTE,1,305.0,LAO,LAO
OER,ARN,1,422.0,SWE,SWE
OGD,AZA,1,878.0,USA,USA
OGG,DEN,1,5308.0,USA,USA
OGG,DFW,2,5962.0,USA,USA
OGG,HNL,5,162.0,USA,USA
OGG,HNM,1,45.0,USA,USA
OGG,ITO,1,195.0,USA,USA
OGG,KOA,2,135.0,USA,USA
OGG,LAX,7,3995.0,USA,USA
OGG,LIH,1,324.0,USA,USA
OGG,LNY,1,56.0,USA,USA
OGG,MKK,1,75.0,USA,USA
OGG,MUE,1,128.0,USA,USA
OGG,OAK,3,3777.0,USA,USA
OGG,ORD,1,6724.0,USA,USA
OGG,PDX,1,4122.0,USA,USA
OGG,PHX,2,4572.0,USA,USA
OGG,SAN,1,4083.0,USA,USA
OGG,SEA,2,4248.0,USA,USA
OGG,SFO,1,3760.0,USA,USA
OGG,SJC,3,3788.0,USA,USA
OGG,SMF,3,3866.0,USA,USA
OGG,YVR,2,4302.0,USA,CAN
OGL,BGI,1,713.0,GUY,BRB
OGS,ALB,1,253.0,USA,USA
OGX,ALG,1,568.0,DZA,DZA
OGX,AZR,1,705.0,DZA,DZA
OGX,ELG,1,285.0,DZA,DZA
OGX,IAM,1,592.0,DZA,DZA
OGX,ORN,1,693.0,DZA,DZA
OGZ,DME,1,1440.0,RUS,RUS
OHE,HEK,1,455.0,CHN,CHN
OHE,HRB,1,856.0,CHN,CHN
OHE,JGD,1,306.0,CHN,CHN
OIA,CKS,1,136.0,BRA,BRA
OIM,HND,1,94.0,JPN,JPN
OIT,HND,2,772.0,JPN,JPN
OIT,ICN,1,652.0,JPN,KOR
OIT,ITM,3,370.0,JPN,JPN
OIT,NGO,2,491.0,JPN,JPN
OIT,NRT,1,831.0,JPN,JPN
OKA,CTS,1,2242.0,JPN,JPN
OKA,FUK,3,865.0,JPN,JPN
OKA,HIJ,1,1046.0,JPN,JPN
OKA,HKG,3,1457.0,JPN,HKG
OKA,HND,3,1554.0,JPN,JPN
OKA,ICN,3,1259.0,JPN,KOR
OKA,ISG,4,396.0,JPN,JPN
OKA,ITM,2,1211.0,JPN,JPN
OKA,KHH,1,841.0,JPN,TWN
OKA,KIJ,1,1694.0,JPN,JPN
OKA,KIX,4,1169.0,JPN,JPN
OKA,KMI,1,732.0,JPN,JPN
OKA,KMJ,1,801.0,JPN,JPN
OKA,KMQ,1,1405.0,JPN,JPN
OKA,KOJ,1,691.0,JPN,JPN
OKA,MMY,3,283.0,JPN,JPN
OKA,MYJ,1,978.0,JPN,JPN
OKA,NGO,3,1302.0,JPN,JPN
OKA,NGS,1,779.0,JPN,JPN
OKA,NRT,5,1612.0,JPN,JPN
OKA,OKJ,1,1122.0,JPN,JPN
OKA,PEK,2,1852.0,JPN,CHN
OKA,PUS,1,1007.0,JPN,KOR
OKA,PVG,3,792.0,JPN,CHN
OKA,RMQ,1,738.0,JPN,TWN
OKA,SDJ,1,1819.0,JPN,JPN
OKA,TAK,1,1081.0,JPN,JPN
OKA,TPE,3,655.0,JPN,TWN
OKA,UEO,1,95.0,JPN,JPN
OKA,UKB,2,1186.0,JPN,JPN
OKA,YGJ,1,1163.0,JPN,JPN
OKC,ATL,6,1222.0,USA,USA
OKC,BWI,2,1894.0,USA,USA
OKC,DAL,2,291.0,USA,USA
OKC,DEN,4,796.0,USA,USA
OKC,DFW,2,282.0,USA,USA
OKC,DTW,1,1446.0,USA,USA
OKC,EWR,1,2128.0,USA,USA
OKC,HOU,2,675.0,USA,USA
OKC,IAD,1,1824.0,USA,USA
OKC,IAH,1,637.0,USA,USA
OKC,LAS,2,1584.0,USA,USA
OKC,LAX,4,1906.0,USA,USA
OKC,MDW,2,1111.0,USA,USA
OKC,MSP,1,1118.0,USA,USA
OKC,ORD,3,1114.0,USA,USA
OKC,PHX,1,1339.0,USA,USA
OKC,SFB,1,1705.0,USA,USA
OKC,SFO,1,2222.0,USA,USA
OKC,SLC,1,1392.0,USA,USA
OKC,STL,2,742.0,USA,USA
OKJ,CTS,2,1120.0,JPN,JPN
OKJ,GUM,2,2609.0,JPN,GUM
OKJ,HND,2,546.0,JPN,JPN
OKJ,ICN,1,730.0,JPN,KOR
OKJ,MFM,1,2419.0,JPN,MAC
OKJ,OKA,1,1122.0,JPN,JPN
OKJ,PVG,2,1193.0,JPN,CHN
OKJ,TPE,2,1622.0,JPN,TWN
OKL,DJJ,1,259.0,IDN,IDN
OLA,OSL,1,405.0,NOW,NOW
OLB,AMS,1,1319.0,ITA,NLX
OLB,ARN,1,2165.0,ITA,SWE
OLB,BLQ,1,429.0,ITA,ITA
OLB,BOD,1,941.0,ITA,FXX
OLB,BRN,1,688.0,ITA,CHE
OLB,BSL,1,761.0,ITA,FXX
OLB,CDG,1,1055.0,ITA,FXX
OLB,CGN,3,1123.0,ITA,DEU
OLB,DUS,3,1174.0,ITA,DEU
OLB,FCO,1,248.0,ITA,ITA
OLB,FDH,1,753.0,ITA,DEU
OLB,FRA,1,1018.0,ITA,DEU
OLB,GOA,1,395.0,ITA,ITA
OLB,GVA,2,654.0,ITA,CHE
OLB,HAM,3,1416.0,ITA,DEU
OLB,LGW,3,1361.0,ITA,ENG
OLB,LIN,1,506.0,ITA,ITA
OLB,MUC,3,848.0,ITA,DEU
OLB,MXP,1,530.0,ITA,ITA
OLB,NAP,1,401.0,ITA,ITA
OLB,NCE,1,361.0,ITA,FXX
OLB,NTE,1,1127.0,ITA,FXX
OLB,NUE,2,964.0,ITA,DEU
OLB,RIX,2,2062.0,ITA,LVA
OLB,STR,3,867.0,ITA,DEU
OLB,SXF,1,1312.0,ITA,DEU
OLB,TRN,1,502.0,ITA,ITA
OLB,TXL,2,1328.0,ITA,DEU
OLB,VCE,1,561.0,ITA,ITA
OLB,VIE,4,977.0,ITA,AUT
OLB,VRN,1,512.0,ITA,ITA
OLB,ZRH,2,734.0,ITA,CHE
OLC,TFF,1,466.0,BRA,BRA
OLF,BIL,1,340.0,USA,USA
OLL,BZV,1,344.0,COG,COG
OLP,ADL,1,519.0,AUS,AUS
OMA,ATL,4,1321.0,USA,USA
OMA,CLT,2,1468.0,USA,USA
OMA,DCA,3,1624.0,USA,USA
OMA,DEN,3,758.0,USA,USA
OMA,DFW,2,940.0,USA,USA
OMA,DTW,1,1044.0,USA,USA
OMA,EWR,1,1820.0,USA,USA
OMA,IAH,1,1260.0,USA,USA
OMA,LAS,1,1765.0,USA,USA
OMA,LGA,1,1843.0,USA,USA
OMA,MCO,1,1949.0,USA,USA
OMA,MDW,2,679.0,USA,USA
OMA,MSP,1,453.0,USA,USA
OMA,ORD,3,668.0,USA,USA
OMA,PHX,3,1668.0,USA,USA
OMA,SAN,1,2109.0,USA,USA
OMA,SEA,1,2195.0,USA,USA
OMA,SLC,1,1348.0,USA,USA
OMA,STL,2,549.0,USA,USA
OMD,WDH,1,687.0,NAM,NAM
OME,ANC,1,865.0,USA,USA
OME,ELI,2,152.0,USA,USA
OME,GAM,2,316.0,USA,USA
OME,GLV,1,117.0,USA,USA
OME,KKA,1,209.0,USA,USA
OME,KTS,1,103.0,USA,USA
OME,OTZ,2,294.0,USA,USA
OME,SHH,2,195.0,USA,USA
OME,SKK,1,203.0,USA,USA
OME,SVA,2,262.0,USA,USA
OME,TLA,2,91.0,USA,USA
OME,TNC,1,165.0,USA,USA
OME,UNK,2,235.0,USA,USA
OME,WAA,1,175.0,USA,USA
OME,WMO,2,99.0,USA,USA
OMH,MED,1,1544.0,IRN,SAU
OMH,THR,2,599.0,IRN,IRN
OMO,BGY,1,698.0,BHF,ITA
OMR,OTP,2,424.0,ROU,ROU
OMS,AER,1,2705.0,RUS,RUS
OMS,DME,3,2224.0,RUS,RUS
OMS,DWC,1,3660.0,RUS,ARE
OMS,DYU,1,1857.0,RUS,TJK
OMS,EVN,1,2692.0,RUS,ARM
OMS,GYD,1,2352.0,RUS,AZE
OMS,HMA,1,718.0,RUS,RUS
OMS,LED,1,2587.0,RUS,RUS
OMS,NJC,1,691.0,RUS,RUS
OMS,NUX,1,1247.0,RUS,RUS
OMS,OVB,1,595.0,RUS,RUS
OMS,SAW,1,3556.0,RUS,TUR
OMS,SVO,1,2240.0,RUS,RUS
OMS,TAS,1,1553.0,RUS,UZB
OMS,TSE,1,456.0,RUS,KAZ
OND,ERS,1,539.0,NAM,NAM
ONG,BUC,1,127.0,AUS,AUS
ONG,DMD,1,147.0,AUS,AUS
ONG,NTN,1,231.0,AUS,AUS
ONJ,HND,1,518.0,JPN,JPN
ONQ,DTM,1,2163.0,TUR,DEU
ONQ,DUS,1,2210.0,TUR,DEU
ONT,DEN,3,1316.0,USA,USA
ONT,DFW,2,1908.0,USA,USA
ONT,GDL,3,2059.0,USA,MEX
ONT,IAH,1,2142.0,USA,USA
ONT,LAS,2,317.0,USA,USA
ONT,MDW,1,2740.0,USA,USA
ONT,OAK,1,582.0,USA,USA
ONT,PDX,2,1351.0,USA,USA
ONT,PHX,3,521.0,USA,USA
ONT,SEA,2,1540.0,USA,USA
ONT,SFO,1,585.0,USA,USA
ONT,SJC,1,536.0,USA,USA
ONT,SLC,1,898.0,USA,USA
ONT,SMF,1,627.0,USA,USA
OOK,MYU,1,68.0,USA,USA
OOL,ADL,2,1604.0,AUS,AUS
OOL,AKL,3,2217.0,AUS,NZL
OOL,CBR,1,892.0,AUS,AUS
OOL,CHC,3,2407.0,AUS,NZL
OOL,CNS,1,1484.0,AUS,AUS
OOL,ISA,2,1644.0,AUS,AUS
OOL,KIX,3,7220.0,AUS,JPN
OOL,KUL,1,6509.0,AUS,MYS
OOL,MEL,3,1330.0,AUS,AUS
OOL,NRT,3,7240.0,AUS,JPN
OOL,NTL,1,539.0,AUS,AUS
OOL,SIN,1,6212.0,AUS,SGP
OOL,SYD,4,680.0,AUS,AUS
OPO,AMS,3,1595.0,PRX,NLX
OPO,BCN,5,899.0,PRX,ESP
OPO,BGY,1,1559.0,PRX,ITA
OPO,BHX,1,1351.0,PRX,ENG
OPO,BLQ,1,1663.0,PRX,ITA
OPO,BOD,1,759.0,PRX,FXX
OPO,BRE,1,1852.0,PRX,DEU
OPO,BRU,5,1473.0,PRX,BFR
OPO,BSL,1,1464.0,PRX,FXX
OPO,BVA,1,1240.0,PRX,FXX
OPO,CCF,1,930.0,PRX,FXX
OPO,CCS,1,6601.0,PRX,VEN
OPO,CDG,1,1231.0,PRX,FXX
OPO,CFE,1,1079.0,PRX,FXX
OPO,CIA,1,1768.0,PRX,ITA
OPO,CRL,1,1440.0,PRX,BWR
OPO,DLE,1,1295.0,PRX,FXX
OPO,DTM,1,1686.0,PRX,DEU
OPO,DUB,1,1366.0,PRX,IRL
OPO,EBU,1,1150.0,PRX,FXX
OPO,EIN,1,1560.0,PRX,NLX
OPO,EWR,2,5361.0,PRX,USA
OPO,FAO,1,475.0,PRX,PRX
OPO,FCO,2,1738.0,PRX,ITA
OPO,FKB,1,1556.0,PRX,DEU
OPO,FMM,1,1669.0,PRX,DEU
OPO,FNC,3,1191.0,PRX,PMD
OPO,FRA,2,1653.0,PRX,DEU
OPO,GIG,1,7965.0,PRX,BRA
OPO,GRU,1,8180.0,PRX,BRA
OPO,GVA,3,1309.0,PRX,CHE
OPO,HHN,1,1568.0,PRX,DEU
OPO,LAD,1,6005.0,PRX,AGO
OPO,LGW,2,1278.0,PRX,ENG
OPO,LHR,1,1298.0,PRX,ENG
OPO,LIL,1,1376.0,PRX,FXX
OPO,LIS,5,277.0,PRX,PRX
OPO,LPA,1,1602.0,PRX,ESP
OPO,LPL,1,1413.0,PRX,ENG
OPO,LRH,1,813.0,PRX,FXX
OPO,LUX,2,1484.0,PRX,LUX
OPO,LYS,2,1215.0,PRX,FXX
OPO,MAD,6,439.0,PRX,ESP
OPO,MRS,1,1167.0,PRX,FXX
OPO,MST,1,1543.0,PRX,NLX
OPO,MUC,1,1790.0,PRX,DEU
OPO,MXP,2,1484.0,PRX,ITA
OPO,NRN,1,1612.0,PRX,DEU
OPO,NTE,1,865.0,PRX,FXX
OPO,ORY,5,1201.0,PRX,FXX
OPO,PDL,2,1509.0,PRX,PAZ
OPO,PMI,1,985.0,PRX,ESP
OPO,STN,1,1363.0,PRX,ENG
OPO,SXB,1,1514.0,PRX,FXX
OPO,TER,2,1589.0,PRX,PAZ
OPO,TFS,1,1634.0,PRX,ESP
OPO,TUF,1,1015.0,PRX,FXX
OPO,VLC,1,721.0,PRX,ESP
OPO,XCR,1,1311.0,PRX,FXX
OPO,YYZ,2,5642.0,PRX,CAN
OPO,ZRH,3,1530.0,PRX,CHE
OPS,BSB,1,938.0,BRA,BRA
OPS,CGB,2,423.0,BRA,BRA
ORB,BLE,1,136.0,SWE,SWE
ORB,MMX,1,422.0,SWE,SWE
ORD,ABE,1,1050.0,USA,USA
ORD,ABQ,3,1796.0,USA,USA
ORD,ACY,2,1156.0,USA,USA
ORD,ALB,1,1161.0,USA,USA
ORD,ALO,2,375.0,USA,USA
ORD,AMM,3,10014.0,USA,JOR
ORD,AMS,4,6612.0,USA,NLX
ORD,ANC,2,4568.0,USA,USA
ORD,ARN,1,6856.0,USA,SWE
ORD,ART,2,991.0,USA,USA
ORD,ATL,20,976.0,USA,USA
ORD,ATW,1,258.0,USA,USA
ORD,AUH,2,11688.0,USA,ARE
ORD,AUS,3,1575.0,USA,USA
ORD,AVL,1,863.0,USA,USA
ORD,AVP,1,1014.0,USA,USA
ORD,AZO,2,196.0,USA,USA
ORD,BDL,3,1257.0,USA,USA
ORD,BHM,1,941.0,USA,USA
ORD,BMI,2,187.0,USA,USA
ORD,BNA,3,659.0,USA,USA
ORD,BOI,1,2307.0,USA,USA
ORD,BOS,5,1391.0,USA,USA
ORD,BRL,1,300.0,USA,USA
ORD,BRU,2,6675.0,USA,BFR
ORD,BTV,1,1225.0,USA,USA
ORD,BUF,3,760.0,USA,USA
ORD,BWI,3,998.0,USA,USA
ORD,BZN,1,1903.0,USA,USA
ORD,CAE,1,1073.0,USA,USA
ORD,CAK,1,551.0,USA,USA
ORD,CDG,10,6664.0,USA,FXX
ORD,CHA,2,807.0,USA,USA
ORD,CHO,2,910.0,USA,USA
ORD,CHS,1,1224.0,USA,USA
ORD,CID,3,315.0,USA,USA
ORD,CLE,3,507.0,USA,USA
ORD,CLT,3,965.0,USA,USA
ORD,CMH,3,475.0,USA,USA
ORD,CMI,2,218.0,USA,USA
ORD,CMX,1,579.0,USA,USA
ORD,COS,1,1463.0,USA,USA
ORD,COU,2,507.0,USA,USA
ORD,CPH,1,6854.0,USA,DNK
ORD,CRW,1,669.0,USA,USA
ORD,CUN,3,2331.0,USA,MEX
ORD,CVG,4,425.0,USA,USA
ORD,CWA,3,342.0,USA,USA
ORD,DAY,3,386.0,USA,USA
ORD,DBQ,2,236.0,USA,USA
ORD,DCA,3,983.0,USA,USA
ORD,DEC,1,252.0,USA,USA
ORD,DEL,1,12021.0,USA,IND
ORD,DEN,4,1426.0,USA,USA
ORD,DFW,4,1291.0,USA,USA
ORD,DLH,1,639.0,USA,USA
ORD,DOH,2,11458.0,USA,QAT
ORD,DSM,3,480.0,USA,USA
ORD,DTW,4,376.0,USA,USA
ORD,DUB,7,5895.0,USA,IRL
ORD,DUS,8,6788.0,USA,DEU
ORD,EAU,1,432.0,USA,USA
ORD,ELM,1,909.0,USA,USA
ORD,ELP,2,1988.0,USA,USA
ORD,EVV,2,439.0,USA,USA
ORD,EWR,3,1154.0,USA,USA
ORD,FAR,3,895.0,USA,USA
ORD,FCO,7,7742.0,USA,ITA
ORD,FLL,4,1905.0,USA,USA
ORD,FNT,2,358.0,USA,USA
ORD,FOE,1,737.0,USA,USA
ORD,FRA,2,6971.0,USA,DEU
ORD,FSD,3,743.0,USA,USA
ORD,FWA,3,252.0,USA,USA
ORD,GCM,1,2597.0,USA,CYM
ORD,GDL,2,2789.0,USA,MEX
ORD,GRB,3,279.0,USA,USA
ORD,GRR,3,220.0,USA,USA
ORD,GRU,1,8428.0,USA,BRA
ORD,GSO,1,948.0,USA,USA
ORD,GSP,1,930.0,USA,USA
ORD,HKG,3,12523.0,USA,HKG
ORD,HNL,1,6819.0,USA,USA
ORD,HPN,3,1185.0,USA,USA
ORD,HSV,3,822.0,USA,USA
ORD,IAD,1,945.0,USA,USA
ORD,IAH,4,1491.0,USA,USA
ORD,ICN,3,10519.0,USA,KOR
ORD,ICT,3,945.0,USA,USA
ORD,IND,3,286.0,USA,USA
ORD,IST,2,8786.0,USA,TUR
ORD,JAN,1,1092.0,USA,USA
ORD,JAX,3,1392.0,USA,USA
ORD,JFK,5,1188.0,USA,USA
ORD,LAN,1,287.0,USA,USA
ORD,LAS,4,2432.0,USA,USA
ORD,LAX,6,2802.0,USA,USA
ORD,LEX,3,521.0,USA,USA
ORD,LGA,5,1177.0,USA,USA
ORD,LHR,9,6344.0,USA,ENG
ORD,LIT,3,889.0,USA,USA
ORD,LNK,1,749.0,USA,USA
ORD,LSE,2,345.0,USA,USA
ORD,MAD,4,6746.0,USA,ESP
ORD,MAN,5,6140.0,USA,ENG
ORD,MBJ,3,2776.0,USA,JAM
ORD,MBS,1,357.0,USA,USA
ORD,MCI,3,647.0,USA,USA
ORD,MCO,4,1620.0,USA,USA
ORD,MDT,3,954.0,USA,USA
ORD,MEM,4,792.0,USA,USA
ORD,MEX,6,2719.0,USA,MEX
ORD,MHK,2,804.0,USA,USA
ORD,MHT,1,1353.0,USA,USA
ORD,MIA,3,1930.0,USA,USA
ORD,MKE,3,108.0,USA,USA
ORD,MKG,1,190.0,USA,USA
ORD,MLI,3,224.0,USA,USA
ORD,MOB,1,1255.0,USA,USA
ORD,MQT,2,488.0,USA,USA
ORD,MSN,3,174.0,USA,USA
ORD,MSP,5,537.0,USA,USA
ORD,MSY,13,1349.0,USA,USA
ORD,MTY,1,2120.0,USA,MEX
ORD,MUC,2,7270.0,USA,DEU
ORD,MYR,2,1212.0,USA,USA
ORD,NAS,1,2114.0,USA,BHS
ORD,NRT,6,10074.0,USA,JPN
ORD,OAK,1,2947.0,USA,USA
ORD,OGG,1,6724.0,USA,USA
ORD,OKC,3,1114.0,USA,USA
ORD,OMA,3,668.0,USA,USA
ORD,ORF,1,1152.0,USA,USA
ORD,PAH,1,552.0,USA,USA
ORD,PBI,2,1844.0,USA,USA
ORD,PDX,4,2792.0,USA,USA
ORD,PEK,5,10562.0,USA,CHN
ORD,PHL,3,1088.0,USA,USA
ORD,PHX,3,2313.0,USA,USA
ORD,PIA,3,209.0,USA,USA
ORD,PIT,3,662.0,USA,USA
ORD,PNS,1,1281.0,USA,USA
ORD,PSP,2,2653.0,USA,USA
ORD,PTY,2,3753.0,USA,PAN
ORD,PUJ,2,3192.0,USA,DOM
ORD,PVD,1,1363.0,USA,USA
ORD,PVG,5,11334.0,USA,CHN
ORD,PVR,4,2873.0,USA,MEX
ORD,PWM,1,1444.0,USA,USA
ORD,RAP,1,1251.0,USA,USA
ORD,RDU,3,1039.0,USA,USA
ORD,RIC,3,1032.0,USA,USA
ORD,RNO,2,2683.0,USA,USA
ORD,ROA,1,853.0,USA,USA
ORD,ROC,3,847.0,USA,USA
ORD,RST,2,431.0,USA,USA
ORD,RSW,4,1806.0,USA,USA
ORD,SAL,1,3175.0,USA,SLV
ORD,SAN,4,2768.0,USA,USA
ORD,SAT,3,1677.0,USA,USA
ORD,SAV,1,1245.0,USA,USA
ORD,SBN,1,135.0,USA,USA
ORD,SCE,1,847.0,USA,USA
ORD,SDF,3,461.0,USA,USA
ORD,SEA,4,2762.0,USA,USA
ORD,SFO,5,2964.0,USA,USA
ORD,SGF,3,705.0,USA,USA
ORD,SJC,2,2937.0,USA,USA
ORD,SJD,4,2909.0,USA,MEX
ORD,SJO,1,3575.0,USA,CRI
ORD,SJU,4,3338.0,USA,PRI
ORD,SLC,4,2006.0,USA,USA
ORD,SMF,1,2860.0,USA,USA
ORD,SNA,3,2772.0,USA,USA
ORD,SPI,1,280.0,USA,USA
ORD,SRQ,1,1693.0,USA,USA
ORD,STC,1,634.0,USA,USA
ORD,STL,3,415.0,USA,USA
ORD,STT,1,3408.0,USA,VIR
ORD,SUX,2,700.0,USA,USA
ORD,SXM,1,3549.0,USA,SXM
ORD,SYR,3,974.0,USA,USA
ORD,TOL,2,342.0,USA,USA
ORD,TPA,4,1631.0,USA,USA
ORD,TUL,3,941.0,USA,USA
ORD,TUS,2,2309.0,USA,USA
ORD,TVC,3,360.0,USA,USA
ORD,TXL,2,7081.0,USA,DEU
ORD,TYS,3,765.0,USA,USA
ORD,VIE,2,7566.0,USA,AUT
ORD,WAW,1,7519.0,USA,POL
ORD,XNA,3,840.0,USA,USA
ORD,YEG,2,2280.0,USA,CAN
ORD,YHZ,2,1989.0,USA,CAN
ORD,YKF,2,636.0,USA,CAN
ORD,YOW,2,1051.0,USA,CAN
ORD,YQB,2,1414.0,USA,CAN
ORD,YQR,2,1590.0,USA,CAN
ORD,YUL,6,1201.0,USA,CAN
ORD,YVR,5,2831.0,USA,CAN
ORD,YWG,2,1138.0,USA,CAN
ORD,YXE,1,1810.0,USA,CAN
ORD,YXU,2,566.0,USA,CAN
ORD,YYC,5,2224.0,USA,CAN
ORD,YYZ,6,700.0,USA,CAN
ORD,ZRH,2,7131.0,USA,CHE
ORF,ATL,7,830.0,USA,USA
ORF,BWI,2,257.0,USA,USA
ORF,CLT,2,465.0,USA,USA
ORF,DCA,2,230.0,USA,USA
ORF,DFW,2,1947.0,USA,USA
ORF,DTW,1,851.0,USA,USA
ORF,EWR,1,458.0,USA,USA
ORF,IAD,1,253.0,USA,USA
ORF,IAH,1,1930.0,USA,USA
ORF,JFK,3,466.0,USA,USA
ORF,LGA,3,476.0,USA,USA
ORF,MCO,3,1055.0,USA,USA
ORF,MDW,2,1131.0,USA,USA
ORF,MIA,2,1294.0,USA,USA
ORF,MSP,1,1679.0,USA,USA
ORF,ORD,1,1152.0,USA,USA
ORF,PHL,2,341.0,USA,USA
ORH,FLL,1,1953.0,USA,USA
ORH,MCO,1,1758.0,USA,USA
ORK,ACE,2,2581.0,IRL,ESP
ORK,AGP,2,1715.0,IRL,ESP
ORK,ALC,1,1629.0,IRL,ESP
ORK,AMS,1,906.0,IRL,NLX
ORK,BCN,1,1421.0,IRL,ESP
ORK,BHX,1,465.0,IRL,ENG
ORK,BRS,1,402.0,IRL,ENG
ORK,BRU,1,906.0,IRL,BFR
ORK,CDG,1,842.0,IRL,FXX
ORK,EDI,1,566.0,IRL,SCT
ORK,EMA,1,499.0,IRL,ENG
ORK,FAO,2,1649.0,IRL,PRX
ORK,FUE,1,2639.0,IRL,ESP
ORK,GDN,1,1810.0,IRL,POL
ORK,GLA,1,521.0,IRL,SCT
ORK,JER,1,532.0,IRL,JEY
ORK,LGW,1,579.0,IRL,ENG
ORK,LHR,1,555.0,IRL,ENG
ORK,LIS,1,1453.0,IRL,PRX
ORK,LPA,1,2720.0,IRL,ESP
ORK,LPL,1,416.0,IRL,ENG
ORK,MAN,1,452.0,IRL,ENG
ORK,MUC,1,1492.0,IRL,DEU
ORK,NCE,1,1480.0,IRL,FXX
ORK,NCL,1,573.0,IRL,ENG
ORK,PMI,2,1617.0,IRL,ESP
ORK,STN,1,599.0,IRL,ENG
ORK,TFS,1,2730.0,IRL,ESP
ORK,VNO,1,2247.0,IRL,LTU
ORK,WRO,1,1751.0,IRL,POL
ORN,AAE,1,768.0,DZA,DZA
ORN,ALC,3,296.0,DZA,ESP
ORN,ALG,1,364.0,DZA,DZA
ORN,AZR,1,867.0,DZA,DZA
ORN,BCN,3,673.0,DZA,ESP
ORN,CBH,1,468.0,DZA,DZA
ORN,CDG,2,1511.0,DZA,FXX
ORN,CMN,1,686.0,DZA,MAR
ORN,CZL,1,656.0,DZA,DZA
ORN,FCO,1,1308.0,DZA,ITA
ORN,GHA,1,543.0,DZA,DZA
ORN,HME,1,764.0,DZA,DZA
ORN,IST,2,2620.0,DZA,TUR
ORN,LIL,2,1688.0,DZA,FXX
ORN,LYS,2,1221.0,DZA,FXX
ORN,MAD,1,597.0,DZA,ESP
ORN,MED,1,4039.0,DZA,SAU
ORN,MRS,2,1003.0,DZA,FXX
ORN,OGX,1,693.0,DZA,DZA
ORN,ORY,2,1477.0,DZA,FXX
ORN,TLS,2,906.0,DZA,FXX
ORN,TUN,1,982.0,DZA,TUN
ORU,CBB,2,113.0,BOL,BOL
ORU,SRZ,2,414.0,BOL,BOL
ORV,IAN,2,31.0,USA,USA
ORV,OTZ,2,69.0,USA,USA
ORY,AAE,2,1395.0,FXX,DZA
ORY,ABJ,1,4869.0,FXX,CIV
ORY,AGA,2,2276.0,FXX,MAR
ORY,AGF,1,524.0,FXX,FXX
ORY,AGP,3,1451.0,FXX,ESP
ORY,AJA,2,907.0,FXX,FXX
ORY,ALC,2,1185.0,FXX,ESP
ORY,ALG,2,1340.0,FXX,DZA
ORY,ARN,1,1573.0,FXX,SWE
ORY,ATH,2,2105.0,FXX,GRC
ORY,AUR,1,426.0,FXX,FXX
ORY,AYT,1,2643.0,FXX,TUR
ORY,BCN,2,826.0,FXX,ESP
ORY,BES,1,501.0,FXX,FXX
ORY,BGO,1,1299.0,FXX,NOW
ORY,BIA,2,880.0,FXX,FXX
ORY,BIO,2,728.0,FXX,ESP
ORY,BIQ,1,657.0,FXX,FXX
ORY,BJA,2,1353.0,FXX,DZA
ORY,BJV,1,2403.0,FXX,TUR
ORY,BKO,1,4135.0,FXX,MLI
ORY,BLJ,1,1478.0,FXX,DZA
ORY,BLQ,2,824.0,FXX,ITA
ORY,BOD,1,493.0,FXX,FXX
ORY,BSK,2,1573.0,FXX,DZA
ORY,BUD,1,1260.0,FXX,HUN
ORY,BVE,1,415.0,FXX,FXX
ORY,CAY,3,7086.0,FXX,GUF
ORY,CFE,1,332.0,FXX,FXX
ORY,CFR,1,213.0,FXX,FXX
ORY,CLY,2,850.0,FXX,FXX
ORY,CMN,1,1897.0,FXX,MAR
ORY,CPH,1,1037.0,FXX,DNK
ORY,CTA,1,1617.0,FXX,ITA
ORY,CWL,2,505.0,FXX,WLS
ORY,CZL,2,1426.0,FXX,DZA
ORY,DBV,1,1409.0,FXX,HRV
ORY,DCM,1,575.0,FXX,FXX
ORY,DJE,3,1791.0,FXX,TUN
ORY,DKR,1,4192.0,FXX,SEN
ORY,DZA,2,8035.0,FXX,MYT
ORY,ESU,2,2177.0,FXX,MAR
ORY,EWR,3,5857.0,FXX,USA
ORY,FAO,2,1548.0,FXX,PRX
ORY,FCO,3,1088.0,FXX,ITA
ORY,FDF,3,6852.0,FXX,MTQ
ORY,FEZ,1,1754.0,FXX,MAR
ORY,FLR,2,870.0,FXX,ITA
ORY,FNC,1,2391.0,FXX,PMD
ORY,FSC,1,960.0,FXX,FXX
ORY,GVA,1,394.0,FXX,CHE
ORY,HEL,1,1928.0,FXX,FIN
ORY,HER,1,2384.0,FXX,GRC
ORY,IBZ,3,1098.0,FXX,ESP
ORY,IKA,1,4206.0,FXX,IRN
ORY,JFK,3,5834.0,FXX,USA
ORY,LAI,1,429.0,FXX,FXX
ORY,LCY,2,351.0,FXX,ENG
ORY,LDE,1,643.0,FXX,FXX
ORY,LHR,3,367.0,FXX,ENG
ORY,LIG,1,331.0,FXX,FXX
ORY,LIN,3,636.0,FXX,ITA
ORY,LIS,5,1438.0,FXX,PRX
ORY,LPA,2,2768.0,FXX,ESP
ORY,LPY,1,418.0,FXX,FXX
ORY,LRH,1,390.0,FXX,FXX
ORY,LRT,1,444.0,FXX,FXX
ORY,LYS,1,391.0,FXX,FXX
ORY,MAD,3,1030.0,FXX,ESP
ORY,MIR,2,1596.0,FXX,TUN
ORY,MLA,3,1738.0,FXX,MLT
ORY,MPL,1,585.0,FXX,FXX
ORY,MRS,1,627.0,FXX,FXX
ORY,NAP,2,1279.0,FXX,ITA
ORY,NCE,2,675.0,FXX,FXX
ORY,NTE,1,345.0,FXX,FXX
ORY,OPO,5,1201.0,FXX,PRX
ORY,ORN,2,1477.0,FXX,DZA
ORY,OSL,1,1383.0,FXX,NOW
ORY,OUD,2,1590.0,FXX,MAR
ORY,OZZ,1,2127.0,FXX,MAR
ORY,PAP,1,7353.0,FXX,HTI
ORY,PDL,1,2561.0,FXX,PAZ
ORY,PGF,1,666.0,FXX,FXX
ORY,PGX,1,410.0,FXX,FXX
ORY,PMI,4,1020.0,FXX,ESP
ORY,PMO,2,1454.0,FXX,ITA
ORY,PRG,1,872.0,FXX,CZE
ORY,PSA,2,832.0,FXX,ITA
ORY,PTP,3,6752.0,FXX,GLP
ORY,PUF,1,632.0,FXX,FXX
ORY,QSF,2,1415.0,FXX,DZA
ORY,RAK,2,2094.0,FXX,MAR
ORY,RBA,3,1797.0,FXX,MAR
ORY,RDZ,1,480.0,FXX,FXX
ORY,RUN,3,9357.0,FXX,REU
ORY,SAW,2,2280.0,FXX,TUR
ORY,SCU,1,7501.0,FXX,CUB
ORY,SOU,2,365.0,FXX,ENG
ORY,SVQ,3,1423.0,FXX,ESP
ORY,SXB,1,386.0,FXX,FXX
ORY,SXF,1,885.0,FXX,DEU
ORY,SXM,2,6723.0,FXX,SXM
ORY,TFN,1,2761.0,FXX,ESP
ORY,TFS,1,2814.0,FXX,ESP
ORY,TLM,2,1556.0,FXX,DZA
ORY,TLN,1,690.0,FXX,FXX
ORY,TLS,2,572.0,FXX,FXX
ORY,TLV,1,3283.0,FXX,ISR
ORY,TNG,1,1596.0,FXX,MAR
ORY,TOE,1,1711.0,FXX,TUN
ORY,TUN,2,1465.0,FXX,TUN
ORY,TXL,1,878.0,FXX,DEU
ORY,UIP,1,491.0,FXX,FXX
ORY,VCE,2,834.0,FXX,ITA
ORY,VKO,2,2469.0,FXX,RUS
ORY,VLC,2,1052.0,FXX,ESP
ORY,YUL,1,5527.0,FXX,CAN
OSD,ARN,1,434.0,SWE,SWE
OSD,BMA,1,465.0,SWE,SWE
OSD,UME,1,294.0,SWE,SWE
OSI,DBV,1,326.0,HRV,HRV
OSI,SPU,1,292.0,HRV,HRV
OSI,STN,1,1533.0,HRV,ENG
OSI,ZAG,1,216.0,HRV,HRV
OSL,AAL,4,344.0,NOW,DNK
OSL,AAR,1,426.0,NOW,DNK
OSL,ABZ,2,830.0,NOW,SCT
OSL,AES,2,378.0,NOW,NOW
OSL,AGP,2,2832.0,NOW,ESP
OSL,AJA,1,2029.0,NOW,FXX
OSL,ALC,2,2562.0,NOW,ESP
OSL,ALF,2,1234.0,NOW,NOW
OSL,AMS,3,951.0,NOW,NLX
OSL,ARN,3,387.0,NOW,SWE
OSL,ATH,3,2629.0,NOW,GRC
OSL,AYT,1,2938.0,NOW,TUR
OSL,BCN,4,2182.0,NOW,ESP
OSL,BDU,1,1054.0,NOW,NOW
OSL,BEG,1,1809.0,NOW,SRS
OSL,BGO,2,323.0,NOW,NOW
OSL,BIO,1,2093.0,NOW,ESP
OSL,BKK,3,8675.0,NOW,THA
OSL,BLL,3,500.0,NOW,DNK
OSL,BNN,1,597.0,NOW,NOW
OSL,BOJ,1,2248.0,NOW,BGR
OSL,BOO,2,811.0,NOW,NOW
OSL,BRU,2,1104.0,NOW,BFR
OSL,BTS,1,1387.0,NOW,SVK
OSL,BUD,1,1508.0,NOW,HUN
OSL,CDG,3,1349.0,NOW,FXX
OSL,CGN,1,1058.0,NOW,DEU
OSL,CHQ,2,2892.0,NOW,GRC
OSL,CPH,3,510.0,NOW,DNK
OSL,DBV,1,2013.0,NOW,HRV
OSL,DOH,1,4956.0,NOW,QAT
OSL,DUB,2,1286.0,NOW,IRL
OSL,DUS,2,1017.0,NOW,DEU
OSL,EDI,2,965.0,NOW,SCT
OSL,EVE,2,969.0,NOW,NOW
OSL,EWR,2,5933.0,NOW,USA
OSL,FAO,1,2902.0,NOW,PRX
OSL,FCO,2,2039.0,NOW,ITA
OSL,FLL,1,7581.0,NOW,USA
OSL,FRA,3,1133.0,NOW,DEU
OSL,FRO,1,364.0,NOW,NOW
OSL,GDN,2,778.0,NOW,POL
OSL,GOT,2,282.0,NOW,SWE
OSL,GVA,1,1577.0,NOW,CHE
OSL,GZP,1,3051.0,NOW,TUR
OSL,HAM,2,725.0,NOW,DEU
OSL,HAU,2,338.0,NOW,NOW
OSL,HEL,3,767.0,NOW,FIN
OSL,HOV,1,352.0,NOW,NOW
OSL,ISB,1,5283.0,NOW,PAK
OSL,IST,2,2421.0,NOW,TUR
OSL,JFK,1,5917.0,NOW,USA
OSL,KBP,1,1651.0,NOW,UKR
OSL,KEF,3,1783.0,NOW,ISL
OSL,KKN,2,1377.0,NOW,NOW
OSL,KRK,1,1245.0,NOW,POL
OSL,KRS,2,272.0,NOW,NOW
OSL,KSU,1,374.0,NOW,NOW
OSL,LCA,1,3244.0,NOW,CYP
OSL,LED,1,1066.0,NOW,RUS
OSL,LGW,1,1218.0,NOW,ENG
OSL,LHR,4,1198.0,NOW,ENG
OSL,LIS,2,2761.0,NOW,PRX
OSL,LPA,2,4097.0,NOW,ESP
OSL,LYR,2,2022.0,NOW,NSV
OSL,MAN,2,1104.0,NOW,ENG
OSL,MJV,1,2622.0,NOW,ESP
OSL,MLA,1,2709.0,NOW,MLT
OSL,MOL,2,354.0,NOW,NOW
OSL,MUC,3,1309.0,NOW,DEU
OSL,MXP,2,1619.0,NOW,ITA
OSL,NCE,2,1849.0,NOW,FXX
OSL,OLA,1,405.0,NOW,NOW
OSL,ORY,1,1383.0,NOW,FXX
OSL,PLQ,1,748.0,NOW,LTU
OSL,PMI,2,2359.0,NOW,ESP
OSL,PRG,2,1132.0,NOW,CZE
OSL,PSA,1,1828.0,NOW,ITA
OSL,PUY,1,1704.0,NOW,HRV
OSL,RAK,1,3469.0,NOW,MAR
OSL,RIX,3,828.0,NOW,LVA
OSL,RRS,1,274.0,NOW,NOW
OSL,SDN,1,327.0,NOW,NOW
OSL,SOG,1,242.0,NOW,NOW
OSL,SPU,1,1877.0,NOW,HRV
OSL,SRP,1,320.0,NOW,NOW
OSL,SSJ,1,653.0,NOW,NOW
OSL,SVG,2,335.0,NOW,NOW
OSL,SVO,2,1606.0,NOW,RUS
OSL,SXF,1,874.0,NOW,DEU
OSL,SZZ,1,763.0,NOW,POL
OSL,TFS,1,4129.0,NOW,ESP
OSL,TLL,3,774.0,NOW,EST
OSL,TOS,3,1124.0,NOW,NOW
OSL,TRD,2,371.0,NOW,NOW
OSL,TXL,4,852.0,NOW,DEU
OSL,VCE,1,1627.0,NOW,ITA
OSL,VDB,1,138.0,NOW,NOW
OSL,VIE,2,1382.0,NOW,AUT
OSL,VNO,1,1046.0,NOW,LTU
OSL,VXO,1,414.0,NOW,SWE
OSL,WAW,1,1075.0,NOW,POL
OSL,ZRH,2,1417.0,NOW,CHE
OSM,AMM,2,833.0,IRR,JOR
OSM,IST,1,1362.0,IRR,TUR
OSR,CDG,1,1128.0,CZE,FXX
OSR,PRG,2,279.0,CZE,CZE
OSR,STN,1,1276.0,CZE,ENG
OSS,CEK,2,1832.0,KGZ,RUS
OSS,DME,5,3025.0,KGZ,RUS
OSS,FRU,3,306.0,KGZ,KGZ
OSS,IKT,2,2716.0,KGZ,RUS
OSS,IST,2,3660.0,KGZ,TUR
OSS,KJA,2,2244.0,KGZ,RUS
OSS,KUF,1,2218.0,KGZ,RUS
OSS,KZN,1,2392.0,KGZ,RUS
OSS,LED,2,3607.0,KGZ,RUS
OSS,OVB,4,1759.0,KGZ,RUS
OSS,SGC,2,2306.0,KGZ,RUS
OSS,SVX,3,1992.0,KGZ,RUS
OSS,URC,2,1261.0,KGZ,CHN
OST,LGG,1,191.0,BFR,BWR
OSW,DME,1,1452.0,RUS,RUS
OSY,MJF,1,165.0,NOW,NOW
OSY,RVK,1,46.0,NOW,NOW
OSY,TRD,1,117.0,NOW,NOW
OTH,PDX,1,275.0,USA,USA
OTH,SFO,1,664.0,USA,USA
OTP,AHO,1,1517.0,ROU,ITA
OTP,AMM,2,1668.0,ROU,JOR
OTP,AMS,2,1783.0,ROU,NLX
OTP,ATH,3,759.0,ROU,GRC
OTP,BAY,2,398.0,ROU,ROU
OTP,BCN,5,1980.0,ROU,ESP
OTP,BEG,2,457.0,ROU,SRS
OTP,BEY,2,1442.0,ROU,LBN
OTP,BGY,1,1289.0,ROU,ITA
OTP,BLQ,1,1171.0,ROU,ITA
OTP,BRI,1,850.0,ROU,ITA
OTP,BRU,2,1754.0,ROU,BFR
OTP,BUD,1,615.0,ROU,HUN
OTP,BVA,1,1888.0,ROU,FXX
OTP,CDG,2,1850.0,ROU,FXX
OTP,CIA,1,1135.0,ROU,ITA
OTP,CLJ,2,309.0,ROU,ROU
OTP,CPH,1,1552.0,ROU,DNK
OTP,CRL,1,1744.0,ROU,BWR
OTP,CTA,1,1214.0,ROU,ITA
OTP,CUF,1,1460.0,ROU,ITA
OTP,DOH,1,3141.0,ROU,QAT
OTP,DTM,1,1569.0,ROU,DEU
OTP,DUB,2,2530.0,ROU,IRL
OTP,DUS,1,1615.0,ROU,DEU
OTP,DWC,1,3410.0,ROU,ARE
OTP,DXB,2,3395.0,ROU,ARE
OTP,EIN,1,1712.0,ROU,NLX
OTP,FCO,3,1162.0,ROU,ITA
OTP,FRA,3,1449.0,ROU,DEU
OTP,GVA,2,1566.0,ROU,CHE
OTP,IAS,2,313.0,ROU,ROU
OTP,IST,2,426.0,ROU,TUR
OTP,KIV,3,343.0,ROU,MDA
OTP,LCA,3,1255.0,ROU,CYP
OTP,LGW,1,2079.0,ROU,ENG
OTP,LHR,3,2104.0,ROU,ENG
OTP,LIN,2,1323.0,ROU,ITA
OTP,LIS,1,2971.0,ROU,PRX
OTP,LTN,1,2106.0,ROU,ENG
OTP,MAD,3,2458.0,ROU,ESP
OTP,MUC,2,1171.0,ROU,DEU
OTP,MXP,1,1365.0,ROU,ITA
OTP,NAP,1,1046.0,ROU,ITA
OTP,NCE,1,1506.0,ROU,FXX
OTP,OMR,2,424.0,ROU,ROU
OTP,PEG,1,1100.0,ROU,ITA
OTP,PRG,3,1081.0,ROU,CZE
OTP,PSA,1,1254.0,ROU,ITA
OTP,SAW,1,486.0,ROU,TUR
OTP,SKG,1,518.0,ROU,GRC
OTP,SOF,3,300.0,ROU,BGR
OTP,STN,1,2066.0,ROU,ENG
OTP,SUJ,2,427.0,ROU,ROU
OTP,SVO,2,1498.0,ROU,RUS
OTP,TLV,3,1592.0,ROU,ISR
OTP,TRF,1,1944.0,ROU,NOW
OTP,TSF,1,1095.0,ROU,ITA
OTP,TSR,2,397.0,ROU,ROU
OTP,TXL,2,1291.0,ROU,DEU
OTP,VIE,2,829.0,ROU,AUT
OTP,VLC,1,2255.0,ROU,ESP
OTP,VRN,1,1197.0,ROU,ITA
OTP,WAW,2,925.0,ROU,POL
OTP,ZAZ,1,2215.0,ROU,ESP
OTP,ZRH,1,1389.0,ROU,CHE
OTZ,ABL,2,207.0,USA,USA
OTZ,ANC,1,880.0,USA,USA
OTZ,BKC,2,119.0,USA,USA
OTZ,DRG,2,91.0,USA,USA
OTZ,IAN,2,95.0,USA,USA
OTZ,KVL,1,127.0,USA,USA
OTZ,OME,2,294.0,USA,USA
OTZ,ORV,2,69.0,USA,USA
OTZ,SHG,2,237.0,USA,USA
OTZ,WLK,2,119.0,USA,USA
OTZ,WTK,2,77.0,USA,USA
OUA,ABJ,7,832.0,BFA,CIV
OUA,ACC,1,765.0,BFA,GHA
OUA,ADD,1,4417.0,BFA,ETH
OUA,ALG,1,2747.0,BFA,DZA
OUA,BKO,3,699.0,BFA,MLI
OUA,BOY,1,334.0,BFA,BFA
OUA,BRU,4,4321.0,BFA,BFR
OUA,CDG,1,4094.0,BFA,FXX
OUA,CMN,1,2417.0,BFA,MAR
OUA,COO,1,792.0,BFA,BEN
OUA,DKR,1,1747.0,BFA,SEN
OUA,IST,1,4356.0,BFA,TUR
OUA,LFW,2,752.0,BFA,TGO
OUA,NIM,7,420.0,BFA,NER
OUA,TUN,1,2965.0,BFA,TUN
OUD,BRU,1,1865.0,MAR,BFR
OUD,BVA,1,1664.0,MAR,FXX
OUD,CMN,1,545.0,MAR,MAR
OUD,CRL,1,1817.0,MAR,BWR
OUD,LIL,1,1800.0,MAR,FXX
OUD,LYS,1,1352.0,MAR,FXX
OUD,MRS,1,1142.0,MAR,FXX
OUD,NRN,1,1978.0,MAR,DEU
OUD,ORY,2,1590.0,MAR,FXX
OUL,ALC,1,3408.0,FIN,ESP
OUL,ARN,1,701.0,FIN,SWE
OUL,HEL,2,513.0,FIN,FIN
OUZ,CMN,1,1273.0,MRT,MAR
OUZ,NDB,1,511.0,MRT,MRT
OUZ,NKC,1,613.0,MRT,MRT
OVB,ALA,1,1358.0,RUS,KAZ
OVB,BKK,1,4856.0,RUS,THA
OVB,BTK,1,1199.0,RUS,RUS
OVB,CEK,2,1339.0,RUS,RUS
OVB,CIT,1,1701.0,RUS,KAZ
OVB,DME,3,2790.0,RUS,RUS
OVB,DXB,1,3988.0,RUS,ARE
OVB,DYU,2,2104.0,RUS,TJK
OVB,EVN,1,3254.0,RUS,ARM
OVB,FEG,1,1818.0,RUS,UZB
OVB,FRA,1,4804.0,RUS,DEU
OVB,FRU,4,1454.0,RUS,KGZ
OVB,GYD,2,2885.0,RUS,AZE
OVB,HKG,1,4464.0,RUS,HKG
OVB,HKT,1,5397.0,RUS,THA
OVB,HMA,1,1038.0,RUS,RUS
OVB,HRB,1,3207.0,RUS,CHN
OVB,HRG,1,4979.0,RUS,EGY
OVB,HTA,1,2037.0,RUS,RUS
OVB,IKT,3,1459.0,RUS,RUS
OVB,IST,1,4159.0,RUS,TUR
OVB,KBP,1,3446.0,RUS,UKR
OVB,KHV,3,3597.0,RUS,RUS
OVB,KJA,2,631.0,RUS,RUS
OVB,KQT,1,2171.0,RUS,TJK
OVB,KRR,2,3237.0,RUS,RUS
OVB,LBD,3,1904.0,RUS,TJK
OVB,LED,3,3098.0,RUS,RUS
OVB,MJZ,1,1967.0,RUS,RUS
OVB,MUC,1,4727.0,RUS,DEU
OVB,NJC,3,753.0,RUS,RUS
OVB,NMA,1,1760.0,RUS,UZB
OVB,NSK,3,1607.0,RUS,RUS
OVB,NUX,1,1273.0,RUS,RUS
OVB,NZH,1,2408.0,RUS,CHN
OVB,OMS,1,595.0,RUS,RUS
OVB,OSS,4,1759.0,RUS,KGZ
OVB,PEK,2,2995.0,RUS,CHN
OVB,PRG,1,4468.0,RUS,CZE
OVB,PYJ,1,2007.0,RUS,RUS
OVB,SGC,1,887.0,RUS,RUS
OVB,SLY,1,1544.0,RUS,RUS
OVB,SVO,1,2800.0,RUS,RUS
OVB,SVX,5,1370.0,RUS,RUS
OVB,TAS,2,1816.0,RUS,UZB
OVB,TJM,1,1098.0,RUS,RUS
OVB,TSE,1,868.0,RUS,KAZ
OVB,URC,3,1282.0,RUS,CHN
OVB,UUD,1,1672.0,RUS,RUS
OVB,VKO,1,2822.0,RUS,RUS
OVB,VVO,2,3730.0,RUS,RUS
OVB,YKS,2,2775.0,RUS,RUS
OVD,ACE,1,1760.0,ESP,ESP
OVD,AGP,2,777.0,ESP,ESP
OVD,BCN,2,712.0,ESP,ESP
OVD,CDG,2,895.0,ESP,FXX
OVD,MAD,2,400.0,ESP,ESP
OVD,PMI,2,855.0,ESP,ESP
OVD,STN,1,1036.0,ESP,ENG
OVD,SVQ,2,683.0,ESP,ESP
OVD,TFS,1,1966.0,ESP,ESP
OVD,VLC,2,647.0,ESP,ESP
OVS,EYK,1,307.0,RUS,RUS
OVS,NYM,1,646.0,RUS,RUS
OVS,SVX,1,534.0,RUS,RUS
OVS,TJM,1,470.0,RUS,RUS
OVS,VKO,1,1645.0,RUS,RUS
OWB,SFB,1,1138.0,USA,USA
OWB,STL,1,301.0,USA,USA
OXB,BJL,1,194.0,GNB,GMB
OXB,CKY,2,341.0,GNB,GIN
OXB,CMN,1,2525.0,GNB,MAR
OXB,DKR,2,374.0,GNB,SEN
OXB,RAI,1,912.0,GNB,CPV
OZC,CEB,1,237.0,PHL,PHL
OZC,MNL,3,768.0,PHL,PHL
OZH,IEV,1,452.0,UKR,UKR
OZH,VKO,1,869.0,UKR,RUS
OZZ,CMN,1,278.0,MAR,MAR
OZZ,ORY,1,2127.0,MAR,FXX
PAC,BOC,1,299.0,PAN,PAN
PAC,CHX,1,329.0,PAN,PAN
PAC,DAV,1,323.0,PAN,PAN
PAC,PUE,1,237.0,PAN,PAN
PAD,ACE,1,3121.0,DEU,ESP
PAD,AYT,3,2390.0,DEU,TUR
PAD,FUE,1,3181.0,DEU,ESP
PAD,IBZ,1,1524.0,DEU,ESP
PAD,LPA,1,3306.0,DEU,ESP
PAD,MUC,1,427.0,DEU,DEU
PAD,PMI,2,1416.0,DEU,ESP
PAD,TFS,1,3356.0,DEU,ESP
PAG,CEB,1,281.0,PHL,PHL
PAG,MNL,1,789.0,PHL,PHL
PAH,ORD,1,552.0,USA,USA
PAP,ATL,1,2063.0,HTI,USA
PAP,CAP,1,129.0,HTI,HTI
PAP,FLL,4,1160.0,HTI,USA
PAP,JBQ,2,243.0,HTI,DOM
PAP,JFK,4,2457.0,HTI,USA
PAP,MIA,4,1149.0,HTI,USA
PAP,PLS,1,355.0,HTI,TCA
PAP,PTP,2,1170.0,HTI,GLP
PAP,PTY,2,1305.0,HTI,PAN
PAP,SDQ,1,277.0,HTI,DOM
PAP,SXM,1,971.0,HTI,SXM
PAP,YUL,1,2993.0,HTI,CAN
PAS,ATH,2,145.0,GRC,GRC
PAT,CCU,4,472.0,IND,IND
PAT,DEL,5,857.0,IND,IND
PAT,IXR,2,254.0,IND,IND
PAT,LKO,1,439.0,IND,IND
PAV,SSA,1,390.0,BRA,BRA
PAZ,MEX,2,213.0,MEX,MEX
PAZ,REX,2,606.0,MEX,MEX
PAZ,VSA,2,567.0,MEX,MEX
PBC,CUN,1,1218.0,MEX,MEX
PBC,DFW,2,1533.0,MEX,USA
PBC,GDL,1,538.0,MEX,MEX
PBC,IAH,1,1242.0,MEX,USA
PBC,MTY,1,757.0,MEX,MEX
PBC,TIJ,1,2376.0,MEX,MEX
PBD,BOM,2,439.0,IND,IND
PBG,BOS,2,323.0,USA,USA
PBG,FLL,2,2151.0,USA,USA
PBG,MYR,1,1307.0,USA,USA
PBG,PIE,1,2033.0,USA,USA
PBG,SFB,1,1894.0,USA,USA
PBH,CCU,1,537.0,BTN,IND
PBH,DAC,1,408.0,BTN,BGD
PBH,GAU,1,259.0,BTN,IND
PBH,IXB,1,135.0,BTN,IND
PBH,KTM,1,402.0,BTN,NPL
PBI,ATL,8,878.0,USA,USA
PBI,BDL,1,1826.0,USA,USA
PBI,BOS,1,1929.0,USA,USA
PBI,BWI,1,1425.0,USA,USA
PBI,CLE,1,1646.0,USA,USA
PBI,CLT,2,952.0,USA,USA
PBI,DCA,2,1383.0,USA,USA
PBI,DFW,2,1772.0,USA,USA
PBI,DTW,1,1752.0,USA,USA
PBI,ELH,2,366.0,USA,BHS
PBI,EWR,2,1650.0,USA,USA
PBI,HPN,1,1703.0,USA,USA
PBI,IAH,1,1535.0,USA,USA
PBI,ISP,1,1696.0,USA,USA
PBI,JFK,1,1657.0,USA,USA
PBI,LAX,2,3743.0,USA,USA
PBI,LGA,4,1668.0,USA,USA
PBI,MHH,3,300.0,USA,BHS
PBI,NAS,1,320.0,USA,BHS
PBI,ORD,2,1844.0,USA,USA
PBI,PHL,2,1534.0,USA,USA
PBI,SJU,1,1711.0,USA,PRI
PBI,TPA,2,280.0,USA,USA
PBJ,ULB,1,13.0,VUT,VUT
PBJ,VLI,1,140.0,VUT,VUT
PBL,MAR,1,400.0,VEN,VEN
PBL,PMV,1,451.0,VEN,VEN
PBM,AMS,2,7524.0,SUR,NLX
PBM,AUA,1,1806.0,SUR,ABW
PBM,BEL,1,1064.0,SUR,BRA
PBM,CAY,1,321.0,SUR,GUF
PBM,CUR,1,1688.0,SUR,CUW
PBM,GEO,1,358.0,SUR,GUY
PBM,POS,3,886.0,SUR,TTO
PBO,PER,3,991.0,AUS,AUS
PBU,MYT,1,217.0,MMR,MMR
PBZ,CPT,1,436.0,ZAF,ZAF
PBZ,JNB,1,1002.0,ZAF,ZAF
PCL,IQT,2,530.0,PER,PER
PCL,LIM,3,491.0,PER,PER
PCL,TPP,1,287.0,PER,PER
PCR,BOG,2,755.0,COL,COL
PCR,VVC,1,714.0,COL,COL
PDA,BOG,2,698.0,COL,COL
PDA,VVC,1,634.0,COL,COL
PDG,BTH,2,477.0,IDN,IDN
PDG,CGK,4,923.0,IDN,IDN
PDG,KUL,1,424.0,IDN,MYS
PDL,AMS,1,2857.0,PAZ,NLX
PDL,ARN,1,3910.0,PAZ,SWE
PDL,BOS,2,3844.0,PAZ,USA
PDL,DUS,1,2947.0,PAZ,DEU
PDL,FLW,1,509.0,PAZ,PAZ
PDL,FNC,3,985.0,PAZ,PMD
PDL,FRA,1,3032.0,PAZ,DEU
PDL,HOR,1,278.0,PAZ,PAZ
PDL,LGW,1,2493.0,PAZ,ENG
PDL,LIS,2,1449.0,PAZ,PRX
PDL,OPO,2,1509.0,PAZ,PRX
PDL,ORY,1,2561.0,PAZ,FXX
PDL,PIX,1,256.0,PAZ,PAZ
PDL,SJZ,1,240.0,PAZ,PAZ
PDL,SMA,1,97.0,PAZ,PAZ
PDL,TER,1,166.0,PAZ,PAZ
PDL,YYZ,2,4513.0,PAZ,CAN
PDP,AEP,2,305.0,URY,ARG
PDP,ROS,1,568.0,URY,ARG
PDS,MEX,2,1033.0,MEX,MEX
PDT,PDX,1,292.0,USA,USA
PDV,HHN,1,1610.0,BGR,DEU
PDV,STN,1,2148.0,BGR,ENG
PDX,ABQ,1,1787.0,USA,USA
PDX,AMS,2,8029.0,USA,NLX
PDX,ANC,1,2477.0,USA,USA
PDX,ATL,4,3489.0,USA,USA
PDX,BIL,1,1090.0,USA,USA
PDX,BLI,1,356.0,USA,USA
PDX,BOI,1,553.0,USA,USA
PDX,BOS,3,4072.0,USA,USA
PDX,BUR,2,1316.0,USA,USA
PDX,CLT,2,3664.0,USA,USA
PDX,DCA,2,3773.0,USA,USA
PDX,DEN,4,1592.0,USA,USA
PDX,DFW,4,2597.0,USA,USA
PDX,DTW,2,3135.0,USA,USA
PDX,EUG,2,170.0,USA,USA
PDX,EWR,1,3907.0,USA,USA
PDX,FAT,1,1009.0,USA,USA
PDX,GEG,1,448.0,USA,USA
PDX,HNL,2,4188.0,USA,USA
PDX,IAD,1,3736.0,USA,USA
PDX,IAH,1,2934.0,USA,USA
PDX,JFK,2,3939.0,USA,USA
PDX,LAS,3,1228.0,USA,USA
PDX,LAX,4,1343.0,USA,USA
PDX,LGB,3,1362.0,USA,USA
PDX,LMT,1,388.0,USA,USA
PDX,MCI,1,2379.0,USA,USA
PDX,MDW,2,2811.0,USA,USA
PDX,MFR,1,358.0,USA,USA
PDX,MSO,1,670.0,USA,USA
PDX,MSP,1,2289.0,USA,USA
PDX,NRT,1,7742.0,USA,JPN
PDX,OAK,4,875.0,USA,USA
PDX,OGG,1,4122.0,USA,USA
PDX,OKC,1,2385.0,USA,USA
PDX,ONT,2,1351.0,USA,USA
PDX,ORD,4,2792.0,USA,USA
PDX,OTH,1,275.0,USA,USA
PDX,PDT,1,292.0,USA,USA
PDX,PHL,2,3863.0,USA,USA
PDX,PHX,4,1625.0,USA,USA
PDX,PSC,1,279.0,USA,USA
PDX,PSP,1,1406.0,USA,USA
PDX,RDM,2,187.0,USA,USA
PDX,RNO,2,716.0,USA,USA
PDX,SAN,3,1503.0,USA,USA
PDX,SBA,1,1263.0,USA,USA
PDX,SEA,2,208.0,USA,USA
PDX,SFO,4,886.0,USA,USA
PDX,SJC,3,916.0,USA,USA
PDX,SLC,3,1012.0,USA,USA
PDX,SMF,2,771.0,USA,USA
PDX,SNA,2,1385.0,USA,USA
PDX,STS,1,787.0,USA,USA
PDX,TUS,1,1802.0,USA,USA
PDX,YVR,4,403.0,USA,CAN
PDX,YYC,2,882.0,USA,CAN
PED,DME,1,1601.0,CZE,RUS
PED,LED,1,1424.0,CZE,RUS
PEE,DME,2,1138.0,RUS,RUS
PEE,DWC,1,3672.0,RUS,ARE
PEE,LED,1,1486.0,RUS,RUS
PEE,PRG,1,2812.0,RUS,CZE
PEE,SVO,1,1145.0,RUS,RUS
PEG,CAG,1,516.0,ITA,ITA
PEG,CRL,1,1022.0,ITA,BWR
PEG,OTP,1,1100.0,ITA,ROU
PEG,STN,1,1340.0,ITA,ENG
PEG,TPS,1,576.0,ITA,ITA
PEI,ADZ,1,1085.0,COL,COL
PEI,BOG,3,177.0,COL,COL
PEI,EOH,1,157.0,COL,COL
PEI,PTY,1,621.0,COL,PAN
PEK,ADD,2,8329.0,CHN,ETH
PEK,ALA,2,3271.0,CHN,KAZ
PEK,ALG,1,9104.0,CHN,DZA
PEK,AMS,2,7827.0,CHN,NLX
PEK,AOG,1,541.0,CHN,CHN
PEK,AQG,1,1057.0,CHN,CHN
PEK,ARN,2,6691.0,CHN,SWE
PEK,AUH,3,5955.0,CHN,ARE
PEK,BAV,3,561.0,CHN,CHN
PEK,BHY,2,2174.0,CHN,CHN
PEK,BKK,3,3317.0,CHN,THA
PEK,BRU,2,7945.0,CHN,BFR
PEK,CAI,2,7533.0,CHN,EGY
PEK,CAN,4,1881.0,CHN,CHN
PEK,CDG,4,8189.0,CHN,FXX
PEK,CGD,1,1321.0,CHN,CHN
PEK,CGK,1,5238.0,CHN,IDN
PEK,CGO,3,664.0,CHN,CHN
PEK,CGQ,5,868.0,CHN,CHN
PEK,CHG,2,362.0,CHN,CHN
PEK,CIF,2,309.0,CHN,CHN
PEK,CIH,2,522.0,CHN,CHN
PEK,CJJ,2,1021.0,CHN,KOR
PEK,CJU,2,1144.0,CHN,KOR
PEK,CKG,6,1464.0,CHN,CHN
PEK,CMB,1,5164.0,CHN,LKA
PEK,CNX,1,2908.0,CHN,THA
PEK,CPH,2,7194.0,CHN,DNK
PEK,CSX,5,1358.0,CHN,CHN
PEK,CTS,2,2107.0,CHN,JPN
PEK,CTU,6,1556.0,CHN,CHN
PEK,CZX,3,952.0,CHN,CHN
PEK,DAT,2,264.0,CHN,CHN
PEK,DAX,2,1293.0,CHN,CHN
PEK,DDG,2,655.0,CHN,CHN
PEK,DEL,1,3809.0,CHN,IND
PEK,DLC,6,443.0,CHN,CHN
PEK,DOH,1,6162.0,CHN,QAT
PEK,DOY,1,344.0,CHN,CHN
PEK,DQA,3,1012.0,CHN,CHN
PEK,DSN,2,578.0,CHN,CHN
PEK,DTW,3,10647.0,CHN,USA
PEK,DUS,2,7796.0,CHN,DEU
PEK,DXB,2,5845.0,CHN,ARE
PEK,DYG,3,1343.0,CHN,CHN
PEK,ENY,1,722.0,CHN,CHN
PEK,ERL,1,526.0,CHN,CHN
PEK,EWR,2,10968.0,CHN,USA
PEK,FCO,1,8148.0,CHN,ITA
PEK,FNJ,2,783.0,CHN,PRK
PEK,FOC,5,1599.0,CHN,CHN
PEK,FRA,2,7787.0,CHN,DEU
PEK,FUG,2,804.0,CHN,CHN
PEK,GMP,4,927.0,CHN,KOR
PEK,GVA,1,8200.0,CHN,CHE
PEK,GYD,1,5503.0,CHN,AZE
PEK,GYS,2,1296.0,CHN,CHN
PEK,HAK,5,2315.0,CHN,CHN
PEK,HAN,2,2332.0,CHN,VNM
PEK,HEL,2,6308.0,CHN,FIN
PEK,HET,4,412.0,CHN,CHN
PEK,HFE,3,925.0,CHN,CHN
PEK,HGH,8,1150.0,CHN,CHN
PEK,HIA,1,735.0,CHN,CHN
PEK,HKG,6,1992.0,CHN,HKG
PEK,HKT,2,3990.0,CHN,THA
PEK,HLD,5,1046.0,CHN,CHN
PEK,HLH,2,809.0,CHN,CHN
PEK,HMI,2,1928.0,CHN,CHN
PEK,HND,4,2092.0,CHN,JPN
PEK,HNL,3,8132.0,CHN,USA
PEK,HRB,6,999.0,CHN,CHN
PEK,HSN,2,1244.0,CHN,CHN
PEK,HYN,2,1355.0,CHN,CHN
PEK,IAD,2,11113.0,CHN,USA
PEK,IAH,2,11556.0,CHN,USA
PEK,ICN,4,903.0,CHN,KOR
PEK,IKA,1,5646.0,CHN,IRN
PEK,IKT,1,1644.0,CHN,RUS
PEK,ISB,2,3920.0,CHN,PAK
PEK,IST,2,7059.0,CHN,TUR
PEK,JDZ,2,1196.0,CHN,CHN
PEK,JFK,3,10978.0,CHN,USA
PEK,JGS,2,1480.0,CHN,CHN
PEK,JIQ,1,1370.0,CHN,CHN
PEK,JIU,2,1181.0,CHN,CHN
PEK,JJN,2,1710.0,CHN,CHN
PEK,JMU,3,1346.0,CHN,CHN
PEK,JNB,2,11708.0,CHN,ZAF
PEK,JNG,1,533.0,CHN,CHN
PEK,JXA,2,1325.0,CHN,CHN
PEK,KHH,1,1978.0,CHN,TWN
PEK,KHN,4,1249.0,CHN,CHN
PEK,KHV,3,1746.0,CHN,RUS
PEK,KIX,2,1763.0,CHN,JPN
PEK,KJA,3,2505.0,CHN,RUS
PEK,KMG,6,2095.0,CHN,CHN
PEK,KOW,3,1591.0,CHN,CHN
PEK,KUL,2,4413.0,CHN,MYS
PEK,KWE,4,1756.0,CHN,CHN
PEK,KWL,5,1761.0,CHN,CHN
PEK,LAD,1,11774.0,CHN,AGO
PEK,LAX,3,10037.0,CHN,USA
PEK,LED,2,6057.0,CHN,RUS
PEK,LGW,2,8165.0,CHN,ENG
PEK,LHR,3,8153.0,CHN,ENG
PEK,LHW,5,1197.0,CHN,CHN
PEK,LJG,4,2120.0,CHN,CHN
PEK,LUM,1,2424.0,CHN,CHN
PEK,LXA,2,2622.0,CHN,CHN
PEK,LYA,1,700.0,CHN,CHN
PEK,LYG,1,645.0,CHN,CHN
PEK,LYI,1,582.0,CHN,CHN
PEK,LZH,2,1889.0,CHN,CHN
PEK,LZO,1,1613.0,CHN,CHN
PEK,MAD,2,9205.0,CHN,ESP
PEK,MDG,4,1175.0,CHN,CHN
PEK,MFM,2,2014.0,CHN,MAC
PEK,MIG,2,1436.0,CHN,CHN
PEK,MLE,2,5871.0,CHN,MDV
PEK,MNL,3,2876.0,CHN,PHL
PEK,MRU,1,9077.0,CHN,MUS
PEK,MUC,2,7721.0,CHN,DEU
PEK,MWX,2,1032.0,CHN,KOR
PEK,MXP,1,8092.0,CHN,ITA
PEK,NAO,1,1397.0,CHN,CHN
PEK,NBS,1,949.0,CHN,CHN
PEK,NDG,3,990.0,CHN,CHN
PEK,NGB,5,1223.0,CHN,CHN
PEK,NGO,4,1872.0,CHN,JPN
PEK,NKG,4,949.0,CHN,CHN
PEK,NNG,4,2098.0,CHN,CHN
PEK,NRT,6,2135.0,CHN,JPN
PEK,NZH,1,1056.0,CHN,CHN
PEK,OKA,2,1852.0,CHN,JPN
PEK,ORD,5,10562.0,CHN,USA
PEK,OVB,2,2995.0,CHN,RUS
PEK,PUS,4,1215.0,CHN,KOR
PEK,PVG,6,1100.0,CHN,CHN
PEK,REP,1,3217.0,CHN,KHM
PEK,RGN,1,3244.0,CHN,MMR
PEK,RLK,2,753.0,CHN,CHN
PEK,SEA,5,8679.0,CHN,USA
PEK,SFO,3,9494.0,CHN,USA
PEK,SGN,1,3398.0,CHN,VNM
PEK,SHA,7,1076.0,CHN,CHN
PEK,SHE,4,605.0,CHN,CHN
PEK,SIN,2,4491.0,CHN,SGP
PEK,SPN,1,3959.0,CHN,MNP
PEK,SVO,4,5795.0,CHN,RUS
PEK,SVX,2,4365.0,CHN,RUS
PEK,SWA,3,1838.0,CHN,CHN
PEK,SYD,1,8965.0,CHN,AUS
PEK,SYX,4,2517.0,CHN,CHN
PEK,SZX,4,1957.0,CHN,CHN
PEK,TAE,1,1154.0,CHN,KOR
PEK,TAO,5,538.0,CHN,CHN
PEK,TAS,2,3942.0,CHN,UZB
PEK,TEN,1,1512.0,CHN,CHN
PEK,TGO,3,605.0,CHN,CHN
PEK,TLV,2,7141.0,CHN,ISR
PEK,TNA,2,363.0,CHN,CHN
PEK,TPE,4,1723.0,CHN,TWN
PEK,TSE,1,3652.0,CHN,KAZ
PEK,TXL,2,7356.0,CHN,DEU
PEK,TXN,2,1160.0,CHN,CHN
PEK,TYN,3,429.0,CHN,CHN
PEK,ULN,2,1165.0,CHN,MNG
PEK,URC,4,2430.0,CHN,CHN
PEK,UUD,1,1481.0,CHN,RUS
PEK,UYN,1,632.0,CHN,CHN
PEK,VIE,2,7452.0,CHN,AUT
PEK,VKO,1,5817.0,CHN,RUS
PEK,VVO,1,1341.0,CHN,RUS
PEK,WAW,2,6944.0,CHN,POL
PEK,WEF,1,441.0,CHN,CHN
PEK,WNZ,4,1409.0,CHN,CHN
PEK,WUA,3,835.0,CHN,CHN
PEK,WUH,5,1056.0,CHN,CHN
PEK,WUS,2,1383.0,CHN,CHN
PEK,WUX,3,1015.0,CHN,CHN
PEK,WXN,1,1267.0,CHN,CHN
PEK,XFN,2,962.0,CHN,CHN
PEK,XIL,2,430.0,CHN,CHN
PEK,XIY,5,934.0,CHN,CHN
PEK,XMN,6,1734.0,CHN,CHN
PEK,XNN,5,1327.0,CHN,CHN
PEK,YBP,2,1668.0,CHN,CHN
PEK,YCU,2,737.0,CHN,CHN
PEK,YIC,2,1381.0,CHN,CHN
PEK,YIH,4,1155.0,CHN,CHN
PEK,YIW,3,1234.0,CHN,CHN
PEK,YKS,2,2604.0,CHN,RUS
PEK,YNJ,3,1115.0,CHN,CHN
PEK,YNT,4,511.0,CHN,CHN
PEK,YNZ,2,807.0,CHN,CHN
PEK,YTY,2,882.0,CHN,CHN
PEK,YVR,2,8492.0,CHN,CAN
PEK,YYZ,3,10561.0,CHN,CAN
PEK,ZHA,2,2179.0,CHN,CHN
PEK,ZHY,1,1028.0,CHN,CHN
PEK,ZRH,1,7971.0,CHN,CHE
PEK,ZUH,3,2032.0,CHN,CHN
PEK,ZYI,3,1645.0,CHN,CHN
PEM,CUZ,2,311.0,PER,PER
PEM,LIM,1,859.0,PER,PER
PEN,BKI,1,1747.0,MYS,MYS
PEN,BKK,2,934.0,MYS,THA
PEN,BTJ,2,538.0,MYS,IDN
PEN,CAN,1,2449.0,MYS,CHN
PEN,CGK,1,1454.0,MYS,IDN
PEN,DMK,1,959.0,MYS,THA
PEN,HKG,3,2393.0,MYS,HKG
PEN,HKT,2,381.0,MYS,THA
PEN,JHB,1,554.0,MYS,MYS
PEN,KBR,3,243.0,MYS,MYS
PEN,KCH,1,1195.0,MYS,MYS
PEN,KUA,2,366.0,MYS,MYS
PEN,KUL,4,325.0,MYS,MYS
PEN,LGK,4,130.0,MYS,MYS
PEN,MYY,1,1523.0,MYS,MYS
PEN,SIN,6,602.0,MYS,SGP
PEN,SUB,1,1978.0,MYS,IDN
PEN,SZB,3,279.0,MYS,MYS
PEN,TPE,1,3135.0,MYS,TWN
PEN,USM,2,473.0,MYS,THA
PER,ADL,3,2115.0,AUS,AUS
PER,AKL,3,5337.0,AUS,NZL
PER,ALH,2,375.0,AUS,AUS
PER,ASP,2,1978.0,AUS,AUS
PER,BKI,1,4212.0,AUS,MYS
PER,BKK,2,5326.0,AUS,THA
PER,BME,2,1679.0,AUS,AUS
PER,BNE,4,3608.0,AUS,AUS
PER,BQB,2,201.0,AUS,AUS
PER,CAN,1,6159.0,AUS,CHN
PER,CBR,1,3085.0,AUS,AUS
PER,CGK,2,3029.0,AUS,IDN
PER,CNS,1,3432.0,AUS,AUS
PER,DCN,2,1781.0,AUS,AUS
PER,DOH,1,9330.0,AUS,QAT
PER,DPS,5,2580.0,AUS,IDN
PER,DRW,2,2652.0,AUS,AUS
PER,DXB,2,9042.0,AUS,ARE
PER,EPR,2,581.0,AUS,AUS
PER,GET,3,370.0,AUS,AUS
PER,HKG,1,6036.0,AUS,HKG
PER,HKT,1,4832.0,AUS,THA
PER,JNB,2,8310.0,AUS,ZAF
PER,KGI,3,537.0,AUS,AUS
PER,KNX,4,2211.0,AUS,AUS
PER,KTA,2,1251.0,AUS,AUS
PER,KUL,2,4140.0,AUS,MYS
PER,LEA,3,1095.0,AUS,AUS
PER,LOP,1,2578.0,AUS,IDN
PER,MEL,5,2701.0,AUS,AUS
PER,MRU,1,5886.0,AUS,MUS
PER,PBO,3,991.0,AUS,AUS
PER,PHE,2,1313.0,AUS,AUS
PER,RVT,2,447.0,AUS,AUS
PER,SIN,9,3911.0,AUS,SGP
PER,SYD,5,3277.0,AUS,AUS
PER,XCH,1,2613.0,AUS,CXR
PER,ZNE,2,1020.0,AUS,AUS
PES,DME,1,752.0,RUS,RUS
PET,POA,3,221.0,BRA,BRA
PEU,LCE,1,333.0,HND,HND
PEU,TGU,1,393.0,HND,HND
PEW,AAN,1,1882.0,PAK,ARE
PEW,AUH,4,1947.0,PAK,ARE
PEW,BAH,1,2179.0,PAK,BHR
PEW,CJL,1,212.0,PAK,PAK
PEW,DOH,2,2149.0,PAK,QAT
PEW,DSK,1,239.0,PAK,PAK
PEW,DXB,2,1835.0,PAK,ARE
PEW,ISB,1,133.0,PAK,PAK
PEW,JED,2,3445.0,PAK,SAU
PEW,KBL,1,221.0,PAK,AFG
PEW,KHI,3,1095.0,PAK,PAK
PEW,KUL,1,4676.0,PAK,MYS
PEW,KWI,1,2286.0,PAK,KWT
PEW,LHE,1,385.0,PAK,PAK
PEW,MCT,2,1729.0,PAK,OMN
PEW,RUH,3,2595.0,PAK,SAU
PEW,SHJ,3,1818.0,PAK,ARE
PEZ,DME,1,528.0,RUS,RUS
PFB,ERM,1,65.0,BRA,BRA
PFB,GRU,1,793.0,BRA,BRA
PFB,POA,2,225.0,BRA,BRA
PFB,VCP,1,781.0,BRA,BRA
PFO,AMS,1,2938.0,CYP,NLX
PFO,ATH,1,844.0,CYP,GRC
PFO,BHX,2,3340.0,CYP,ENG
PFO,BRS,2,3359.0,CYP,ENG
PFO,BRU,1,2878.0,CYP,BFR
PFO,CHQ,1,763.0,CYP,GRC
PFO,CRL,1,2857.0,CYP,BWR
PFO,DME,2,2338.0,CYP,RUS
PFO,EDI,1,3596.0,CYP,SCT
PFO,EMA,3,3331.0,CYP,ENG
PFO,GLA,1,3652.0,CYP,SCT
PFO,GPA,1,1060.0,CYP,GRC
PFO,KRK,1,1995.0,CYP,POL
PFO,KRR,1,1280.0,CYP,RUS
PFO,KUN,1,2343.0,CYP,LTU
PFO,LBA,1,3398.0,CYP,ENG
PFO,LGW,5,3186.0,CYP,ENG
PFO,LTN,2,3228.0,CYP,ENG
PFO,MAN,6,3412.0,CYP,ENG
PFO,NCL,2,3456.0,CYP,ENG
PFO,NYO,1,2911.0,CYP,SWE
PFO,SKG,1,1057.0,CYP,GRC
PFO,SOF,1,1185.0,CYP,BGR
PFO,STN,2,3191.0,CYP,ENG
PFO,VKO,1,2350.0,CYP,RUS
PFQ,THR,1,530.0,IRN,IRN
PGA,DEN,3,674.0,USA,USA
PGA,GCN,1,125.0,USA,USA
PGA,PHX,1,392.0,USA,USA
PGD,ABE,1,1641.0,USA,USA
PGD,AVL,1,948.0,USA,USA
PGD,CID,1,1885.0,USA,USA
PGD,CVG,1,1371.0,USA,USA
PGD,DSM,1,1943.0,USA,USA
PGD,FWA,1,1591.0,USA,USA
PGD,GSP,1,887.0,USA,USA
PGD,IAG,1,1821.0,USA,USA
PGD,ISP,1,1745.0,USA,USA
PGD,LEX,1,1260.0,USA,USA
PGD,PIA,1,1684.0,USA,USA
PGD,RFD,1,1817.0,USA,USA
PGD,SBN,1,1691.0,USA,USA
PGD,SGF,1,1570.0,USA,USA
PGD,SPI,1,1603.0,USA,USA
PGD,TOL,1,1639.0,USA,USA
PGD,TYS,1,1007.0,USA,USA
PGD,YNG,1,1599.0,USA,USA
PGF,CRL,1,867.0,FXX,BWR
PGF,DUB,1,1366.0,FXX,IRL
PGF,NTE,1,604.0,FXX,FXX
PGF,ORY,1,666.0,FXX,FXX
PGF,STN,1,1036.0,FXX,ENG
PGK,BTH,1,429.0,IDN,IDN
PGK,CGK,4,444.0,IDN,IDN
PGK,PLM,1,180.0,IDN,IDN
PGK,TJQ,1,191.0,IDN,IDN
PGU,AWZ,1,585.0,IRN,IRN
PGU,IFN,1,603.0,IRN,IRN
PGU,RAS,1,1144.0,IRN,IRN
PGU,SYZ,1,241.0,IRN,IRN
PGU,THR,1,934.0,IRN,IRN
PGV,CLT,2,326.0,USA,USA
PGX,EGC,1,48.0,FXX,FXX
PGX,ORY,1,410.0,FXX,FXX
PHB,FOR,1,368.0,BRA,BRA
PHB,THE,1,270.0,BRA,BRA
PHC,ABV,4,445.0,NGA,NGA
PHC,LOS,4,437.0,NGA,NGA
PHE,BME,3,465.0,AUS,AUS
PHE,BNE,1,3580.0,AUS,AUS
PHE,DPS,1,1345.0,AUS,IDN
PHE,MEL,1,3174.0,AUS,AUS
PHE,PER,2,1313.0,AUS,AUS
PHF,ATL,3,817.0,USA,USA
PHF,CLT,2,453.0,USA,USA
PHF,DEN,1,2461.0,USA,USA
PHF,PHL,2,324.0,USA,USA
PHF,SFB,1,1029.0,USA,USA
PHL,ABE,2,88.0,USA,USA
PHL,ALB,2,342.0,USA,USA
PHL,AMS,2,5997.0,USA,NLX
PHL,ART,2,463.0,USA,USA
PHL,ATH,3,8083.0,USA,GRC
PHL,ATL,9,1072.0,USA,USA
PHL,AUA,2,3086.0,USA,ABW
PHL,AUS,2,2299.0,USA,USA
PHL,AVP,2,168.0,USA,USA
PHL,BCN,2,6300.0,USA,ESP
PHL,BDA,2,1262.0,USA,BMU
PHL,BDL,2,315.0,USA,USA
PHL,BGM,2,267.0,USA,USA
PHL,BGR,2,760.0,USA,USA
PHL,BHM,2,1241.0,USA,USA
PHL,BNA,3,1084.0,USA,USA
PHL,BOS,3,450.0,USA,USA
PHL,BRU,2,6036.0,USA,BFR
PHL,BTV,2,540.0,USA,USA
PHL,BUF,2,448.0,USA,USA
PHL,BWI,2,145.0,USA,USA
PHL,CAE,2,841.0,USA,USA
PHL,CAK,2,538.0,USA,USA
PHL,CDG,4,5984.0,USA,FXX
PHL,CHO,2,338.0,USA,USA
PHL,CHS,2,886.0,USA,USA
PHL,CLE,2,583.0,USA,USA
PHL,CLT,2,721.0,USA,USA
PHL,CMH,2,652.0,USA,USA
PHL,CUN,3,2368.0,USA,MEX
PHL,CVG,3,814.0,USA,USA
PHL,DAY,2,766.0,USA,USA
PHL,DCA,2,192.0,USA,USA
PHL,DEN,5,2500.0,USA,USA
PHL,DFW,3,2093.0,USA,USA
PHL,DOH,2,10919.0,USA,QAT
PHL,DTW,3,728.0,USA,USA
PHL,DUB,2,5253.0,USA,IRL
PHL,ELM,2,290.0,USA,USA
PHL,ERI,2,481.0,USA,USA
PHL,EWR,2,129.0,USA,USA
PHL,FCO,2,7016.0,USA,ITA
PHL,FLL,4,1601.0,USA,USA
PHL,FRA,3,6339.0,USA,DEU
PHL,GCM,2,2362.0,USA,CYM
PHL,GLA,2,5311.0,USA,SCT
PHL,GSO,2,588.0,USA,USA
PHL,GSP,2,828.0,USA,USA
PHL,HPN,2,186.0,USA,USA
PHL,HVN,2,252.0,USA,USA
PHL,IAD,1,216.0,USA,USA
PHL,IAH,3,2129.0,USA,USA
PHL,ICT,1,1935.0,USA,USA
PHL,ILM,2,666.0,USA,USA
PHL,IND,2,944.0,USA,USA
PHL,IPT,2,208.0,USA,USA
PHL,ISP,2,208.0,USA,USA
PHL,ITH,2,309.0,USA,USA
PHL,JAX,2,1195.0,USA,USA
PHL,JFK,1,151.0,USA,USA
PHL,LAS,4,3494.0,USA,USA
PHL,LAX,3,3856.0,USA,USA
PHL,LGA,2,154.0,USA,USA
PHL,LHR,5,5690.0,USA,ENG
PHL,LIS,3,5551.0,USA,PRX
PHL,MAD,2,5911.0,USA,ESP
PHL,MAN,2,5512.0,USA,ENG
PHL,MBJ,2,2390.0,USA,JAM
PHL,MCI,2,1667.0,USA,USA
PHL,MCO,4,1389.0,USA,USA
PHL,MDT,2,134.0,USA,USA
PHL,MDW,2,1073.0,USA,USA
PHL,MHT,2,465.0,USA,USA
PHL,MIA,2,1634.0,USA,USA
PHL,MKE,2,1108.0,USA,USA
PHL,MSP,3,1574.0,USA,USA
PHL,MSY,2,1751.0,USA,USA
PHL,MUC,2,6631.0,USA,DEU
PHL,MYR,3,763.0,USA,USA
PHL,NAS,2,1662.0,USA,BHS
PHL,ORD,3,1088.0,USA,USA
PHL,ORF,2,341.0,USA,USA
PHL,PBI,2,1534.0,USA,USA
PHL,PDX,2,3863.0,USA,USA
PHL,PHF,2,324.0,USA,USA
PHL,PHX,4,3333.0,USA,USA
PHL,PIT,2,430.0,USA,USA
PHL,PLS,2,2032.0,USA,TCA
PHL,PUJ,3,2459.0,USA,DOM
PHL,PVD,2,382.0,USA,USA
PHL,PWM,2,586.0,USA,USA
PHL,RDU,3,542.0,USA,USA
PHL,RIC,2,319.0,USA,USA
PHL,ROA,2,499.0,USA,USA
PHL,ROC,2,414.0,USA,USA
PHL,RSW,3,1601.0,USA,USA
PHL,SAN,2,3806.0,USA,USA
PHL,SAT,2,2404.0,USA,USA
PHL,SAV,2,1014.0,USA,USA
PHL,SBY,2,172.0,USA,USA
PHL,SCE,2,246.0,USA,USA
PHL,SDF,2,925.0,USA,USA
PHL,SDQ,2,2444.0,USA,DOM
PHL,SEA,3,3818.0,USA,USA
PHL,SFO,4,4048.0,USA,USA
PHL,SJU,2,2543.0,USA,PRI
PHL,SLC,3,3093.0,USA,USA
PHL,STL,3,1306.0,USA,USA
PHL,STT,2,2590.0,USA,VIR
PHL,SWF,2,205.0,USA,USA
PHL,SXM,2,2693.0,USA,SXM
PHL,SYR,2,367.0,USA,USA
PHL,TLV,2,9268.0,USA,ISR
PHL,TPA,3,1483.0,USA,USA
PHL,TYS,2,891.0,USA,USA
PHL,VCE,2,6819.0,USA,ITA
PHL,YHZ,2,1112.0,USA,CAN
PHL,YOW,2,607.0,USA,CAN
PHL,YQB,2,830.0,USA,CAN
PHL,YUL,2,634.0,USA,CAN
PHL,YYZ,4,558.0,USA,CAN
PHL,ZRH,2,6460.0,USA,CHE
PHS,CNX,1,261.0,THA,THA
PHS,DMK,2,321.0,THA,THA
PHW,JNB,1,382.0,ZAF,ZAF
PHX,ABQ,4,528.0,USA,USA
PHX,ANC,2,4101.0,USA,USA
PHX,ATL,9,2549.0,USA,USA
PHX,AUS,3,1401.0,USA,USA
PHX,BFL,2,683.0,USA,USA
PHX,BNA,1,2326.0,USA,USA
PHX,BOI,3,1184.0,USA,USA
PHX,BOS,3,3694.0,USA,USA
PHX,BUF,1,3071.0,USA,USA
PHX,BUR,3,592.0,USA,USA
PHX,BWI,3,3210.0,USA,USA
PHX,CLE,1,2791.0,USA,USA
PHX,CLT,2,2848.0,USA,USA
PHX,CMH,3,2683.0,USA,USA
PHX,CUN,2,2830.0,USA,MEX
PHX,DCA,2,3178.0,USA,USA
PHX,DEN,7,969.0,USA,USA
PHX,DFW,3,1394.0,USA,USA
PHX,DRO,2,566.0,USA,USA
PHX,DSM,2,1847.0,USA,USA
PHX,DTW,4,2684.0,USA,USA
PHX,ELP,3,558.0,USA,USA
PHX,EWR,4,3425.0,USA,USA
PHX,FAT,2,793.0,USA,USA
PHX,FLG,2,192.0,USA,USA
PHX,FLL,4,3169.0,USA,USA
PHX,GDL,3,1673.0,USA,MEX
PHX,GEG,3,1644.0,USA,USA
PHX,GJT,2,705.0,USA,USA
PHX,HMO,3,491.0,USA,MEX
PHX,HNL,3,4689.0,USA,USA
PHX,HOU,2,1639.0,USA,USA
PHX,IAD,1,3142.0,USA,USA
PHX,IAH,3,1621.0,USA,USA
PHX,IND,3,2391.0,USA,USA
PHX,JFK,4,3458.0,USA,USA
PHX,KOA,2,4597.0,USA,USA
PHX,LAS,4,411.0,USA,USA
PHX,LAX,6,594.0,USA,USA
PHX,LGB,2,570.0,USA,USA
PHX,LHR,4,8463.0,USA,ENG
PHX,LIH,2,4787.0,USA,USA
PHX,LIT,1,1825.0,USA,USA
PHX,MCI,3,1677.0,USA,USA
PHX,MCO,3,2970.0,USA,USA
PHX,MDW,1,2320.0,USA,USA
PHX,MEX,3,2017.0,USA,MEX
PHX,MIA,2,3168.0,USA,USA
PHX,MKE,3,2347.0,USA,USA
PHX,MRY,2,961.0,USA,USA
PHX,MSP,5,2052.0,USA,USA
PHX,MSY,1,2089.0,USA,USA
PHX,MZT,2,1273.0,USA,MEX
PHX,OAK,4,1038.0,USA,USA
PHX,OGG,2,4572.0,USA,USA
PHX,OKC,1,1339.0,USA,USA
PHX,OMA,3,1668.0,USA,USA
PHX,ONT,4,521.0,USA,USA
PHX,ORD,3,2313.0,USA,USA
PHX,PDX,5,1625.0,USA,USA
PHX,PGA,1,392.0,USA,USA
PHX,PHL,4,3333.0,USA,USA
PHX,PIT,3,2913.0,USA,USA
PHX,PSP,2,418.0,USA,USA
PHX,PVR,2,1567.0,USA,MEX
PHX,RDU,1,3036.0,USA,USA
PHX,RNO,3,967.0,USA,USA
PHX,SAN,4,489.0,USA,USA
PHX,SAT,3,1354.0,USA,USA
PHX,SBA,2,730.0,USA,USA
PHX,SBP,2,817.0,USA,USA
PHX,SDF,1,2419.0,USA,USA
PHX,SEA,4,1782.0,USA,USA
PHX,SFO,4,1046.0,USA,USA
PHX,SJC,4,999.0,USA,USA
PHX,SJD,2,1165.0,USA,MEX
PHX,SLC,4,818.0,USA,USA
PHX,SMF,3,1040.0,USA,USA
PHX,SNA,4,543.0,USA,USA
PHX,SOW,3,207.0,USA,USA
PHX,STL,3,2027.0,USA,USA
PHX,TPA,3,2873.0,USA,USA
PHX,TUL,1,1502.0,USA,USA
PHX,TUS,2,178.0,USA,USA
PHX,YEG,3,2214.0,USA,CAN
PHX,YUM,2,257.0,USA,USA
PHX,YVR,2,1980.0,USA,CAN
PHX,YYC,3,1973.0,USA,CAN
PHX,YYZ,1,3013.0,USA,CAN
PHX,ZIH,2,2051.0,USA,MEX
PIA,ATL,3,910.0,USA,USA
PIA,AZA,1,2108.0,USA,USA
PIA,DEN,1,1273.0,USA,USA
PIA,DFW,2,1083.0,USA,USA
PIA,DTW,1,556.0,USA,USA
PIA,LAS,1,2269.0,USA,USA
PIA,MSP,1,550.0,USA,USA
PIA,ORD,3,209.0,USA,USA
PIA,PGD,1,1684.0,USA,USA
PIA,PIE,1,1556.0,USA,USA
PIB,ATL,1,519.0,USA,USA
PIE,ABE,1,1564.0,USA,USA
PIE,AVL,1,837.0,USA,USA
PIE,BGR,1,2245.0,USA,USA
PIE,CHA,1,827.0,USA,USA
PIE,CID,1,1756.0,USA,USA
PIE,DSM,1,1813.0,USA,USA
PIE,ELM,1,1669.0,USA,USA
PIE,FAR,1,2446.0,USA,USA
PIE,FSD,1,2149.0,USA,USA
PIE,FWA,1,1471.0,USA,USA
PIE,GRR,1,1684.0,USA,USA
PIE,GSO,1,946.0,USA,USA
PIE,GSP,1,778.0,USA,USA
PIE,HTS,1,1163.0,USA,USA
PIE,IAG,1,1723.0,USA,USA
PIE,LCK,1,1324.0,USA,USA
PIE,LEX,1,1140.0,USA,USA
PIE,MDT,1,1470.0,USA,USA
PIE,MLI,1,1665.0,USA,USA
PIE,PBG,1,2033.0,USA,USA
PIE,PIA,1,1556.0,USA,USA
PIE,RFD,1,1691.0,USA,USA
PIE,ROA,1,1077.0,USA,USA
PIE,SBN,1,1569.0,USA,USA
PIE,SGF,1,1441.0,USA,USA
PIE,SWF,1,1701.0,USA,USA
PIE,SYR,1,1791.0,USA,USA
PIE,TOL,1,1524.0,USA,USA
PIE,TRI,1,953.0,USA,USA
PIE,TYS,1,887.0,USA,USA
PIE,YNG,1,1496.0,USA,USA
PIH,SLC,1,241.0,USA,USA
PIK,ACE,1,3040.0,SCT,ESP
PIK,AGP,1,2094.0,SCT,ESP
PIK,ALC,1,1939.0,SCT,ESP
PIK,BCN,1,1653.0,SCT,ESP
PIK,CCF,1,1454.0,SCT,FXX
PIK,CFU,1,2526.0,SCT,GRC
PIK,CIA,1,1968.0,SCT,ITA
PIK,DUB,1,256.0,SCT,IRL
PIK,FAO,1,2072.0,SCT,PRX
PIK,FUE,1,3099.0,SCT,ESP
PIK,IBZ,1,1902.0,SCT,ESP
PIK,LDY,1,171.0,SCT,NIR
PIK,LPA,1,3186.0,SCT,ESP
PIK,MJV,1,1992.0,SCT,ESP
PIK,MLA,1,2621.0,SCT,MLT
PIK,PMI,1,1855.0,SCT,ESP
PIK,REU,1,1651.0,SCT,ESP
PIK,RIX,1,1760.0,SCT,LVA
PIK,TFS,1,3201.0,SCT,ESP
PIK,WMI,1,1675.0,SCT,POL
PIK,WRO,1,1501.0,SCT,POL
PIN,MAO,1,366.0,BRA,BRA
PIR,ATY,2,255.0,USA,USA
PIR,DEN,3,619.0,USA,USA
PIR,HON,3,164.0,USA,USA
PIS,AJA,1,852.0,FXX,FXX
PIS,LRH,2,124.0,FXX,FXX
PIS,LYS,2,380.0,FXX,FXX
PIS,SNN,1,949.0,FXX,IRL
PIS,STN,1,589.0,FXX,ENG
PIT,ATL,7,848.0,USA,USA
PIT,BDL,2,651.0,USA,USA
PIT,BNA,1,743.0,USA,USA
PIT,BOS,3,797.0,USA,USA
PIT,BWI,2,338.0,USA,USA
PIT,CDG,2,6276.0,USA,FXX
PIT,CLT,2,590.0,USA,USA
PIT,CUN,1,2253.0,USA,MEX
PIT,CVG,1,412.0,USA,USA
PIT,DCA,2,329.0,USA,USA
PIT,DEN,2,2071.0,USA,USA
PIT,DFW,3,1716.0,USA,USA
PIT,DTW,1,323.0,USA,USA
PIT,EWR,1,512.0,USA,USA
PIT,FLL,1,1603.0,USA,USA
PIT,HOU,1,1820.0,USA,USA
PIT,IAD,1,293.0,USA,USA
PIT,IAH,1,1797.0,USA,USA
PIT,JFK,3,545.0,USA,USA
PIT,LAS,1,3067.0,USA,USA
PIT,LAX,4,3430.0,USA,USA
PIT,LGA,3,538.0,USA,USA
PIT,MCO,3,1345.0,USA,USA
PIT,MDW,2,646.0,USA,USA
PIT,MEM,1,1048.0,USA,USA
PIT,MIA,2,1634.0,USA,USA
PIT,MSP,1,1167.0,USA,USA
PIT,ORD,3,662.0,USA,USA
PIT,PHL,2,430.0,USA,USA
PIT,PHX,3,2913.0,USA,USA
PIT,PUJ,2,2689.0,USA,DOM
PIT,RDU,2,528.0,USA,USA
PIT,RSW,1,1558.0,USA,USA
PIT,SFO,1,3618.0,USA,USA
PIT,STL,2,889.0,USA,USA
PIT,TPA,2,1408.0,USA,USA
PIT,YYZ,2,358.0,USA,CAN
PIU,LIM,2,850.0,PER,PER
PIX,PDL,1,256.0,PAZ,PAZ
PIX,TER,3,120.0,PAZ,PAZ
PIZ,BRW,1,289.0,USA,USA
PJA,LLA,1,194.0,SWE,SWE
PJA,TLL,1,875.0,SWE,EST
PJG,KHI,1,379.0,PAK,PAK
PJM,GLF,1,19.0,CRI,CRI
PJM,SJO,3,191.0,CRI,CRI
PKA,BET,1,9.0,USA,USA
PKB,CLE,1,232.0,USA,USA
PKC,DME,1,6775.0,RUS,RUS
PKC,KHV,2,1704.0,RUS,RUS
PKC,SVO,1,6742.0,RUS,RUS
PKC,VVO,2,2211.0,RUS,RUS
PKE,BHS,1,135.0,AUS,AUS
PKE,SYD,1,287.0,AUS,AUS
PKN,BDJ,1,353.0,IDN,IDN
PKN,CGK,1,674.0,IDN,IDN
PKN,KTG,1,214.0,IDN,IDN
PKN,PKN,1,0.0,IDN,IDN
PKN,SOC,1,544.0,IDN,IDN
PKN,SRG,1,496.0,IDN,IDN
PKN,SUB,1,534.0,IDN,IDN
PKR,KTM,1,146.0,NPL,NPL
PKU,BDO,2,1064.0,IDN,IDN
PKU,BTH,2,306.0,IDN,IDN
PKU,CGK,6,933.0,IDN,IDN
PKU,JOG,2,1354.0,IDN,IDN
PKU,KUL,1,256.0,IDN,MYS
PKU,SIN,3,300.0,IDN,SGP
PKU,SZB,2,297.0,IDN,MYS
PKY,CGK,2,917.0,IDN,IDN
PKY,SUB,1,587.0,IDN,IDN
PKZ,LPQ,1,654.0,LAO,LAO
PKZ,REP,1,286.0,LAO,KHM
PKZ,SGN,1,489.0,LAO,VNM
PKZ,VTE,1,467.0,LAO,LAO
PKZ,ZVK,1,192.0,LAO,LAO
PLM,BTH,2,452.0,IDN,IDN
PLM,CGK,4,419.0,IDN,IDN
PLM,DPS,1,1328.0,IDN,IDN
PLM,JOG,1,836.0,IDN,IDN
PLM,KUL,1,710.0,IDN,MYS
PLM,PGK,1,180.0,IDN,IDN
PLM,SIN,3,479.0,IDN,SGP
PLM,TKG,1,266.0,IDN,IDN
PLN,DTW,1,391.0,USA,USA
PLO,ADL,2,245.0,AUS,AUS
PLQ,CPH,1,529.0,LTU,DNK
PLQ,OSL,1,748.0,LTU,NOW
PLQ,RIX,1,206.0,LTU,LVA
PLS,ATL,1,1779.0,TCA,USA
PLS,BOS,2,2293.0,TCA,USA
PLS,CAP,2,227.0,TCA,HTI
PLS,CLT,2,1716.0,TCA,USA
PLS,DFW,2,2732.0,TCA,USA
PLS,EWR,1,2111.0,TCA,USA
PLS,GDT,2,122.0,TCA,TCA
PLS,JFK,2,2103.0,TCA,USA
PLS,KIN,1,637.0,TCA,JAM
PLS,MIA,2,931.0,TCA,USA
PLS,NAS,3,643.0,TCA,BHS
PLS,PAP,1,355.0,TCA,HTI
PLS,PHL,2,2032.0,TCA,USA
PLS,POP,1,285.0,TCA,DOM
PLS,SDQ,1,460.0,TCA,DOM
PLS,SJU,1,752.0,TCA,PRI
PLS,STI,1,315.0,TCA,DOM
PLS,XSC,1,81.0,TCA,TCA
PLS,YUL,1,2638.0,TCA,CAN
PLS,YYZ,2,2529.0,TCA,CAN
PLU,AAX,1,317.0,BRA,BRA
PLU,CFB,1,393.0,BRA,BRA
PLU,GRU,1,476.0,BRA,BRA
PLU,GVR,1,232.0,BRA,BRA
PLU,IPN,1,159.0,BRA,BRA
PLU,MOC,1,350.0,BRA,BRA
PLU,POJ,1,297.0,BRA,BRA
PLU,RAO,2,423.0,BRA,BRA
PLU,SJK,1,424.0,BRA,BRA
PLU,UDI,1,461.0,BRA,BRA
PLU,VCP,1,481.0,BRA,BRA
PLU,VDC,1,644.0,BRA,BRA
PLW,BPN,2,338.0,IDN,IDN
PLW,CGK,2,1580.0,IDN,IDN
PLW,SUB,1,1068.0,IDN,IDN
PLW,UPG,3,462.0,IDN,IDN
PLX,ALA,1,815.0,KAZ,KAZ
PLX,TSE,1,622.0,KAZ,KAZ
PLX,UKK,1,165.0,KAZ,KAZ
PLZ,CPT,3,647.0,ZAF,ZAF
PLZ,DUR,2,711.0,ZAF,ZAF
PLZ,ELS,1,230.0,ZAF,ZAF
PLZ,JNB,3,908.0,ZAF,ZAF
PMC,BBA,2,510.0,CHL,CHL
PMC,CCP,1,519.0,CHL,CHL
PMC,MHC,1,113.0,CHL,CHL
PMC,PUQ,3,1297.0,CHL,CHL
PMC,SCL,3,917.0,CHL,CHL
PMF,AHO,1,494.0,ITA,ITA
PMF,CAG,1,628.0,ITA,ITA
PMF,STN,1,1079.0,ITA,ENG
PMF,TPS,1,790.0,ITA,ITA
PMI,AAL,1,2017.0,ESP,DNK
PMI,AAR,1,1950.0,ESP,DNK
PMI,AGP,4,709.0,ESP,ESP
PMI,ALC,3,318.0,ESP,ESP
PMI,ALG,1,321.0,ESP,DZA
PMI,AMS,3,1427.0,ESP,NLX
PMI,ARN,2,2475.0,ESP,SWE
PMI,BCN,6,202.0,ESP,ESP
PMI,BFS,2,1808.0,ESP,NIR
PMI,BGO,1,2313.0,ESP,NOW
PMI,BGY,1,887.0,ESP,ITA
PMI,BHD,1,1795.0,ESP,NIR
PMI,BHX,5,1475.0,ESP,ENG
PMI,BIO,4,629.0,ESP,ESP
PMI,BLK,1,1640.0,ESP,ENG
PMI,BLL,1,1861.0,ESP,DNK
PMI,BLQ,1,897.0,ESP,ITA
PMI,BOD,3,652.0,ESP,FXX
PMI,BOH,2,1299.0,ESP,ENG
PMI,BRE,3,1570.0,ESP,DEU
PMI,BRN,1,904.0,ESP,CHE
PMI,BRS,4,1382.0,ESP,ENG
PMI,BRU,4,1269.0,ESP,BFR
PMI,BSL,3,973.0,ESP,FXX
PMI,BTS,1,1501.0,ESP,SVK
PMI,BVA,1,1102.0,ESP,FXX
PMI,CGN,5,1304.0,ESP,DEU
PMI,CIA,1,867.0,ESP,ITA
PMI,CPH,3,1931.0,ESP,DNK
PMI,CRL,1,1220.0,ESP,BWR
PMI,CWL,1,1399.0,ESP,WLS
PMI,DME,2,3126.0,ESP,RUS
PMI,DRS,1,1546.0,ESP,DEU
PMI,DSA,2,1575.0,ESP,ENG
PMI,DTM,3,1383.0,ESP,DEU
PMI,DUB,2,1686.0,ESP,IRL
PMI,DUS,5,1342.0,ESP,DEU
PMI,EDI,4,1878.0,ESP,SCT
PMI,EIN,2,1339.0,ESP,NLX
PMI,EMA,5,1509.0,ESP,ENG
PMI,ERF,1,1422.0,ESP,DEU
PMI,EXT,3,1333.0,ESP,ENG
PMI,FAO,1,975.0,ESP,PRX
PMI,FDH,2,1054.0,ESP,DEU
PMI,FKB,2,1110.0,ESP,DEU
PMI,FMM,2,1114.0,ESP,DEU
PMI,FMO,1,1450.0,ESP,DEU
PMI,FRA,4,1252.0,ESP,DEU
PMI,GLA,4,1890.0,ESP,SCT
PMI,GOT,1,2128.0,ESP,SWE
PMI,GRO,1,261.0,ESP,ESP
PMI,GRQ,2,1537.0,ESP,NLX
PMI,GRX,3,626.0,ESP,ESP
PMI,GRZ,2,1317.0,ESP,AUT
PMI,GSE,1,2130.0,ESP,SWE
PMI,GVA,2,792.0,ESP,CHE
PMI,HAJ,4,1531.0,ESP,DEU
PMI,HAM,4,1659.0,ESP,DEU
PMI,HEL,1,2774.0,ESP,FIN
PMI,HHN,1,1209.0,ESP,DEU
PMI,IBZ,2,140.0,ESP,ESP
PMI,ILD,1,305.0,ESP,ESP
PMI,INN,2,1102.0,ESP,AUT
PMI,KSF,1,1416.0,ESP,DEU
PMI,KUN,1,2333.0,ESP,LTU
PMI,LBA,4,1626.0,ESP,ENG
PMI,LBC,1,1695.0,ESP,DEU
PMI,LCY,2,1345.0,ESP,ENG
PMI,LEI,1,538.0,ESP,ESP
PMI,LEJ,2,1511.0,ESP,DEU
PMI,LGG,1,1251.0,ESP,BWR
PMI,LGW,6,1309.0,ESP,ENG
PMI,LHR,2,1348.0,ESP,ENG
PMI,LNZ,2,1329.0,ESP,AUT
PMI,LPL,2,1590.0,ESP,ENG
PMI,LTN,3,1391.0,ESP,ENG
PMI,LUX,1,1153.0,ESP,LUX
PMI,LYS,2,713.0,ESP,FXX
PMI,MAD,4,546.0,ESP,ESP
PMI,MAH,2,131.0,ESP,ESP
PMI,MAN,8,1581.0,ESP,ENG
PMI,MRS,3,479.0,ESP,FXX
PMI,MST,1,1285.0,ESP,NLX
PMI,MUC,4,1216.0,ESP,DEU
PMI,MXP,1,834.0,ESP,ITA
PMI,NCL,4,1753.0,ESP,ENG
PMI,NDR,1,719.0,ESP,MAR
PMI,NRN,1,1366.0,ESP,DEU
PMI,NTE,1,915.0,ESP,FXX
PMI,NUE,2,1287.0,ESP,DEU
PMI,NYO,1,2363.0,ESP,SWE
PMI,OPO,1,985.0,ESP,PRX
PMI,ORK,2,1617.0,ESP,IRL
PMI,ORY,4,1020.0,ESP,FXX
PMI,OSL,2,2359.0,ESP,NOW
PMI,OST,1,1295.0,ESP,BFR
PMI,OVD,2,855.0,ESP,ESP
PMI,PAD,2,1416.0,ESP,DEU
PMI,PIK,1,1855.0,ESP,SCT
PMI,PRG,2,1480.0,ESP,CZE
PMI,REU,1,222.0,ESP,ESP
PMI,RLG,1,1751.0,ESP,DEU
PMI,RTM,1,1386.0,ESP,NLX
PMI,RYG,1,2276.0,ESP,NOW
PMI,SCN,1,1129.0,ESP,DEU
PMI,SCQ,2,1003.0,ESP,ESP
PMI,SDR,1,695.0,ESP,ESP
PMI,SEN,1,1346.0,ESP,ENG
PMI,SNN,1,1712.0,ESP,IRL
PMI,SOF,1,1762.0,ESP,BGR
PMI,SOU,1,1307.0,ESP,ENG
PMI,STN,3,1385.0,ESP,ENG
PMI,STR,4,1139.0,ESP,DEU
PMI,SVQ,4,788.0,ESP,ESP
PMI,SXF,2,1648.0,ESP,DEU
PMI,SZG,2,1231.0,ESP,AUT
PMI,TLS,2,468.0,ESP,FXX
PMI,TRF,1,2247.0,ESP,NOW
PMI,TXL,2,1656.0,ESP,DEU
PMI,VIE,3,1458.0,ESP,AUT
PMI,VLC,5,276.0,ESP,ESP
PMI,WMI,1,1982.0,ESP,POL
PMI,XRY,1,830.0,ESP,ESP
PMI,ZAZ,1,396.0,ESP,ESP
PMI,ZQW,1,1135.0,ESP,DEU
PMI,ZRH,2,996.0,ESP,CHE
PMO,AMS,2,1699.0,ITA,NLX
PMO,ARN,1,2412.0,ITA,SWE
PMO,BCN,2,1003.0,ITA,ESP
PMO,BGY,1,879.0,ITA,ITA
PMO,BLQ,1,723.0,ITA,ITA
PMO,BOD,1,1364.0,ITA,FXX
PMO,BRI,2,455.0,ITA,ITA
PMO,BRU,1,1568.0,ITA,BFR
PMO,CDG,4,1471.0,ITA,FXX
PMO,CGN,1,1487.0,ITA,DEU
PMO,CTA,1,191.0,ITA,ITA
PMO,FCO,4,409.0,ITA,ITA
PMO,FLR,3,646.0,ITA,ITA
PMO,FRA,1,1366.0,ITA,DEU
PMO,GOA,1,779.0,ITA,ITA
PMO,LGW,3,1778.0,ITA,ENG
PMO,LIN,2,868.0,ITA,ITA
PMO,LMP,1,301.0,ITA,ITA
PMO,MAD,1,1453.0,ITA,ESP
PMO,MRS,1,883.0,ITA,FXX
PMO,MUC,1,1137.0,ITA,DEU
PMO,MXP,1,904.0,ITA,ITA
PMO,NAP,2,318.0,ITA,ITA
PMO,NRN,1,1588.0,ITA,DEU
PMO,NTE,1,1558.0,ITA,FXX
PMO,ORY,2,1454.0,ITA,FXX
PMO,PNL,1,181.0,ITA,ITA
PMO,PSA,1,653.0,ITA,ITA
PMO,STN,1,1823.0,ITA,ENG
PMO,SVO,2,2676.0,ITA,RUS
PMO,SVQ,1,1667.0,ITA,ESP
PMO,SXB,1,1233.0,ITA,FXX
PMO,TRN,3,902.0,ITA,ITA
PMO,TSF,1,834.0,ITA,ITA
PMO,TUN,1,292.0,ITA,TUN
PMO,TXL,2,1599.0,ITA,DEU
PMO,VCE,3,817.0,ITA,ITA
PMO,VIE,1,1140.0,ITA,AUT
PMO,VRN,3,823.0,ITA,ITA
PMR,AKL,1,375.0,NZL,NZL
PMR,CHC,1,435.0,NZL,NZL
PMR,HLZ,1,274.0,NZL,NZL
PMR,NSN,1,229.0,NZL,NZL
PMR,WLG,1,131.0,NZL,NZL
PMV,BLA,1,119.0,VEN,VEN
PMV,BRM,1,597.0,VEN,VEN
PMV,CCS,5,332.0,VEN,VEN
PMV,GND,1,267.0,VEN,GRD
PMV,HAV,1,2373.0,VEN,CUB
PMV,MAO,1,1611.0,VEN,BRA
PMV,MAR,1,849.0,VEN,VEN
PMV,MUN,1,157.0,VEN,VEN
PMV,PBL,1,451.0,VEN,VEN
PMV,POS,1,289.0,VEN,TTO
PMV,PZO,2,320.0,VEN,VEN
PMV,STD,1,960.0,VEN,VEN
PMV,VIG,1,882.0,VEN,VEN
PMV,VLN,2,441.0,VEN,VEN
PMW,AUX,2,341.0,BRA,BRA
PMW,BSB,3,622.0,BRA,BRA
PMW,GYN,2,711.0,BRA,BRA
PMY,AEP,1,1080.0,ARG,ARG
PMZ,SJO,3,142.0,CRI,CRI
PNA,MAD,2,301.0,ESP,ESP
PNH,BKK,4,504.0,KHM,THA
PNH,CAN,1,1592.0,KHM,CHN
PNH,DMK,1,529.0,KHM,THA
PNH,HAN,2,1081.0,KHM,VNM
PNH,HKG,1,1536.0,KHM,HKG
PNH,ICN,2,3598.0,KHM,KOR
PNH,KUL,2,1038.0,KHM,MYS
PNH,NNG,1,1280.0,KHM,CHN
PNH,PVG,1,2790.0,KHM,CHN
PNH,REP,1,236.0,KHM,KHM
PNH,RGN,1,1112.0,KHM,MMR
PNH,SGN,3,213.0,KHM,VNM
PNH,SIN,5,1138.0,KHM,SGP
PNH,TPE,2,2288.0,KHM,TWN
PNH,VTE,2,757.0,KHM,LAO
PNI,KSA,1,555.0,FSM,FSM
PNI,KWA,1,1067.0,FSM,MHL
PNI,TKK,1,704.0,FSM,FSM
PNK,BTH,1,604.0,IDN,IDN
PNK,CGK,3,731.0,IDN,IDN
PNK,KCH,1,210.0,IDN,MYS
PNK,KTG,1,195.0,IDN,IDN
PNL,PMO,1,181.0,ITA,ITA
PNL,TPS,1,130.0,ITA,ITA
PNL,VCE,1,967.0,ITA,ITA
PNP,GUR,1,278.0,PNX,PNX
PNP,LAE,1,304.0,PNX,PNX
PNP,POM,2,139.0,PNX,PNX
PNQ,AMD,2,517.0,IND,IND
PNQ,BLR,5,723.0,IND,IND
PNQ,BOM,2,124.0,IND,IND
PNQ,CCU,1,1577.0,IND,IND
PNQ,COK,1,975.0,IND,IND
PNQ,DEL,6,1156.0,IND,IND
PNQ,GOI,2,356.0,IND,IND
PNQ,HYD,5,500.0,IND,IND
PNQ,IDR,2,500.0,IND,IND
PNQ,MAA,3,913.0,IND,IND
PNQ,NAG,2,605.0,IND,IND
PNQ,SHJ,2,2038.0,IND,ARE
PNR,ADD,1,3354.0,COG,ETH
PNR,BZV,4,378.0,COG,COG
PNR,CDG,2,6054.0,COG,FXX
PNR,CMN,1,4715.0,COG,MAR
PNR,COO,4,1630.0,COG,BEN
PNR,DLA,1,1010.0,COG,CMR
PNR,JNB,1,2941.0,COG,ZAF
PNR,LBV,3,648.0,COG,GAB
PNR,POG,1,574.0,COG,GAB
PNS,ATL,5,437.0,USA,USA
PNS,BNA,1,630.0,USA,USA
PNS,CLT,2,786.0,USA,USA
PNS,DCA,2,1313.0,USA,USA
PNS,DFW,2,970.0,USA,USA
PNS,HOU,1,784.0,USA,USA
PNS,IAH,1,785.0,USA,USA
PNS,MCO,2,613.0,USA,USA
PNS,MIA,2,853.0,USA,USA
PNS,ORD,1,1281.0,USA,USA
PNS,TPA,2,530.0,USA,USA
PNZ,BSB,1,1077.0,BRA,BRA
PNZ,CNF,1,1198.0,BRA,BRA
PNZ,REC,2,635.0,BRA,BRA
PNZ,SSA,1,464.0,BRA,BRA
POA,AEP,1,849.0,BRA,ARG
POA,BSB,2,1605.0,BRA,BRA
POA,CGH,2,838.0,BRA,BRA
POA,CNF,1,1362.0,BRA,BRA
POA,CWB,3,534.0,BRA,BRA
POA,ERM,1,281.0,BRA,BRA
POA,EZE,1,875.0,BRA,ARG
POA,FLN,2,363.0,BRA,BRA
POA,GIG,3,1122.0,BRA,BRA
POA,GRU,4,866.0,BRA,BRA
POA,IGU,1,587.0,BRA,BRA
POA,JOI,1,479.0,BRA,BRA
POA,LDB,1,741.0,BRA,BRA
POA,LIM,2,3338.0,BRA,PER
POA,LIS,1,8801.0,BRA,PRX
POA,MGF,1,729.0,BRA,BRA
POA,MIA,2,6936.0,BRA,USA
POA,MVD,2,706.0,BRA,URY
POA,NVT,1,425.0,BRA,BRA
POA,PET,1,221.0,BRA,BRA
POA,PFB,2,225.0,BRA,BRA
POA,PTY,1,5288.0,BRA,PAN
POA,RIA,2,245.0,BRA,BRA
POA,SDU,1,1120.0,BRA,BRA
POA,SRA,1,400.0,BRA,BRA
POA,VCP,1,874.0,BRA,BRA
POA,XAP,1,350.0,BRA,BRA
POG,PNR,1,574.0,GAB,COG
POI,LPB,2,426.0,BOL,BOL
POJ,PLU,1,297.0,BRA,BRA
POL,APL,2,271.0,MOZ,MOZ
POL,BEW,1,965.0,MOZ,MOZ
POL,DAR,1,695.0,MOZ,TZA
POL,JNB,1,1945.0,MOZ,ZAF
POL,MPM,1,1661.0,MOZ,MOZ
POL,NBO,2,1357.0,MOZ,KEN
POM,BNE,4,2089.0,PNX,AUS
POM,BUA,1,935.0,PNX,PNB
POM,BUL,1,255.0,PNX,PNX
POM,CEB,1,3382.0,PNX,PHL
POM,CMU,1,454.0,PNX,PNX
POM,CNS,2,843.0,PNX,AUS
POM,DAU,2,442.0,PNX,PNX
POM,DPS,1,3519.0,PNX,IDN
POM,GKA,2,425.0,PNX,PNX
POM,GUR,2,355.0,PNX,PNX
POM,HGU,2,515.0,PNX,PNX
POM,HIR,1,1408.0,PNX,SLB
POM,HKG,1,5064.0,PNX,HKG
POM,HKN,2,565.0,PNX,PNX
POM,KVG,1,860.0,PNX,PNX
POM,LAE,2,324.0,PNX,PNX
POM,MAG,1,497.0,PNX,PNX
POM,MAS,1,821.0,PNX,PNX
POM,MDU,1,537.0,PNX,PNX
POM,MNL,1,3929.0,PNX,PHL
POM,MXH,1,556.0,PNX,PNX
POM,NAN,1,3389.0,PNX,FJI
POM,NRT,1,5078.0,PNX,JPN
POM,PNP,2,139.0,PNX,PNX
POM,RAB,2,804.0,PNX,PNX
POM,SIN,1,4935.0,PNX,SGP
POM,SYD,2,2754.0,PNX,AUS
POM,TBG,2,807.0,PNX,PNX
POM,TIZ,2,618.0,PNX,PNX
POM,UNG,2,751.0,PNX,PNX
POM,VAI,1,996.0,PNX,PNX
POM,WBM,1,559.0,PNX,PNX
POM,WWK,1,760.0,PNX,PNX
POP,ANU,1,970.0,DOM,ACA
POP,AZS,1,103.0,DOM,DOM
POP,CDG,1,7144.0,DOM,FXX
POP,DUS,1,7436.0,DOM,DEU
POP,EWR,1,2353.0,DOM,USA
POP,FRA,1,7572.0,DOM,DEU
POP,JFK,1,2342.0,DOM,USA
POP,LRM,1,227.0,DOM,DOM
POP,MIA,2,1201.0,DOM,USA
POP,PLS,1,285.0,DOM,TCA
POP,PUJ,1,267.0,DOM,DOM
POP,SJU,1,502.0,DOM,PRI
POP,YHZ,1,2869.0,DOM,CAN
POP,YYZ,2,2790.0,DOM,CAN
POR,ARN,1,292.0,FIN,SWE
POR,HEL,1,213.0,FIN,FIN
POR,KOK,1,260.0,FIN,FIN
POS,BGI,1,341.0,TTO,BRB
POS,CCS,1,618.0,TTO,VEN
POS,CUR,3,850.0,TTO,CUW
POS,EWR,1,3576.0,TTO,USA
POS,FLL,2,2621.0,TTO,USA
POS,GEO,1,568.0,TTO,GUY
POS,GND,3,164.0,TTO,GRD
POS,IAH,1,4124.0,TTO,USA
POS,JFK,2,3557.0,TTO,USA
POS,KIN,1,1853.0,TTO,JAM
POS,LGW,1,7100.0,TTO,ENG
POS,MCO,1,2874.0,TTO,USA
POS,MIA,3,2613.0,TTO,USA
POS,PBM,3,886.0,TTO,SUR
POS,PMV,1,289.0,TTO,VEN
POS,PTY,2,1984.0,TTO,PAN
POS,SLU,2,383.0,TTO,LCA
POS,SVD,1,286.0,TTO,VCT
POS,TAB,1,83.0,TTO,TTO
POS,UVF,2,351.0,TTO,LCA
POS,YYZ,2,4079.0,TTO,CAN
POZ,BCN,1,1663.0,POL,ESP
POZ,BRS,1,1342.0,POL,ENG
POZ,BVA,1,1080.0,POL,FXX
POZ,CIA,1,1223.0,POL,ITA
POZ,CPH,1,448.0,POL,DNK
POZ,DSA,1,1198.0,POL,ENG
POZ,DUB,1,1546.0,POL,IRL
POZ,DUS,1,702.0,POL,DEU
POZ,EDI,1,1366.0,POL,SCT
POZ,FRA,2,633.0,POL,DEU
POZ,GRO,1,1575.0,POL,ESP
POZ,LPL,1,1320.0,POL,ENG
POZ,LTN,1,1172.0,POL,ENG
POZ,MUC,2,576.0,POL,DEU
POZ,NYO,1,708.0,POL,SWE
POZ,RYG,1,860.0,POL,NOW
POZ,STN,1,1131.0,POL,ENG
POZ,TRF,1,856.0,POL,NOW
POZ,WAW,1,283.0,POL,POL
PPB,CGH,1,514.0,BRA,BRA
PPB,VCP,1,450.0,BRA,BRA
PPG,HNL,1,4203.0,ASM,USA
PPK,ALA,1,1391.0,KAZ,KAZ
PPK,TSE,1,444.0,KAZ,KAZ
PPN,BOG,1,370.0,COL,COL
PPP,BNE,2,895.0,AUS,AUS
PPP,SYD,1,1518.0,AUS,AUS
PPQ,AKL,1,434.0,NZL,NZL
PPQ,CHC,1,351.0,NZL,NZL
PPS,BKI,1,518.0,PHL,MYS
PPS,CEB,1,575.0,PHL,PHL
PPS,DVO,1,811.0,PHL,PHL
PPS,ILO,1,426.0,PHL,PHL
PPS,MNL,5,584.0,PHL,PHL
PPT,AHE,1,499.0,PYF,PYF
PPT,AKL,4,4093.0,PYF,NZL
PPT,AUQ,1,1434.0,PYF,PYF
PPT,AXR,1,409.0,PYF,PYF
PPT,BOB,1,259.0,PYF,PYF
PPT,FAV,1,452.0,PYF,PYF
PPT,HNL,1,4417.0,PYF,USA
PPT,HOI,1,919.0,PYF,PYF
PPT,HUH,1,179.0,PYF,PYF
PPT,IPC,1,4249.0,PYF,CHL
PPT,LAX,6,6611.0,PYF,USA
PPT,MAU,1,307.0,PYF,PYF
PPT,MOZ,1,18.0,PYF,PYF
PPT,MVT,1,313.0,PYF,PYF
PPT,NHV,1,1406.0,PYF,PYF
PPT,NOU,1,4634.0,PYF,NCL
PPT,NRT,2,9445.0,PYF,JPN
PPT,RAR,2,1144.0,PYF,COK
PPT,RFP,1,218.0,PYF,PYF
PPT,RGI,1,356.0,PYF,PYF
PPT,RMT,1,657.0,PYF,
PPT,RUR,1,573.0,PYF,PYF
PPT,RVV,1,732.0,PYF,PYF
PPT,TIH,1,308.0,PYF,PYF
PPT,TKX,1,599.0,PYF,PYF
PPT,TUB,1,646.0,PYF,PYF
PPT,XMH,1,513.0,PYF,PYF
PPW,KOI,1,44.0,SCT,SCT
PPW,NRL,1,26.0,SCT,SCT
PPW,WRY,1,3.0,SCT,SCT
PQC,HAN,1,1244.0,VNM,VNM
PQC,SGN,3,300.0,VNM,VNM
PQC,VCA,1,188.0,VNM,VNM
PQI,BOS,2,535.0,USA,USA
PQM,MEX,1,774.0,MEX,MEX
PQQ,BNE,2,451.0,AUS,AUS
PQQ,LDH,1,589.0,AUS,AUS
PQQ,SYD,3,321.0,AUS,AUS
PRA,AEP,2,362.0,ARG,ARG
PRC,LAX,1,556.0,USA,USA
PRG,AGP,1,2116.0,CZE,ESP
PRG,ALA,1,4700.0,CZE,KAZ
PRG,AMS,4,705.0,CZE,NLX
PRG,ARN,5,1087.0,CZE,SWE
PRG,ATH,1,1556.0,CZE,GRC
PRG,AYT,1,1975.0,CZE,TUR
PRG,BCN,5,1358.0,CZE,ESP
PRG,BEG,1,742.0,CZE,SRS
PRG,BGO,1,1268.0,CZE,NOW
PRG,BGY,1,598.0,CZE,ITA
PRG,BRI,1,1015.0,CZE,ITA
PRG,BRS,1,1200.0,CZE,ENG
PRG,BRU,4,697.0,CZE,BFR
PRG,BSL,1,566.0,CZE,FXX
PRG,BTS,2,304.0,CZE,SVK
PRG,BUD,2,472.0,CZE,HUN
PRG,CDG,5,852.0,CZE,FXX
PRG,CEK,2,3171.0,CZE,RUS
PRG,CGN,1,510.0,CZE,DEU
PRG,CLJ,2,786.0,CZE,ROU
PRG,CPH,4,623.0,CZE,DNK
PRG,DUB,2,1455.0,CZE,IRL
PRG,DUS,3,544.0,CZE,DEU
PRG,DXB,2,4464.0,CZE,ARE
PRG,EDI,2,1341.0,CZE,SCT
PRG,EMA,1,1119.0,CZE,ENG
PRG,EVN,2,2587.0,CZE,ARM
PRG,FCO,7,936.0,CZE,ITA
PRG,FNC,1,3194.0,CZE,PMD
PRG,FRA,4,406.0,CZE,DEU
PRG,GOJ,2,2064.0,CZE,RUS
PRG,GVA,1,741.0,CZE,CHE
PRG,GYD,2,2963.0,CZE,AZE
PRG,HAM,3,490.0,CZE,DEU
PRG,HEL,3,1320.0,CZE,FIN
PRG,HER,2,1864.0,CZE,GRC
PRG,ICN,2,8237.0,CZE,KOR
PRG,IST,1,1489.0,CZE,TUR
PRG,KBP,3,1181.0,CZE,UKR
PRG,KRR,1,1942.0,CZE,RUS
PRG,KSC,2,530.0,CZE,SVK
PRG,KUF,1,2471.0,CZE,RUS
PRG,LBA,1,1165.0,CZE,ENG
PRG,LED,2,1478.0,CZE,RUS
PRG,LGW,1,1024.0,CZE,ENG
PRG,LHR,2,1044.0,CZE,ENG
PRG,LIN,1,637.0,CZE,ITA
PRG,LIS,1,2229.0,CZE,PRX
PRG,LJU,1,431.0,CZE,SVN
PRG,LPA,1,3512.0,CZE,ESP
PRG,LTN,1,1041.0,CZE,ENG
PRG,LYS,2,838.0,CZE,FXX
PRG,MAD,4,1750.0,CZE,ESP
PRG,MAN,2,1192.0,CZE,ENG
PRG,MLA,2,1584.0,CZE,MLT
PRG,MRS,1,1010.0,CZE,FXX
PRG,MSQ,2,1030.0,CZE,BLR
PRG,MUC,1,265.0,CZE,DEU
PRG,MXP,3,646.0,CZE,ITA
PRG,NAP,1,1025.0,CZE,ITA
PRG,NCE,2,893.0,CZE,FXX
PRG,NCL,1,1206.0,CZE,ENG
PRG,NTE,1,1209.0,CZE,FXX
PRG,ORY,1,872.0,CZE,FXX
PRG,OSL,2,1132.0,CZE,NOW
PRG,OSR,2,279.0,CZE,CZE
PRG,OTP,3,1081.0,CZE,ROU
PRG,OVB,1,4468.0,CZE,RUS
PRG,PEE,1,2812.0,CZE,RUS
PRG,PMI,2,1480.0,CZE,ESP
PRG,PSA,2,771.0,CZE,ITA
PRG,RHO,2,1884.0,CZE,GRC
PRG,RIX,2,992.0,CZE,LVA
PRG,ROV,1,1892.0,CZE,RUS
PRG,RTM,1,717.0,CZE,NLX
PRG,RTW,1,2221.0,CZE,RUS
PRG,SOF,2,1080.0,CZE,BGR
PRG,SPU,1,746.0,CZE,HRV
PRG,STN,2,1000.0,CZE,ENG
PRG,SVO,2,1670.0,CZE,RUS
PRG,SVX,2,3106.0,CZE,RUS
PRG,SXB,2,511.0,CZE,FXX
PRG,TAS,1,4284.0,CZE,UZB
PRG,TFS,1,3573.0,CZE,ESP
PRG,TLV,4,2635.0,CZE,ISR
PRG,TSF,1,518.0,CZE,ITA
PRG,TXL,2,282.0,CZE,DEU
PRG,UFA,1,2828.0,CZE,RUS
PRG,VCE,2,530.0,CZE,ITA
PRG,VIE,1,278.0,CZE,AUT
PRG,VLC,2,1651.0,CZE,ESP
PRG,VNO,1,901.0,CZE,LTU
PRG,WAW,3,521.0,CZE,POL
PRG,ZRH,3,511.0,CZE,CHE
PRH,DMK,1,472.0,THA,THA
PRI,SEZ,1,44.0,SYC,SYC
PRN,BSL,1,1196.0,KOS,FXX
PRN,CPH,1,1571.0,KOS,DNK
PRN,DUS,1,1449.0,KOS,DEU
PRN,FRA,2,1264.0,KOS,DEU
PRN,GVA,2,1252.0,KOS,CHE
PRN,HAJ,1,1388.0,KOS,DEU
PRN,HAM,1,1474.0,KOS,DEU
PRN,IST,1,654.0,KOS,TUR
PRN,LGW,1,1865.0,KOS,ENG
PRN,LJU,1,661.0,KOS,SVN
PRN,MUC,2,965.0,KOS,DEU
PRN,SAW,1,711.0,KOS,TUR
PRN,STR,1,1141.0,KOS,DEU
PRN,TXL,1,1252.0,KOS,DEU
PRN,VIE,1,708.0,KOS,AUT
PRN,ZAG,1,530.0,KOS,HRV
PRN,ZRH,2,1120.0,KOS,CHE
PSA,AHO,1,381.0,ITA,ITA
PSA,AMS,1,1046.0,ITA,NLX
PSA,ARN,1,1847.0,ITA,SWE
PSA,BCN,2,731.0,ITA,ESP
PSA,BDS,1,707.0,ITA,ITA
PSA,BLL,1,1344.0,ITA,DNK
PSA,BOH,1,1212.0,ITA,ENG
PSA,BRI,1,594.0,ITA,ITA
PSA,BRS,1,1301.0,ITA,ENG
PSA,BUD,1,806.0,ITA,HUN
PSA,BVA,1,900.0,ITA,FXX
PSA,CAG,1,505.0,ITA,ITA
PSA,CGN,1,835.0,ITA,DEU
PSA,CIY,1,825.0,ITA,ITA
PSA,CPH,1,1337.0,ITA,DNK
PSA,CRL,1,877.0,ITA,BWR
PSA,CTA,2,796.0,ITA,ITA
PSA,DUB,1,1629.0,ITA,IRL
PSA,EDI,1,1677.0,ITA,SCT
PSA,EIN,1,942.0,ITA,NLX
PSA,EMA,1,1334.0,ITA,ENG
PSA,FCO,1,258.0,ITA,ITA
PSA,FEZ,1,1713.0,ITA,MAR
PSA,FUE,1,2743.0,ITA,ESP
PSA,GDN,1,1325.0,ITA,POL
PSA,GRO,1,653.0,ITA,ESP
PSA,GSE,1,1570.0,ITA,SWE
PSA,HAU,1,1777.0,ITA,NOW
PSA,HHN,1,736.0,ITA,DEU
PSA,IBZ,1,923.0,ITA,ESP
PSA,KRK,1,1006.0,ITA,POL
PSA,LBA,2,1432.0,ITA,ENG
PSA,LBC,1,1126.0,ITA,DEU
PSA,LGW,2,1148.0,ITA,ENG
PSA,LHR,2,1186.0,ITA,ENG
PSA,LIS,1,1717.0,ITA,PRX
PSA,LPA,1,2890.0,ITA,ESP
PSA,LPL,1,1446.0,ITA,ENG
PSA,LTN,1,1212.0,ITA,ENG
PSA,MAD,1,1204.0,ITA,ESP
PSA,MAN,1,1419.0,ITA,ENG
PSA,MLA,1,937.0,ITA,MLT
PSA,MUC,1,530.0,ITA,DEU
PSA,NCL,1,1531.0,ITA,ENG
PSA,NRN,1,936.0,ITA,DEU
PSA,NYO,1,1738.0,ITA,SWE
PSA,ORY,2,832.0,ITA,FXX
PSA,OSL,1,1828.0,ITA,NOW
PSA,OTP,1,1254.0,ITA,ROU
PSA,PMO,1,653.0,ITA,ITA
PSA,PRG,2,771.0,ITA,CZE
PSA,RAK,1,2098.0,ITA,MAR
PSA,SKG,1,1094.0,ITA,GRC
PSA,STN,1,1184.0,ITA,ENG
PSA,SUF,1,722.0,ITA,ITA
PSA,SVO,2,2347.0,ITA,RUS
PSA,SVQ,1,1539.0,ITA,ESP
PSA,SXF,1,994.0,ITA,DEU
PSA,TFS,1,2966.0,ITA,ESP
PSA,TIA,3,804.0,ITA,ALB
PSA,TPS,1,666.0,ITA,ITA
PSA,TRF,1,1724.0,ITA,NOW
PSA,TXL,2,1010.0,ITA,DEU
PSA,VLC,1,1016.0,ITA,ESP
PSA,WMI,1,1235.0,ITA,POL
PSC,AZA,1,1574.0,USA,USA
PSC,DEN,1,1370.0,USA,USA
PSC,LAS,1,1180.0,USA,USA
PSC,MSP,1,2013.0,USA,USA
PSC,PDX,1,279.0,USA,USA
PSC,SEA,1,276.0,USA,USA
PSC,SFO,1,998.0,USA,USA
PSC,SLC,1,837.0,USA,USA
PSE,JFK,1,2610.0,PRI,USA
PSE,MCO,1,1898.0,PRI,USA
PSG,JNU,1,198.0,USA,USA
PSG,WRG,1,50.0,USA,USA
PSJ,UPG,1,423.0,IDN,IDN
PSM,SFB,1,1843.0,USA,USA
PSO,BOG,2,507.0,COL,COL
PSO,CLO,1,259.0,COL,COL
PSP,BLI,1,1737.0,USA,USA
PSP,DEN,2,1247.0,USA,USA
PSP,DFW,2,1808.0,USA,USA
PSP,IAH,1,2039.0,USA,USA
PSP,LAS,1,279.0,USA,USA
PSP,LAX,1,176.0,USA,USA
PSP,MSP,2,2336.0,USA,USA
PSP,ORD,2,2653.0,USA,USA
PSP,PDX,1,1406.0,USA,USA
PSP,PHX,2,418.0,USA,USA
PSP,SEA,1,1590.0,USA,USA
PSP,SFO,5,677.0,USA,USA
PSP,SLC,1,871.0,USA,USA
PSP,SMF,1,707.0,USA,USA
PSP,YEG,1,2178.0,USA,CAN
PSP,YVR,1,1795.0,USA,CAN
PSP,YYC,1,1932.0,USA,CAN
PSR,BGY,1,508.0,ITA,ITA
PSR,BVA,1,1214.0,ITA,FXX
PSR,CAG,1,558.0,ITA,ITA
PSR,CRL,1,1161.0,ITA,BWR
PSR,GRO,1,942.0,ITA,ESP
PSR,HHN,1,990.0,ITA,DEU
PSR,LIN,1,516.0,ITA,ITA
PSR,NRN,1,1186.0,ITA,DEU
PSR,STN,1,1484.0,ITA,ENG
PSS,AEP,1,831.0,ARG,ARG
PTG,JNB,1,283.0,ZAF,ZAF
PTH,AKN,1,224.0,USA,USA
PTJ,MEB,1,308.0,AUS,AUS
PTP,ANU,2,101.0,GLP,ACA
PTP,DOM,3,84.0,GLP,DMA
PTP,FDF,5,195.0,GLP,MTQ
PTP,MIA,2,2213.0,GLP,USA
PTP,ORY,3,6752.0,GLP,FXX
PTP,PAP,2,1170.0,GLP,HTI
PTP,SBH,2,229.0,GLP,BLM
PTP,SDQ,3,896.0,GLP,DOM
PTP,SFG,3,260.0,GLP,MAF
PTP,SJU,2,532.0,GLP,PRI
PTP,SXM,1,259.0,GLP,SXM
PTP,YUL,1,3441.0,GLP,CAN
PTU,BET,1,197.0,USA,USA
PTY,ADZ,1,466.0,PAN,COL
PTY,AMS,2,8813.0,PAN,NLX
PTY,ASU,1,4490.0,PAN,PRY
PTY,ATL,3,2780.0,PAN,USA
PTY,AUA,1,1092.0,PAN,ABW
PTY,BAQ,1,543.0,PAN,COL
PTY,BGA,1,716.0,PAN,COL
PTY,BLA,1,1615.0,PAN,VEN
PTY,BOG,2,755.0,PAN,COL
PTY,BOS,2,3791.0,PAN,USA
PTY,BSB,1,4437.0,PAN,BRA
PTY,CCS,3,1368.0,PAN,VEN
PTY,CDG,1,8660.0,PAN,FXX
PTY,CLO,1,698.0,PAN,COL
PTY,CNF,1,5022.0,PAN,BRA
PTY,COR,1,4774.0,PAN,ARG
PTY,CTG,1,451.0,PAN,COL
PTY,CUC,1,766.0,PAN,COL
PTY,CUN,2,1554.0,PAN,MEX
PTY,CUR,1,1191.0,PAN,CUW
PTY,DFW,2,3210.0,PAN,USA
PTY,EWR,2,3554.0,PAN,USA
PTY,EZE,1,5351.0,PAN,ARG
PTY,FLL,1,1892.0,PAN,USA
PTY,GDL,2,2864.0,PAN,MEX
PTY,GIG,1,5295.0,PAN,BRA
PTY,GRU,1,5086.0,PAN,BRA
PTY,GUA,1,1358.0,PAN,GTM
PTY,GYE,2,1250.0,PAN,ECU
PTY,HAV,2,1581.0,PAN,CUB
PTY,IAD,2,3327.0,PAN,USA
PTY,IAH,2,2856.0,PAN,USA
PTY,IQT,1,1580.0,PAN,PER
PTY,JFK,2,3554.0,PAN,USA
PTY,KIN,1,1025.0,PAN,JAM
PTY,LAS,2,4696.0,PAN,USA
PTY,LAX,2,4845.0,PAN,USA
PTY,LIM,1,2359.0,PAN,PER
PTY,LIR,1,696.0,PAN,CRI
PTY,MAD,1,8157.0,PAN,ESP
PTY,MAO,1,2531.0,PAN,BRA
PTY,MAR,1,855.0,PAN,VEN
PTY,MBJ,1,1061.0,PAN,JAM
PTY,MCO,2,2162.0,PAN,USA
PTY,MDE,1,543.0,PAN,COL
PTY,MEX,2,2411.0,PAN,MEX
PTY,MGA,2,816.0,PAN,NIC
PTY,MIA,5,1862.0,PAN,USA
PTY,MTY,2,2870.0,PAN,MEX
PTY,MVD,1,5466.0,PAN,URY
PTY,NAS,1,1787.0,PAN,BHS
PTY,ORD,2,3753.0,PAN,USA
PTY,PAP,2,1305.0,PAN,HTI
PTY,PEI,1,621.0,PAN,COL
PTY,POA,1,5288.0,PAN,BRA
PTY,POS,2,1984.0,PAN,TTO
PTY,PUJ,1,1590.0,PAN,DOM
PTY,REC,1,5283.0,PAN,BRA
PTY,SAL,2,1161.0,PAN,SLV
PTY,SAP,1,1168.0,PAN,HND
PTY,SCL,1,4809.0,PAN,CHL
PTY,SDQ,2,1477.0,PAN,DOM
PTY,SJO,4,539.0,PAN,CRI
PTY,SJU,1,1780.0,PAN,PRI
PTY,STI,1,1488.0,PAN,DOM
PTY,SXM,1,2020.0,PAN,SXM
PTY,TGU,1,1018.0,PAN,HND
PTY,TPA,1,2128.0,PAN,USA
PTY,UIO,1,1029.0,PAN,ECU
PTY,VLN,1,1262.0,PAN,VEN
PTY,VVI,1,3466.0,PAN,BOL
PTY,YYZ,1,3848.0,PAN,CAN
PUB,DEN,1,176.0,USA,USA
PUE,PAC,1,237.0,PAN,PAN
PUF,CDG,2,667.0,FXX,FXX
PUF,LYS,1,508.0,FXX,FXX
PUF,MRS,1,456.0,FXX,FXX
PUF,ORY,1,632.0,FXX,FXX
PUG,ADL,1,281.0,AUS,AUS
PUJ,AMS,1,7245.0,DOM,NLX
PUJ,ANU,2,713.0,DOM,ACA
PUJ,ATL,3,2313.0,DOM,USA
PUJ,BOG,2,1665.0,DOM,COL
PUJ,BOS,1,2658.0,DOM,USA
PUJ,BWI,1,2427.0,DOM,USA
PUJ,CCS,1,898.0,DOM,VEN
PUJ,CDG,3,7079.0,DOM,FXX
PUJ,CLE,1,2845.0,DOM,USA
PUJ,CLT,2,2228.0,DOM,USA
PUJ,CVG,1,2767.0,DOM,USA
PUJ,DME,1,9297.0,DOM,RUS
PUJ,DTW,1,2986.0,DOM,USA
PUJ,DUS,1,7382.0,DOM,DEU
PUJ,EWR,1,2522.0,DOM,USA
PUJ,EZE,1,6027.0,DOM,ARG
PUJ,FLL,2,1471.0,DOM,USA
PUJ,FRA,1,7512.0,DOM,DEU
PUJ,IAD,1,2430.0,DOM,USA
PUJ,JFK,2,2508.0,DOM,USA
PUJ,LED,1,8701.0,DOM,RUS
PUJ,LGW,1,6897.0,DOM,ENG
PUJ,LIM,1,3534.0,DOM,PER
PUJ,LYS,1,7270.0,DOM,FXX
PUJ,MAD,3,6570.0,DOM,ESP
PUJ,MBJ,1,1007.0,DOM,JAM
PUJ,MDW,1,3168.0,DOM,USA
PUJ,MIA,4,1466.0,DOM,USA
PUJ,MSP,1,3722.0,DOM,USA
PUJ,MUC,2,7759.0,DOM,DEU
PUJ,NTE,1,6760.0,DOM,FXX
PUJ,ORD,2,3192.0,DOM,USA
PUJ,PHL,3,2459.0,DOM,USA
PUJ,PIT,2,2689.0,DOM,USA
PUJ,PTY,1,1590.0,DOM,PAN
PUJ,SCL,1,5783.0,DOM,CHL
PUJ,SDQ,2,139.0,DOM,DOM
PUJ,SJU,2,249.0,DOM,PRI
PUJ,STL,1,3089.0,DOM,USA
PUJ,SVO,2,9243.0,DOM,RUS
PUJ,TLS,1,6981.0,DOM,FXX
PUJ,YHZ,2,2960.0,DOM,CAN
PUJ,YQB,1,3151.0,DOM,CAN
PUJ,YUL,3,3032.0,DOM,CAN
PUJ,YYZ,3,2984.0,DOM,CAN
PUJ,ZRH,1,7526.0,DOM,CHE
PUQ,BBA,1,790.0,CHL,CHL
PUQ,PMC,3,1297.0,CHL,CHL
PUQ,RGL,1,187.0,CHL,ARG
PUQ,SCL,2,2180.0,CHL,CHL
PUS,BKK,4,3698.0,KOR,THA
PUS,CAN,1,2000.0,KOR,CHN
PUS,CEB,3,2811.0,KOR,PHL
PUS,CJU,3,291.0,KOR,KOR
PUS,CSX,1,1675.0,KOR,CHN
PUS,CTS,1,1386.0,KOR,JPN
PUS,FUK,3,225.0,KOR,JPN
PUS,GMP,2,327.0,KOR,KOR
PUS,GUM,1,2889.0,KOR,GUM
PUS,HAN,2,2736.0,KOR,VNM
PUS,HGH,2,967.0,KOR,CHN
PUS,HKG,4,2043.0,KOR,HKG
PUS,KHH,1,1630.0,KOR,TWN
PUS,KIX,5,582.0,KOR,JPN
PUS,KLO,2,2696.0,KOR,PHL
PUS,KUL,1,4570.0,KOR,MYS
PUS,KWL,1,2122.0,KOR,CHN
PUS,MFM,2,2078.0,KOR,MAC
PUS,MNL,3,2431.0,KOR,PHL
PUS,NGO,2,717.0,KOR,JPN
PUS,NKG,2,1009.0,KOR,CHN
PUS,NRT,5,1038.0,KOR,JPN
PUS,OKA,2,1007.0,KOR,JPN
PUS,PEK,4,1215.0,KOR,CHN
PUS,PVG,4,801.0,KOR,CHN
PUS,REP,2,3493.0,KOR,KHM
PUS,SGN,2,3523.0,KOR,VNM
PUS,SHE,2,861.0,KOR,CHN
PUS,SPN,1,2789.0,KOR,MNP
PUS,TAO,5,782.0,KOR,CHN
PUS,TPE,2,1345.0,KOR,TWN
PUS,TXN,1,1170.0,KOR,CHN
PUS,TYN,1,1484.0,KOR,CHN
PUS,VVO,1,955.0,KOR,RUS
PUS,WUH,1,1457.0,KOR,CHN
PUS,XIY,1,1841.0,KOR,CHN
PUU,BOG,2,535.0,COL,COL
PUU,CLO,1,338.0,COL,COL
PUU,LQM,1,207.0,COL,COL
PUW,LWS,1,42.0,USA,USA
PUW,SEA,1,401.0,USA,USA
PUY,ARN,1,1663.0,HRV,SWE
PUY,BVA,1,1025.0,HRV,FXX
PUY,CGN,1,834.0,HRV,DEU
PUY,CRL,1,940.0,HRV,BWR
PUY,DME,1,2054.0,HRV,RUS
PUY,DUB,1,1739.0,HRV,IRL
PUY,FRA,1,699.0,HRV,DEU
PUY,HHN,1,752.0,HRV,DEU
PUY,MAN,2,1502.0,HRV,ENG
PUY,OSL,1,1704.0,HRV,NOW
PUY,RYG,1,1624.0,HRV,NOW
PUY,STN,1,1272.0,HRV,ENG
PUY,ZAD,1,143.0,HRV,HRV
PUY,ZAG,1,193.0,HRV,HRV
PVA,ADZ,1,94.0,COL,COL
PVC,BOS,1,72.0,USA,USA
PVD,ATL,3,1453.0,USA,USA
PVD,BWI,2,527.0,USA,USA
PVD,CLT,2,1100.0,USA,USA
PVD,DCA,2,574.0,USA,USA
PVD,DTW,1,987.0,USA,USA
PVD,EWR,1,257.0,USA,USA
PVD,FLL,2,1916.0,USA,USA
PVD,IAD,1,598.0,USA,USA
PVD,LAS,1,3794.0,USA,USA
PVD,MCO,3,1729.0,USA,USA
PVD,MDW,2,1353.0,USA,USA
PVD,ORD,1,1363.0,USA,USA
PVD,PHL,2,382.0,USA,USA
PVD,RSW,1,1936.0,USA,USA
PVD,SAN,1,4123.0,USA,USA
PVD,SLC,1,3360.0,USA,USA
PVD,TPA,1,1832.0,USA,USA
PVG,ACX,1,1782.0,CHN,CHN
PVG,ADD,1,8831.0,CHN,ETH
PVG,AKL,2,9369.0,CHN,NZL
PVG,AMS,3,8910.0,CHN,NLX
PVG,AOG,2,1112.0,CHN,CHN
PVG,AUH,2,6550.0,CHN,ARE
PVG,BAV,1,1490.0,CHN,CHN
PVG,BHY,2,1639.0,CHN,CHN
PVG,BKI,2,2866.0,CHN,MYS
PVG,BKK,5,2897.0,CHN,THA
PVG,BWN,1,3001.0,CHN,BRN
PVG,CAN,6,1203.0,CHN,CHN
PVG,CDG,3,9266.0,CHN,FXX
PVG,CGK,2,4446.0,CHN,IDN
PVG,CGO,3,833.0,CHN,CHN
PVG,CGQ,5,1469.0,CHN,CHN
PVG,CJU,4,513.0,CHN,KOR
PVG,CKG,7,1461.0,CHN,CHN
PVG,CMB,1,5099.0,CHN,LKA
PVG,CNX,3,2674.0,CHN,THA
PVG,CPH,1,8277.0,CHN,DNK
PVG,CSX,2,892.0,CHN,CHN
PVG,CTS,2,2181.0,CHN,JPN
PVG,CTU,7,1704.0,CHN,CHN
PVG,DAD,1,2173.0,CHN,VNM
PVG,DAT,1,1243.0,CHN,CHN
PVG,DAX,1,1367.0,CHN,CHN
PVG,DDG,1,1013.0,CHN,CHN
PVG,DEL,2,4291.0,CHN,IND
PVG,DLC,7,870.0,CHN,CHN
PVG,DOH,1,6796.0,CHN,QAT
PVG,DOY,1,760.0,CHN,CHN
PVG,DPS,1,4492.0,CHN,IDN
PVG,DTW,3,11462.0,CHN,USA
PVG,DXB,1,6448.0,CHN,ARE
PVG,DYG,3,1116.0,CHN,CHN
PVG,EWR,2,11860.0,CHN,USA
PVG,FCO,2,9170.0,CHN,ITA
PVG,FOC,2,616.0,CHN,CHN
PVG,FRA,3,8858.0,CHN,DEU
PVG,FUK,3,856.0,CHN,JPN
PVG,HAK,5,1686.0,CHN,CHN
PVG,HAN,2,1937.0,CHN,VNM
PVG,HDG,1,907.0,CHN,CHN
PVG,HEL,2,7394.0,CHN,FIN
PVG,HET,2,1402.0,CHN,CHN
PVG,HFE,2,433.0,CHN,CHN
PVG,HIJ,2,1101.0,CHN,JPN
PVG,HKG,7,1256.0,CHN,HKG
PVG,HKT,4,3534.0,CHN,THA
PVG,HMI,1,2798.0,CHN,CHN
PVG,HNL,1,7914.0,CHN,USA
PVG,HRB,5,1655.0,CHN,CHN
PVG,HSN,1,145.0,CHN,CHN
PVG,IBR,1,1808.0,CHN,JPN
PVG,ICN,5,822.0,CHN,KOR
PVG,IKA,1,6443.0,CHN,IRN
PVG,IST,2,8020.0,CHN,TUR
PVG,JFK,2,11874.0,CHN,USA
PVG,JJN,2,773.0,CHN,CHN
PVG,JMU,1,1897.0,CHN,CHN
PVG,JNZ,2,1109.0,CHN,CHN
PVG,JZH,3,1717.0,CHN,CHN
PVG,KHH,4,963.0,CHN,TWN
PVG,KHN,3,622.0,CHN,CHN
PVG,KIJ,2,1754.0,CHN,JPN
PVG,KIX,7,1307.0,CHN,JPN
PVG,KMG,6,1966.0,CHN,CHN
PVG,KMQ,2,1469.0,CHN,JPN
PVG,KOJ,2,848.0,CHN,JPN
PVG,KUL,4,3797.0,CHN,MYS
PVG,KWE,5,1547.0,CHN,CHN
PVG,KWL,7,1327.0,CHN,CHN
PVG,LAX,6,10415.0,CHN,USA
PVG,LHR,4,9241.0,CHN,ENG
PVG,LHW,2,1779.0,CHN,CHN
PVG,LYI,1,537.0,CHN,CHN
PVG,LZH,1,1444.0,CHN,CHN
PVG,LZO,1,1599.0,CHN,CHN
PVG,MDG,1,1635.0,CHN,CHN
PVG,MEL,4,8017.0,CHN,AUS
PVG,MFM,6,1290.0,CHN,MAC
PVG,MIG,2,1620.0,CHN,CHN
PVG,MLE,1,5861.0,CHN,MDV
PVG,MNL,4,1851.0,CHN,PHL
PVG,MRU,1,8922.0,CHN,MUS
PVG,MUC,2,8778.0,CHN,DEU
PVG,MWX,1,604.0,CHN,KOR
PVG,MXP,1,9144.0,CHN,ITA
PVG,MYJ,2,1064.0,CHN,JPN
PVG,NAO,1,1491.0,CHN,CHN
PVG,NDG,1,1799.0,CHN,CHN
PVG,NGO,5,1457.0,CHN,JPN
PVG,NGS,2,789.0,CHN,JPN
PVG,NKG,1,287.0,CHN,CHN
PVG,NNG,4,1650.0,CHN,CHN
PVG,NRT,5,1796.0,CHN,JPN
PVG,OKA,3,792.0,CHN,JPN
PVG,OKJ,2,1193.0,CHN,JPN
PVG,ORD,5,11334.0,CHN,USA
PVG,PEK,6,1100.0,CHN,CHN
PVG,PNH,2,2790.0,CHN,KHM
PVG,PUS,4,801.0,CHN,KOR
PVG,REP,3,2696.0,CHN,KHM
PVG,RMQ,1,774.0,CHN,TWN
PVG,SDJ,2,1909.0,CHN,JPN
PVG,SEA,2,9188.0,CHN,USA
PVG,SFO,4,9877.0,CHN,USA
PVG,SGN,2,2746.0,CHN,VNM
PVG,SHE,5,1177.0,CHN,CHN
PVG,SHP,2,999.0,CHN,CHN
PVG,SIN,3,3806.0,CHN,SGP
PVG,SJW,1,1025.0,CHN,CHN
PVG,SPN,1,3014.0,CHN,MNP
PVG,SVO,2,6851.0,CHN,RUS
PVG,SWA,1,993.0,CHN,CHN
PVG,SYD,4,7865.0,CHN,AUS
PVG,SYX,5,1896.0,CHN,CHN
PVG,SZX,6,1233.0,CHN,CHN
PVG,TAE,1,826.0,CHN,KOR
PVG,TAK,1,1192.0,CHN,JPN
PVG,TAO,6,585.0,CHN,CHN
PVG,TGO,1,1381.0,CHN,CHN
PVG,TIJ,1,10619.0,CHN,MEX
PVG,TNA,1,763.0,CHN,CHN
PVG,TOY,2,1544.0,CHN,JPN
PVG,TPE,8,677.0,CHN,TWN
PVG,TSA,3,676.0,CHN,TWN
PVG,TSN,3,975.0,CHN,CHN
PVG,TYN,2,1116.0,CHN,CHN
PVG,URC,2,3312.0,CHN,CHN
PVG,WEF,1,660.0,CHN,CHN
PVG,WNZ,3,371.0,CHN,CHN
PVG,WUH,5,725.0,CHN,CHN
PVG,WXN,2,1275.0,CHN,CHN
PVG,XFN,1,907.0,CHN,CHN
PVG,XIY,8,1273.0,CHN,CHN
PVG,XMN,4,818.0,CHN,CHN
PVG,XNN,1,1917.0,CHN,CHN
PVG,YBP,1,1681.0,CHN,CHN
PVG,YCU,2,1095.0,CHN,CHN
PVG,YNJ,2,1470.0,CHN,CHN
PVG,YNT,3,697.0,CHN,CHN
PVG,YNY,1,993.0,CHN,KOR
PVG,YVR,3,9016.0,CHN,CAN
PVG,YYZ,2,11414.0,CHN,CAN
PVG,ZHA,3,1587.0,CHN,CHN
PVG,ZRH,1,9031.0,CHN,CHE
PVG,ZUH,4,1316.0,CHN,CHN
PVH,BSB,2,1909.0,BRA,BRA
PVH,CGB,3,1145.0,BRA,BRA
PVH,MAO,2,761.0,BRA,BRA
PVH,RBR,2,457.0,BRA,BRA
PVK,AMS,1,1931.0,GRC,NLX
PVK,CFU,1,105.0,GRC,GRC
PVK,DUS,1,1754.0,GRC,DEU
PVK,EFL,1,92.0,GRC,GRC
PVK,JSH,1,628.0,GRC,GRC
PVK,LGW,2,2122.0,GRC,ENG
PVK,MAN,1,2373.0,GRC,ENG
PVK,MUC,1,1271.0,GRC,DEU
PVK,VIE,2,1075.0,GRC,AUT
PVR,ATL,4,2506.0,MEX,USA
PVR,DEN,2,2134.0,MEX,USA
PVR,DFW,2,1583.0,MEX,USA
PVR,EWR,1,3680.0,MEX,USA
PVR,GDL,1,203.0,MEX,MEX
PVR,IAH,1,1435.0,MEX,USA
PVR,LAX,4,1962.0,MEX,USA
PVR,MEX,4,660.0,MEX,MEX
PVR,MTY,2,773.0,MEX,MEX
PVR,ORD,4,2873.0,MEX,USA
PVR,PHX,2,1567.0,MEX,USA
PVR,SAN,3,1787.0,MEX,USA
PVR,SFO,5,2504.0,MEX,USA
PVR,SLC,2,2325.0,MEX,USA
PVR,STL,1,2463.0,MEX,USA
PVR,TIJ,1,1757.0,MEX,MEX
PVR,TLC,1,613.0,MEX,MEX
PVR,YEG,1,3697.0,MEX,CAN
PVR,YUL,1,3981.0,MEX,CAN
PVR,YVR,3,3547.0,MEX,CAN
PVR,YYC,2,3469.0,MEX,CAN
PVU,AZA,1,769.0,USA,USA
PVU,LAX,1,915.0,USA,USA
PVU,OAK,1,948.0,USA,USA
PWE,VKO,1,5581.0,RUS,RUS
PWM,BWI,1,726.0,USA,USA
PWM,JFK,1,440.0,USA,USA
PWQ,ALA,1,983.0,KAZ,KAZ
PWQ,DME,1,2562.0,KAZ,RUS
PWQ,TSE,1,408.0,KAZ,KAZ
PXM,MEX,3,448.0,MEX,MEX
PXO,LIS,3,908.0,PMD,PRX
PXU,DAD,1,228.0,VNM,VNM
PXU,HAN,1,836.0,VNM,VNM
PXU,SGN,1,384.0,VNM,VNM
PYH,CCS,1,558.0,VEN,VEN
PYJ,DME,1,3921.0,RUS,RUS
PYJ,MJZ,1,440.0,RUS,RUS
PYJ,OVB,1,2007.0,RUS,RUS
PYJ,YKS,2,977.0,RUS,RUS
PYY,CNX,1,87.0,THA,THA
PZB,JNB,1,444.0,ZAF,ZAF
PZH,DSK,1,149.0,PAK,PAK
PZH,UET,1,271.0,PAK,PAK
PZI,CKG,1,592.0,CHN,CHN
PZI,CTU,3,496.0,CHN,CHN
PZO,BLA,2,293.0,VEN,VEN
PZO,CAJ,1,229.0,VEN,VEN
PZO,CCS,4,531.0,VEN,VEN
PZO,GEO,1,535.0,VEN,GUY
PZO,PMV,2,320.0,VEN,VEN
PZO,SNV,1,452.0,VEN,VEN
PZU,CAI,1,1326.0,SDN,EGY
PZU,JED,1,320.0,SDN,SAU
PZU,KRT,3,655.0,SDN,SDN
QBC,YAA,1,88.0,CAN,CAN
QBC,YVR,1,428.0,CAN,CAN
QOW,ABV,1,398.0,NGA,NGA
QOW,LOS,1,448.0,NGA,NGA
QRO,CUN,1,1384.0,MEX,MEX
QRO,DFW,2,1400.0,MEX,USA
QRO,IAH,1,1149.0,MEX,USA
QRO,MTY,2,574.0,MEX,MEX
QRO,TIJ,1,2126.0,MEX,MEX
QRW,ABV,1,411.0,NGA,NGA
QRW,LOS,1,297.0,NGA,NGA
QSF,ALG,1,197.0,DZA,DZA
QSF,LYS,2,1062.0,DZA,FXX
QSF,MRS,2,807.0,DZA,FXX
QSF,ORY,2,1415.0,DZA,FXX
QUO,LOS,1,561.0,NGA,NGA
RAB,BUA,2,281.0,PNX,PNB
RAB,CNS,1,1571.0,PNX,AUS
RAB,HKN,2,252.0,PNX,PNX
RAB,KVG,2,262.0,PNX,PNX
RAB,LAE,1,673.0,PNX,PNX
RAB,MAS,1,606.0,PNX,PNX
RAB,POM,2,804.0,PNX,PNX
RAE,JED,1,1045.0,SAU,SAU
RAE,RUH,1,858.0,SAU,SAU
RAH,RUH,1,608.0,SAU,SAU
RAI,BJL,1,758.0,CPV,GMB
RAI,BOS,1,5451.0,CPV,USA
RAI,BVC,1,150.0,CPV,CPV
RAI,CDG,1,4470.0,CPV,FXX
RAI,CMN,1,2602.0,CPV,MAR
RAI,DKR,2,646.0,CPV,SEN
RAI,FOR,1,2659.0,CPV,BRA
RAI,LIS,2,3002.0,CPV,PRX
RAI,LPA,1,1671.0,CPV,ESP
RAI,MMO,1,40.0,CPV,CPV
RAI,OXB,1,912.0,CPV,GNB
RAI,SFL,1,106.0,CPV,CPV
RAI,SID,1,210.0,CPV,CPV
RAI,TMS,1,3692.0,CPV,STP
RAI,VXE,1,270.0,CPV,CPV
RAJ,BOM,3,419.0,IND,IND
RAK,AGA,1,194.0,MAR,MAR
RAK,AMS,1,2525.0,MAR,NLX
RAK,BCN,2,1405.0,MAR,ESP
RAK,BGY,1,2186.0,MAR,ITA
RAK,BHX,1,2373.0,MAR,ENG
RAK,BOD,2,1602.0,MAR,FXX
RAK,BRS,1,2242.0,MAR,ENG
RAK,BRU,3,2380.0,MAR,BFR
RAK,BSL,1,2213.0,MAR,FXX
RAK,BVA,1,2157.0,MAR,FXX
RAK,CDG,1,2129.0,MAR,FXX
RAK,CGN,1,2478.0,MAR,DEU
RAK,CIA,1,2152.0,MAR,ITA
RAK,CMN,1,200.0,MAR,MAR
RAK,CPH,1,3120.0,MAR,DNK
RAK,CRL,1,2336.0,MAR,BWR
RAK,DLE,1,2064.0,MAR,FXX
RAK,DUB,1,2430.0,MAR,IRL
RAK,EIN,1,2464.0,MAR,NLX
RAK,GRO,1,1493.0,MAR,ESP
RAK,GVA,2,2029.0,MAR,CHE
RAK,HHN,1,2402.0,MAR,DEU
RAK,LGW,5,2266.0,MAR,ENG
RAK,LIL,1,2299.0,MAR,FXX
RAK,LIS,1,804.0,MAR,PRX
RAK,LPA,1,818.0,MAR,ESP
RAK,LTN,1,2339.0,MAR,ENG
RAK,LUX,1,2327.0,MAR,LUX
RAK,LYS,3,1934.0,MAR,FXX
RAK,MAD,3,1064.0,MAR,ESP
RAK,MAN,3,2462.0,MAR,ENG
RAK,MRS,3,1756.0,MAR,FXX
RAK,MUC,1,2499.0,MAR,DEU
RAK,MXP,2,2125.0,MAR,ITA
RAK,NCE,2,1891.0,MAR,FXX
RAK,NRN,1,2506.0,MAR,DEU
RAK,NTE,2,1813.0,MAR,FXX
RAK,ORY,2,2094.0,MAR,FXX
RAK,OSL,1,3469.0,MAR,NOW
RAK,PSA,1,2098.0,MAR,ITA
RAK,RTM,1,2480.0,MAR,NLX
RAK,STN,2,2353.0,MAR,ENG
RAK,SVQ,1,675.0,MAR,ESP
RAK,SXB,1,2297.0,MAR,FXX
RAK,SXF,1,2894.0,MAR,DEU
RAK,TLS,3,1570.0,MAR,FXX
RAK,TUF,1,1911.0,MAR,FXX
RAK,XCR,1,2167.0,MAR,FXX
RAK,ZRH,1,2255.0,MAR,CHE
RAO,BSB,2,586.0,BRA,BRA
RAO,CGH,1,300.0,BRA,BRA
RAO,CNF,1,431.0,BRA,BRA
RAO,CWB,1,509.0,BRA,BRA
RAO,GIG,1,502.0,BRA,BRA
RAO,GRU,3,289.0,BRA,BRA
RAO,GYN,2,523.0,BRA,BRA
RAO,PLU,2,423.0,BRA,BRA
RAO,SDU,1,515.0,BRA,BRA
RAO,SJP,3,173.0,BRA,BRA
RAO,UDI,1,255.0,BRA,BRA
RAO,VCP,1,218.0,BRA,BRA
RAP,AZA,1,1406.0,USA,USA
RAP,DEN,1,484.0,USA,USA
RAP,DFW,2,1345.0,USA,USA
RAP,LAS,1,1355.0,USA,USA
RAP,MSP,1,786.0,USA,USA
RAP,ORD,1,1251.0,USA,USA
RAP,SLC,1,816.0,USA,USA
RAR,AIT,2,264.0,COK,COK
RAR,AIU,1,223.0,COK,COK
RAR,AKL,3,3013.0,COK,NZL
RAR,LAX,2,7536.0,COK,USA
RAR,MGS,1,211.0,COK,COK
RAR,MOI,1,266.0,COK,COK
RAR,MUK,1,282.0,COK,COK
RAR,PPT,2,1144.0,COK,PYF
RAR,SYD,1,4985.0,COK,AUS
RAS,AWZ,1,670.0,IRN,IRN
RAS,BND,1,1290.0,IRN,IRN
RAS,MED,1,1703.0,IRN,SAU
RAS,MHD,3,900.0,IRN,IRN
RAS,PGU,1,1144.0,IRN,IRN
RAS,SYZ,1,908.0,IRN,IRN
RAS,THR,2,237.0,IRN,IRN
RBA,BVA,1,1861.0,MAR,FXX
RBA,CDG,1,1832.0,MAR,FXX
RBA,CMN,1,109.0,MAR,MAR
RBA,CRL,1,2039.0,MAR,BWR
RBA,GRO,1,1206.0,MAR,ESP
RBA,MAD,1,768.0,MAR,ESP
RBA,MRS,1,1469.0,MAR,FXX
RBA,ORY,3,1797.0,MAR,FXX
RBA,STN,1,2061.0,MAR,ENG
RBQ,LPB,1,244.0,BOL,BOL
RBQ,TDD,1,281.0,BOL,BOL
RBR,BSB,2,2264.0,BRA,BRA
RBR,CZS,1,592.0,BRA,BRA
RBR,PVH,2,457.0,BRA,BRA
RBV,HIR,1,300.0,SLB,SLB
RBV,MUA,1,45.0,SLB,SLB
RBY,FAI,2,361.0,USA,USA
RBY,GAL,1,70.0,USA,USA
RCB,JNB,1,477.0,ZAF,ZAF
RCH,BOG,1,771.0,COL,COL
RCM,JCK,1,145.0,AUS,AUS
RCY,NAS,1,306.0,BHS,BHS
RDC,CDJ,1,82.0,BRA,BRA
RDD,SFO,1,321.0,USA,USA
RDM,DEN,1,1442.0,USA,USA
RDM,LAX,2,1171.0,USA,USA
RDM,PDX,2,187.0,USA,USA
RDM,SEA,1,366.0,USA,USA
RDM,SFO,1,745.0,USA,USA
RDM,SLC,1,844.0,USA,USA
RDN,SIN,1,503.0,MYS,SGP
RDN,SZB,1,335.0,MYS,MYS
RDU,ATL,9,572.0,USA,USA
RDU,BDL,1,856.0,USA,USA
RDU,BNA,2,710.0,USA,USA
RDU,BOS,2,985.0,USA,USA
RDU,BWI,3,412.0,USA,USA
RDU,CLT,2,209.0,USA,USA
RDU,CMH,1,582.0,USA,USA
RDU,CUN,2,1828.0,USA,MEX
RDU,CVG,1,627.0,USA,USA
RDU,DCA,2,365.0,USA,USA
RDU,DEN,1,2306.0,USA,USA
RDU,DFW,2,1705.0,USA,USA
RDU,DTW,1,807.0,USA,USA
RDU,EWR,1,670.0,USA,USA
RDU,FLL,3,1098.0,USA,USA
RDU,HOU,1,1688.0,USA,USA
RDU,IAD,1,361.0,USA,USA
RDU,IAH,1,1675.0,USA,USA
RDU,IND,1,785.0,USA,USA
RDU,JFK,4,687.0,USA,USA
RDU,LAS,2,3253.0,USA,USA
RDU,LAX,4,3595.0,USA,USA
RDU,LGA,3,693.0,USA,USA
RDU,LHR,6,6216.0,USA,ENG
RDU,MCO,3,861.0,USA,USA
RDU,MDW,2,1016.0,USA,USA
RDU,MEM,1,1017.0,USA,USA
RDU,MIA,2,1130.0,USA,USA
RDU,MSP,1,1576.0,USA,USA
RDU,ORD,3,1039.0,USA,USA
RDU,PHL,3,542.0,USA,USA
RDU,PHX,1,3036.0,USA,USA
RDU,PIT,2,528.0,USA,USA
RDU,SFO,2,3853.0,USA,USA
RDU,SLC,1,2928.0,USA,USA
RDU,STL,1,1072.0,USA,USA
RDU,TPA,3,947.0,USA,USA
RDU,TTN,1,600.0,USA,USA
RDU,YYZ,1,870.0,USA,CAN
RDZ,CRL,1,689.0,FXX,BWR
RDZ,DUB,1,1187.0,FXX,IRL
RDZ,ORY,1,480.0,FXX,FXX
RDZ,STN,1,848.0,FXX,ENG
REC,AJU,2,395.0,BRA,BRA
REC,BSB,3,1654.0,BRA,BRA
REC,CNF,2,1608.0,BRA,BRA
REC,FEN,2,550.0,BRA,BRA
REC,FOR,3,627.0,BRA,BRA
REC,FRA,1,7709.0,BRA,DEU
REC,GIG,3,1859.0,BRA,BRA
REC,GRU,4,2101.0,BRA,BRA
REC,JDO,1,489.0,BRA,BRA
REC,LIS,1,5857.0,BRA,PRX
REC,MCZ,1,181.0,BRA,BRA
REC,MIA,3,6184.0,BRA,USA
REC,NAT,1,267.0,BRA,BRA
REC,PNZ,2,635.0,BRA,BRA
REC,PTY,1,5283.0,BRA,PAN
REC,SSA,4,649.0,BRA,BRA
REC,THE,1,937.0,BRA,BRA
REC,VCP,1,2106.0,BRA,BRA
REG,FCO,2,506.0,ITA,ITA
REG,LIN,2,975.0,ITA,ITA
REG,TRN,1,1034.0,ITA,ITA
REG,VCE,1,871.0,ITA,ITA
REL,AEP,1,1129.0,ARG,ARG
REL,BHI,1,563.0,ARG,ARG
REL,BRC,1,536.0,ARG,ARG
REL,CRD,1,335.0,ARG,ARG
REL,EQS,1,478.0,ARG,ARG
REL,EZE,1,1098.0,ARG,ARG
REN,DME,1,1222.0,RUS,RUS
REN,DYU,2,1802.0,RUS,TJK
REN,KQT,1,1869.0,RUS,TJK
REN,LBD,2,1687.0,RUS,TJK
REN,LED,1,1793.0,RUS,RUS
REN,SVO,1,1266.0,RUS,RUS
REP,BKK,2,333.0,KHM,THA
REP,CAN,2,1493.0,KHM,CHN
REP,DAD,4,555.0,KHM,VNM
REP,DMK,1,351.0,KHM,THA
REP,HAN,3,894.0,KHM,VNM
REP,HKG,1,1456.0,KHM,HKG
REP,ICN,4,3490.0,KHM,KOR
REP,KMG,1,1303.0,KHM,CHN
REP,KOS,1,315.0,KHM,KHM
REP,KUL,2,1208.0,KHM,MYS
REP,LPQ,2,742.0,KHM,LAO
REP,MNL,1,1860.0,KHM,PHL
REP,PEK,1,3217.0,KHM,CHN
REP,PKZ,1,286.0,KHM,LAO
REP,PNH,4,236.0,KHM,KHM
REP,PUS,2,3493.0,KHM,KOR
REP,PVG,3,2696.0,KHM,CHN
REP,SGN,2,422.0,KHM,VNM
REP,SIN,4,1341.0,KHM,SGP
REP,TPE,1,2238.0,KHM,TWN
RES,AEP,1,793.0,ARG,ARG
RET,BOO,1,101.0,,NOW
RET,LKN,1,94.0,,NOW
REU,BFS,1,1598.0,ESP,NIR
REU,BHX,1,1276.0,ESP,ENG
REU,BRS,2,1176.0,ESP,ENG
REU,BRU,1,1114.0,ESP,BFR
REU,CRL,1,1066.0,ESP,BWR
REU,DUB,1,1474.0,ESP,IRL
REU,EIN,1,1190.0,ESP,NLX
REU,EMA,1,1313.0,ESP,ENG
REU,HHN,1,1087.0,ESP,DEU
REU,LPL,1,1388.0,ESP,ENG
REU,LTN,1,1199.0,ESP,ENG
REU,MAN,3,1381.0,ESP,ENG
REU,NCL,1,1559.0,ESP,ENG
REU,PIK,1,1651.0,ESP,SCT
REU,PMI,1,222.0,ESP,ESP
REU,STN,1,1196.0,ESP,ENG
REX,CUN,1,1282.0,MEX,MEX
REX,GDL,1,801.0,MEX,MEX
REX,MEX,3,736.0,MEX,MEX
REX,PAZ,2,606.0,MEX,MEX
REX,VER,1,791.0,MEX,MEX
RFD,AZA,1,2206.0,USA,USA
RFD,LAS,1,2337.0,USA,USA
RFD,PGD,1,1817.0,USA,USA
RFD,PIE,1,1691.0,USA,USA
RFD,SFB,1,1651.0,USA,USA
RFP,BOB,1,43.0,PYF,PYF
RFP,HUH,1,47.0,PYF,PYF
RFP,MAU,1,89.0,PYF,PYF
RFP,PPT,1,218.0,PYF,PYF
RGA,AEP,1,2258.0,ARG,ARG
RGA,RGL,1,263.0,ARG,ARG
RGI,FAV,1,247.0,PYF,PYF
RGI,MVT,1,114.0,PYF,PYF
RGI,PPT,1,356.0,PYF,PYF
RGI,TIH,1,64.0,PYF,PYF
RGI,XMH,1,181.0,PYF,PYF
RGK,DME,1,3116.0,RUS,RUS
RGL,AEP,2,2087.0,ARG,ARG
RGL,CRD,1,662.0,ARG,ARG
RGL,MPN,1,748.0,ARG,FLK
RGL,RGA,1,263.0,ARG,ARG
RGL,USH,1,366.0,ARG,ARG
RGN,AKY,2,497.0,MMR,MMR
RGN,BKK,4,611.0,MMR,THA
RGN,CAN,2,1930.0,MMR,CHN
RGN,CCU,1,1027.0,MMR,IND
RGN,CNX,1,364.0,MMR,THA
RGN,DAC,1,975.0,MMR,BGD
RGN,DMK,2,584.0,MMR,THA
RGN,DOH,1,4691.0,MMR,QAT
RGN,HAN,1,1124.0,MMR,VNM
RGN,HEH,3,433.0,MMR,MMR
RGN,HKG,1,1955.0,MMR,HKG
RGN,ICN,3,3742.0,MMR,KOR
RGN,KMG,2,1152.0,MMR,CHN
RGN,KUL,3,1688.0,MMR,MYS
RGN,KYP,1,392.0,MMR,MMR
RGN,MDL,2,533.0,MMR,MMR
RGN,MYT,1,951.0,MMR,MMR
RGN,NNG,1,1409.0,MMR,CHN
RGN,NRT,1,4831.0,MMR,JPN
RGN,NYU,3,492.0,MMR,MMR
RGN,PEK,1,3244.0,MMR,CHN
RGN,PNH,1,1112.0,MMR,KHM
RGN,SGN,1,1321.0,MMR,VNM
RGN,SIN,6,1932.0,MMR,SGP
RGN,SNW,1,260.0,MMR,MMR
RGN,THL,1,564.0,MMR,MMR
RGN,TPE,1,2754.0,MMR,TWN
RGN,TVY,1,383.0,MMR,MMR
RGS,BCN,1,487.0,ESP,ESP
RHD,AEP,1,1001.0,ARG,ARG
RHI,IMT,1,107.0,USA,USA
RHI,MSP,1,305.0,USA,USA
RHO,AMS,1,2541.0,GRC,NLX
RHO,AOK,2,138.0,GRC,GRC
RHO,ATH,4,404.0,GRC,GRC
RHO,BGY,1,1847.0,GRC,ITA
RHO,BOH,1,2861.0,GRC,ENG
RHO,BRU,1,2471.0,GRC,BFR
RHO,BSL,1,2095.0,GRC,FXX
RHO,CDG,1,2495.0,GRC,FXX
RHO,CGN,2,2314.0,GRC,DEU
RHO,CRL,1,2448.0,GRC,BWR
RHO,DME,3,2240.0,GRC,RUS
RHO,DRS,1,1993.0,GRC,DEU
RHO,DUS,4,2363.0,GRC,DEU
RHO,EIN,1,2452.0,GRC,NLX
RHO,EMA,3,2924.0,GRC,ENG
RHO,FRA,2,2178.0,GRC,DEU
RHO,GLA,1,3258.0,GRC,SCT
RHO,HAJ,2,2293.0,GRC,DEU
RHO,HAM,1,2371.0,GRC,DEU
RHO,HER,2,287.0,GRC,GRC
RHO,JKH,1,276.0,GRC,GRC
RHO,KBP,1,1566.0,GRC,UKR
RHO,KGS,2,99.0,GRC,GRC
RHO,KUN,1,2086.0,GRC,LTU
RHO,KZS,2,137.0,GRC,TUR
RHO,LBA,1,2997.0,GRC,ENG
RHO,LED,3,2606.0,GRC,RUS
RHO,LEJ,2,2088.0,GRC,DEU
RHO,LGG,1,2399.0,GRC,BWR
RHO,LGW,3,2772.0,GRC,ENG
RHO,LPL,2,3040.0,GRC,ENG
RHO,LUX,1,2293.0,GRC,LUX
RHO,MAN,3,3007.0,GRC,ENG
RHO,MUC,3,1879.0,GRC,DEU
RHO,NCL,2,3062.0,GRC,ENG
RHO,NUE,2,2000.0,GRC,DEU
RHO,NYO,1,2618.0,GRC,SWE
RHO,PRG,2,1884.0,GRC,CZE
RHO,RYG,1,2842.0,GRC,NOW
RHO,SKG,2,638.0,GRC,GRC
RHO,SMI,1,177.0,GRC,GRC
RHO,STN,2,2782.0,GRC,ENG
RHO,STR,2,2052.0,GRC,DEU
RHO,SVO,1,2286.0,GRC,RUS
RHO,SXF,1,2111.0,GRC,DEU
RHO,TXL,1,2137.0,GRC,DEU
RHO,VIE,3,1606.0,GRC,AUT
RIA,GEL,1,166.0,BRA,BRA
RIA,POA,2,245.0,BRA,BRA
RIA,URG,1,324.0,BRA,BRA
RIB,TDD,1,441.0,BOL,BOL
RIC,ATL,7,773.0,USA,USA
RIC,BOS,4,762.0,USA,USA
RIC,CLE,1,583.0,USA,USA
RIC,CLT,2,412.0,USA,USA
RIC,CVG,1,664.0,USA,USA
RIC,DFW,2,1859.0,USA,USA
RIC,DTW,1,734.0,USA,USA
RIC,EWR,1,447.0,USA,USA
RIC,FLL,1,1299.0,USA,USA
RIC,FPO,1,1224.0,USA,BHS
RIC,IAD,1,160.0,USA,USA
RIC,IAH,1,1860.0,USA,USA
RIC,JFK,1,464.0,USA,USA
RIC,LGA,3,470.0,USA,USA
RIC,MCO,3,1075.0,USA,USA
RIC,MIA,2,1332.0,USA,USA
RIC,MSP,1,1559.0,USA,USA
RIC,ORD,3,1032.0,USA,USA
RIC,PHL,2,319.0,USA,USA
RIW,DEN,1,476.0,USA,USA
RIX,ABZ,1,1573.0,LVA,SCT
RIX,AES,1,1175.0,LVA,NOW
RIX,AMS,2,1333.0,LVA,NLX
RIX,ARN,3,466.0,LVA,SWE
RIX,ATH,1,2111.0,LVA,GRC
RIX,BCN,1,2337.0,LVA,ESP
RIX,BGO,2,1144.0,LVA,NOW
RIX,BGY,1,1590.0,LVA,ITA
RIX,BLL,1,921.0,LVA,DNK
RIX,BRE,1,1057.0,LVA,DEU
RIX,BRU,2,1434.0,LVA,BFR
RIX,BUD,1,1103.0,LVA,HUN
RIX,CDG,2,1672.0,LVA,FXX
RIX,CPH,3,713.0,LVA,DNK
RIX,DME,2,877.0,LVA,RUS
RIX,DUB,1,1943.0,LVA,IRL
RIX,DUS,2,1280.0,LVA,DEU
RIX,EIN,1,1349.0,LVA,NLX
RIX,EMA,1,1670.0,LVA,ENG
RIX,FCO,2,1878.0,LVA,ITA
RIX,FRA,3,1270.0,LVA,DEU
RIX,GOT,1,706.0,LVA,SWE
RIX,GYD,2,2618.0,LVA,AZE
RIX,HAM,2,956.0,LVA,DEU
RIX,HEL,2,382.0,LVA,FIN
RIX,HER,1,2402.0,LVA,GRC
RIX,HHN,1,1346.0,LVA,DEU
RIX,IST,1,1773.0,LVA,TUR
RIX,JFK,1,6746.0,LVA,USA
RIX,KBP,2,861.0,LVA,UKR
RIX,KGD,1,309.0,LVA,RUS
RIX,KIV,1,1162.0,LVA,MDA
RIX,LCA,1,2557.0,LVA,CYP
RIX,LED,1,486.0,LVA,RUS
RIX,LGW,1,1692.0,LVA,ENG
RIX,LTN,1,1662.0,LVA,ENG
RIX,MAN,1,1703.0,LVA,ENG
RIX,MLA,1,2448.0,LVA,MLT
RIX,MSQ,2,424.0,LVA,BLR
RIX,MUC,2,1255.0,LVA,DEU
RIX,MXP,2,1636.0,LVA,ITA
RIX,NCE,1,1885.0,LVA,FXX
RIX,NRN,1,1295.0,LVA,DEU
RIX,OLB,2,2062.0,LVA,ITA
RIX,OSL,3,828.0,LVA,NOW
RIX,PIK,1,1760.0,LVA,SCT
RIX,PLQ,1,206.0,LVA,LTU
RIX,PRG,2,992.0,LVA,CZE
RIX,RYG,1,819.0,LVA,NOW
RIX,SAW,1,1823.0,LVA,TUR
RIX,STN,1,1625.0,LVA,ENG
RIX,SVG,1,1101.0,LVA,NOW
RIX,SVO,2,832.0,LVA,RUS
RIX,TAS,2,3641.0,LVA,UZB
RIX,TBS,2,2260.0,LVA,GEG
RIX,TFS,2,4507.0,LVA,ESP
RIX,TKU,1,411.0,LVA,FIN
RIX,TLL,1,281.0,LVA,EST
RIX,TLV,1,2894.0,LVA,ISR
RIX,TRD,1,1020.0,LVA,NOW
RIX,TRF,1,843.0,LVA,NOW
RIX,TXL,2,839.0,LVA,DEU
RIX,VCE,2,1501.0,LVA,ITA
RIX,VIE,2,1099.0,LVA,AUT
RIX,VKO,2,833.0,LVA,RUS
RIX,VNO,1,268.0,LVA,LTU
RIX,WAW,2,563.0,LVA,POL
RIX,ZRH,1,1481.0,LVA,CHE
RIY,ADE,2,512.0,YEM,YEM
RIY,AUH,1,1219.0,YEM,ARE
RIY,CAI,1,2516.0,YEM,EGY
RIY,DXB,1,1333.0,YEM,ARE
RIY,JED,1,1331.0,YEM,SAU
RIY,KWI,1,1626.0,YEM,KWT
RIY,SAH,2,561.0,YEM,YEM
RIY,SCT,2,539.0,YEM,YEM
RIY,SHJ,1,1348.0,YEM,ARE
RJA,HYD,3,360.0,IND,IND
RJH,DAC,1,192.0,BGD,BGD
RJK,CGN,1,836.0,HRV,DEU
RJK,HAM,1,992.0,HRV,DEU
RJK,LHR,1,1307.0,HRV,ENG
RJK,NYO,1,1517.0,HRV,SWE
RJK,SPU,1,232.0,HRV,HRV
RJK,STR,1,560.0,HRV,DEU
RJK,ZAG,1,131.0,HRV,HRV
RJL,MAD,1,244.0,ESP,ESP
RKD,BOS,1,244.0,USA,USA
RKS,DEN,1,417.0,USA,USA
RKS,GCC,1,420.0,USA,USA
RKS,SLC,1,260.0,USA,USA
RKV,AEY,1,249.0,ISL,ISL
RKV,EGS,1,380.0,ISL,ISL
RKV,GOH,1,1428.0,ISL,GRL
RKV,IFJ,1,222.0,ISL,ISL
RLG,AYT,1,2366.0,DEU,TUR
RLG,CGN,1,486.0,DEU,DEU
RLG,MUC,1,620.0,DEU,DEU
RLG,PMI,1,1751.0,DEU,ESP
RLG,STR,1,619.0,DEU,DEU
RLK,HET,1,343.0,CHN,CHN
RLK,PEK,2,753.0,CHN,CHN
RLK,XIY,1,726.0,CHN,CHN
RMA,BNE,2,440.0,AUS,AUS
RMA,CTL,1,251.0,AUS,AUS
RMF,CAI,1,596.0,EGY,EGY
RMF,DUS,1,3705.0,EGY,DEU
RMF,VIE,1,2960.0,EGY,AUT
RMF,ZRH,3,3337.0,EGY,CHE
RMI,DME,2,2196.0,ITA,RUS
RMI,KRR,1,2099.0,ITA,RUS
RMQ,CAN,1,751.0,TWN,CHN
RMQ,CGO,1,1315.0,TWN,CHN
RMQ,CSX,1,857.0,TWN,CHN
RMQ,FOC,1,209.0,TWN,CHN
RMQ,HAN,1,1556.0,TWN,VNM
RMQ,HGH,2,664.0,TWN,CHN
RMQ,HKG,3,719.0,TWN,HKG
RMQ,HUN,1,105.0,TWN,TWN
RMQ,KIX,1,1809.0,TWN,JPN
RMQ,KNH,1,230.0,TWN,TWN
RMQ,MFM,2,756.0,TWN,MAC
RMQ,MXZ,1,455.0,TWN,CHN
RMQ,MZG,1,127.0,TWN,TWN
RMQ,NGB,2,624.0,TWN,CHN
RMQ,NKG,1,849.0,TWN,CHN
RMQ,NNG,1,1283.0,TWN,CHN
RMQ,OKA,1,738.0,TWN,JPN
RMQ,PVG,1,774.0,TWN,CHN
RMQ,SGN,1,2101.0,TWN,VNM
RMQ,SZX,1,718.0,TWN,CHN
RMQ,TAO,1,1335.0,TWN,CHN
RMQ,TNA,1,1437.0,TWN,CHN
RMQ,XMN,2,254.0,TWN,CHN
RMT,PPT,1,657.0,,PYF
RMT,RUR,1,150.0,,PYF
RNA,HIR,1,216.0,SLB,SLB
RNA,IRA,1,66.0,SLB,SLB
RNB,ARN,1,408.0,SWE,SWE
RNB,BMA,2,378.0,SWE,SWE
RNL,HIR,1,234.0,SLB,SLB
RNN,CPH,1,147.0,DNK,DNK
RNO,DEN,3,1291.0,USA,USA
RNO,DFW,2,2161.0,USA,USA
RNO,LAS,2,556.0,USA,USA
RNO,LAX,5,630.0,USA,USA
RNO,MDW,2,2698.0,USA,USA
RNO,ORD,2,2683.0,USA,USA
RNO,PDX,2,716.0,USA,USA
RNO,PHX,3,967.0,USA,USA
RNO,SAN,1,787.0,USA,USA
RNO,SEA,2,907.0,USA,USA
RNO,SFO,1,308.0,USA,USA
RNO,SJC,1,303.0,USA,USA
RNO,SLC,1,677.0,USA,USA
RNS,BCN,2,811.0,FXX,ESP
RNS,BOD,1,369.0,FXX,FXX
RNS,CDG,2,332.0,FXX,FXX
RNS,EXT,2,320.0,FXX,ENG
RNS,LYS,1,579.0,FXX,FXX
RNS,MRS,1,745.0,FXX,FXX
RNS,NCE,1,848.0,FXX,FXX
RNS,SOU,2,321.0,FXX,ENG
RNS,TLS,1,549.0,FXX,FXX
ROA,ATL,4,575.0,USA,USA
ROA,CLT,2,250.0,USA,USA
ROA,DTW,1,615.0,USA,USA
ROA,IAD,1,285.0,USA,USA
ROA,LGA,2,652.0,USA,USA
ROA,ORD,1,853.0,USA,USA
ROA,PHL,2,499.0,USA,USA
ROA,PIE,1,1077.0,USA,USA
ROA,SFB,1,958.0,USA,USA
ROB,ABJ,1,720.0,LBR,CIV
ROB,ACC,4,1130.0,LBR,GHA
ROB,BRU,3,5154.0,LBR,BFR
ROB,CMN,1,3031.0,LBR,MAR
ROB,FNA,6,410.0,LBR,SLE
ROB,LOS,1,1512.0,LBR,NGA
ROC,ATL,4,1207.0,USA,USA
ROC,BOS,2,551.0,USA,USA
ROC,BWI,1,446.0,USA,USA
ROC,CLE,1,393.0,USA,USA
ROC,CLT,2,923.0,USA,USA
ROC,DCA,2,477.0,USA,USA
ROC,DTW,1,475.0,USA,USA
ROC,EWR,1,396.0,USA,USA
ROC,IAD,1,465.0,USA,USA
ROC,JFK,2,424.0,USA,USA
ROC,LGA,1,408.0,USA,USA
ROC,MCO,2,1666.0,USA,USA
ROC,MDW,2,840.0,USA,USA
ROC,MSP,1,1257.0,USA,USA
ROC,ORD,3,847.0,USA,USA
ROC,PHL,2,414.0,USA,USA
ROC,TPA,1,1740.0,USA,USA
ROC,YYZ,1,170.0,USA,CAN
ROI,DMK,1,419.0,THA,THA
ROK,BNE,3,518.0,AUS,AUS
ROK,GLT,1,94.0,AUS,AUS
ROK,MKY,1,280.0,AUS,AUS
ROO,CGB,1,181.0,BRA,BRA
ROP,GUM,1,91.0,MNP,GUM
ROP,SPN,1,117.0,MNP,MNP
ROR,GUM,1,1311.0,PLW,GUM
ROR,ICN,2,3445.0,PLW,KOR
ROR,MNL,1,1675.0,PLW,PHL
ROR,NRT,3,3213.0,PLW,JPN
ROR,TPE,2,2424.0,PLW,TWN
ROR,YAP,1,456.0,PLW,FSM
ROS,AEP,2,286.0,ARG,ARG
ROS,COR,1,367.0,ARG,ARG
ROS,EZE,1,298.0,ARG,ARG
ROS,GRU,2,1751.0,ARG,BRA
ROS,PDP,1,568.0,ARG,URY
ROT,AKL,1,182.0,NZL,NZL
ROT,CHC,1,678.0,NZL,NZL
ROT,WLG,1,380.0,NZL,NZL
ROV,AYT,1,1395.0,RUS,TUR
ROV,BUD,1,1549.0,RUS,HUN
ROV,DME,3,891.0,RUS,RUS
ROV,DXB,1,2821.0,RUS,ARE
ROV,DYU,1,2533.0,RUS,TJK
ROV,EGO,1,426.0,RUS,RUS
ROV,EVN,1,892.0,RUS,ARM
ROV,IST,2,1123.0,RUS,TUR
ROV,KBP,2,731.0,RUS,UKR
ROV,KUF,1,984.0,RUS,RUS
ROV,LBD,1,2502.0,RUS,TJK
ROV,LED,2,1506.0,RUS,RUS
ROV,PRG,1,1892.0,RUS,CZE
ROV,SHJ,1,2820.0,RUS,ARE
ROV,SIP,1,532.0,RUS,RUS
ROV,SKG,1,1557.0,RUS,GRC
ROV,SVO,1,958.0,RUS,RUS
ROV,SVX,1,1746.0,RUS,RUS
ROV,TAS,2,2418.0,RUS,UZB
ROV,TLV,1,1774.0,RUS,ISR
ROV,VIE,1,1739.0,RUS,AUT
ROV,VOG,1,358.0,RUS,RUS
ROW,DFW,2,699.0,USA,USA
RPR,BHO,2,510.0,IND,IND
RPR,BOM,2,955.0,IND,IND
RPR,CCU,1,711.0,IND,IND
RPR,DEL,4,945.0,IND,IND
RPR,HYD,1,560.0,IND,IND
RPR,IDR,1,636.0,IND,IND
RPR,VTZ,1,415.0,IND,IND
RRG,MRU,1,598.0,MUS,MUS
RRS,OSL,1,274.0,NOW,NOW
RSA,AFA,1,434.0,ARG,ARG
RSD,NAS,2,131.0,BHS,BHS
RSH,ANI,2,96.0,USA,USA
RSH,BET,1,114.0,USA,USA
RSH,KLG,1,58.0,USA,USA
RST,AZA,1,2031.0,USA,USA
RST,MSP,1,123.0,USA,USA
RST,ORD,2,431.0,USA,USA
RSU,CJU,1,181.0,KOR,KOR
RSU,GMP,2,311.0,KOR,KOR
RSW,ACY,1,1584.0,USA,USA
RSW,ATL,8,830.0,USA,USA
RSW,BDL,1,1902.0,USA,USA
RSW,BOS,1,2013.0,USA,USA
RSW,BWI,2,1483.0,USA,USA
RSW,CLE,1,1654.0,USA,USA
RSW,CLT,2,968.0,USA,USA
RSW,CMH,2,1501.0,USA,USA
RSW,CVG,1,1417.0,USA,USA
RSW,DCA,4,1438.0,USA,USA
RSW,DEN,2,2584.0,USA,USA
RSW,DFW,2,1634.0,USA,USA
RSW,DTW,2,1749.0,USA,USA
RSW,DUS,2,7640.0,USA,DEU
RSW,EWR,2,1722.0,USA,USA
RSW,EYW,2,220.0,USA,USA
RSW,HPN,1,1777.0,USA,USA
RSW,IAH,1,1384.0,USA,USA
RSW,ILG,1,1569.0,USA,USA
RSW,IND,2,1525.0,USA,USA
RSW,JFK,1,1732.0,USA,USA
RSW,LGA,2,1742.0,USA,USA
RSW,MCO,2,215.0,USA,USA
RSW,MDW,2,1782.0,USA,USA
RSW,MKE,1,1908.0,USA,USA
RSW,MSP,2,2282.0,USA,USA
RSW,ORD,4,1806.0,USA,USA
RSW,PHL,3,1601.0,USA,USA
RSW,PIT,1,1558.0,USA,USA
RSW,PVD,1,1936.0,USA,USA
RSW,STL,1,1578.0,USA,USA
RSW,TTN,1,1657.0,USA,USA
RSW,YYZ,2,1916.0,USA,CAN
RTA,NAN,1,588.0,FJI,FJI
RTB,ATL,1,1937.0,HND,USA
RTB,BZE,1,234.0,HND,BLZ
RTB,DFW,2,2125.0,HND,USA
RTB,GUA,2,470.0,HND,GTM
RTB,IAH,1,1765.0,HND,USA
RTB,LCE,1,73.0,HND,HND
RTB,MIA,2,1236.0,HND,USA
RTB,SAL,1,420.0,HND,SLV
RTB,SAP,2,178.0,HND,HND
RTB,TGU,2,262.0,HND,HND
RTM,AGP,1,1839.0,NLX,ESP
RTM,ALC,1,1569.0,NLX,ESP
RTM,AYT,1,2655.0,NLX,TUR
RTM,BCN,1,1199.0,NLX,ESP
RTM,BJV,1,2441.0,NLX,TUR
RTM,BUD,1,1176.0,NLX,HUN
RTM,EGC,1,844.0,NLX,FXX
RTM,EIN,1,86.0,NLX,NLX
RTM,FAO,1,1925.0,NLX,PRX
RTM,FCO,1,1274.0,NLX,ITA
RTM,GRO,1,1125.0,NLX,ESP
RTM,HER,1,2472.0,NLX,GRC
RTM,IBZ,1,1474.0,NLX,ESP
RTM,IST,1,2188.0,NLX,TUR
RTM,LCY,4,306.0,NLX,ENG
RTM,LHR,2,342.0,NLX,ENG
RTM,MAD,1,1416.0,NLX,ESP
RTM,MPL,1,933.0,NLX,FXX
RTM,MUC,1,659.0,NLX,DEU
RTM,NCE,1,946.0,NLX,FXX
RTM,PMI,1,1386.0,NLX,ESP
RTM,PRG,1,717.0,NLX,CZE
RTM,RAK,1,2480.0,NLX,MAR
RTM,RHO,1,2537.0,NLX,GRC
RTM,SAW,1,2251.0,NLX,TUR
RTM,SPU,1,1286.0,NLX,HRV
RTM,TLN,1,993.0,NLX,FXX
RTM,VIE,1,965.0,NLX,AUT
RTM,VLC,1,1437.0,NLX,ESP
RTW,DME,1,687.0,RUS,RUS
RTW,EVN,1,1276.0,RUS,ARM
RTW,MRV,1,845.0,RUS,RUS
RTW,PRG,1,2221.0,RUS,CZE
RTW,SVX,1,1117.0,RUS,RUS
RUA,EBB,1,375.0,UGA,UGA
RUH,ABT,1,734.0,SAU,SAU
RUH,ADD,2,1964.0,SAU,ETH
RUH,AHB,2,856.0,SAU,SAU
RUH,AJF,1,844.0,SAU,SAU
RUH,AMM,3,1289.0,SAU,JOR
RUH,AQI,1,380.0,SAU,SAU
RUH,ATZ,1,1584.0,SAU,EGY
RUH,AUH,3,805.0,SAU,ARE
RUH,BAH,2,421.0,SAU,BHR
RUH,BEY,2,1465.0,SAU,LBN
RUH,BHH,1,694.0,SAU,SAU
RUH,BLR,1,3500.0,SAU,IND
RUH,BOM,3,2770.0,SAU,IND
RUH,CAI,3,1612.0,SAU,EGY
RUH,CAN,1,6686.0,SAU,CHN
RUH,CCJ,2,3442.0,SAU,IND
RUH,CDG,2,4651.0,SAU,FXX
RUH,CGK,1,7342.0,SAU,IDN
RUH,CMB,3,4040.0,SAU,LKA
RUH,CMN,1,5295.0,SAU,MAR
RUH,COK,1,3540.0,SAU,IND
RUH,DAC,2,4408.0,SAU,BGD
RUH,DEL,2,3037.0,SAU,IND
RUH,DMM,2,353.0,SAU,SAU
RUH,DOH,3,495.0,SAU,QAT
RUH,DWC,1,853.0,SAU,ARE
RUH,DWD,1,266.0,SAU,SAU
RUH,DXB,4,873.0,SAU,ARE
RUH,EAM,1,850.0,SAU,SAU
RUH,ELQ,1,329.0,SAU,SAU
RUH,FCO,2,3671.0,SAU,ITA
RUH,FRA,2,4292.0,SAU,DEU
RUH,GIZ,2,992.0,SAU,SAU
RUH,GVA,1,4298.0,SAU,CHE
RUH,HAS,1,571.0,SAU,SAU
RUH,HBE,4,1794.0,SAU,EGY
RUH,HKG,1,6782.0,SAU,HKG
RUH,HMB,1,1506.0,SAU,EGY
RUH,HOF,1,283.0,SAU,SAU
RUH,HTY,1,1610.0,SAU,TUR
RUH,HYD,1,3393.0,SAU,IND
RUH,IAD,1,10842.0,SAU,USA
RUH,ICN,1,7492.0,SAU,KOR
RUH,ISB,3,2702.0,SAU,PAK
RUH,IST,2,2457.0,SAU,TUR
RUH,JED,5,852.0,SAU,SAU
RUH,JFK,1,10480.0,SAU,USA
RUH,KHI,2,2061.0,SAU,PAK
RUH,KRT,3,1804.0,SAU,SDN
RUH,KUL,1,6377.0,SAU,MYS
RUH,KWI,4,491.0,SAU,KWT
RUH,LHE,3,2802.0,SAU,PAK
RUH,LHR,2,4941.0,SAU,ENG
RUH,LKO,1,3417.0,SAU,IND
RUH,LXR,1,1408.0,SAU,EGY
RUH,MAA,1,3749.0,SAU,IND
RUH,MCT,2,1184.0,SAU,OMN
RUH,MED,2,708.0,SAU,SAU
RUH,MNL,2,7778.0,SAU,PHL
RUH,MUC,1,3999.0,SAU,DEU
RUH,MXP,2,4085.0,SAU,ITA
RUH,PEW,3,2595.0,SAU,PAK
RUH,RAE,1,858.0,SAU,SAU
RUH,RAH,1,608.0,SAU,SAU
RUH,SAH,2,1085.0,SAU,YEM
RUH,SAW,1,2394.0,SAU,TUR
RUH,SHJ,1,888.0,SAU,ARE
RUH,SHW,1,834.0,SAU,SAU
RUH,SIN,2,6674.0,SAU,SGP
RUH,SKT,1,2816.0,SAU,PAK
RUH,SSH,3,1269.0,SAU,EGY
RUH,TAI,1,1282.0,SAU,YEM
RUH,TIF,2,738.0,SAU,SAU
RUH,TRV,1,3688.0,SAU,IND
RUH,TUI,1,1080.0,SAU,SAU
RUH,TUU,1,1070.0,SAU,SAU
RUH,ULH,1,875.0,SAU,SAU
RUH,URY,1,1169.0,SAU,SAU
RUH,WAE,1,518.0,SAU,SAU
RUH,YNB,1,878.0,SAU,SAU
RUN,CDG,1,9369.0,REU,FXX
RUN,DIE,1,1157.0,REU,MDG
RUN,DZA,1,1411.0,REU,MYT
RUN,HAH,1,1669.0,REU,COM
RUN,JNB,1,2835.0,REU,ZAF
RUN,MAA,1,4631.0,REU,IND
RUN,MRS,1,8801.0,REU,FXX
RUN,MRU,4,232.0,REU,MUS
RUN,NOS,1,1137.0,REU,MDG
RUN,ORY,3,9357.0,REU,FXX
RUN,SMS,1,732.0,REU,MDG
RUN,TMM,1,712.0,REU,MDG
RUN,TNR,2,871.0,REU,MDG
RUR,PPT,1,573.0,PYF,PYF
RUR,RMT,1,150.0,PYF,
RUS,HIR,1,97.0,SLB,SLB
RUT,BOS,1,205.0,USA,USA
RVD,VCP,1,699.0,BRA,BRA
RVE,BOG,1,356.0,COL,COL
RVE,TME,1,57.0,COL,COL
RVK,MQN,1,223.0,NOW,NOW
RVK,OSY,1,46.0,NOW,NOW
RVK,TRD,1,154.0,NOW,NOW
RVN,HEL,2,696.0,FIN,FIN
RVT,PER,2,447.0,AUS,AUS
RVV,PPT,1,732.0,PYF,PYF
RVV,TUB,1,198.0,PYF,PYF
RXS,MNL,3,374.0,PHL,PHL
RYG,AGP,2,2753.0,NOW,ESP
RYG,ALC,2,2480.0,NOW,ESP
RYG,BCN,1,2099.0,NOW,ESP
RYG,BGY,1,1526.0,NOW,ITA
RYG,BLQ,1,1651.0,NOW,ITA
RYG,BVA,1,1236.0,NOW,FXX
RYG,BZR,1,1856.0,NOW,FXX
RYG,CFU,1,2291.0,NOW,GRC
RYG,CHQ,1,2823.0,NOW,GRC
RYG,CIA,1,1959.0,NOW,ITA
RYG,CRL,1,1070.0,NOW,BWR
RYG,DUB,1,1236.0,NOW,IRL
RYG,EDI,1,922.0,NOW,SCT
RYG,GDN,1,725.0,NOW,POL
RYG,KGS,1,2771.0,NOW,GRC
RYG,KRK,1,1182.0,NOW,POL
RYG,KUN,1,938.0,NOW,LTU
RYG,MAD,1,2328.0,NOW,ESP
RYG,MAN,1,1044.0,NOW,ENG
RYG,MLA,1,2629.0,NOW,MLT
RYG,PMI,1,2276.0,NOW,ESP
RYG,POZ,1,860.0,NOW,POL
RYG,PUY,1,1624.0,NOW,HRV
RYG,RHO,1,2842.0,NOW,GRC
RYG,RIX,1,819.0,NOW,LVA
RYG,RZE,1,1254.0,NOW,POL
RYG,SKG,1,2263.0,NOW,GRC
RYG,STN,1,1062.0,NOW,ENG
RYG,SXF,1,797.0,NOW,DEU
RYG,TLL,1,794.0,NOW,EST
RYG,TSF,1,1530.0,NOW,ITA
RYG,VNO,1,1021.0,NOW,LTU
RYG,WMI,1,984.0,NOW,POL
RYG,WRO,1,997.0,NOW,POL
RYG,ZAD,1,1726.0,NOW,HRV
RYK,AUH,1,1616.0,PAK,ARE
RYK,KHI,1,496.0,PAK,PAK
RYK,LHE,1,529.0,PAK,PAK
RZE,BRS,1,1738.0,POL,ENG
RZE,BVA,1,1427.0,POL,FXX
RZE,DUB,1,1968.0,POL,IRL
RZE,EMA,1,1638.0,POL,ENG
RZE,FCO,1,1192.0,POL,ITA
RZE,FRA,1,959.0,POL,DEU
RZE,LTN,1,1573.0,POL,ENG
RZE,MAN,1,1703.0,POL,ENG
RZE,RYG,1,1254.0,POL,NOW
RZE,STN,1,1531.0,POL,ENG
RZE,WAW,1,240.0,POL,POL
RZR,MHD,1,803.0,IRN,IRN
RZR,THR,1,147.0,IRN,IRN
SAB,SXM,1,46.0,NLY,SXM
SAF,DEN,1,488.0,USA,USA
SAF,DFW,2,885.0,USA,USA
SAF,LAX,3,1140.0,USA,USA
SAH,AAY,2,855.0,YEM,YEM
SAH,ADD,1,932.0,YEM,ETH
SAH,ADE,3,307.0,YEM,YEM
SAH,AMM,2,1990.0,YEM,JOR
SAH,ASM,1,570.0,YEM,ERI
SAH,AUH,1,1475.0,YEM,ARE
SAH,AXK,1,298.0,YEM,YEM
SAH,BAH,2,1372.0,YEM,BHR
SAH,BEY,1,2220.0,YEM,LBN
SAH,CAI,2,2089.0,YEM,EGY
SAH,DOH,1,1333.0,YEM,QAT
SAH,DXB,3,1589.0,YEM,ARE
SAH,GXF,2,492.0,YEM,YEM
SAH,HOD,2,156.0,YEM,YEM
SAH,JED,2,872.0,YEM,SAU
SAH,JIB,1,452.0,YEM,DJI
SAH,KRT,1,1250.0,YEM,SDN
SAH,KWI,2,1576.0,YEM,KWT
SAH,NBO,1,2032.0,YEM,KEN
SAH,RIY,2,561.0,YEM,YEM
SAH,RUH,2,1085.0,YEM,SAU
SAH,TAI,2,199.0,YEM,YEM
SAL,ATL,1,2294.0,SLV,USA
SAL,BOG,1,1902.0,SLV,COL
SAL,BZE,1,463.0,SLV,BLZ
SAL,CLO,1,1774.0,SLV,COL
SAL,CUN,1,876.0,SLV,MEX
SAL,DFW,4,2310.0,SLV,USA
SAL,EWR,2,3358.0,SLV,USA
SAL,FLL,1,1684.0,SLV,USA
SAL,GUA,1,203.0,SLV,GTM
SAL,GYE,1,2008.0,SLV,ECU
SAL,HAV,1,1272.0,SLV,CUB
SAL,IAD,2,3057.0,SLV,USA
SAL,IAH,3,1950.0,SLV,USA
SAL,JFK,3,3370.0,SLV,USA
SAL,LAX,3,3734.0,SLV,USA
SAL,LIM,1,3123.0,SLV,PER
SAL,LIR,1,496.0,SLV,CRI
SAL,MAD,2,8666.0,SLV,ESP
SAL,MCO,2,1849.0,SLV,USA
SAL,MDE,1,1698.0,SLV,COL
SAL,MEX,2,1259.0,SLV,MEX
SAL,MGA,2,345.0,SLV,NIC
SAL,MIA,4,1651.0,SLV,USA
SAL,ORD,1,3175.0,SLV,USA
SAL,PTY,2,1161.0,SLV,PAN
SAL,RTB,1,420.0,SLV,HND
SAL,SAP,1,255.0,SLV,HND
SAL,SFO,3,4250.0,SLV,USA
SAL,SJO,1,652.0,SLV,CRI
SAL,TGU,1,210.0,SLV,HND
SAL,UIO,1,1915.0,SLV,ECU
SAL,YYZ,1,3480.0,SLV,CAN
SAN,ABQ,1,1009.0,USA,USA
SAN,ATL,8,3038.0,USA,USA
SAN,AUS,1,1870.0,USA,USA
SAN,BLI,1,1840.0,USA,USA
SAN,BNA,1,2812.0,USA,USA
SAN,BOI,1,1207.0,USA,USA
SAN,BOS,3,4156.0,USA,USA
SAN,BWI,2,3686.0,USA,USA
SAN,CLT,2,3335.0,USA,USA
SAN,DCA,2,3655.0,USA,USA
SAN,DEN,4,1371.0,USA,USA
SAN,DFW,4,1880.0,USA,USA
SAN,DTW,2,3142.0,USA,USA
SAN,EWR,1,3895.0,USA,USA
SAN,FAT,1,505.0,USA,USA
SAN,HNL,2,4201.0,USA,USA
SAN,HOU,2,2108.0,USA,USA
SAN,IAD,1,3618.0,USA,USA
SAN,IAH,1,2093.0,USA,USA
SAN,IPL,1,151.0,USA,USA
SAN,JFK,6,3928.0,USA,USA
SAN,LAS,3,416.0,USA,USA
SAN,LAX,5,176.0,USA,USA
SAN,LHR,4,8807.0,USA,ENG
SAN,LIH,1,4300.0,USA,USA
SAN,MCI,2,2142.0,USA,USA
SAN,MCO,2,3452.0,USA,USA
SAN,MDW,1,2776.0,USA,USA
SAN,MEX,1,2330.0,USA,MEX
SAN,MIA,2,3643.0,USA,USA
SAN,MRY,1,604.0,USA,USA
SAN,MSP,3,2463.0,USA,USA
SAN,MSY,1,2568.0,USA,USA
SAN,NRT,3,8924.0,USA,JPN
SAN,OAK,1,718.0,USA,USA
SAN,OGG,1,4083.0,USA,USA
SAN,ORD,4,2768.0,USA,USA
SAN,PDX,3,1503.0,USA,USA
SAN,PHL,2,3806.0,USA,USA
SAN,PHX,4,489.0,USA,USA
SAN,PVR,3,1787.0,USA,MEX
SAN,RNO,2,787.0,USA,USA
SAN,SAT,2,1814.0,USA,USA
SAN,SDF,1,2898.0,USA,USA
SAN,SEA,3,1692.0,USA,USA
SAN,SFO,3,719.0,USA,USA
SAN,SJC,2,671.0,USA,USA
SAN,SJD,2,1293.0,USA,MEX
SAN,SLC,2,1008.0,USA,USA
SAN,SMF,1,773.0,USA,USA
SAN,STL,1,2501.0,USA,USA
SAN,STS,2,819.0,USA,USA
SAN,TUS,1,590.0,USA,USA
SAN,YYC,2,2060.0,USA,CAN
SAN,YYZ,1,3465.0,USA,CAN
SAP,ATL,1,2052.0,HND,USA
SAP,BZE,1,236.0,HND,BLZ
SAP,EWR,1,3105.0,HND,USA
SAP,FLL,1,1430.0,HND,USA
SAP,GUA,4,296.0,HND,GTM
SAP,IAH,1,1785.0,HND,USA
SAP,JFK,1,3116.0,HND,USA
SAP,LCE,1,119.0,HND,HND
SAP,MEX,1,1262.0,HND,MEX
SAP,MIA,4,1397.0,HND,USA
SAP,PTY,1,1168.0,HND,PAN
SAP,RTB,2,178.0,HND,HND
SAP,SAL,1,255.0,HND,SLV
SAP,SJO,2,728.0,HND,CRI
SAP,TGU,1,172.0,HND,HND
SAT,ATL,7,1405.0,USA,USA
SAT,BNA,1,1322.0,USA,USA
SAT,BWI,2,2262.0,USA,USA
SAT,CLT,2,1760.0,USA,USA
SAT,CUN,1,1499.0,USA,MEX
SAT,DAL,2,399.0,USA,USA
SAT,DEN,3,1280.0,USA,USA
SAT,DFW,2,398.0,USA,USA
SAT,DTW,1,1954.0,USA,USA
SAT,ELP,1,797.0,USA,USA
SAT,EWR,1,2522.0,USA,USA
SAT,GDL,2,1114.0,USA,MEX
SAT,HOU,2,309.0,USA,USA
SAT,HRL,1,376.0,USA,USA
SAT,IAD,1,2189.0,USA,USA
SAT,IAH,1,306.0,USA,USA
SAT,JFK,1,2551.0,USA,USA
SAT,LAS,2,1717.0,USA,USA
SAT,LAX,3,1945.0,USA,USA
SAT,MCO,3,1672.0,USA,USA
SAT,MDW,2,1668.0,USA,USA
SAT,MEM,1,1006.0,USA,USA
SAT,MEX,4,1124.0,USA,MEX
SAT,MSP,1,1768.0,USA,USA
SAT,MTY,3,448.0,USA,MEX
SAT,ORD,3,1677.0,USA,USA
SAT,PHL,2,2404.0,USA,USA
SAT,PHX,4,1354.0,USA,USA
SAT,SAN,1,1814.0,USA,USA
SAT,SEA,1,2854.0,USA,USA
SAT,SFO,1,2382.0,USA,USA
SAT,SLC,1,1749.0,USA,USA
SAT,STL,2,1266.0,USA,USA
SAT,TLC,1,1139.0,USA,MEX
SAT,TPA,2,1562.0,USA,USA
SAV,ATL,6,345.0,USA,USA
SAV,BOS,1,1450.0,USA,USA
SAV,CLT,2,344.0,USA,USA
SAV,DCA,2,837.0,USA,USA
SAV,DFW,2,1486.0,USA,USA
SAV,DTW,1,1137.0,USA,USA
SAV,EWR,1,1141.0,USA,USA
SAV,IAD,1,830.0,USA,USA
SAV,IAH,1,1367.0,USA,USA
SAV,JFK,2,1155.0,USA,USA
SAV,LGA,1,1163.0,USA,USA
SAV,ORD,1,1245.0,USA,USA
SAV,PHL,2,1014.0,USA,USA
SAW,ADA,2,675.0,TUR,TUR
SAW,ADB,3,343.0,TUR,TUR
SAW,ALA,1,3892.0,TUR,KAZ
SAW,AMS,3,2246.0,TUR,NLX
SAW,ARN,1,2230.0,TUR,SWE
SAW,ASF,1,1616.0,TUR,RUS
SAW,ASR,2,579.0,TUR,TUR
SAW,ATH,1,566.0,TUR,GRC
SAW,AYT,3,463.0,TUR,TUR
SAW,BAL,1,1066.0,TUR,TUR
SAW,BCN,1,2273.0,TUR,ESP
SAW,BEG,2,853.0,TUR,SRS
SAW,BEY,1,957.0,TUR,LBN
SAW,BGY,1,1668.0,TUR,ITA
SAW,BJV,2,430.0,TUR,TUR
SAW,BLQ,1,1523.0,TUR,ITA
SAW,BRU,1,2204.0,TUR,BFR
SAW,BSL,1,1880.0,TUR,FXX
SAW,BUD,1,1080.0,TUR,HUN
SAW,CDG,1,2275.0,TUR,FXX
SAW,CGN,3,2030.0,TUR,DEU
SAW,CMN,1,3350.0,TUR,MAR
SAW,CPH,1,2038.0,TUR,DNK
SAW,CRL,1,2189.0,TUR,BWR
SAW,DIY,2,993.0,TUR,TUR
SAW,DLM,1,468.0,TUR,TUR
SAW,DME,1,1732.0,TUR,RUS
SAW,DNZ,1,348.0,TUR,TUR
SAW,DOH,1,2694.0,TUR,QAT
SAW,DOK,1,1040.0,TUR,UKR
SAW,DTM,2,2032.0,TUR,DEU
SAW,DUS,3,2074.0,TUR,DEU
SAW,DXB,2,2967.0,TUR,ARE
SAW,EBU,1,2082.0,TUR,FXX
SAW,ECN,2,736.0,TUR,CYN
SAW,EDO,1,246.0,TUR,TUR
SAW,EIN,1,2169.0,TUR,NLX
SAW,ERC,1,876.0,TUR,TUR
SAW,ERZ,2,1009.0,TUR,TUR
SAW,ESB,2,323.0,TUR,TUR
SAW,EZS,2,890.0,TUR,TUR
SAW,FCO,1,1426.0,TUR,ITA
SAW,FRA,2,1900.0,TUR,DEU
SAW,FRU,1,3696.0,TUR,KGZ
SAW,GNY,1,911.0,TUR,TUR
SAW,GYD,2,1745.0,TUR,AZE
SAW,GZP,1,574.0,TUR,TUR
SAW,GZT,2,832.0,TUR,TUR
SAW,HAJ,1,1962.0,TUR,DEU
SAW,HAM,1,2020.0,TUR,DEU
SAW,HRK,1,1141.0,TUR,UKR
SAW,HTY,2,788.0,TUR,TUR
SAW,IKA,2,1999.0,TUR,IRN
SAW,JED,1,2329.0,TUR,SAU
SAW,KBP,2,1058.0,TUR,UKR
SAW,KCM,1,757.0,TUR,TUR
SAW,KRR,1,924.0,TUR,RUS
SAW,KSY,1,1163.0,TUR,TUR
SAW,KWI,4,2130.0,TUR,KWT
SAW,KYA,2,428.0,TUR,TUR
SAW,LGW,1,2524.0,TUR,ENG
SAW,LWO,1,1075.0,TUR,UKR
SAW,MAD,1,2756.0,TUR,ESP
SAW,MED,1,2058.0,TUR,SAU
SAW,MLA,2,1407.0,TUR,MLT
SAW,MLX,1,800.0,TUR,TUR
SAW,MQM,2,1059.0,TUR,TUR
SAW,MRS,1,1998.0,TUR,FXX
SAW,MRV,1,1185.0,TUR,RUS
SAW,MSR,1,1081.0,TUR,TUR
SAW,MUC,3,1610.0,TUR,DEU
SAW,MXP,1,1742.0,TUR,ITA
SAW,MZH,1,522.0,TUR,TUR
SAW,NAV,1,505.0,TUR,TUR
SAW,NUE,2,1712.0,TUR,DEU
SAW,OMS,1,3556.0,TUR,RUS
SAW,ORY,2,2280.0,TUR,FXX
SAW,OTP,1,486.0,TUR,ROU
SAW,PRN,1,711.0,TUR,KOS
SAW,RIX,1,1823.0,TUR,LVA
SAW,RTM,1,2251.0,TUR,NLX
SAW,RUH,1,2394.0,TUR,SAU
SAW,SHJ,1,2973.0,TUR,ARE
SAW,SJJ,2,958.0,TUR,BHF
SAW,SKP,1,652.0,TUR,MKD
SAW,STN,1,2518.0,TUR,ENG
SAW,STR,3,1799.0,TUR,DEU
SAW,STW,1,1140.0,TUR,RUS
SAW,SXF,2,1748.0,TUR,DEU
SAW,TBS,2,1308.0,TUR,GEG
SAW,TIA,1,804.0,TUR,ALB
SAW,TLV,2,1106.0,TUR,ISR
SAW,TXL,1,1773.0,TUR,DEU
SAW,TZX,2,880.0,TUR,TUR
SAW,VAN,2,1229.0,TUR,TUR
SAW,VAS,2,654.0,TUR,TUR
SAW,VIE,2,1287.0,TUR,AUT
SAW,ZRH,1,1802.0,TUR,CHE
SBA,DEN,2,1471.0,USA,USA
SBA,LAX,1,142.0,USA,USA
SBA,PDX,1,1263.0,USA,USA
SBA,PHX,2,730.0,USA,USA
SBA,SEA,1,1463.0,USA,USA
SBA,SFO,1,422.0,USA,USA
SBH,ANU,2,140.0,BLM,ACA
SBH,PTP,2,229.0,BLM,GLP
SBH,SAB,1,49.0,BLM,NLY
SBH,SFG,1,31.0,BLM,MAF
SBH,SJU,1,339.0,BLM,PRI
SBH,STT,1,230.0,BLM,VIR
SBH,SXM,3,32.0,BLM,SXM
SBN,ATL,3,913.0,USA,USA
SBN,AZA,1,2411.0,USA,USA
SBN,DTW,1,251.0,USA,USA
SBN,LAS,1,2560.0,USA,USA
SBN,MSP,1,661.0,USA,USA
SBN,ORD,1,135.0,USA,USA
SBN,PGD,1,1691.0,USA,USA
SBN,PIE,1,1569.0,USA,USA
SBN,SFB,1,1509.0,USA,USA
SBP,LAX,1,250.0,USA,USA
SBP,PHX,2,817.0,USA,USA
SBP,SFO,1,307.0,USA,USA
SBW,BKI,1,609.0,MYS,MYS
SBW,BTU,1,150.0,MYS,MYS
SBW,JHB,1,927.0,MYS,MYS
SBW,KCH,2,201.0,MYS,MYS
SBW,KUL,3,1143.0,MYS,MYS
SBW,MYY,1,319.0,MYS,MYS
SBY,CLT,2,596.0,USA,USA
SBY,PHL,2,172.0,USA,USA
SBZ,MUC,2,973.0,ROU,DEU
SBZ,OTP,1,207.0,ROU,ROU
SBZ,VIE,2,626.0,ROU,AUT
SCC,ANC,1,1005.0,USA,USA
SCC,BRW,1,327.0,USA,USA
SCC,BTI,1,184.0,USA,USA
SCC,FAI,1,599.0,USA,USA
SCC,NUI,1,96.0,USA,USA
SCE,DTW,1,483.0,USA,USA
SCE,IAD,1,214.0,USA,USA
SCE,ORD,1,847.0,USA,USA
SCE,PHL,2,246.0,USA,USA
SCK,LAS,1,577.0,USA,USA
SCL,AEP,2,1147.0,CHL,ARG
SCL,AKL,2,9653.0,CHL,NZL
SCL,ANF,4,1107.0,CHL,CHL
SCL,ARI,1,1673.0,CHL,CHL
SCL,ASU,2,1571.0,CHL,PRY
SCL,ATL,2,7588.0,CHL,USA
SCL,BBA,1,1395.0,CHL,CHL
SCL,BOG,2,4251.0,CHL,COL
SCL,CCP,2,429.0,CHL,CHL
SCL,CCS,1,4908.0,CHL,VEN
SCL,CDG,2,11673.0,CHL,FXX
SCL,CJC,2,1225.0,CHL,CHL
SCL,COR,1,659.0,CHL,ARG
SCL,CPO,2,682.0,CHL,CHL
SCL,CUN,1,6288.0,CHL,MEX
SCL,DFW,3,7866.0,CHL,USA
SCL,EZE,5,1138.0,CHL,ARG
SCL,GIG,2,2934.0,CHL,BRA
SCL,GRU,3,2614.0,CHL,BRA
SCL,GYE,1,3600.0,CHL,ECU
SCL,IPC,1,3752.0,CHL,CHL
SCL,IQQ,3,1431.0,CHL,CHL
SCL,JFK,2,8238.0,CHL,USA
SCL,LIM,6,2462.0,CHL,PER
SCL,LSC,2,389.0,CHL,CHL
SCL,MAD,2,10718.0,CHL,ESP
SCL,MDZ,1,196.0,CHL,ARG
SCL,MEX,2,6597.0,CHL,MEX
SCL,MIA,3,6657.0,CHL,USA
SCL,MVD,2,1367.0,CHL,URY
SCL,PMC,3,917.0,CHL,CHL
SCL,PTY,1,4809.0,CHL,PAN
SCL,PUJ,1,5783.0,CHL,DOM
SCL,PUQ,1,2180.0,CHL,CHL
SCL,SSA,1,3997.0,CHL,BRA
SCL,SYD,2,11340.0,CHL,AUS
SCL,UIO,1,3782.0,CHL,ECU
SCL,YYZ,1,8617.0,CHL,CAN
SCL,ZCO,2,638.0,CHL,CHL
SCL,ZOS,1,828.0,CHL,CHL
SCM,BET,1,232.0,USA,USA
SCN,HAM,2,530.0,DEU,DEU
SCN,LUX,2,80.0,DEU,LUX
SCN,PMI,1,1129.0,DEU,ESP
SCN,TXL,4,571.0,DEU,DEU
SCO,AKX,1,847.0,KAZ,KAZ
SCO,ALA,2,2081.0,KAZ,KAZ
SCO,ASF,1,362.0,KAZ,RUS
SCO,CIT,1,1499.0,KAZ,KAZ
SCO,DME,1,1591.0,KAZ,RUS
SCO,EVN,1,690.0,KAZ,ARM
SCO,GUW,2,367.0,KAZ,KAZ
SCO,GYD,2,387.0,KAZ,AZE
SCO,IST,1,1846.0,KAZ,TUR
SCO,KRR,1,954.0,KAZ,RUS
SCO,KZO,1,1157.0,KAZ,KAZ
SCO,MCX,1,301.0,KAZ,RUS
SCO,MRV,1,641.0,KAZ,RUS
SCO,TBS,1,557.0,KAZ,GEG
SCO,TSE,2,1719.0,KAZ,KAZ
SCO,URA,1,811.0,KAZ,KAZ
SCO,VKO,1,1634.0,KAZ,RUS
SCQ,ACE,2,1619.0,ESP,ESP
SCQ,AGP,3,768.0,ESP,ESP
SCQ,ALC,1,838.0,ESP,ESP
SCQ,BCN,3,883.0,ESP,ESP
SCQ,BGY,1,1472.0,ESP,ITA
SCQ,BIO,2,449.0,ESP,ESP
SCQ,BRU,2,1321.0,ESP,BFR
SCQ,BSL,1,1350.0,ESP,FXX
SCQ,CDG,2,1085.0,ESP,FXX
SCQ,DUB,1,1181.0,ESP,IRL
SCQ,GVA,1,1207.0,ESP,CHE
SCQ,HHN,1,1431.0,ESP,DEU
SCQ,IBZ,1,936.0,ESP,ESP
SCQ,LGW,1,1108.0,ESP,ENG
SCQ,LPA,3,1778.0,ESP,ESP
SCQ,MAD,2,485.0,ESP,ESP
SCQ,PMI,3,1003.0,ESP,ESP
SCQ,STN,1,1191.0,ESP,ENG
SCQ,SVQ,1,646.0,ESP,ESP
SCQ,TFN,1,1753.0,ESP,ESP
SCQ,TFS,2,1807.0,ESP,ESP
SCQ,VLC,1,764.0,ESP,ESP
SCT,RIY,2,539.0,YEM,YEM
SCU,FCO,2,8390.0,CUB,ITA
SCU,HAV,1,758.0,CUB,CUB
SCU,SDQ,1,670.0,CUB,DOM
SCU,YUL,1,2842.0,CUB,CAN
SCW,LED,2,1133.0,RUS,RUS
SCW,NNM,1,675.0,RUS,RUS
SCW,SVO,2,995.0,RUS,RUS
SCW,SVX,1,785.0,RUS,RUS
SCW,UCT,1,262.0,RUS,RUS
SCW,UTS,1,427.0,RUS,RUS
SCW,VKT,1,900.0,RUS,RUS
SCY,GYE,4,1091.0,ECU,ECU
SCZ,HIR,1,645.0,SLB,SLB
SDD,LAD,1,676.0,AGO,AGO
SDD,VPE,1,326.0,AGO,AGO
SDD,WDH,1,935.0,AGO,NAM
SDE,AEP,1,940.0,ARG,ARG
SDF,ATL,6,518.0,USA,USA
SDF,BWI,2,795.0,USA,USA
SDF,CLE,1,490.0,USA,USA
SDF,CLT,2,539.0,USA,USA
SDF,DCA,2,760.0,USA,USA
SDF,DEN,2,1644.0,USA,USA
SDF,DFW,2,1178.0,USA,USA
SDF,DTW,1,492.0,USA,USA
SDF,EWR,1,1031.0,USA,USA
SDF,IAD,1,725.0,USA,USA
SDF,IAH,1,1268.0,USA,USA
SDF,JFK,1,1062.0,USA,USA
SDF,LAS,1,2607.0,USA,USA
SDF,LGA,3,1058.0,USA,USA
SDF,MCO,3,1159.0,USA,USA
SDF,MDW,2,437.0,USA,USA
SDF,MIA,2,1469.0,USA,USA
SDF,MSP,1,971.0,USA,USA
SDF,ORD,3,461.0,USA,USA
SDF,PHL,2,925.0,USA,USA
SDF,PHX,1,2419.0,USA,USA
SDF,TPA,1,1172.0,USA,USA
SDG,THR,1,393.0,IRN,IRN
SDJ,CTS,6,520.0,JPN,JPN
SDJ,FUK,4,1070.0,JPN,JPN
SDJ,GUM,2,2768.0,JPN,GUM
SDJ,HIJ,2,826.0,JPN,JPN
SDJ,ICN,2,1272.0,JPN,KOR
SDJ,ITM,3,616.0,JPN,JPN
SDJ,KIX,1,655.0,JPN,JPN
SDJ,KMQ,2,444.0,JPN,JPN
SDJ,NGO,2,518.0,JPN,JPN
SDJ,NRT,1,268.0,JPN,JPN
SDJ,OKA,1,1819.0,JPN,JPN
SDJ,PVG,2,1909.0,JPN,CHN
SDJ,TPE,2,2354.0,JPN,TWN
SDJ,UKB,1,641.0,JPN,JPN
SDK,BKI,2,222.0,MYS,MYS
SDK,KUD,1,177.0,MYS,MYS
SDK,KUL,2,1846.0,MYS,MYS
SDK,TWU,1,176.0,MYS,MYS
SDL,ARN,1,321.0,SWE,SWE
SDL,BMA,2,354.0,SWE,SWE
SDL,GOT,1,612.0,SWE,SWE
SDL,LLA,1,405.0,SWE,SWE
SDN,OSL,1,327.0,NOW,NOW
SDN,SOG,1,93.0,NOW,NOW
SDP,ANC,2,895.0,USA,USA
SDQ,ANU,1,846.0,DOM,ACA
SDQ,ATL,1,2238.0,DOM,USA
SDQ,BOG,1,1602.0,DOM,COL
SDQ,BOS,1,2664.0,DOM,USA
SDQ,CDG,2,7185.0,DOM,FXX
SDQ,CUR,2,698.0,DOM,CUW
SDQ,EWR,1,2513.0,DOM,USA
SDQ,FLL,2,1372.0,DOM,USA
SDQ,FRA,1,7617.0,DOM,DEU
SDQ,GIG,2,5410.0,DOM,BRA
SDQ,GRU,2,5292.0,DOM,BRA
SDQ,HAV,1,1418.0,DOM,CUB
SDQ,JFK,2,2501.0,DOM,USA
SDQ,KIN,1,754.0,DOM,JAM
SDQ,LIM,1,3483.0,DOM,PER
SDQ,MAD,1,6690.0,DOM,ESP
SDQ,MCO,3,1625.0,DOM,USA
SDQ,MIA,4,1366.0,DOM,USA
SDQ,ORY,1,7172.0,DOM,FXX
SDQ,PHL,2,2444.0,DOM,USA
SDQ,PLS,1,460.0,DOM,TCA
SDQ,PTP,3,896.0,DOM,GLP
SDQ,PTY,2,1477.0,DOM,PAN
SDQ,SCU,1,670.0,DOM,CUB
SDQ,SJO,1,1825.0,DOM,CRI
SDQ,SJU,2,387.0,DOM,PRI
SDQ,SXM,3,694.0,DOM,SXM
SDR,ACE,1,1831.0,ESP,ESP
SDR,AGP,1,753.0,ESP,ESP
SDR,BCN,3,539.0,ESP,ESP
SDR,BGY,1,1099.0,ESP,ITA
SDR,CIA,1,1353.0,ESP,ITA
SDR,CRL,1,1002.0,ESP,BWR
SDR,DUB,1,1126.0,ESP,IRL
SDR,EDI,1,1393.0,ESP,SCT
SDR,HHN,1,1112.0,ESP,DEU
SDR,LPA,1,2010.0,ESP,ESP
SDR,MAD,1,329.0,ESP,ESP
SDR,NRN,1,1175.0,ESP,DEU
SDR,PMI,1,695.0,ESP,ESP
SDR,STN,1,988.0,ESP,ENG
SDR,SVQ,1,691.0,ESP,ESP
SDR,TFS,1,2056.0,ESP,ESP
SDR,VLC,1,519.0,ESP,ESP
SDU,AJU,1,1475.0,BRA,BRA
SDU,BPS,1,837.0,BRA,BRA
SDU,BSB,3,928.0,BRA,BRA
SDU,CAW,1,234.0,BRA,BRA
SDU,CFB,1,112.0,BRA,BRA
SDU,CGH,4,366.0,BRA,BRA
SDU,CNF,3,375.0,BRA,BRA
SDU,CWB,1,676.0,BRA,BRA
SDU,GRU,2,343.0,BRA,BRA
SDU,GYN,1,943.0,BRA,BRA
SDU,IOS,1,999.0,BRA,BRA
SDU,MEA,2,157.0,BRA,BRA
SDU,POA,1,1120.0,BRA,BRA
SDU,RAO,1,515.0,BRA,BRA
SDU,SJK,2,278.0,BRA,BRA
SDU,SSA,1,1224.0,BRA,BRA
SDU,VCP,1,407.0,BRA,BRA
SDU,VIX,3,419.0,BRA,BRA
SDV,ETH,2,284.0,ISR,JOR
SDV,HFA,1,81.0,ISR,ISR
SDY,BIL,1,393.0,USA,USA
SEA,ABQ,1,1897.0,USA,USA
SEA,ALW,1,341.0,USA,USA
SEA,AMS,2,7840.0,USA,NLX
SEA,ANC,3,2326.0,USA,USA
SEA,ATL,6,3505.0,USA,USA
SEA,AUS,1,2847.0,USA,USA
SEA,BIL,1,1065.0,USA,USA
SEA,BLI,1,150.0,USA,USA
SEA,BOI,1,641.0,USA,USA
SEA,BOS,3,4006.0,USA,USA
SEA,BUR,2,1510.0,USA,USA
SEA,BWI,2,3748.0,USA,USA
SEA,BZN,1,871.0,USA,USA
SEA,CDG,3,8049.0,USA,FXX
SEA,CLT,2,3660.0,USA,USA
SEA,COS,1,1716.0,USA,USA
SEA,DCA,1,3738.0,USA,USA
SEA,DEN,6,1645.0,USA,USA
SEA,DFW,3,2668.0,USA,USA
SEA,DTW,1,3093.0,USA,USA
SEA,DXB,2,11928.0,USA,ARE
SEA,EAT,1,158.0,USA,USA
SEA,EUG,1,376.0,USA,USA
SEA,EWR,3,3855.0,USA,USA
SEA,FAI,1,2462.0,USA,USA
SEA,FAT,1,1206.0,USA,USA
SEA,FCA,1,608.0,USA,USA
SEA,FLL,1,4368.0,USA,USA
SEA,FRA,3,8197.0,USA,DEU
SEA,GEG,1,359.0,USA,USA
SEA,GTF,1,822.0,USA,USA
SEA,HND,1,7712.0,USA,JPN
SEA,HNL,5,4308.0,USA,USA
SEA,IAD,1,3702.0,USA,USA
SEA,IAH,4,3013.0,USA,USA
SEA,ICN,4,8373.0,USA,KOR
SEA,JFK,5,3887.0,USA,USA
SEA,JNU,1,1461.0,USA,USA
SEA,KEF,1,5811.0,USA,ISL
SEA,KOA,1,4327.0,USA,USA
SEA,KTN,3,1093.0,USA,USA
SEA,LAS,4,1395.0,USA,USA
SEA,LAX,5,1537.0,USA,USA
SEA,LGB,3,1555.0,USA,USA
SEA,LHR,8,7702.0,USA,ENG
SEA,LIH,1,4345.0,USA,USA
SEA,LWS,1,419.0,USA,USA
SEA,MCI,2,2392.0,USA,USA
SEA,MCO,2,4105.0,USA,USA
SEA,MDW,2,2782.0,USA,USA
SEA,MFR,1,566.0,USA,USA
SEA,MIA,2,4379.0,USA,USA
SEA,MKE,2,2719.0,USA,USA
SEA,MSO,1,624.0,USA,USA
SEA,MSP,3,2245.0,USA,USA
SEA,NRT,3,7656.0,USA,JPN
SEA,OAK,4,1082.0,USA,USA
SEA,OGG,2,4248.0,USA,USA
SEA,OMA,1,2195.0,USA,USA
SEA,ONT,2,1540.0,USA,USA
SEA,ORD,4,2762.0,USA,USA
SEA,PDX,2,208.0,USA,USA
SEA,PEK,5,8679.0,USA,CHN
SEA,PHL,3,3818.0,USA,USA
SEA,PHX,5,1782.0,USA,USA
SEA,PSC,1,276.0,USA,USA
SEA,PSP,1,1590.0,USA,USA
SEA,PUW,1,401.0,USA,USA
SEA,PVG,2,9188.0,USA,CHN
SEA,RDM,1,366.0,USA,USA
SEA,RNO,2,907.0,USA,USA
SEA,SAN,4,1692.0,USA,USA
SEA,SAT,1,2854.0,USA,USA
SEA,SBA,1,1463.0,USA,USA
SEA,SFO,5,1093.0,USA,USA
SEA,SJC,3,1122.0,USA,USA
SEA,SLC,4,1107.0,USA,USA
SEA,SMF,4,975.0,USA,USA
SEA,SNA,2,1576.0,USA,USA
SEA,STL,2,2744.0,USA,USA
SEA,STS,1,995.0,USA,USA
SEA,TPE,2,9757.0,USA,TWN
SEA,TUS,1,1957.0,USA,USA
SEA,YEG,1,898.0,USA,CAN
SEA,YKM,1,166.0,USA,USA
SEA,YLW,1,352.0,USA,CAN
SEA,YVR,5,205.0,USA,CAN
SEA,YYC,1,726.0,USA,CAN
SEA,YYJ,1,157.0,USA,CAN
SEA,YYZ,1,3307.0,USA,CAN
SEN,AGP,1,1706.0,ENG,ESP
SEN,ALC,1,1481.0,ENG,ESP
SEN,AMS,1,291.0,ENG,NLX
SEN,BCN,1,1147.0,ENG,ESP
SEN,DUB,1,514.0,ENG,IRL
SEN,EDI,1,555.0,ENG,SCT
SEN,FAO,1,1756.0,ENG,PRX
SEN,GVA,1,712.0,ENG,CHE
SEN,IBZ,1,1413.0,ENG,ESP
SEN,JER,1,333.0,ENG,JEY
SEN,KRK,1,1347.0,ENG,POL
SEN,PMI,1,1346.0,ENG,ESP
SEN,SXF,1,882.0,ENG,DEU
SEN,VCE,1,1089.0,ENG,ITA
SEZ,AUH,3,3238.0,SYC,ARE
SEZ,CMB,2,3008.0,SYC,LKA
SEZ,DXB,1,3328.0,SYC,ARE
SEZ,FRA,1,7562.0,SYC,DEU
SEZ,JNB,2,3756.0,SYC,ZAF
SEZ,MRU,1,1768.0,SYC,MUS
SEZ,NBO,1,2098.0,SYC,KEN
SEZ,PRI,1,44.0,SYC,SYC
SEZ,VKO,1,6907.0,SYC,RUS
SFA,BEN,2,935.0,TUN,LBY
SFA,CDG,1,1724.0,TUN,FXX
SFA,TIP,4,323.0,TUN,LBY
SFA,TUN,1,241.0,TUN,TUN
SFB,ABE,1,1422.0,USA,USA
SFB,ATW,1,1838.0,USA,USA
SFB,AVL,1,751.0,USA,USA
SFB,AVP,1,1483.0,USA,USA
SFB,BGR,1,2092.0,USA,USA
SFB,BIS,1,2620.0,USA,USA
SFB,BLV,1,1345.0,USA,USA
SFB,BMI,1,1477.0,USA,USA
SFB,BTV,1,1886.0,USA,USA
SFB,CHA,1,790.0,USA,USA
SFB,CID,1,1737.0,USA,USA
SFB,CKB,1,1173.0,USA,USA
SFB,CVG,1,1185.0,USA,USA
SFB,DSM,1,1809.0,USA,USA
SFB,ELM,1,1539.0,USA,USA
SFB,FAR,1,2427.0,USA,USA
SFB,FSD,1,2148.0,USA,USA
SFB,FWA,1,1403.0,USA,USA
SFB,GFK,1,2533.0,USA,USA
SFB,GRR,1,1614.0,USA,USA
SFB,GSO,1,823.0,USA,USA
SFB,GSP,1,687.0,USA,USA
SFB,HGR,1,1257.0,USA,USA
SFB,HTS,1,1073.0,USA,USA
SFB,IAG,1,1607.0,USA,USA
SFB,KEF,1,5643.0,USA,ISL
SFB,LAN,1,1586.0,USA,USA
SFB,LCK,1,1237.0,USA,USA
SFB,LEX,1,1076.0,USA,USA
SFB,LIT,1,1230.0,USA,USA
SFB,MDT,1,1333.0,USA,USA
SFB,MIA,1,345.0,USA,USA
SFB,MLI,1,1640.0,USA,USA
SFB,OKC,1,1705.0,USA,USA
SFB,OWB,1,1138.0,USA,USA
SFB,PBG,1,1894.0,USA,USA
SFB,PHF,1,1029.0,USA,USA
SFB,PSM,1,1843.0,USA,USA
SFB,RFD,1,1651.0,USA,USA
SFB,ROA,1,958.0,USA,USA
SFB,SBN,1,1509.0,USA,USA
SFB,SGF,1,1471.0,USA,USA
SFB,SPI,1,1453.0,USA,USA
SFB,TOL,1,1443.0,USA,USA
SFB,TRI,1,863.0,USA,USA
SFB,TUL,1,1600.0,USA,USA
SFB,TYS,1,824.0,USA,USA
SFB,XNA,1,1480.0,USA,USA
SFB,YNG,1,1389.0,USA,USA
SFG,PTP,3,260.0,MAF,GLP
SFG,SBH,1,31.0,MAF,BLM
SFJ,CPH,1,3429.0,GRL,DNK
SFJ,GOH,1,317.0,GRL,GRL
SFJ,JAV,1,248.0,GRL,GRL
SFJ,JEG,1,209.0,GRL,GRL
SFJ,JHS,1,131.0,GRL,GRL
SFJ,JSU,1,204.0,GRL,
SFJ,UAK,1,699.0,GRL,GRL
SFL,RAI,1,106.0,CPV,CPV
SFN,AEP,2,387.0,ARG,ARG
SFO,ABQ,1,1439.0,USA,USA
SFO,ACV,1,402.0,USA,USA
SFO,AKL,3,10509.0,USA,NZL
SFO,AMS,2,8786.0,USA,NLX
SFO,ATL,11,3435.0,USA,USA
SFO,AUS,3,2416.0,USA,USA
SFO,BFL,1,383.0,USA,USA
SFO,BJX,1,2730.0,USA,MEX
SFO,BOI,1,840.0,USA,USA
SFO,BOS,3,4341.0,USA,USA
SFO,BUR,1,525.0,USA,USA
SFO,BWI,1,3944.0,USA,USA
SFO,CDG,4,8962.0,USA,FXX
SFO,CEC,1,489.0,USA,USA
SFO,CIC,1,246.0,USA,USA
SFO,CLE,1,3470.0,USA,USA
SFO,CLT,2,3687.0,USA,USA
SFO,COS,1,1547.0,USA,USA
SFO,CPH,1,8807.0,USA,DNK
SFO,CUN,2,3871.0,USA,MEX
SFO,CVG,1,3269.0,USA,USA
SFO,DCA,2,3921.0,USA,USA
SFO,DEN,4,1553.0,USA,USA
SFO,DFW,5,2352.0,USA,USA
SFO,DTW,1,3337.0,USA,USA
SFO,DUB,1,8183.0,USA,IRL
SFO,DXB,2,13020.0,USA,ARE
SFO,EUG,1,727.0,USA,USA
SFO,EWR,2,4118.0,USA,USA
SFO,FAT,1,253.0,USA,USA
SFO,FLL,3,4151.0,USA,USA
SFO,FRA,3,9149.0,USA,DEU
SFO,GDL,3,2644.0,USA,MEX
SFO,HKG,6,11128.0,USA,HKG
SFO,HND,2,8286.0,USA,JPN
SFO,HNL,5,3857.0,USA,USA
SFO,IAD,2,3883.0,USA,USA
SFO,IAH,1,2627.0,USA,USA
SFO,ICN,7,9085.0,USA,KOR
SFO,IND,1,3120.0,USA,USA
SFO,JFK,7,4152.0,USA,USA
SFO,KIX,2,8692.0,USA,JPN
SFO,KOA,1,3808.0,USA,USA
SFO,LAS,4,665.0,USA,USA
SFO,LAX,7,543.0,USA,USA
SFO,LGB,1,569.0,USA,USA
SFO,LHR,10,8616.0,USA,ENG
SFO,LIH,1,3934.0,USA,USA
SFO,LMT,1,507.0,USA,USA
SFO,MCI,1,2406.0,USA,USA
SFO,MCO,2,3929.0,USA,USA
SFO,MDW,2,2977.0,USA,USA
SFO,MEX,4,3028.0,USA,MEX
SFO,MFR,1,530.0,USA,USA
SFO,MIA,3,4154.0,USA,USA
SFO,MKE,2,2962.0,USA,USA
SFO,MLM,1,2856.0,USA,MEX
SFO,MNL,1,11229.0,USA,PHL
SFO,MOD,1,125.0,USA,USA
SFO,MRY,1,124.0,USA,USA
SFO,MSP,3,2551.0,USA,USA
SFO,MSY,1,3069.0,USA,USA
SFO,MUC,2,9437.0,USA,DEU
SFO,NRT,2,8228.0,USA,JPN
SFO,OGG,1,3760.0,USA,USA
SFO,OKC,1,2222.0,USA,USA
SFO,ONT,1,585.0,USA,USA
SFO,ORD,5,2964.0,USA,USA
SFO,ORF,1,4045.0,USA,USA
SFO,OTH,1,664.0,USA,USA
SFO,PDX,4,886.0,USA,USA
SFO,PEK,3,9494.0,USA,CHN
SFO,PHL,4,4048.0,USA,USA
SFO,PHX,4,1046.0,USA,USA
SFO,PIT,1,3618.0,USA,USA
SFO,PSC,1,998.0,USA,USA
SFO,PSP,4,677.0,USA,USA
SFO,PVG,4,9877.0,USA,CHN
SFO,PVR,5,2504.0,USA,MEX
SFO,RDD,1,321.0,USA,USA
SFO,RDM,1,745.0,USA,USA
SFO,RDU,1,3853.0,USA,USA
SFO,RNO,1,308.0,USA,USA
SFO,SAL,3,4250.0,USA,SLV
SFO,SAN,3,719.0,USA,USA
SFO,SAT,1,2382.0,USA,USA
SFO,SBA,1,422.0,USA,USA
SFO,SBP,1,307.0,USA,USA
SFO,SEA,6,1093.0,USA,USA
SFO,SJD,4,2011.0,USA,MEX
SFO,SLC,2,962.0,USA,USA
SFO,SMF,1,138.0,USA,USA
SFO,SNA,2,598.0,USA,USA
SFO,STL,1,2786.0,USA,USA
SFO,SYD,2,11950.0,USA,AUS
SFO,TPE,5,10391.0,USA,TWN
SFO,TUS,1,1208.0,USA,USA
SFO,YEG,2,1871.0,USA,CAN
SFO,YUL,2,4076.0,USA,CAN
SFO,YVR,3,1289.0,USA,CAN
SFO,YYC,3,1638.0,USA,CAN
SFO,YYJ,2,1229.0,USA,CAN
SFO,YYZ,2,3627.0,USA,CAN
SFO,ZRH,2,9376.0,USA,CHE
SFT,ARN,1,577.0,SWE,SWE
SFT,GRO,1,2781.0,SWE,ESP
SFT,STN,1,1851.0,SWE,ENG
SGC,DME,1,2141.0,RUS,RUS
SGC,DYU,1,2555.0,RUS,TJK
SGC,FRU,2,2034.0,RUS,KGZ
SGC,KIV,1,3223.0,RUS,MDA
SGC,LBD,1,2363.0,RUS,TJK
SGC,OSS,2,2306.0,RUS,KGZ
SGC,OVB,1,887.0,RUS,RUS
SGC,SVO,1,2135.0,RUS,RUS
SGC,SVX,1,881.0,RUS,RUS
SGC,TJM,1,650.0,RUS,RUS
SGC,TOF,1,873.0,RUS,RUS
SGC,UFA,1,1274.0,RUS,RUS
SGD,CPH,1,195.0,DNK,DNK
SGF,ATL,3,905.0,USA,USA
SGF,AZA,1,1712.0,USA,USA
SGF,DEN,1,1023.0,USA,USA
SGF,DFW,2,587.0,USA,USA
SGF,LAS,1,1941.0,USA,USA
SGF,ORD,3,705.0,USA,USA
SGF,PGD,1,1570.0,USA,USA
SGF,PIE,1,1441.0,USA,USA
SGF,SFB,1,1471.0,USA,USA
SGN,ALA,1,4606.0,VNM,KAZ
SGN,AUH,2,5680.0,VNM,ARE
SGN,BKK,4,716.0,VNM,THA
SGN,BMV,3,260.0,VNM,VNM
SGN,CAH,1,244.0,VNM,VNM
SGN,CAN,2,1566.0,VNM,CHN
SGN,CDG,3,10105.0,VNM,FXX
SGN,CGK,1,1884.0,VNM,IDN
SGN,CXR,3,309.0,VNM,VNM
SGN,DAD,3,605.0,VNM,VNM
SGN,DLI,2,214.0,VNM,VNM
SGN,DME,2,7684.0,VNM,RUS
SGN,DMK,1,741.0,VNM,THA
SGN,DOH,1,5995.0,VNM,QAT
SGN,DXB,1,5619.0,VNM,ARE
SGN,FOC,1,2167.0,VNM,CHN
SGN,FRA,2,9656.0,VNM,DEU
SGN,FUK,2,3504.0,VNM,JPN
SGN,HAN,3,1160.0,VNM,VNM
SGN,HKG,4,1493.0,VNM,HKG
SGN,HND,1,4324.0,VNM,JPN
SGN,HPH,3,1112.0,VNM,VNM
SGN,HUI,2,631.0,VNM,VNM
SGN,ICN,3,3563.0,VNM,KOR
SGN,KHH,3,1956.0,VNM,TWN
SGN,KIX,2,3910.0,VNM,JPN
SGN,KUL,3,1050.0,VNM,MYS
SGN,MEL,2,6699.0,VNM,AUS
SGN,MNL,3,1611.0,VNM,PHL
SGN,NGO,1,4055.0,VNM,JPN
SGN,NNG,1,1321.0,VNM,CHN
SGN,NRT,4,4383.0,VNM,JPN
SGN,PEK,1,3398.0,VNM,CHN
SGN,PKZ,1,489.0,VNM,LAO
SGN,PNH,3,213.0,VNM,KHM
SGN,PQC,3,300.0,VNM,VNM
SGN,PUS,2,3523.0,VNM,KOR
SGN,PVG,2,2746.0,VNM,CHN
SGN,PXU,1,384.0,VNM,VNM
SGN,REP,2,422.0,VNM,KHM
SGN,RGN,1,1321.0,VNM,MMR
SGN,RMQ,1,2101.0,VNM,TWN
SGN,SIN,5,1093.0,VNM,SGP
SGN,SVO,1,7727.0,VNM,RUS
SGN,SYD,2,6846.0,VNM,AUS
SGN,TBB,1,383.0,VNM,VNM
SGN,TPE,3,2208.0,VNM,TWN
SGN,UIH,2,435.0,VNM,VNM
SGN,VCL,1,556.0,VNM,VNM
SGN,VCS,1,232.0,VNM,VNM
SGN,VDH,1,745.0,VNM,VNM
SGN,VII,3,887.0,VNM,VNM
SGN,VKG,1,192.0,VNM,VNM
SGO,CMA,1,292.0,AUS,AUS
SGO,TWB,1,331.0,AUS,AUS
SGU,DEN,1,831.0,USA,USA
SGU,SLC,1,438.0,USA,USA
SGY,HNS,1,27.0,USA,USA
SGY,JNU,2,130.0,USA,USA
SHA,AQG,1,415.0,CHN,CHN
SHA,BAV,2,1456.0,CHN,CHN
SHA,BFJ,1,1598.0,CHN,CHN
SHA,CAN,7,1176.0,CHN,CHN
SHA,CGD,1,967.0,CHN,CHN
SHA,CGO,3,791.0,CHN,CHN
SHA,CIH,1,944.0,CHN,CHN
SHA,CKG,7,1417.0,CHN,CHN
SHA,CSX,5,852.0,CHN,CHN
SHA,CTU,7,1659.0,CHN,CHN
SHA,FOC,4,608.0,CHN,CHN
SHA,FUG,2,560.0,CHN,CHN
SHA,GMP,4,866.0,CHN,KOR
SHA,HDG,1,870.0,CHN,CHN
SHA,HET,2,1371.0,CHN,CHN
SHA,HIA,1,355.0,CHN,CHN
SHA,HKG,5,1232.0,CHN,HKG
SHA,HND,5,1777.0,CHN,JPN
SHA,JDZ,2,450.0,CHN,CHN
SHA,JGS,2,803.0,CHN,CHN
SHA,JIQ,1,1214.0,CHN,CHN
SHA,JIU,1,565.0,CHN,CHN
SHA,JJN,3,761.0,CHN,CHN
SHA,JNG,2,650.0,CHN,CHN
SHA,JUH,1,352.0,CHN,CHN
SHA,KHN,2,584.0,CHN,CHN
SHA,KMG,5,1925.0,CHN,CHN
SHA,KOW,1,873.0,CHN,CHN
SHA,KWE,6,1506.0,CHN,CHN
SHA,KWL,2,1290.0,CHN,CHN
SHA,LCX,1,760.0,CHN,CHN
SHA,LHW,3,1736.0,CHN,CHN
SHA,LJG,1,2109.0,CHN,CHN
SHA,LYA,1,923.0,CHN,CHN
SHA,LYG,2,440.0,CHN,CHN
SHA,LYI,2,507.0,CHN,CHN
SHA,LZH,1,1408.0,CHN,CHN
SHA,MFM,4,1266.0,CHN,MAC
SHA,NAY,2,1054.0,CHN,CHN
SHA,NNG,4,1615.0,CHN,CHN
SHA,NNY,1,845.0,CHN,CHN
SHA,PEK,7,1076.0,CHN,CHN
SHA,SHE,2,1177.0,CHN,CHN
SHA,SJW,5,993.0,CHN,CHN
SHA,SWA,4,975.0,CHN,CHN
SHA,SYX,3,1869.0,CHN,CHN
SHA,SZX,7,1208.0,CHN,CHN
SHA,TAO,6,571.0,CHN,CHN
SHA,TNA,3,735.0,CHN,CHN
SHA,TSA,6,682.0,CHN,TWN
SHA,TSN,7,953.0,CHN,CHN
SHA,TXN,2,337.0,CHN,CHN
SHA,TYN,4,1080.0,CHN,CHN
SHA,URC,6,3272.0,CHN,CHN
SHA,WNZ,3,368.0,CHN,CHN
SHA,WUH,4,681.0,CHN,CHN
SHA,WUS,1,505.0,CHN,CHN
SHA,XIY,5,1229.0,CHN,CHN
SHA,XMN,6,804.0,CHN,CHN
SHA,XUZ,1,476.0,CHN,CHN
SHA,YIC,1,778.0,CHN,CHN
SHA,YIH,2,943.0,CHN,CHN
SHA,YNT,4,690.0,CHN,CHN
SHA,YNZ,1,270.0,CHN,CHN
SHA,ZUH,4,1292.0,CHN,CHN
SHA,ZYI,1,1444.0,CHN,CHN
SHB,CTS,1,280.0,JPN,JPN
SHB,HND,1,996.0,JPN,JPN
SHD,IAD,1,146.0,USA,USA
SHE,BAV,1,1135.0,CHN,CHN
SHE,CAN,4,2238.0,CHN,CHN
SHE,CGO,3,1156.0,CHN,CHN
SHE,CIF,1,384.0,CHN,CHN
SHE,CJJ,1,647.0,CHN,KOR
SHE,CJU,1,942.0,CHN,KOR
SHE,CKG,1,2011.0,CHN,CHN
SHE,CSX,1,1761.0,CHN,CHN
SHE,CTU,3,2135.0,CHN,CHN
SHE,CZX,3,1130.0,CHN,CHN
SHE,DAT,1,859.0,CHN,CHN
SHE,DSN,1,1174.0,CHN,CHN
SHE,FNJ,1,326.0,CHN,PRK
SHE,FRA,2,8019.0,CHN,DEU
SHE,FUK,1,1085.0,CHN,JPN
SHE,HET,3,978.0,CHN,CHN
SHE,HFE,1,1226.0,CHN,CHN
SHE,HGH,7,1298.0,CHN,CHN
SHE,HKG,1,2328.0,CHN,HKG
SHE,HLH,1,520.0,CHN,CHN
SHE,ICN,2,529.0,CHN,KOR
SHE,JMU,1,802.0,CHN,CHN
SHE,JNG,1,940.0,CHN,CHN
SHE,JXA,1,743.0,CHN,CHN
SHE,KHN,1,1577.0,CHN,CHN
SHE,KIX,2,1303.0,CHN,JPN
SHE,KWL,1,2205.0,CHN,CHN
SHE,LHW,1,1802.0,CHN,CHN
SHE,LYA,1,1235.0,CHN,CHN
SHE,LYG,1,883.0,CHN,CHN
SHE,LYI,2,856.0,CHN,CHN
SHE,MDG,1,589.0,CHN,CHN
SHE,MFM,2,2356.0,CHN,MAC
SHE,MIG,1,2016.0,CHN,CHN
SHE,NBS,2,344.0,CHN,CHN
SHE,NGB,1,1326.0,CHN,CHN
SHE,NGO,1,1384.0,CHN,JPN
SHE,NKG,6,1175.0,CHN,CHN
SHE,NRT,4,1602.0,CHN,JPN
SHE,PEK,4,605.0,CHN,CHN
SHE,PUS,2,861.0,CHN,KOR
SHE,PVG,5,1177.0,CHN,CHN
SHE,SHA,2,1177.0,CHN,CHN
SHE,SJW,3,836.0,CHN,CHN
SHE,SZX,3,2297.0,CHN,CHN
SHE,TAO,9,655.0,CHN,CHN
SHE,TNA,5,757.0,CHN,CHN
SHE,TPE,4,1853.0,CHN,TWN
SHE,TSN,1,590.0,CHN,CHN
SHE,TYN,4,1024.0,CHN,CHN
SHE,WEF,1,671.0,CHN,CHN
SHE,WNZ,2,1545.0,CHN,CHN
SHE,WUH,3,1464.0,CHN,CHN
SHE,WUX,2,1160.0,CHN,CHN
SHE,XIY,6,1515.0,CHN,CHN
SHE,XMN,3,1964.0,CHN,CHN
SHE,XUZ,1,990.0,CHN,CHN
SHE,YIW,1,1402.0,CHN,CHN
SHE,YNT,1,505.0,CHN,CHN
SHE,YNZ,1,958.0,CHN,CHN
SHE,YVR,1,8003.0,CHN,CAN
SHG,OBU,2,12.0,USA,USA
SHH,OME,2,195.0,USA,USA
SHH,WAA,1,115.0,USA,USA
SHJ,ADE,1,1772.0,ARE,YEM
SHJ,AHB,1,1543.0,ARE,SAU
SHJ,ALA,1,2798.0,ARE,KAZ
SHJ,AMD,1,1753.0,ARE,IND
SHJ,AMM,1,2032.0,ARE,JOR
SHJ,ATZ,1,2449.0,ARE,EGY
SHJ,AUH,1,132.0,ARE,ARE
SHJ,BAH,1,500.0,ARE,BHR
SHJ,BEY,1,2150.0,ARE,LBN
SHJ,BGW,1,1404.0,ARE,IRR
SHJ,BLR,1,2685.0,ARE,IND
SHJ,BOM,1,1914.0,ARE,IND
SHJ,BSR,1,965.0,ARE,IRR
SHJ,CAI,2,2427.0,ARE,EGY
SHJ,CCJ,3,2667.0,ARE,IND
SHJ,CGP,1,3698.0,ARE,BGD
SHJ,CIT,1,2285.0,ARE,KAZ
SHJ,CJB,1,2767.0,ARE,IND
SHJ,CMB,3,3280.0,ARE,LKA
SHJ,COK,4,2774.0,ARE,IND
SHJ,DAC,1,3521.0,ARE,BGD
SHJ,DEA,1,1560.0,ARE,PAK
SHJ,DEL,1,2167.0,ARE,IND
SHJ,DME,1,3639.0,ARE,RUS
SHJ,DMM,1,586.0,ARE,SAU
SHJ,DOH,2,393.0,ARE,QAT
SHJ,DOK,1,2969.0,ARE,UKR
SHJ,DYU,1,1928.0,ARE,TJK
SHJ,EBL,1,1637.0,ARE,IRK
SHJ,ELQ,1,1180.0,ARE,SAU
SHJ,EVN,1,1945.0,ARE,ARM
SHJ,GOI,1,2203.0,ARE,IND
SHJ,HAS,1,1397.0,ARE,SAU
SHJ,HBE,1,2601.0,ARE,EGY
SHJ,HGA,1,2133.0,ARE,SOL
SHJ,HMB,1,2379.0,ARE,EGY
SHJ,HOF,1,606.0,ARE,SAU
SHJ,HRK,1,3196.0,ARE,UKR
SHJ,HYD,2,2534.0,ARE,IND
SHJ,IKA,1,1197.0,ARE,IRN
SHJ,ISB,1,1908.0,ARE,PAK
SHJ,IXE,1,2451.0,ARE,IND
SHJ,JAI,2,2032.0,ARE,IND
SHJ,JED,1,1716.0,ARE,SAU
SHJ,KBP,1,3489.0,ARE,UKR
SHJ,KHI,2,1173.0,ARE,PAK
SHJ,KRT,1,2621.0,ARE,SDN
SHJ,KTM,1,2974.0,ARE,NPL
SHJ,KWI,1,862.0,ARE,KWT
SHJ,KZN,1,3405.0,ARE,RUS
SHJ,LHE,1,1968.0,ARE,PAK
SHJ,LRR,1,284.0,ARE,IRN
SHJ,MAA,2,2922.0,ARE,IND
SHJ,MCT,1,340.0,ARE,OMN
SHJ,MED,1,1596.0,ARE,SAU
SHJ,MHD,1,1275.0,ARE,IRN
SHJ,MUX,1,1654.0,ARE,PAK
SHJ,NAG,1,2447.0,ARE,IND
SHJ,NBO,1,3575.0,ARE,KEN
SHJ,NJF,1,1312.0,ARE,IRR
SHJ,ODS,1,3215.0,ARE,UKR
SHJ,PEW,3,1818.0,ARE,PAK
SHJ,PNQ,2,2038.0,ARE,IND
SHJ,ROV,1,2820.0,ARE,RUS
SHJ,RUH,1,888.0,ARE,SAU
SHJ,SAW,1,2973.0,ARE,TUR
SHJ,SKT,2,1998.0,ARE,PAK
SHJ,SLL,1,934.0,ARE,OMN
SHJ,SVX,1,3519.0,ARE,RUS
SHJ,SYZ,1,550.0,ARE,IRN
SHJ,TAS,1,2179.0,ARE,UZB
SHJ,TIF,1,1586.0,ARE,SAU
SHJ,TRV,3,2940.0,ARE,IND
SHJ,TSE,1,3163.0,ARE,KAZ
SHJ,TUK,1,756.0,ARE,PAK
SHJ,UET,1,1249.0,ARE,PAK
SHJ,UFA,1,3250.0,ARE,RUS
SHJ,YNB,1,1766.0,ARE,SAU
SHL,CCU,1,493.0,IND,IND
SHM,HND,1,455.0,JPN,JPN
SHP,DLC,1,191.0,CHN,CHN
SHP,PVG,2,999.0,CHN,CHN
SHP,SJW,3,473.0,CHN,CHN
SHP,TAO,1,415.0,CHN,CHN
SHR,DEN,1,578.0,USA,USA
SHV,ATL,3,886.0,USA,USA
SHV,DEN,1,1274.0,USA,USA
SHV,DFW,2,305.0,USA,USA
SHV,IAH,1,309.0,USA,USA
SHV,LAS,1,1997.0,USA,USA
SHW,JED,1,957.0,SAU,SAU
SHW,RUH,1,834.0,SAU,SAU
SHX,ANI,2,124.0,USA,USA
SID,AMS,2,4640.0,CPV,NLX
SID,BVC,1,68.0,CPV,CPV
SID,CDG,2,4263.0,CPV,FXX
SID,CGN,1,4639.0,CPV,DEU
SID,FRA,1,4651.0,CPV,DEU
SID,HAJ,1,4889.0,CPV,DEU
SID,LGW,2,4325.0,CPV,ENG
SID,LIS,2,2795.0,CPV,PRX
SID,LUX,1,4496.0,CPV,LUX
SID,MAN,2,4449.0,CPV,ENG
SID,MUC,1,4717.0,CPV,DEU
SID,RAI,1,210.0,CPV,CPV
SID,SNE,1,143.0,CPV,CPV
SID,STR,1,4590.0,CPV,DEU
SID,VXE,1,224.0,CPV,CPV
SIN,ADL,3,5402.0,SGP,AUS
SIN,AKL,3,8408.0,SGP,NZL
SIN,AMD,1,4157.0,SGP,IND
SIN,AMS,3,10514.0,SGP,NLX
SIN,AUH,6,5886.0,SGP,ARE
SIN,BCN,1,10899.0,SGP,ESP
SIN,BDO,5,1000.0,SGP,IDN
SIN,BKI,4,1432.0,SGP,MYS
SIN,BKK,9,1417.0,SGP,THA
SIN,BLR,3,3179.0,SGP,IND
SIN,BNE,9,6143.0,SGP,AUS
SIN,BOM,3,3922.0,SGP,IND
SIN,BPN,3,1464.0,SGP,IDN
SIN,BWN,2,1278.0,SGP,BRN
SIN,CAN,3,2648.0,SGP,CHN
SIN,CCU,4,2904.0,SGP,IND
SIN,CDG,2,10725.0,SGP,FXX
SIN,CEB,4,2423.0,SGP,PHL
SIN,CGK,10,882.0,SGP,IDN
SIN,CHC,2,8403.0,SGP,NZL
SIN,CJB,2,3164.0,SGP,IND
SIN,CKG,2,3167.0,SGP,CHN
SIN,CMB,5,2750.0,SGP,LKA
SIN,CNX,4,2013.0,SGP,THA
SIN,COK,3,3202.0,SGP,IND
SIN,CPH,2,9968.0,SGP,DNK
SIN,CRK,3,2382.0,SGP,PHL
SIN,CSX,2,3141.0,SGP,CHN
SIN,CTU,3,3250.0,SGP,CHN
SIN,DAC,4,2898.0,SGP,BGD
SIN,DAD,3,1698.0,SGP,VNM
SIN,DEL,4,4159.0,SGP,IND
SIN,DIL,1,2628.0,SGP,TLS
SIN,DME,2,8401.0,SGP,RUS
SIN,DMK,1,1446.0,SGP,THA
SIN,DOH,1,6207.0,SGP,QAT
SIN,DPS,10,1671.0,SGP,IDN
SIN,DRW,4,3339.0,SGP,AUS
SIN,DVO,2,2484.0,SGP,PHL
SIN,DXB,5,5847.0,SGP,ARE
SIN,FCO,1,10053.0,SGP,ITA
SIN,FOC,2,3207.0,SGP,CHN
SIN,FRA,3,10279.0,SGP,DEU
SIN,FUK,2,4521.0,SGP,JPN
SIN,HAK,3,2183.0,SGP,CHN
SIN,HAN,4,2218.0,SGP,VNM
SIN,HDY,1,738.0,SGP,THA
SIN,HEL,1,9275.0,SGP,FIN
SIN,HGH,1,3650.0,SGP,CHN
SIN,HKG,8,2566.0,SGP,HKG
SIN,HKT,6,980.0,SGP,THA
SIN,HND,4,5300.0,SGP,JPN
SIN,HYD,3,3306.0,SGP,IND
SIN,ICN,5,4627.0,SGP,KOR
SIN,ILO,1,2299.0,SGP,PHL
SIN,IPH,2,482.0,SGP,MYS
SIN,IST,3,8680.0,SGP,TUR
SIN,JED,1,7360.0,SGP,SAU
SIN,JNB,4,8656.0,SGP,ZAF
SIN,JOG,5,1242.0,SGP,IDN
SIN,KBR,1,568.0,SGP,MYS
SIN,KBV,2,933.0,SGP,THA
SIN,KCH,4,706.0,SGP,MYS
SIN,KHH,1,2949.0,SGP,TWN
SIN,KIX,2,4902.0,SGP,JPN
SIN,KLO,2,2330.0,SGP,PHL
SIN,KMG,2,2644.0,SGP,CHN
SIN,KTM,2,3538.0,SGP,NPL
SIN,KUA,2,283.0,SGP,MYS
SIN,KUL,10,297.0,SGP,MYS
SIN,KWE,1,2817.0,SGP,CHN
SIN,LGK,5,728.0,SGP,MYS
SIN,LHR,4,10883.0,SGP,ENG
SIN,LJG,1,2845.0,SGP,CHN
SIN,LOP,3,1765.0,SGP,IDN
SIN,MAA,7,2925.0,SGP,IND
SIN,MDC,3,2327.0,SGP,IDN
SIN,MEL,7,6033.0,SGP,AUS
SIN,MFM,1,2535.0,SGP,MAC
SIN,MLE,2,3398.0,SGP,MDV
SIN,MNL,5,2375.0,SGP,PHL
SIN,MUC,4,10058.0,SGP,DEU
SIN,MXP,1,10309.0,SGP,ITA
SIN,MYY,1,1158.0,SGP,MYS
SIN,NGB,1,3665.0,SGP,CHN
SIN,NGO,2,5041.0,SGP,JPN
SIN,NKG,1,3722.0,SGP,CHN
SIN,NNG,1,2407.0,SGP,CHN
SIN,NRT,8,5358.0,SGP,JPN
SIN,OOL,1,6212.0,SGP,AUS
SIN,PEK,2,4491.0,SGP,CHN
SIN,PEN,6,602.0,SGP,MYS
SIN,PER,9,3911.0,SGP,AUS
SIN,PKU,3,300.0,SGP,IDN
SIN,PLM,3,479.0,SGP,IDN
SIN,PNH,4,1138.0,SGP,KHM
SIN,POM,1,4935.0,SGP,PNX
SIN,PVG,3,3806.0,SGP,CHN
SIN,RDN,1,503.0,SGP,MYS
SIN,REP,4,1341.0,SGP,KHM
SIN,RGN,6,1932.0,SGP,MMR
SIN,RUH,2,6674.0,SGP,SAU
SIN,SGN,5,1093.0,SGP,VNM
SIN,SOC,3,1239.0,SGP,IDN
SIN,SRG,4,1165.0,SGP,IDN
SIN,SUB,7,1376.0,SGP,IDN
SIN,SWA,1,2813.0,SGP,CHN
SIN,SYD,9,6293.0,SGP,AUS
SIN,SZB,2,336.0,SGP,MYS
SIN,SZX,5,2594.0,SGP,CHN
SIN,TAO,1,4233.0,SGP,CHN
SIN,TAS,2,5638.0,SGP,UZB
SIN,TGG,1,459.0,SGP,MYS
SIN,TPE,7,3222.0,SGP,TWN
SIN,TRV,3,3100.0,SGP,IND
SIN,TRZ,2,2982.0,SGP,IND
SIN,TSN,1,4414.0,SGP,CHN
SIN,UPG,3,1870.0,SGP,IDN
SIN,USM,4,1010.0,SGP,THA
SIN,VTE,1,1857.0,SGP,LAO
SIN,VTZ,2,2909.0,SGP,IND
SIN,WUH,3,3445.0,SGP,CHN
SIN,WUX,1,3770.0,SGP,CHN
SIN,XMN,4,2993.0,SGP,CHN
SIN,ZRH,3,10306.0,SGP,CHE
SIP,DME,3,1185.0,RUS,RUS
SIP,KBP,1,632.0,RUS,UKR
SIP,LED,1,1658.0,RUS,RUS
SIP,ROV,1,532.0,RUS,RUS
SIP,SVO,1,1238.0,RUS,RUS
SIT,JNU,2,153.0,USA,USA
SIT,KTN,1,294.0,USA,USA
SJC,ATL,2,3398.0,USA,USA
SJC,AUS,1,2371.0,USA,USA
SJC,BOI,1,841.0,USA,USA
SJC,BOS,1,4317.0,USA,USA
SJC,BUR,1,477.0,USA,USA
SJC,DEN,3,1522.0,USA,USA
SJC,DFW,2,2310.0,USA,USA
SJC,GDL,4,2595.0,USA,MEX
SJC,HNL,2,3886.0,USA,USA
SJC,IAH,1,2583.0,USA,USA
SJC,JFK,1,4125.0,USA,USA
SJC,KOA,2,3834.0,USA,USA
SJC,LAS,2,620.0,USA,USA
SJC,LAX,9,496.0,USA,USA
SJC,LIH,2,3965.0,USA,USA
SJC,MDW,1,2950.0,USA,USA
SJC,MSP,1,2530.0,USA,USA
SJC,NRT,2,8276.0,USA,JPN
SJC,OGG,3,3788.0,USA,USA
SJC,ONT,1,536.0,USA,USA
SJC,ORD,2,2937.0,USA,USA
SJC,PDX,3,916.0,USA,USA
SJC,PHX,3,999.0,USA,USA
SJC,RNO,1,303.0,USA,USA
SJC,SAN,2,671.0,USA,USA
SJC,SEA,3,1122.0,USA,USA
SJC,SJD,2,1964.0,USA,MEX
SJC,SLC,1,939.0,USA,USA
SJC,SNA,1,550.0,USA,USA
SJD,ATL,5,2725.0,MEX,USA
SJD,CLT,2,3084.0,MEX,USA
SJD,CUL,1,290.0,MEX,MEX
SJD,DEN,3,1918.0,MEX,USA
SJD,DFW,3,1648.0,MEX,USA
SJD,EWR,1,3843.0,MEX,USA
SJD,GDL,3,723.0,MEX,MEX
SJD,IAH,1,1617.0,MEX,USA
SJD,LAX,5,1468.0,MEX,USA
SJD,MEX,3,1178.0,MEX,MEX
SJD,MTY,2,1016.0,MEX,MEX
SJD,ORD,4,2909.0,MEX,USA
SJD,PHX,2,1165.0,MEX,USA
SJD,SAN,2,1293.0,MEX,USA
SJD,SFO,4,2011.0,MEX,USA
SJD,SJC,2,1964.0,MEX,USA
SJD,SLC,2,1972.0,MEX,USA
SJD,SNA,1,1414.0,MEX,USA
SJD,TIJ,1,1263.0,MEX,MEX
SJD,TLC,1,1134.0,MEX,MEX
SJD,YVR,1,3127.0,MEX,CAN
SJD,YYC,2,3131.0,MEX,CAN
SJE,BOG,2,289.0,COL,COL
SJI,MNL,1,239.0,PHL,PHL
SJJ,ARN,1,1760.0,BHF,SWE
SJJ,BEG,2,192.0,BHF,SRS
SJJ,BNX,1,149.0,BHF,BIS
SJJ,CGN,1,1148.0,BHF,DEU
SJJ,CPH,1,1372.0,BHF,DNK
SJJ,IST,2,899.0,BHF,TUR
SJJ,LJU,1,405.0,BHF,SVN
SJJ,MUC,1,713.0,BHF,DEU
SJJ,SAW,2,958.0,BHF,TUR
SJJ,STR,1,884.0,BHF,DEU
SJJ,TXL,1,1040.0,BHF,DEU
SJJ,VIE,1,496.0,BHF,AUT
SJJ,ZAG,1,278.0,BHF,HRV
SJK,PLU,1,424.0,BRA,BRA
SJK,SDU,2,278.0,BRA,BRA
SJL,TFF,1,439.0,BRA,BRA
SJO,ATL,2,2629.0,CRI,USA
SJO,BOC,1,227.0,CRI,PAN
SJO,BOG,1,1256.0,CRI,COL
SJO,CLT,3,2824.0,CRI,USA
SJO,DAV,1,264.0,CRI,PAN
SJO,DEN,1,3888.0,CRI,USA
SJO,DFW,2,2866.0,CRI,USA
SJO,DRK,3,155.0,CRI,CRI
SJO,EWR,1,3554.0,CRI,USA
SJO,FLL,2,1838.0,CRI,USA
SJO,FON,3,71.0,CRI,CRI
SJO,GLF,3,187.0,CRI,CRI
SJO,GUA,4,855.0,CRI,GTM
SJO,IAD,1,3288.0,CRI,USA
SJO,IAH,1,2505.0,CRI,USA
SJO,JFK,3,3559.0,CRI,USA
SJO,LAX,1,4382.0,CRI,USA
SJO,LIM,1,2570.0,CRI,PER
SJO,LIR,2,161.0,CRI,CRI
SJO,MAD,1,8500.0,CRI,ESP
SJO,MCO,1,2072.0,CRI,USA
SJO,MEX,3,1910.0,CRI,MEX
SJO,MGA,3,321.0,CRI,NIC
SJO,MIA,3,1805.0,CRI,USA
SJO,NOB,1,158.0,CRI,CRI
SJO,ORD,1,3575.0,CRI,USA
SJO,PJM,3,191.0,CRI,CRI
SJO,PMZ,2,142.0,CRI,CRI
SJO,PTY,4,539.0,CRI,PAN
SJO,SAL,1,652.0,CRI,SLV
SJO,SAP,2,728.0,CRI,HND
SJO,SDQ,1,1825.0,CRI,DOM
SJO,TGU,3,558.0,CRI,HND
SJO,TMU,3,93.0,CRI,CRI
SJO,TTQ,1,81.0,CRI,CRI
SJO,XQP,3,62.0,CRI,CRI
SJO,YYZ,1,3771.0,CRI,CAN
SJP,BSB,1,572.0,BRA,BRA
SJP,CGB,1,912.0,BRA,BRA
SJP,CGH,1,422.0,BRA,BRA
SJP,GRU,1,420.0,BRA,BRA
SJP,RAO,3,173.0,BRA,BRA
SJP,VCP,1,338.0,BRA,BRA
SJT,DFW,2,368.0,USA,USA
SJU,ANU,1,469.0,PRI,ACA
SJU,ATL,8,2491.0,PRI,USA
SJU,AXA,2,312.0,PRI,AIA
SJU,AZS,1,404.0,PRI,DOM
SJU,BDL,1,2689.0,PRI,USA
SJU,BOG,1,1765.0,PRI,COL
SJU,BOS,1,2702.0,PRI,USA
SJU,BWI,1,2525.0,PRI,USA
SJU,CCS,1,878.0,PRI,VEN
SJU,CLT,2,2376.0,PRI,USA
SJU,CPX,1,75.0,PRI,PRI
SJU,DCA,1,2507.0,PRI,USA
SJU,DFW,2,3482.0,PRI,USA
SJU,DOM,4,594.0,PRI,DMA
SJU,DTW,1,3110.0,PRI,USA
SJU,EIS,4,154.0,PRI,VGB
SJU,EWR,2,2594.0,PRI,USA
SJU,FDF,2,683.0,PRI,MTQ
SJU,FLL,4,1684.0,PRI,USA
SJU,FRA,1,7354.0,PRI,DEU
SJU,IAD,1,2534.0,PRI,USA
SJU,IAH,1,3228.0,PRI,USA
SJU,JAX,1,2073.0,PRI,USA
SJU,JFK,5,2578.0,PRI,USA
SJU,LRM,1,307.0,PRI,DOM
SJU,MAZ,1,123.0,PRI,PRI
SJU,MCO,4,1913.0,PRI,USA
SJU,MIA,2,1682.0,PRI,USA
SJU,NEV,3,386.0,PRI,KNA
SJU,ONT,1,5370.0,PRI,USA
SJU,ORD,4,3338.0,PRI,USA
SJU,PBI,1,1711.0,PRI,USA
SJU,PHL,2,2543.0,PRI,USA
SJU,PLS,1,752.0,PRI,TCA
SJU,POP,1,502.0,PRI,DOM
SJU,PTP,2,532.0,PRI,GLP
SJU,PTY,1,1780.0,PRI,PAN
SJU,PUJ,2,249.0,PRI,DOM
SJU,SBH,1,339.0,PRI,BLM
SJU,SDQ,2,387.0,PRI,DOM
SJU,SKB,1,369.0,PRI,KNA
SJU,STI,2,496.0,PRI,DOM
SJU,STT,4,109.0,PRI,VIR
SJU,STX,3,151.0,PRI,VIR
SJU,SXM,3,309.0,PRI,SXM
SJU,TPA,2,1991.0,PRI,USA
SJU,VIJ,3,166.0,PRI,VGB
SJU,VQS,5,71.0,PRI,PRI
SJU,YYZ,1,3082.0,PRI,CAN
SJW,BAV,3,477.0,CHN,CHN
SJW,BHY,1,1932.0,CHN,CHN
SJW,CAN,3,1661.0,CHN,CHN
SJW,CGQ,1,1117.0,CHN,CHN
SJW,CKG,4,1206.0,CHN,CHN
SJW,CSX,1,1130.0,CHN,CHN
SJW,CTU,3,1304.0,CHN,CHN
SJW,DLC,2,599.0,CHN,CHN
SJW,DSN,1,440.0,CHN,CHN
SJW,HET,2,377.0,CHN,CHN
SJW,HGH,7,1038.0,CHN,CHN
SJW,HRB,3,1254.0,CHN,CHN
SJW,KHN,1,1053.0,CHN,CHN
SJW,KMG,4,1837.0,CHN,CHN
SJW,KWL,2,1517.0,CHN,CHN
SJW,LHW,1,997.0,CHN,CHN
SJW,LJG,1,1867.0,CHN,CHN
SJW,NGB,1,1127.0,CHN,CHN
SJW,NKG,2,820.0,CHN,CHN
SJW,PVG,1,1025.0,CHN,CHN
SJW,SHA,5,993.0,CHN,CHN
SJW,SHE,3,836.0,CHN,CHN
SJW,SHP,3,473.0,CHN,CHN
SJW,SYX,1,2280.0,CHN,CHN
SJW,SZX,4,1741.0,CHN,CHN
SJW,TAO,4,550.0,CHN,CHN
SJW,TPE,3,1592.0,CHN,TWN
SJW,URC,2,2354.0,CHN,CHN
SJW,WNZ,1,1287.0,CHN,CHN
SJW,XIY,4,682.0,CHN,CHN
SJW,XMN,1,1561.0,CHN,CHN
SJW,YNT,2,594.0,CHN,CHN
SJW,ZQZ,2,274.0,CHN,CHN
SJZ,PDL,1,240.0,PAZ,PAZ
SJZ,TER,1,95.0,PAZ,PAZ
SKB,ANU,3,100.0,KNA,ACA
SKB,MIA,2,2044.0,KNA,USA
SKB,NAS,1,1752.0,KNA,BHS
SKB,NEV,2,18.0,KNA,KNA
SKB,SJU,1,369.0,KNA,PRI
SKB,SXM,2,91.0,KNA,SXM
SKD,DME,2,2760.0,UZB,RUS
SKD,KJA,1,2611.0,UZB,RUS
SKD,KZN,1,2197.0,UZB,RUS
SKD,LED,2,3383.0,UZB,RUS
SKD,SVX,1,1948.0,UZB,RUS
SKD,TAS,1,260.0,UZB,UZB
SKE,BGO,1,273.0,NOW,NOW
SKG,AMS,1,1905.0,GRC,NLX
SKG,ARN,2,2156.0,GRC,SWE
SKG,ATH,6,299.0,GRC,GRC
SKG,BEG,1,525.0,GRC,SRS
SKG,BGY,1,1218.0,GRC,ITA
SKG,BRE,1,1756.0,GRC,DEU
SKG,BSL,1,1459.0,GRC,FXX
SKG,BUD,1,823.0,GRC,HUN
SKG,CDG,1,1860.0,GRC,FXX
SKG,CFU,1,280.0,GRC,GRC
SKG,CGN,1,1677.0,GRC,DEU
SKG,CHQ,3,564.0,GRC,GRC
SKG,CIA,1,880.0,GRC,ITA
SKG,CPH,2,1841.0,GRC,DNK
SKG,CRL,1,1810.0,GRC,BWR
SKG,DME,3,1985.0,GRC,RUS
SKG,DOK,1,1441.0,GRC,UKR
SKG,DUS,4,1727.0,GRC,DEU
SKG,FCO,2,909.0,GRC,ITA
SKG,FKB,1,1489.0,GRC,DEU
SKG,FRA,2,1541.0,GRC,DEU
SKG,GRO,1,1694.0,GRC,ESP
SKG,HAJ,2,1667.0,GRC,DEU
SKG,HAM,2,1752.0,GRC,DEU
SKG,HER,2,608.0,GRC,GRC
SKG,HHN,1,1610.0,GRC,DEU
SKG,IST,1,493.0,GRC,TUR
SKG,JKH,1,364.0,GRC,GRC
SKG,KLX,1,392.0,GRC,GRC
SKG,LCA,2,1127.0,GRC,CYP
SKG,LED,2,2203.0,GRC,RUS
SKG,LGW,2,2134.0,GRC,ENG
SKG,LXS,1,204.0,GRC,GRC
SKG,MAN,1,2369.0,GRC,ENG
SKG,MJT,2,350.0,GRC,GRC
SKG,MUC,4,1242.0,GRC,DEU
SKG,NRN,1,1782.0,GRC,DEU
SKG,NUE,2,1365.0,GRC,DEU
SKG,NYO,1,2076.0,GRC,SWE
SKG,OTP,1,518.0,GRC,ROU
SKG,PFO,1,1057.0,GRC,CYP
SKG,PSA,1,1094.0,GRC,ITA
SKG,RHO,2,638.0,GRC,GRC
SKG,ROV,1,1557.0,GRC,RUS
SKG,RYG,1,2263.0,GRC,NOW
SKG,SKU,1,216.0,GRC,GRC
SKG,SMI,1,463.0,GRC,GRC
SKG,STN,1,2144.0,GRC,ENG
SKG,STR,4,1414.0,GRC,DEU
SKG,SVO,1,2015.0,GRC,RUS
SKG,SXF,1,1501.0,GRC,DEU
SKG,TXL,1,1527.0,GRC,DEU
SKG,VIE,3,985.0,GRC,AUT
SKG,WMI,1,1338.0,GRC,POL
SKK,KKA,2,63.0,USA,USA
SKK,OME,2,203.0,USA,USA
SKK,UNK,2,57.0,USA,USA
SKN,ANX,1,91.0,NOW,NOW
SKN,BOO,1,148.0,NOW,NOW
SKN,SVJ,1,40.0,NOW,NOW
SKN,TOS,1,197.0,NOW,NOW
SKO,ABV,1,489.0,NGA,NGA
SKP,BEG,1,335.0,MKD,SRS
SKP,BGY,1,1040.0,MKD,ITA
SKP,CGN,1,1483.0,MKD,DEU
SKP,CRL,1,1618.0,MKD,BWR
SKP,DTM,1,1501.0,MKD,DEU
SKP,DXB,1,3601.0,MKD,ARE
SKP,EIN,1,1621.0,MKD,NLX
SKP,FCO,1,777.0,MKD,ITA
SKP,FMM,1,1116.0,MKD,DEU
SKP,GSE,1,1888.0,MKD,SWE
SKP,HHN,1,1417.0,MKD,DEU
SKP,IST,1,597.0,MKD,TUR
SKP,LJU,1,742.0,MKD,SVN
SKP,LTN,1,1989.0,MKD,ENG
SKP,MMX,1,1623.0,MKD,SWE
SKP,NYO,1,1899.0,MKD,SWE
SKP,SAW,1,652.0,MKD,TUR
SKP,SXF,1,1308.0,MKD,DEU
SKP,TSF,1,860.0,MKD,ITA
SKP,VIE,1,790.0,MKD,AUT
SKP,ZAG,1,612.0,MKD,HRV
SKP,ZRH,2,1198.0,MKD,CHE
SKT,BAH,1,2396.0,PAK,BHR
SKT,DMM,1,2465.0,PAK,SAU
SKT,DXB,2,2015.0,PAK,ARE
SKT,ISB,1,181.0,PAK,PAK
SKT,JED,1,3668.0,PAK,SAU
SKT,KWI,1,2539.0,PAK,KWT
SKT,MCT,1,1861.0,PAK,OMN
SKT,RUH,1,2816.0,PAK,SAU
SKT,SHJ,2,1998.0,PAK,ARE
SKU,ATH,2,124.0,GRC,GRC
SKU,SKG,1,216.0,GRC,GRC
SKX,DME,1,490.0,RUS,RUS
SKX,LED,1,1100.0,RUS,RUS
SKZ,BHV,1,338.0,PAK,PAK
SKZ,ISB,2,756.0,PAK,PAK
SKZ,KHI,1,353.0,PAK,PAK
SKZ,LHE,1,687.0,PAK,PAK
SKZ,MJD,1,77.0,PAK,PAK
SLA,AEP,3,1276.0,ARG,ARG
SLA,COR,1,730.0,ARG,ARG
SLA,IGR,1,1111.0,ARG,ARG
SLA,MDZ,1,943.0,ARG,ARG
SLC,ABQ,1,794.0,USA,USA
SLC,ANC,1,3413.0,USA,USA
SLC,ATL,6,2554.0,USA,USA
SLC,AUS,1,1747.0,USA,USA
SLC,BIL,1,623.0,USA,USA
SLC,BNA,1,2255.0,USA,USA
SLC,BOI,1,466.0,USA,USA
SLC,BOS,1,3380.0,USA,USA
SLC,BTM,1,576.0,USA,USA
SLC,BUR,1,923.0,USA,USA
SLC,BWI,3,2993.0,USA,USA
SLC,BZN,1,559.0,USA,USA
SLC,CDC,1,357.0,USA,USA
SLC,CDG,2,8153.0,USA,FXX
SLC,CLT,3,2774.0,USA,USA
SLC,CNY,1,295.0,USA,USA
SLC,COD,1,480.0,USA,USA
SLC,COS,1,659.0,USA,USA
SLC,CPR,1,514.0,USA,USA
SLC,CUN,2,3227.0,USA,MEX
SLC,CVG,2,2328.0,USA,USA
SLC,DCA,1,2972.0,USA,USA
SLC,DEN,4,628.0,USA,USA
SLC,DFW,3,1589.0,USA,USA
SLC,DTW,1,2378.0,USA,USA
SLC,EKO,1,321.0,USA,USA
SLC,EUG,1,992.0,USA,USA
SLC,EWR,1,3160.0,USA,USA
SLC,FAR,1,1391.0,USA,USA
SLC,FAT,1,805.0,USA,USA
SLC,FCA,1,856.0,USA,USA
SLC,GCC,1,659.0,USA,USA
SLC,GDL,1,2398.0,USA,MEX
SLC,GEG,1,879.0,USA,USA
SLC,GJT,1,348.0,USA,USA
SLC,GTF,1,746.0,USA,USA
SLC,HLN,1,647.0,USA,USA
SLC,HNL,1,4813.0,USA,USA
SLC,IAH,2,1922.0,USA,USA
SLC,IDA,1,303.0,USA,USA
SLC,IND,1,2175.0,USA,USA
SLC,JAC,1,330.0,USA,USA
SLC,JFK,2,3194.0,USA,USA
SLC,LAS,3,592.0,USA,USA
SLC,LAX,7,949.0,USA,USA
SLC,LGB,2,948.0,USA,USA
SLC,LWS,1,742.0,USA,USA
SLC,MCI,1,1477.0,USA,USA
SLC,MCO,1,3103.0,USA,USA
SLC,MDW,2,2020.0,USA,USA
SLC,MEM,1,2027.0,USA,USA
SLC,MFR,1,923.0,USA,USA
SLC,MHT,1,3333.0,USA,USA
SLC,MSN,1,1884.0,USA,USA
SLC,MSO,1,702.0,USA,USA
SLC,MSP,1,1592.0,USA,USA
SLC,MSY,2,2296.0,USA,USA
SLC,OAK,3,945.0,USA,USA
SLC,OKC,1,1392.0,USA,USA
SLC,OMA,1,1348.0,USA,USA
SLC,ONT,1,898.0,USA,USA
SLC,ORD,4,2006.0,USA,USA
SLC,PDX,4,1012.0,USA,USA
SLC,PHL,3,3093.0,USA,USA
SLC,PHX,4,818.0,USA,USA
SLC,PIH,1,241.0,USA,USA
SLC,PSC,1,837.0,USA,USA
SLC,PSP,1,871.0,USA,USA
SLC,PVR,2,2325.0,USA,MEX
SLC,RAP,1,816.0,USA,USA
SLC,RDM,1,844.0,USA,USA
SLC,RDU,1,2928.0,USA,USA
SLC,RKS,1,260.0,USA,USA
SLC,RNO,1,677.0,USA,USA
SLC,SAN,2,1008.0,USA,USA
SLC,SAT,1,1749.0,USA,USA
SLC,SEA,4,1107.0,USA,USA
SLC,SFO,2,962.0,USA,USA
SLC,SGU,1,438.0,USA,USA
SLC,SJC,1,939.0,USA,USA
SLC,SJD,2,1972.0,USA,MEX
SLC,SMF,1,854.0,USA,USA
SLC,SNA,1,947.0,USA,USA
SLC,STL,1,1856.0,USA,USA
SLC,TUL,1,1488.0,USA,USA
SLC,TUS,2,969.0,USA,USA
SLC,TWF,1,281.0,USA,USA
SLC,VEL,1,212.0,USA,USA
SLC,YVR,1,1282.0,USA,CAN
SLC,YYC,1,1159.0,USA,CAN
SLH,MTV,1,28.0,VUT,VUT
SLH,SON,1,187.0,VUT,VUT
SLH,TOH,1,113.0,VUT,VUT
SLK,BOS,1,343.0,USA,USA
SLL,CCJ,1,2446.0,OMN,IND
SLL,DOH,1,951.0,OMN,QAT
SLL,DXB,2,923.0,OMN,ARE
SLL,JED,1,1649.0,OMN,SAU
SLL,MCT,1,850.0,OMN,OMN
SLL,SHJ,1,934.0,OMN,ARE
SLM,BCN,1,636.0,ESP,ESP
SLN,MCI,1,260.0,USA,USA
SLP,CUN,1,1458.0,MEX,MEX
SLP,DFW,2,1244.0,MEX,USA
SLP,IAH,1,1024.0,MEX,USA
SLP,MEX,2,368.0,MEX,MEX
SLP,MFE,1,514.0,MEX,USA
SLP,TIJ,1,1949.0,MEX,MEX
SLQ,ANI,1,126.0,USA,USA
SLU,ANU,1,357.0,LCA,ACA
SLU,BGI,1,193.0,LCA,BRB
SLU,DOM,1,173.0,LCA,DMA
SLU,FDF,5,63.0,LCA,MTQ
SLU,POS,2,383.0,LCA,TTO
SLU,SVD,1,98.0,LCA,VCT
SLW,IAH,1,738.0,MEX,USA
SLW,MEX,1,706.0,MEX,MEX
SLX,GDT,1,14.0,TCA,TCA
SLY,DME,1,1955.0,RUS,RUS
SLY,NOJ,1,556.0,RUS,RUS
SLY,NUX,1,446.0,RUS,RUS
SLY,NYM,1,301.0,RUS,RUS
SLY,OVB,1,1544.0,RUS,RUS
SLY,SVX,1,1136.0,RUS,RUS
SLY,TJM,1,1047.0,RUS,RUS
SLY,TQL,1,543.0,RUS,RUS
SLZ,BEL,3,490.0,BRA,BRA
SLZ,BSB,2,1531.0,BRA,BRA
SLZ,CNF,1,1895.0,BRA,BRA
SLZ,FOR,3,647.0,BRA,BRA
SLZ,GIG,2,2251.0,BRA,BRA
SLZ,GRU,2,2331.0,BRA,BRA
SLZ,IMP,2,485.0,BRA,BRA
SLZ,THE,1,317.0,BRA,BRA
SMA,PDL,3,97.0,PAZ,PAZ
SMF,ACV,1,333.0,USA,USA
SMF,ATL,4,3360.0,USA,USA
SMF,BOI,1,703.0,USA,USA
SMF,BUR,1,577.0,USA,USA
SMF,CLT,2,3603.0,USA,USA
SMF,DEN,3,1460.0,USA,USA
SMF,DFW,2,2298.0,USA,USA
SMF,GDL,3,2674.0,USA,MEX
SMF,HNL,1,3959.0,USA,USA
SMF,IAD,1,3785.0,USA,USA
SMF,IAH,1,2586.0,USA,USA
SMF,JFK,1,4047.0,USA,USA
SMF,LAS,2,639.0,USA,USA
SMF,LAX,7,600.0,USA,USA
SMF,LGB,1,624.0,USA,USA
SMF,MDW,1,2874.0,USA,USA
SMF,MSP,1,2436.0,USA,USA
SMF,OGG,2,3866.0,USA,USA
SMF,ONT,1,627.0,USA,USA
SMF,ORD,1,2860.0,USA,USA
SMF,PDX,2,771.0,USA,USA
SMF,PHX,4,1040.0,USA,USA
SMF,PSP,1,707.0,USA,USA
SMF,SAN,2,773.0,USA,USA
SMF,SEA,5,975.0,USA,USA
SMF,SFO,1,138.0,USA,USA
SMF,SLC,1,854.0,USA,USA
SMF,SNA,2,650.0,USA,USA
SMI,ATH,2,262.0,GRC,GRC
SMI,DUS,1,2186.0,GRC,DEU
SMI,MUC,1,1702.0,GRC,DEU
SMI,NUE,1,1823.0,GRC,DEU
SMI,RHO,2,177.0,GRC,GRC
SMI,SKG,1,463.0,GRC,GRC
SMI,TXL,1,1962.0,GRC,DEU
SMK,UNK,2,78.0,USA,USA
SML,NAS,2,275.0,BHS,BHS
SMR,BOG,3,714.0,COL,COL
SMR,MDE,1,566.0,COL,COL
SMS,RUN,1,732.0,MDG,REU
SMS,TMM,1,122.0,MDG,MDG
SMS,TNR,1,311.0,MDG,MDG
SMX,LAS,1,498.0,USA,USA
SMX,LAX,1,216.0,USA,USA
SNA,ATL,4,3081.0,USA,USA
SNA,DEN,4,1360.0,USA,USA
SNA,DFW,3,1935.0,USA,USA
SNA,EWR,1,3908.0,USA,USA
SNA,GDL,1,2049.0,USA,MEX
SNA,HOU,1,2180.0,USA,USA
SNA,IAH,1,2163.0,USA,USA
SNA,LAS,2,364.0,USA,USA
SNA,MEX,2,2442.0,USA,MEX
SNA,MSP,1,2446.0,USA,USA
SNA,OAK,2,597.0,USA,USA
SNA,ORD,3,2772.0,USA,USA
SNA,PDX,2,1385.0,USA,USA
SNA,PHX,4,543.0,USA,USA
SNA,SEA,2,1576.0,USA,USA
SNA,SFO,3,598.0,USA,USA
SNA,SJC,1,550.0,USA,USA
SNA,SJD,1,1414.0,USA,MEX
SNA,SLC,1,947.0,USA,USA
SNA,SMF,1,650.0,USA,USA
SNA,YVR,2,1780.0,USA,CAN
SNE,SID,1,143.0,CPV,CPV
SNE,VXE,1,86.0,CPV,CPV
SNN,ACE,1,2669.0,IRL,ESP
SNN,AGP,2,1815.0,IRL,ESP
SNN,ALC,1,1728.0,IRL,ESP
SNN,BHX,1,486.0,IRL,ENG
SNN,BOS,1,4646.0,IRL,USA
SNN,BRS,1,449.0,IRL,ENG
SNN,BVA,1,850.0,IRL,FXX
SNN,EDI,1,510.0,IRL,SCT
SNN,EWR,2,4968.0,IRL,USA
SNN,FAO,2,1746.0,IRL,PRX
SNN,FMM,1,1452.0,IRL,DEU
SNN,FUE,1,2727.0,IRL,ESP
SNN,JFK,1,4946.0,IRL,USA
SNN,KRK,1,2000.0,IRL,POL
SNN,LGW,1,623.0,IRL,ENG
SNN,LHR,1,594.0,IRL,ENG
SNN,LPL,1,412.0,IRL,ENG
SNN,MAN,1,450.0,IRL,ENG
SNN,NCE,1,1557.0,IRL,FXX
SNN,PIS,1,949.0,IRL,FXX
SNN,PMI,1,1712.0,IRL,ESP
SNN,STN,1,629.0,IRL,ENG
SNN,SXF,1,1512.0,IRL,DEU
SNN,TFS,1,2814.0,IRL,ESP
SNN,WMI,1,1985.0,IRL,POL
SNN,WRO,1,1770.0,IRL,POL
SNO,DMK,1,524.0,THA,THA
SNP,ANC,2,1229.0,USA,USA
SNP,STG,1,74.0,USA,USA
SNU,CCC,1,166.0,CUB,CUB
SNU,YHZ,1,2904.0,CUB,CAN
SNU,YUL,3,2616.0,CUB,CAN
SNU,YYZ,4,2356.0,CUB,CAN
SNV,PZO,1,452.0,VEN,VEN
SNW,AKY,1,239.0,MMR,MMR
SNW,RGN,1,260.0,MMR,MMR
SOC,CGK,3,478.0,IDN,IDN
SOC,KUL,1,1520.0,IDN,MYS
SOC,PKN,1,544.0,IDN,IDN
SOC,SIN,3,1239.0,IDN,SGP
SOF,AGP,1,2468.0,BGR,ESP
SOF,AMS,1,1753.0,BGR,NLX
SOF,ATH,4,531.0,BGR,GRC
SOF,BCN,2,1765.0,BGR,ESP
SOF,BEG,1,343.0,BGR,SRS
SOF,BGY,1,1140.0,BGR,ITA
SOF,BLQ,1,996.0,BGR,ITA
SOF,BOJ,1,336.0,BGR,BGR
SOF,BRU,1,1698.0,BGR,BFR
SOF,BVA,1,1798.0,BGR,FXX
SOF,CDG,2,1754.0,BGR,FXX
SOF,CRL,1,1679.0,BGR,BWR
SOF,DTM,1,1541.0,BGR,DEU
SOF,DWC,1,3506.0,BGR,ARE
SOF,EIN,1,1670.0,BGR,NLX
SOF,FCO,3,924.0,BGR,ITA
SOF,FRA,3,1397.0,BGR,DEU
SOF,HHN,1,1474.0,BGR,DEU
SOF,IST,1,469.0,BGR,TUR
SOF,LCA,3,1239.0,BGR,CYP
SOF,LGW,1,2011.0,BGR,ENG
SOF,LHR,3,2041.0,BGR,ENG
SOF,LTN,1,2050.0,BGR,ENG
SOF,MAD,3,2247.0,BGR,ESP
SOF,MAN,1,2229.0,BGR,ENG
SOF,MUC,1,1101.0,BGR,DEU
SOF,MXP,2,1214.0,BGR,ITA
SOF,OTP,3,300.0,BGR,ROU
SOF,PFO,1,1185.0,BGR,CYP
SOF,PMI,1,1762.0,BGR,ESP
SOF,PRG,2,1080.0,BGR,CZE
SOF,STN,1,2012.0,BGR,ENG
SOF,SVO,2,1784.0,BGR,RUS
SOF,SXF,1,1305.0,BGR,DEU
SOF,TLV,2,1559.0,BGR,ISR
SOF,TXL,3,1331.0,BGR,DEU
SOF,VAR,1,364.0,BGR,BGR
SOF,VIE,2,804.0,BGR,AUT
SOF,VLC,1,2027.0,BGR,ESP
SOF,WAW,2,1069.0,BGR,POL
SOF,ZRH,1,1279.0,BGR,CHE
SOG,BGO,1,142.0,NOW,NOW
SOG,HOV,1,127.0,NOW,NOW
SOG,OSL,1,242.0,NOW,NOW
SOG,SDN,1,93.0,NOW,NOW
SOJ,HFT,1,142.0,NOW,NOW
SOJ,TOS,1,79.0,NOW,NOW
SOM,CCS,1,362.0,VEN,VEN
SON,BNE,2,1965.0,VUT,AUS
SON,LNE,1,110.0,VUT,VUT
SON,LOD,1,83.0,VUT,VUT
SON,MWF,1,108.0,VUT,VUT
SON,NUS,1,67.0,VUT,VUT
SON,SLH,1,187.0,VUT,VUT
SON,SSR,1,100.0,VUT,VUT
SON,VLI,1,271.0,VUT,VUT
SON,WLH,1,52.0,VUT,VUT
SON,ZGU,1,148.0,VUT,VUT
SOQ,AMQ,1,474.0,IDN,IDN
SOQ,BXB,1,301.0,IDN,IDN
SOQ,FKQ,1,250.0,IDN,IDN
SOQ,MDC,1,758.0,IDN,IDN
SOQ,MKW,2,307.0,IDN,IDN
SOQ,UPG,2,1383.0,IDN,IDN
SOU,ACI,1,151.0,ENG,GGY
SOU,AGP,1,1607.0,ENG,ESP
SOU,ALC,1,1410.0,ENG,ESP
SOU,AMS,1,448.0,ENG,NLX
SOU,BES,2,355.0,ENG,FXX
SOU,BHD,1,508.0,ENG,NIR
SOU,DUB,1,433.0,ENG,IRL
SOU,EDI,1,572.0,ENG,SCT
SOU,EGC,2,695.0,ENG,FXX
SOU,FAO,1,1636.0,ENG,PRX
SOU,GCI,2,190.0,ENG,GGY
SOU,GLA,1,584.0,ENG,SCT
SOU,JER,2,203.0,ENG,JEY
SOU,LBA,1,325.0,ENG,ENG
SOU,LIG,2,596.0,ENG,FXX
SOU,LRH,2,531.0,ENG,FXX
SOU,MAN,1,274.0,ENG,ENG
SOU,NCE,2,1036.0,ENG,FXX
SOU,NCL,1,455.0,ENG,ENG
SOU,NTE,2,423.0,ENG,FXX
SOU,ORY,2,365.0,ENG,FXX
SOU,PMI,1,1307.0,ENG,ESP
SOU,RNS,2,321.0,ENG,FXX
SOW,FMN,3,319.0,USA,USA
SOW,PHX,3,207.0,USA,USA
SOY,KOI,1,27.0,SCT,SCT
SOY,NDY,1,11.0,SCT,SCT
SPC,AMS,1,3221.0,ESP,NLX
SPC,DUS,1,3242.0,ESP,DEU
SPC,FRA,1,3252.0,ESP,DEU
SPC,LPA,1,244.0,ESP,ESP
SPC,MAD,1,1846.0,ESP,ESP
SPC,MUC,1,3343.0,ESP,DEU
SPC,TFN,2,139.0,ESP,ESP
SPD,DAC,1,261.0,BGD,BGD
SPD,RJH,1,150.0,BGD,BGD
SPN,CAN,1,3518.0,MNP,CHN
SPN,GUM,1,208.0,MNP,GUM
SPN,ICN,1,3127.0,MNP,KOR
SPN,KIX,1,2390.0,MNP,JPN
SPN,NGO,1,2369.0,MNP,JPN
SPN,NRT,1,2356.0,MNP,JPN
SPN,PEK,1,3959.0,MNP,CHN
SPN,PUS,1,2789.0,MNP,KOR
SPN,PVG,1,3014.0,MNP,CHN
SPN,ROP,1,117.0,MNP,MNP
SPP,LAD,1,809.0,AGO,AGO
SPP,NOV,1,295.0,AGO,AGO
SPP,VPE,1,343.0,AGO,AGO
SPR,BZE,2,55.0,BLZ,BLZ
SPS,DFW,2,181.0,USA,USA
SPU,ARN,2,1795.0,HRV,SWE
SPU,ATH,1,895.0,HRV,GRC
SPU,BEG,1,350.0,HRV,SRS
SPU,BHX,1,1661.0,HRV,ENG
SPU,BSL,1,817.0,HRV,FXX
SPU,CDG,1,1217.0,HRV,FXX
SPU,CGN,1,1067.0,HRV,DEU
SPU,CPH,2,1368.0,HRV,DNK
SPU,DBV,1,193.0,HRV,HRV
SPU,DTM,1,1100.0,HRV,DEU
SPU,DUS,3,1119.0,HRV,DEU
SPU,FCO,1,384.0,HRV,ITA
SPU,FRA,3,930.0,HRV,DEU
SPU,GOT,1,1595.0,HRV,SWE
SPU,GVA,1,856.0,HRV,CHE
SPU,HAJ,1,1106.0,HRV,DEU
SPU,HAM,1,1213.0,HRV,DEU
SPU,HEL,1,1954.0,HRV,FIN
SPU,LGW,3,1498.0,HRV,ENG
SPU,LHR,1,1531.0,HRV,ENG
SPU,LIL,1,1266.0,HRV,FXX
SPU,LYS,1,919.0,HRV,FXX
SPU,MAN,1,1743.0,HRV,ENG
SPU,MUC,2,639.0,HRV,DEU
SPU,NUE,1,773.0,HRV,DEU
SPU,OSI,1,292.0,HRV,HRV
SPU,OSL,1,1877.0,HRV,NOW
SPU,PRG,2,746.0,HRV,CZE
SPU,RTM,1,1286.0,HRV,NLX
SPU,STR,1,790.0,HRV,DEU
SPU,TLL,1,1858.0,HRV,EST
SPU,TXL,2,1027.0,HRV,DEU
SPU,VIE,2,509.0,HRV,AUT
SPU,WAW,1,1020.0,HRV,POL
SPU,ZAG,1,246.0,HRV,HRV
SPU,ZRH,2,745.0,HRV,CHE
SRA,GEL,1,54.0,BRA,BRA
SRE,CBB,1,200.0,BOL,BOL
SRE,LPB,2,414.0,BOL,BOL
SRE,TJA,1,290.0,BOL,BOL
SRE,VVI,2,273.0,BOL,BOL
SRG,BDJ,1,625.0,IDN,IDN
SRG,BPN,1,962.0,IDN,IDN
SRG,BTH,1,1137.0,IDN,IDN
SRG,CGK,3,421.0,IDN,IDN
SRG,DPS,2,564.0,IDN,IDN
SRG,KUL,1,1447.0,IDN,MYS
SRG,PKN,1,496.0,IDN,IDN
SRG,SIN,4,1165.0,IDN,SGP
SRG,SUB,3,270.0,IDN,IDN
SRP,MOL,1,344.0,NOW,NOW
SRP,OSL,1,320.0,NOW,NOW
SRP,SVG,1,103.0,NOW,NOW
SRQ,ATL,5,717.0,USA,USA
SRQ,CLT,2,883.0,USA,USA
SRQ,DCA,2,1373.0,USA,USA
SRQ,JFK,1,1678.0,USA,USA
SRQ,LGA,2,1687.0,USA,USA
SRQ,ORD,1,1693.0,USA,USA
SRX,TIP,1,370.0,LBY,LBY
SRX,TUN,1,871.0,LBY,TUN
SRY,AWZ,2,717.0,IRN,IRN
SRY,BND,1,1089.0,IRN,IRN
SRY,MHD,2,578.0,IRN,IRN
SRY,SYZ,1,791.0,IRN,IRN
SRZ,BYC,2,464.0,BOL,BOL
SRZ,LPB,1,553.0,BOL,BOL
SRZ,ORU,2,414.0,BOL,BOL
SRZ,TDD,2,381.0,BOL,BOL
SSA,AJU,4,254.0,BRA,BRA
SSA,BPS,2,401.0,BRA,BRA
SSA,BRA,3,732.0,BRA,BRA
SSA,BSB,3,1085.0,BRA,BRA
SSA,CGH,3,1480.0,BRA,BRA
SSA,CNF,3,960.0,BRA,BRA
SSA,CPV,1,681.0,BRA,BRA
SSA,CWB,1,1806.0,BRA,BRA
SSA,FOR,2,1016.0,BRA,BRA
SSA,FRA,1,8354.0,BRA,DEU
SSA,GIG,3,1218.0,BRA,BRA
SSA,GRU,4,1452.0,BRA,BRA
SSA,IOS,3,226.0,BRA,BRA
SSA,JPA,1,740.0,BRA,BRA
SSA,LAZ,1,552.0,BRA,BRA
SSA,LEC,1,324.0,BRA,BRA
SSA,LIS,1,6498.0,BRA,PRX
SSA,MAD,1,6932.0,BRA,ESP
SSA,MCZ,2,468.0,BRA,BRA
SSA,MIA,3,6257.0,BRA,USA
SSA,NAT,1,857.0,BRA,BRA
SSA,PAV,1,390.0,BRA,BRA
SSA,PNZ,1,464.0,BRA,BRA
SSA,REC,4,649.0,BRA,BRA
SSA,SCL,1,3997.0,BRA,CHL
SSA,SDU,1,1224.0,BRA,BRA
SSA,VCP,1,1458.0,BRA,BRA
SSA,VDC,3,350.0,BRA,BRA
SSA,VIX,2,844.0,BRA,BRA
SSG,ABV,1,605.0,GNQ,NGA
SSG,ADD,2,3374.0,GNQ,ETH
SSG,BSG,1,239.0,GNQ,GNQ
SSG,CMN,1,3702.0,GNQ,MAR
SSG,COO,1,758.0,GNQ,BEN
SSG,DLA,5,116.0,GNQ,CMR
SSG,LBV,2,375.0,GNQ,GAB
SSG,MAD,1,4264.0,GNQ,ESP
SSH,AMM,1,444.0,EGY,JOR
SSH,BHX,4,4030.0,EGY,ENG
SSH,CAI,2,376.0,EGY,EGY
SSH,DME,1,3063.0,EGY,RUS
SSH,HBE,2,560.0,EGY,EGY
SSH,IST,2,1565.0,EGY,TUR
SSH,JED,2,849.0,EGY,SAU
SSH,KWI,1,1332.0,EGY,KWT
SSH,LGW,5,3866.0,EGY,ENG
SSH,LTN,3,3916.0,EGY,ENG
SSH,MAN,5,4108.0,EGY,ENG
SSH,MXP,1,2989.0,EGY,ITA
SSH,NCL,1,4169.0,EGY,ENG
SSH,RUH,3,1269.0,EGY,SAU
SSH,STN,2,3881.0,EGY,ENG
SSH,SVO,1,3122.0,EGY,RUS
SSH,SVX,1,3814.0,EGY,RUS
SSH,VKO,1,3079.0,EGY,RUS
SSJ,BNN,1,56.0,NOW,NOW
SSJ,BOO,1,168.0,NOW,NOW
SSJ,OSL,1,653.0,NOW,NOW
SSJ,TRD,1,287.0,NOW,NOW
SSR,SON,1,100.0,VUT,VUT
SSY,LAD,1,309.0,AGO,AGO
STC,AZA,1,2025.0,USA,USA
STC,ORD,1,634.0,USA,USA
STD,CCS,3,649.0,VEN,VEN
STD,PMV,1,960.0,VEN,VEN
STG,ANC,2,1234.0,USA,USA
STG,SNP,1,74.0,USA,USA
STI,BOS,1,2553.0,DOM,USA
STI,EWR,1,2391.0,DOM,USA
STI,FLL,1,1227.0,DOM,USA
STI,JFK,2,2380.0,DOM,USA
STI,MIA,2,1221.0,DOM,USA
STI,PLS,1,315.0,DOM,TCA
STI,PTY,1,1488.0,DOM,PAN
STI,SJU,2,496.0,DOM,PRI
STL,ATL,8,779.0,USA,USA
STL,BNA,2,437.0,USA,USA
STL,BOS,1,1681.0,USA,USA
STL,BRL,1,235.0,USA,USA
STL,BWI,2,1184.0,USA,USA
STL,CGI,1,183.0,USA,USA
STL,CLE,1,783.0,USA,USA
STL,CLT,2,924.0,USA,USA
STL,CMH,2,657.0,USA,USA
STL,CUN,1,1998.0,USA,MEX
STL,CVG,1,495.0,USA,USA
STL,DAL,2,878.0,USA,USA
STL,DCA,3,1154.0,USA,USA
STL,DEC,1,177.0,USA,USA
STL,DEN,4,1236.0,USA,USA
STL,DFW,3,885.0,USA,USA
STL,DTW,3,707.0,USA,USA
STL,ECP,1,1022.0,USA,USA
STL,EWR,2,1400.0,USA,USA
STL,FLL,2,1702.0,USA,USA
STL,GRR,2,614.0,USA,USA
STL,HOU,1,1108.0,USA,USA
STL,IAD,1,1118.0,USA,USA
STL,IAH,1,1076.0,USA,USA
STL,IRK,1,239.0,USA,USA
STL,JBR,1,325.0,USA,USA
STL,JFK,1,1433.0,USA,USA
STL,LAS,2,2202.0,USA,USA
STL,LAX,5,2557.0,USA,USA
STL,LGA,4,1426.0,USA,USA
STL,MBJ,1,2552.0,USA,JAM
STL,MCI,2,380.0,USA,USA
STL,MCO,1,1420.0,USA,USA
STL,MDW,2,404.0,USA,USA
STL,MIA,2,1722.0,USA,USA
STL,MKE,2,511.0,USA,USA
STL,MSP,3,722.0,USA,USA
STL,MSY,2,974.0,USA,USA
STL,MWA,1,162.0,USA,USA
STL,OKC,2,742.0,USA,USA
STL,OMA,2,549.0,USA,USA
STL,ORD,3,415.0,USA,USA
STL,OWB,1,301.0,USA,USA
STL,PHL,4,1306.0,USA,USA
STL,PHX,3,2027.0,USA,USA
STL,PIT,2,889.0,USA,USA
STL,PUJ,1,3089.0,USA,DOM
STL,PVR,1,2463.0,USA,MEX
STL,RDU,2,1072.0,USA,USA
STL,RSW,1,1578.0,USA,USA
STL,SAN,1,2501.0,USA,USA
STL,SAT,2,1266.0,USA,USA
STL,SEA,2,2744.0,USA,USA
STL,SFO,1,2786.0,USA,USA
STL,SLC,1,1856.0,USA,USA
STL,TBN,1,191.0,USA,USA
STL,TPA,2,1400.0,USA,USA
STL,TUL,1,563.0,USA,USA
STL,UIN,1,151.0,USA,USA
STL,YYZ,2,1051.0,USA,CAN
STM,ATM,1,296.0,BRA,BRA
STM,BEL,3,711.0,BRA,BRA
STM,ITB,2,243.0,BRA,BRA
STM,MAO,5,589.0,BRA,BRA
STM,MEU,1,297.0,BRA,BRA
STM,ORX,1,141.0,BRA,BRA
STM,TMT,1,207.0,BRA,BRA
STN,AAR,1,835.0,ENG,DNK
STN,ACE,3,2796.0,ENG,ESP
STN,ADB,1,2574.0,ENG,TUR
STN,AGP,2,1732.0,ENG,ESP
STN,AHO,1,1394.0,ENG,ITA
STN,ALC,1,1514.0,ENG,ESP
STN,AMS,1,313.0,ENG,NLX
STN,AOI,1,1341.0,ENG,ITA
STN,ATH,1,2408.0,ENG,GRC
STN,BCN,1,1186.0,ENG,ESP
STN,BDS,1,1838.0,ENG,ITA
STN,BFS,1,528.0,ENG,NIR
STN,BGY,1,977.0,ENG,ITA
STN,BIO,1,983.0,ENG,ESP
STN,BIQ,1,945.0,ENG,FXX
STN,BJV,1,2688.0,ENG,TUR
STN,BLL,1,725.0,ENG,DNK
STN,BLQ,1,1155.0,ENG,ITA
STN,BOD,1,788.0,ENG,FXX
STN,BRE,1,593.0,ENG,DEU
STN,BRI,1,1732.0,ENG,ITA
STN,BRQ,1,1200.0,ENG,CZE
STN,BSL,1,709.0,ENG,FXX
STN,BTS,1,1278.0,ENG,SVK
STN,BUD,1,1451.0,ENG,HUN
STN,BVE,1,767.0,ENG,FXX
STN,BZG,1,1206.0,ENG,POL
STN,CAG,1,1561.0,ENG,ITA
STN,CCF,1,976.0,ENG,FXX
STN,CFU,1,2037.0,ENG,GRC
STN,CGN,1,492.0,ENG,DEU
STN,CHQ,1,2623.0,ENG,GRC
STN,CIA,1,1459.0,ENG,ITA
STN,CIY,1,2003.0,ENG,ITA
STN,CPH,1,914.0,ENG,DNK
STN,DBV,1,1704.0,ENG,HRV
STN,DLM,2,2800.0,ENG,TUR
STN,DND,1,550.0,ENG,SCT
STN,DNR,1,402.0,ENG,FXX
STN,DTM,1,510.0,ENG,DEU
STN,DUB,1,471.0,ENG,IRL
STN,DUS,1,456.0,ENG,DEU
STN,EDI,1,510.0,ENG,SCT
STN,EFL,1,2195.0,ENG,GRC
STN,EGC,1,785.0,ENG,FXX
STN,EIN,1,358.0,ENG,NLX
STN,FAO,2,1774.0,ENG,PRX
STN,FEZ,1,2040.0,ENG,MAR
STN,FKB,1,655.0,ENG,DEU
STN,FMM,1,836.0,ENG,DEU
STN,FUE,2,2856.0,ENG,ESP
STN,GCI,1,338.0,ENG,GGY
STN,GDN,1,1244.0,ENG,POL
STN,GLA,1,538.0,ENG,SCT
STN,GOA,1,1046.0,ENG,ITA
STN,GRO,1,1126.0,ENG,ESP
STN,GSE,1,990.0,ENG,SWE
STN,HAJ,1,647.0,ENG,DEU
STN,HAU,1,886.0,ENG,NOW
STN,HHN,1,537.0,ENG,DEU
STN,IBZ,3,1450.0,ENG,ESP
STN,JER,1,344.0,ENG,JEY
STN,KGS,2,2690.0,ENG,GRC
STN,KIR,1,668.0,ENG,IRL
STN,KIV,1,2133.0,ENG,MDA
STN,KRK,1,1379.0,ENG,POL
STN,KTW,1,1319.0,ENG,POL
STN,KUN,1,1609.0,ENG,LTU
STN,LDE,1,968.0,ENG,FXX
STN,LDY,1,602.0,ENG,NIR
STN,LEI,1,1685.0,ENG,ESP
STN,LEJ,1,829.0,ENG,DEU
STN,LIG,1,673.0,ENG,FXX
STN,LIS,1,1628.0,ENG,PRX
STN,LJU,1,1210.0,ENG,SVN
STN,LNZ,1,1073.0,ENG,AUT
STN,LPA,2,2964.0,ENG,ESP
STN,LRH,1,643.0,ENG,FXX
STN,LUZ,1,1549.0,ENG,POL
STN,LYS,1,771.0,ENG,FXX
STN,MAD,1,1302.0,ENG,ESP
STN,MAH,1,1371.0,ENG,ESP
STN,MJV,1,1571.0,ENG,ESP
STN,MLA,1,2108.0,ENG,MLT
STN,MMX,1,953.0,ENG,SWE
STN,MRS,1,1010.0,ENG,FXX
STN,MUC,1,911.0,ENG,DEU
STN,NAP,1,1625.0,ENG,ITA
STN,NCE,1,1052.0,ENG,FXX
STN,NOC,1,647.0,ENG,IRL
STN,NRN,1,408.0,ENG,DEU
STN,NUE,1,808.0,ENG,DEU
STN,NYO,1,1299.0,ENG,SWE
STN,OPO,1,1363.0,ENG,PRX
STN,ORK,1,599.0,ENG,IRL
STN,OSI,1,1533.0,ENG,HRV
STN,OSR,1,1276.0,ENG,CZE
STN,OTP,1,2066.0,ENG,ROU
STN,OVD,1,1036.0,ENG,ESP
STN,PDV,1,2148.0,ENG,BGR
STN,PEG,1,1340.0,ENG,ITA
STN,PFO,2,3191.0,ENG,CYP
STN,PGF,1,1036.0,ENG,FXX
STN,PIS,1,589.0,ENG,FXX
STN,PMF,1,1079.0,ENG,ITA
STN,PMI,4,1385.0,ENG,ESP
STN,PMO,1,1823.0,ENG,ITA
STN,POZ,1,1131.0,ENG,POL
STN,PRG,2,1000.0,ENG,CZE
STN,PSA,1,1184.0,ENG,ITA
STN,PSR,1,1484.0,ENG,ITA
STN,PUY,1,1272.0,ENG,HRV
STN,RAK,2,2353.0,ENG,MAR
STN,RBA,1,2061.0,ENG,MAR
STN,RDZ,1,848.0,ENG,FXX
STN,REU,1,1196.0,ENG,ESP
STN,RHO,2,2782.0,ENG,GRC
STN,RIX,1,1625.0,ENG,LVA
STN,RYG,1,1062.0,ENG,NOW
STN,RZE,1,1531.0,ENG,POL
STN,SAW,1,2518.0,ENG,TUR
STN,SCQ,1,1191.0,ENG,ESP
STN,SDR,1,988.0,ENG,ESP
STN,SFT,1,1851.0,ENG,SWE
STN,SKG,1,2144.0,ENG,GRC
STN,SNN,1,629.0,ENG,IRL
STN,SOF,1,2012.0,ENG,BGR
STN,SSH,2,3881.0,ENG,EGY
STN,STR,1,730.0,ENG,DEU
STN,SUF,1,1901.0,ENG,ITA
STN,SVQ,1,1679.0,ENG,ESP
STN,SXB,1,644.0,ENG,FXX
STN,SXF,1,907.0,ENG,DEU
STN,SZG,1,1021.0,ENG,AUT
STN,SZZ,1,1004.0,ENG,POL
STN,TFS,3,2997.0,ENG,ESP
STN,TGD,1,1778.0,ENG,MNE
STN,TLL,1,1741.0,ENG,EST
STN,TLN,1,1072.0,ENG,FXX
STN,TMP,1,1763.0,ENG,FIN
STN,TRF,1,1026.0,ENG,NOW
STN,TRN,1,921.0,ENG,ITA
STN,TRS,1,1177.0,ENG,ITA
STN,TSF,1,1115.0,ENG,ITA
STN,TUF,1,496.0,ENG,FXX
STN,VLC,1,1379.0,ENG,ESP
STN,VNO,1,1685.0,ENG,LTU
STN,VST,1,1331.0,ENG,SWE
STN,WMI,1,1389.0,ENG,POL
STN,WRO,1,1153.0,ENG,POL
STN,XRY,1,1755.0,ENG,ESP
STN,ZAD,1,1414.0,ENG,HRV
STN,ZAZ,1,1140.0,ENG,ESP
STR,ACE,2,2932.0,DEU,ESP
STR,ADB,2,1844.0,DEU,TUR
STR,AGP,2,1739.0,DEU,ESP
STR,ALC,1,1398.0,DEU,ESP
STR,AMS,1,511.0,DEU,NLX
STR,ATH,1,1682.0,DEU,GRC
STR,ATL,3,7517.0,DEU,USA
STR,AYT,4,2182.0,DEU,TUR
STR,BCN,3,995.0,DEU,ESP
STR,BDS,1,1127.0,DEU,ITA
STR,BEG,3,947.0,DEU,SRS
STR,BHX,1,879.0,DEU,ENG
STR,BIA,1,683.0,DEU,FXX
STR,BIO,1,1110.0,DEU,ESP
STR,BRE,1,486.0,DEU,DEU
STR,BRI,1,1027.0,DEU,ITA
STR,BRU,1,420.0,DEU,BFR
STR,BUD,1,759.0,DEU,HUN
STR,BVC,1,4644.0,DEU,CPV
STR,CAG,1,1050.0,DEU,ITA
STR,CDG,2,489.0,DEU,FXX
STR,CFU,2,1320.0,DEU,GRC
STR,CPH,1,805.0,DEU,DNK
STR,CTA,5,1334.0,DEU,ITA
STR,DBV,1,978.0,DEU,HRV
STR,DLM,2,2070.0,DEU,TUR
STR,DRS,1,424.0,DEU,DEU
STR,DUB,1,1200.0,DEU,IRL
STR,DUS,1,338.0,DEU,DEU
STR,ESB,1,2103.0,DEU,TUR
STR,EWR,2,6317.0,DEU,USA
STR,FAO,2,1902.0,DEU,PRX
STR,FCO,1,802.0,DEU,ITA
STR,FLR,2,564.0,DEU,ITA
STR,FMO,1,398.0,DEU,DEU
STR,FNC,2,2798.0,DEU,PMD
STR,FRA,1,157.0,DEU,DEU
STR,FUE,2,2991.0,DEU,ESP
STR,GRZ,2,501.0,DEU,AUT
STR,GVA,1,359.0,DEU,CHE
STR,GWT,1,695.0,DEU,DEU
STR,HAJ,2,421.0,DEU,DEU
STR,HAM,2,552.0,DEU,DEU
STR,HDF,1,671.0,DEU,DEU
STR,HER,3,1977.0,DEU,GRC
STR,IBZ,2,1259.0,DEU,ESP
STR,IST,1,1736.0,DEU,TUR
STR,JER,1,835.0,DEU,JEY
STR,KGS,2,1961.0,DEU,GRC
STR,KRK,1,779.0,DEU,POL
STR,KVA,1,1487.0,DEU,GRC
STR,LEJ,1,372.0,DEU,DEU
STR,LHR,4,756.0,DEU,ENG
STR,LIS,1,1833.0,DEU,PRX
STR,LPA,2,3125.0,DEU,ESP
STR,MAH,1,1059.0,DEU,ESP
STR,MUC,2,192.0,DEU,DEU
STR,MXP,1,342.0,DEU,ITA
STR,NAP,3,955.0,DEU,ITA
STR,OLB,3,867.0,DEU,ITA
STR,PMI,4,1139.0,DEU,ESP
STR,PRN,1,1141.0,DEU,KOS
STR,RHO,2,2052.0,DEU,GRC
STR,RJK,1,560.0,DEU,HRV
STR,RLG,1,619.0,DEU,DEU
STR,SAW,3,1799.0,DEU,TUR
STR,SJJ,1,884.0,DEU,BHF
STR,SKG,4,1414.0,DEU,GRC
STR,SPU,1,790.0,DEU,HRV
STR,STN,1,730.0,DEU,ENG
STR,SUF,1,1224.0,DEU,ITA
STR,SVO,1,2061.0,DEU,RUS
STR,TFS,2,3184.0,DEU,ESP
STR,TXL,3,517.0,DEU,DEU
STR,VCE,2,426.0,DEU,ITA
STR,VIE,3,546.0,DEU,AUT
STR,XRY,2,1816.0,DEU,ESP
STR,ZAD,1,692.0,DEU,HRV
STR,ZAG,1,612.0,DEU,HRV
STR,ZRH,2,145.0,DEU,CHE
STS,LAX,2,643.0,USA,USA
STS,PDX,1,787.0,USA,USA
STS,SAN,2,819.0,USA,USA
STS,SEA,1,995.0,USA,USA
STT,ATL,3,2575.0,VIR,USA
STT,AXA,1,203.0,VIR,AIA
STT,CLT,2,2449.0,VIR,USA
STT,DOM,1,499.0,VIR,DMA
STT,EIS,2,47.0,VIR,VGB
STT,EWR,1,2636.0,VIR,USA
STT,FLL,1,1782.0,VIR,USA
STT,IAD,1,2589.0,VIR,USA
STT,JFK,4,2619.0,VIR,USA
STT,MIA,3,1781.0,VIR,USA
STT,NEV,1,282.0,VIR,KNA
STT,ORD,1,3408.0,VIR,USA
STT,PHL,2,2590.0,VIR,USA
STT,SBH,1,230.0,VIR,BLM
STT,SJU,5,109.0,VIR,PRI
STT,STX,2,73.0,VIR,VIR
STT,SXM,2,200.0,VIR,SXM
STT,VIJ,1,59.0,VIR,VGB
STV,BOM,1,226.0,IND,IND
STV,DEL,2,938.0,IND,IND
STW,DME,2,1183.0,RUS,RUS
STW,SAW,1,1140.0,RUS,TUR
STW,SVO,1,1252.0,RUS,RUS
STX,MIA,2,1833.0,VIR,USA
STX,SJU,3,151.0,VIR,PRI
STX,STT,2,73.0,VIR,VIR
STX,SXM,1,183.0,VIR,SXM
STX,VQS,1,80.0,VIR,PRI
STZ,SXO,1,131.0,BRA,BRA
SUB,AMQ,2,1742.0,IDN,IDN
SUB,BDJ,3,489.0,IDN,IDN
SUB,BDO,3,577.0,IDN,IDN
SUB,BPN,4,818.0,IDN,IDN
SUB,BTH,2,1348.0,IDN,IDN
SUB,BWN,2,1391.0,IDN,BRN
SUB,CGK,6,691.0,IDN,IDN
SUB,DMK,1,2723.0,IDN,THA
SUB,DPS,4,303.0,IDN,IDN
SUB,HKG,1,3304.0,IDN,HKG
SUB,JED,1,8645.0,IDN,SAU
SUB,JHB,2,1425.0,IDN,MYS
SUB,JOG,2,264.0,IDN,IDN
SUB,KOE,3,1236.0,IDN,IDN
SUB,KUL,3,1667.0,IDN,MYS
SUB,LOP,3,414.0,IDN,IDN
SUB,MDC,3,1673.0,IDN,IDN
SUB,PEN,1,1978.0,IDN,MYS
SUB,PKN,1,534.0,IDN,IDN
SUB,PKY,1,587.0,IDN,IDN
SUB,SIN,8,1376.0,IDN,SGP
SUB,SRG,3,270.0,IDN,IDN
SUB,TPE,1,3723.0,IDN,TWN
SUB,TRK,1,1303.0,IDN,IDN
SUB,UPG,4,791.0,IDN,IDN
SUF,BGY,1,924.0,ITA,ITA
SUF,BLQ,1,749.0,ITA,ITA
SUF,CGN,1,1508.0,ITA,DEU
SUF,CRL,1,1583.0,ITA,BWR
SUF,CTA,1,190.0,ITA,ITA
SUF,DUS,1,1562.0,ITA,DEU
SUF,FCO,2,468.0,ITA,ITA
SUF,HAJ,1,1589.0,ITA,DEU
SUF,HHN,1,1418.0,ITA,DEU
SUF,LIN,1,926.0,ITA,ITA
SUF,MUC,1,1110.0,ITA,DEU
SUF,MXP,1,969.0,ITA,ITA
SUF,NRN,1,1615.0,ITA,DEU
SUF,PSA,1,722.0,ITA,ITA
SUF,STN,1,1901.0,ITA,ENG
SUF,STR,1,1224.0,ITA,DEU
SUF,TRN,2,996.0,ITA,ITA
SUF,TSF,1,820.0,ITA,ITA
SUF,VCE,2,801.0,ITA,ITA
SUF,VIE,1,1024.0,ITA,AUT
SUF,ZRH,2,1137.0,ITA,CHE
SUG,CEB,1,176.0,PHL,PHL
SUG,MNL,2,717.0,PHL,PHL
SUJ,OTP,2,427.0,ROU,ROU
SUK,YKS,1,634.0,RUS,RUS
SUR,YXL,1,371.0,CAN,CAN
SUV,AKL,1,2141.0,FJI,NZL
SUV,FUN,1,1061.0,FJI,TUV
SUV,ICI,1,225.0,FJI,FJI
SUV,KDV,1,121.0,FJI,FJI
SUV,LBS,1,194.0,FJI,FJI
SUV,LKB,1,278.0,FJI,FJI
SUV,NAN,1,122.0,FJI,FJI
SUV,SVU,1,161.0,FJI,FJI
SUV,SYD,1,3241.0,FJI,AUS
SUV,TBU,1,749.0,FJI,TON
SUV,TVU,1,224.0,FJI,FJI
SUV,VBV,1,275.0,FJI,FJI
SUX,ORD,2,700.0,USA,USA
SVA,GAM,2,62.0,USA,USA
SVA,OME,2,262.0,USA,USA
SVB,DIE,1,235.0,MDG,MDG
SVB,TNR,1,579.0,MDG,MDG
SVB,WMN,1,139.0,MDG,MDG
SVD,BGI,1,180.0,VCT,BRB
SVD,GND,1,146.0,VCT,GRD
SVD,POS,1,286.0,VCT,TTO
SVD,SLU,1,98.0,VCT,LCA
SVG,AAL,1,318.0,NOW,DNK
SVG,ABZ,3,497.0,NOW,SCT
SVG,AGP,1,2576.0,NOW,ESP
SVG,ALC,2,2333.0,NOW,ESP
SVG,AMS,2,732.0,NOW,NLX
SVG,ARN,1,702.0,NOW,SWE
SVG,BCN,2,1971.0,NOW,ESP
SVG,BGO,4,159.0,NOW,NOW
SVG,BLL,1,408.0,NOW,DNK
SVG,CDG,2,1115.0,NOW,FXX
SVG,CPH,1,556.0,NOW,DNK
SVG,EDI,1,629.0,NOW,SCT
SVG,EVE,1,1195.0,NOW,NOW
SVG,FAE,1,790.0,NOW,FRO
SVG,FRA,2,1001.0,NOW,DEU
SVG,FRO,1,303.0,NOW,NOW
SVG,GDN,1,928.0,NOW,POL
SVG,GOT,1,411.0,NOW,SWE
SVG,KEF,1,1590.0,NOW,ISL
SVG,KRK,1,1334.0,NOW,POL
SVG,KRS,1,161.0,NOW,NOW
SVG,KSU,2,485.0,NOW,NOW
SVG,KTW,1,1268.0,NOW,POL
SVG,LGW,1,935.0,NOW,ENG
SVG,LHR,3,909.0,NOW,ENG
SVG,MAN,1,785.0,NOW,ENG
SVG,NCL,3,616.0,NOW,ENG
SVG,OSL,3,335.0,NOW,NOW
SVG,RIX,1,1101.0,NOW,LVA
SVG,SRP,1,103.0,NOW,NOW
SVG,SXF,1,874.0,NOW,DEU
SVG,SZZ,1,820.0,NOW,POL
SVG,TOS,1,1355.0,NOW,NOW
SVG,TRD,1,583.0,NOW,NOW
SVG,TRF,1,267.0,NOW,NOW
SVG,VNO,1,1281.0,NOW,LTU
SVG,WAW,1,1215.0,NOW,POL
SVI,ACR,1,402.0,COL,COL
SVI,BOG,1,292.0,COL,COL
SVJ,BOO,1,109.0,NOW,NOW
SVJ,LKN,1,45.0,NOW,NOW
SVJ,SKN,1,40.0,NOW,NOW
SVL,HEL,2,280.0,FIN,FIN
SVO,AAQ,1,1220.0,RUS,RUS
SVO,ABA,1,3375.0,RUS,RUS
SVO,AER,1,1404.0,RUS,RUS
SVO,AGP,2,3781.0,RUS,ESP
SVO,ALA,1,3122.0,RUS,KAZ
SVO,ALG,1,3332.0,RUS,DZA
SVO,AMS,2,2144.0,RUS,NLX
SVO,ARH,2,976.0,RUS,RUS
SVO,ARN,2,1220.0,RUS,SWE
SVO,ASF,1,1303.0,RUS,RUS
SVO,ATH,1,2242.0,RUS,GRC
SVO,AYT,2,2178.0,RUS,TUR
SVO,BAX,1,2924.0,RUS,RUS
SVO,BCN,2,3017.0,RUS,ESP
SVO,BEG,2,1725.0,RUS,SRS
SVO,BEY,2,2468.0,RUS,LBN
SVO,BKK,1,7105.0,RUS,THA
SVO,BLQ,2,2230.0,RUS,ITA
SVO,BOJ,1,1651.0,RUS,BGR
SVO,BRU,1,2230.0,RUS,BFR
SVO,BUD,1,1563.0,RUS,HUN
SVO,CAI,1,2913.0,RUS,EGY
SVO,CAN,2,7003.0,RUS,CHN
SVO,CDG,2,2454.0,RUS,FXX
SVO,CEK,1,1506.0,RUS,RUS
SVO,CMN,2,4243.0,RUS,MAR
SVO,CPH,2,1540.0,RUS,DNK
SVO,CTA,2,2647.0,RUS,ITA
SVO,DEL,1,4363.0,RUS,IND
SVO,DNK,1,861.0,RUS,UKR
SVO,DOK,1,879.0,RUS,UKR
SVO,DRS,1,1643.0,RUS,DEU
SVO,DUS,1,2068.0,RUS,DEU
SVO,DXB,2,3712.0,RUS,ARE
SVO,EVN,1,1832.0,RUS,ARM
SVO,FCO,2,2399.0,RUS,ITA
SVO,FRA,1,2022.0,RUS,DEU
SVO,FRU,2,2987.0,RUS,KGZ
SVO,GDZ,1,1267.0,RUS,RUS
SVO,GOJ,1,396.0,RUS,RUS
SVO,GVA,1,2411.0,RUS,CHE
SVO,GYD,2,1955.0,RUS,AZE
SVO,HAJ,1,1831.0,RUS,DEU
SVO,HAM,1,1765.0,RUS,DEU
SVO,HAN,1,6730.0,RUS,VNM
SVO,HAV,2,9577.0,RUS,CUB
SVO,HEL,2,874.0,RUS,FIN
SVO,HER,1,2475.0,RUS,GRC
SVO,HKG,1,7137.0,RUS,HKG
SVO,HRG,1,3215.0,RUS,EGY
SVO,HRK,1,677.0,RUS,UKR
SVO,HTA,1,4726.0,RUS,RUS
SVO,IAD,2,7812.0,RUS,USA
SVO,ICN,2,6586.0,RUS,KOR
SVO,IKA,2,2512.0,RUS,IRN
SVO,IKT,1,4211.0,RUS,RUS
SVO,IST,1,1751.0,RUS,TUR
SVO,JFK,2,7481.0,RUS,USA
SVO,KBP,2,761.0,RUS,UKR
SVO,KEJ,1,2994.0,RUS,RUS
SVO,KGD,1,1065.0,RUS,RUS
SVO,KGF,1,2482.0,RUS,KAZ
SVO,KHV,1,6137.0,RUS,RUS
SVO,KJA,1,3326.0,RUS,RUS
SVO,KLV,2,1746.0,RUS,CZE
SVO,KRK,1,1344.0,RUS,POL
SVO,KRR,1,1222.0,RUS,RUS
SVO,KUF,1,862.0,RUS,RUS
SVO,KZN,1,742.0,RUS,RUS
SVO,LAX,2,9757.0,RUS,USA
SVO,LCA,2,2364.0,RUS,CYP
SVO,LED,1,599.0,RUS,RUS
SVO,LHR,1,2508.0,RUS,ENG
SVO,LJU,2,1921.0,RUS,SVN
SVO,MAD,2,3420.0,RUS,ESP
SVO,MIA,2,9200.0,RUS,USA
SVO,MLA,2,2827.0,RUS,MLT
SVO,MLE,1,6587.0,RUS,MDV
SVO,MMK,2,1443.0,RUS,RUS
SVO,MQF,1,1396.0,RUS,RUS
SVO,MRS,1,2666.0,RUS,FXX
SVO,MRV,1,1366.0,RUS,RUS
SVO,MSQ,1,642.0,RUS,BLR
SVO,MUC,1,1927.0,RUS,DEU
SVO,MXP,2,2297.0,RUS,ITA
SVO,NBC,1,918.0,RUS,RUS
SVO,NBE,1,3001.0,RUS,TUN
SVO,NCE,1,2532.0,RUS,FXX
SVO,NJC,1,2301.0,RUS,RUS
SVO,NOZ,1,3104.0,RUS,RUS
SVO,NRT,1,7507.0,RUS,JPN
SVO,NUX,1,2334.0,RUS,RUS
SVO,ODS,2,1159.0,RUS,UKR
SVO,OMS,1,2240.0,RUS,RUS
SVO,OSL,2,1606.0,RUS,NOW
SVO,OTP,2,1498.0,RUS,ROU
SVO,OVB,1,2800.0,RUS,RUS
SVO,PEE,1,1145.0,RUS,RUS
SVO,PEK,4,5795.0,RUS,CHN
SVO,PKC,1,6742.0,RUS,RUS
SVO,PMO,2,2676.0,RUS,ITA
SVO,PRG,2,1670.0,RUS,CZE
SVO,PSA,2,2347.0,RUS,ITA
SVO,PUJ,2,9243.0,RUS,DOM
SVO,PVG,2,6851.0,RUS,CHN
SVO,REN,1,1266.0,RUS,RUS
SVO,RHO,1,2286.0,RUS,GRC
SVO,RIX,2,832.0,RUS,LVA
SVO,ROV,1,958.0,RUS,RUS
SVO,SCW,2,995.0,RUS,RUS
SVO,SGC,1,2135.0,RUS,RUS
SVO,SGN,1,7727.0,RUS,VNM
SVO,SIP,1,1238.0,RUS,RUS
SVO,SKG,1,2015.0,RUS,GRC
SVO,SOF,2,1784.0,RUS,BGR
SVO,SSH,1,3122.0,RUS,EGY
SVO,STR,1,2061.0,RUS,DEU
SVO,STW,1,1252.0,RUS,RUS
SVO,SVX,1,1436.0,RUS,RUS
SVO,SXF,1,1597.0,RUS,DEU
SVO,TAS,2,2817.0,RUS,UZB
SVO,TFS,1,5243.0,RUS,ESP
SVO,TJM,1,1703.0,RUS,RUS
SVO,TLL,2,838.0,RUS,EST
SVO,TLV,1,2672.0,RUS,ISR
SVO,TOF,1,2898.0,RUS,RUS
SVO,TSE,1,2293.0,RUS,KAZ
SVO,TXL,2,1603.0,RUS,DEU
SVO,UFA,1,1176.0,RUS,RUS
SVO,ULN,2,4635.0,RUS,MNG
SVO,URC,2,3729.0,RUS,CHN
SVO,UUD,1,4413.0,RUS,RUS
SVO,UUS,1,6642.0,RUS,RUS
SVO,VAR,1,1573.0,RUS,BGR
SVO,VCE,2,2095.0,RUS,ITA
SVO,VIE,1,1663.0,RUS,AUT
SVO,VNO,1,781.0,RUS,LTU
SVO,VOG,1,927.0,RUS,RUS
SVO,VVO,1,6404.0,RUS,RUS
SVO,WAW,2,1150.0,RUS,POL
SVO,YKS,1,4872.0,RUS,RUS
SVO,YYZ,1,7467.0,RUS,CAN
SVO,ZAG,1,1868.0,RUS,HRV
SVO,ZRH,1,2181.0,RUS,CHE
SVP,LAD,1,566.0,AGO,AGO
SVP,VPE,1,533.0,AGO,AGO
SVQ,ACE,1,1183.0,ESP,ESP
SVQ,AMS,3,1852.0,ESP,NLX
SVQ,BCN,3,809.0,ESP,ESP
SVQ,BGY,1,1585.0,ESP,ITA
SVQ,BIO,2,701.0,ESP,ESP
SVQ,BLQ,1,1641.0,ESP,ITA
SVQ,BOD,1,931.0,ESP,FXX
SVQ,BRI,1,1987.0,ESP,ITA
SVQ,BRU,1,1709.0,ESP,BFR
SVQ,BSL,1,1574.0,ESP,FXX
SVQ,BVA,1,1484.0,ESP,FXX
SVQ,CIA,1,1653.0,ESP,ITA
SVQ,CRL,1,1666.0,ESP,BWR
SVQ,DUB,1,1780.0,ESP,IRL
SVQ,EIN,1,1794.0,ESP,NLX
SVQ,GVA,1,1394.0,ESP,CHE
SVQ,LCG,2,687.0,ESP,ESP
SVQ,LEI,2,319.0,ESP,ESP
SVQ,LGW,2,1592.0,ESP,ENG
SVQ,LIS,3,322.0,ESP,PRX
SVQ,LPA,4,1378.0,ESP,ESP
SVQ,LYS,3,1296.0,ESP,FXX
SVQ,MAD,1,395.0,ESP,ESP
SVQ,MRS,1,1153.0,ESP,FXX
SVQ,NTE,3,1138.0,ESP,FXX
SVQ,ORY,3,1423.0,ESP,FXX
SVQ,OVD,2,683.0,ESP,ESP
SVQ,PMI,5,788.0,ESP,ESP
SVQ,PMO,1,1667.0,ESP,ITA
SVQ,PSA,1,1539.0,ESP,ITA
SVQ,RAK,1,675.0,ESP,MAR
SVQ,SCQ,1,646.0,ESP,ESP
SVQ,SDR,1,691.0,ESP,ESP
SVQ,STN,1,1679.0,ESP,ENG
SVQ,TFN,3,1390.0,ESP,ESP
SVQ,TFS,1,1442.0,ESP,ESP
SVQ,TLS,2,923.0,ESP,FXX
SVQ,VLC,1,524.0,ESP,ESP
SVU,NAN,1,228.0,FJI,FJI
SVU,SUV,1,161.0,FJI,FJI
SVU,TVU,1,84.0,FJI,FJI
SVX,AER,2,2081.0,RUS,RUS
SVX,BKK,1,5858.0,RUS,THA
SVX,CDG,1,3877.0,RUS,FXX
SVX,DME,3,1422.0,RUS,RUS
SVX,DWC,2,3570.0,RUS,ARE
SVX,DXB,1,3529.0,RUS,ARE
SVX,DYU,3,2108.0,RUS,TJK
SVX,EVN,2,2194.0,RUS,ARM
SVX,EYK,1,837.0,RUS,RUS
SVX,FCO,1,3793.0,RUS,ITA
SVX,FRU,4,1802.0,RUS,KGZ
SVX,GOJ,1,1044.0,RUS,RUS
SVX,GYD,2,1970.0,RUS,AZE
SVX,HEL,2,2091.0,RUS,FIN
SVX,HKT,1,6308.0,RUS,THA
SVX,HMA,1,673.0,RUS,RUS
SVX,HRB,1,4536.0,RUS,CHN
SVX,HRG,1,3920.0,RUS,EGY
SVX,IJK,1,447.0,RUS,RUS
SVX,IST,1,2859.0,RUS,TUR
SVX,KBP,2,2080.0,RUS,UKR
SVX,KGP,1,981.0,RUS,RUS
SVX,KJA,2,1931.0,RUS,RUS
SVX,KLV,1,3182.0,RUS,CZE
SVX,KQT,1,2182.0,RUS,TJK
SVX,KRO,1,319.0,RUS,RUS
SVX,KRR,2,1984.0,RUS,RUS
SVX,KUF,2,765.0,RUS,RUS
SVX,KZN,1,724.0,RUS,RUS
SVX,LBD,2,1947.0,RUS,TJK
SVX,LCA,1,3175.0,RUS,CYP
SVX,LED,2,1801.0,RUS,RUS
SVX,MQF,1,395.0,RUS,RUS
SVX,MRV,3,1862.0,RUS,RUS
SVX,MSQ,1,2078.0,RUS,BLR
SVX,MUC,1,3363.0,RUS,DEU
SVX,NBC,1,555.0,RUS,RUS
SVX,NJC,2,1013.0,RUS,RUS
SVX,NMA,2,1915.0,RUS,UZB
SVX,NOJ,1,1073.0,RUS,RUS
SVX,NSK,2,1905.0,RUS,RUS
SVX,NUX,2,1325.0,RUS,RUS
SVX,NYA,1,655.0,RUS,RUS
SVX,NYM,1,1159.0,RUS,RUS
SVX,OSS,3,1992.0,RUS,KGZ
SVX,OVB,5,1370.0,RUS,RUS
SVX,OVS,1,534.0,RUS,RUS
SVX,PEK,2,4365.0,RUS,CHN
SVX,PRG,2,3106.0,RUS,CZE
SVX,ROV,1,1746.0,RUS,RUS
SVX,RTW,1,1117.0,RUS,RUS
SVX,SCW,1,785.0,RUS,RUS
SVX,SGC,1,881.0,RUS,RUS
SVX,SHJ,1,3519.0,RUS,ARE
SVX,SLY,1,1136.0,RUS,RUS
SVX,SSH,1,3814.0,RUS,EGY
SVX,SVO,1,1436.0,RUS,RUS
SVX,TAS,2,1826.0,RUS,UZB
SVX,TJU,1,2189.0,RUS,TJK
SVX,TLV,1,3393.0,RUS,ISR
SVX,TSE,1,943.0,RUS,KAZ
SVX,UFA,1,393.0,RUS,RUS
SVX,ULV,1,837.0,RUS,RUS
SVX,URJ,1,441.0,RUS,RUS
SVX,VKO,1,1456.0,RUS,RUS
SVZ,CCS,1,672.0,VEN,VEN
SWA,BKK,1,1988.0,CHN,THA
SWA,CAN,1,327.0,CHN,CHN
SWA,CGO,1,1247.0,CHN,CHN
SWA,CKG,1,1195.0,CHN,CHN
SWA,CSX,2,611.0,CHN,CHN
SWA,CTU,3,1467.0,CHN,CHN
SWA,HAK,1,742.0,CHN,CHN
SWA,HFE,1,918.0,CHN,CHN
SWA,HGH,2,838.0,CHN,CHN
SWA,HKG,1,299.0,CHN,HKG
SWA,KWE,1,1032.0,CHN,CHN
SWA,KWL,1,680.0,CHN,CHN
SWA,NGB,2,854.0,CHN,CHN
SWA,NKG,2,940.0,CHN,CHN
SWA,NNG,1,859.0,CHN,CHN
SWA,PEK,3,1838.0,CHN,CHN
SWA,SHA,4,975.0,CHN,CHN
SWA,SIN,1,2813.0,CHN,SGP
SWA,SYX,1,939.0,CHN,CHN
SWA,WUH,1,836.0,CHN,CHN
SWA,YIW,2,734.0,CHN,CHN
SWA,ZHA,1,683.0,CHN,CHN
SWA,ZUH,1,364.0,CHN,CHN
SWF,DTW,1,770.0,USA,USA
SWF,FLL,1,1803.0,USA,USA
SWF,MCO,1,1594.0,USA,USA
SWF,PHL,2,205.0,USA,USA
SWF,PIE,1,1701.0,USA,USA
SWJ,NUS,1,45.0,VUT,VUT
SWJ,VLI,1,164.0,VUT,VUT
SXB,ADB,1,1937.0,FXX,TUR
SXB,AJA,1,741.0,FXX,FXX
SXB,AMS,3,466.0,FXX,NLX
SXB,BIA,1,681.0,FXX,FXX
SXB,BIQ,1,904.0,FXX,FXX
SXB,BOD,2,758.0,FXX,FXX
SXB,BRU,1,347.0,FXX,BFR
SXB,CMN,1,2108.0,FXX,MAR
SXB,DJE,1,1651.0,FXX,TUN
SXB,FCO,3,831.0,FXX,ITA
SXB,LGW,1,631.0,FXX,ENG
SXB,LIL,1,397.0,FXX,FXX
SXB,LYS,1,367.0,FXX,FXX
SXB,MAD,1,1259.0,FXX,ESP
SXB,MPL,2,620.0,FXX,FXX
SXB,MRS,1,597.0,FXX,FXX
SXB,NCE,1,544.0,FXX,FXX
SXB,NTE,2,706.0,FXX,FXX
SXB,OPO,1,1514.0,FXX,PRX
SXB,ORY,1,386.0,FXX,FXX
SXB,PMO,1,1233.0,FXX,ITA
SXB,PRG,2,511.0,FXX,CZE
SXB,RAK,1,2297.0,FXX,MAR
SXB,STN,1,644.0,FXX,ENG
SXB,TLS,1,728.0,FXX,FXX
SXB,TUN,1,1317.0,FXX,TUN
SXF,ACE,1,3427.0,DEU,ESP
SXF,AGA,1,3083.0,DEU,MAR
SXF,AGP,1,2243.0,DEU,ESP
SXF,AMS,1,595.0,DEU,NLX
SXF,ARN,1,853.0,DEU,SWE
SXF,ATH,1,1798.0,DEU,GRC
SXF,AYT,2,2186.0,DEU,TUR
SXF,BCN,2,1505.0,DEU,ESP
SXF,BEY,1,2705.0,DEU,LBN
SXF,BGO,1,1016.0,DEU,NOW
SXF,BGY,1,796.0,DEU,ITA
SXF,BRS,1,1118.0,DEU,ENG
SXF,BRU,1,645.0,DEU,BFR
SXF,BSL,1,683.0,DEU,FXX
SXF,BUD,1,686.0,DEU,HUN
SXF,CAG,1,1500.0,DEU,ITA
SXF,CAI,1,2874.0,DEU,EGY
SXF,CFU,1,1503.0,DEU,GRC
SXF,CPH,2,364.0,DEU,DNK
SXF,DJE,1,2069.0,DEU,TUN
SXF,DLM,1,2112.0,DEU,TUR
SXF,DUB,2,1328.0,DEU,IRL
SXF,EDI,1,1166.0,DEU,SCT
SXF,EMA,1,1002.0,DEU,ENG
SXF,FCO,1,1180.0,DEU,ITA
SXF,FUE,1,3487.0,DEU,ESP
SXF,GLA,1,1229.0,DEU,SCT
SXF,GVA,1,868.0,DEU,CHE
SXF,HER,2,2107.0,DEU,GRC
SXF,KEF,2,2431.0,DEU,ISL
SXF,KGS,1,2032.0,DEU,GRC
SXF,LCA,1,2513.0,DEU,CYP
SXF,LED,1,1320.0,DEU,RUS
SXF,LGW,1,952.0,DEU,ENG
SXF,LIS,2,2305.0,DEU,PRX
SXF,LPA,2,3617.0,DEU,ESP
SXF,LPL,1,1102.0,DEU,ENG
SXF,LTN,1,948.0,DEU,ENG
SXF,LYS,1,961.0,DEU,FXX
SXF,MAD,1,1853.0,DEU,ESP
SXF,MAN,1,1064.0,DEU,ENG
SXF,MSQ,1,980.0,DEU,BLR
SXF,MXP,1,828.0,DEU,ITA
SXF,NAP,1,1279.0,DEU,ITA
SXF,NBE,1,1829.0,DEU,TUN
SXF,NCE,1,1076.0,DEU,FXX
SXF,OLB,1,1312.0,DEU,ITA
SXF,ORY,1,885.0,DEU,FXX
SXF,OSL,1,874.0,DEU,NOW
SXF,PMI,2,1648.0,DEU,ESP
SXF,PSA,1,994.0,DEU,ITA
SXF,RAK,1,2894.0,DEU,MAR
SXF,RHO,1,2111.0,DEU,GRC
SXF,RYG,1,797.0,DEU,NOW
SXF,SAW,2,1748.0,DEU,TUR
SXF,SEN,1,882.0,DEU,ENG
SXF,SKG,1,1501.0,DEU,GRC
SXF,SKP,1,1308.0,DEU,MKD
SXF,SNN,1,1512.0,DEU,IRL
SXF,SOF,1,1305.0,DEU,BGR
SXF,STN,1,907.0,DEU,ENG
SXF,SVG,1,874.0,DEU,NOW
SXF,SVO,1,1597.0,DEU,RUS
SXF,SZG,1,511.0,DEU,AUT
SXF,TFS,3,3671.0,DEU,ESP
SXF,TLV,3,2846.0,DEU,ISR
SXF,TRD,1,1241.0,DEU,NOW
SXF,VCE,1,769.0,DEU,ITA
SXF,XRY,1,2315.0,DEU,ESP
SXI,SYZ,1,447.0,IRN,IRN
SXK,LUV,1,303.0,IDN,IDN
SXM,ANU,1,172.0,SXM,ACA
SXM,ATL,1,2739.0,SXM,USA
SXM,AXA,2,19.0,SXM,AIA
SXM,BGI,1,674.0,SXM,BRB
SXM,BOS,1,2806.0,SXM,USA
SXM,CDG,2,6739.0,SXM,FXX
SXM,CLT,2,2597.0,SXM,USA
SXM,CUR,2,904.0,SXM,CUW
SXM,DOM,5,338.0,SXM,DMA
SXM,EIS,4,158.0,SXM,VGB
SXM,EUX,1,62.0,SXM,NLY
SXM,EWR,1,2732.0,SXM,USA
SXM,FLL,1,1968.0,SXM,USA
SXM,IAD,1,2706.0,SXM,USA
SXM,JFK,4,2712.0,SXM,USA
SXM,KIN,1,1446.0,SXM,JAM
SXM,MIA,2,1968.0,SXM,USA
SXM,NEV,1,108.0,SXM,KNA
SXM,ORD,1,3549.0,SXM,USA
SXM,ORY,2,6723.0,SXM,FXX
SXM,PAP,1,971.0,SXM,HTI
SXM,PHL,2,2693.0,SXM,USA
SXM,PTP,1,259.0,SXM,GLP
SXM,PTY,1,2020.0,SXM,PAN
SXM,SAB,1,46.0,SXM,NLY
SXM,SBH,3,32.0,SXM,BLM
SXM,SDQ,3,694.0,SXM,DOM
SXM,SJU,3,309.0,SXM,PRI
SXM,SKB,2,91.0,SXM,KNA
SXM,SLU,1,501.0,SXM,LCA
SXM,STT,2,200.0,SXM,VIR
SXM,STX,1,183.0,SXM,VIR
SXM,YYZ,1,3244.0,SXM,CAN
SXO,GRP,1,170.0,BRA,BRA
SXR,ATQ,1,253.0,IND,IND
SXR,BOM,1,1667.0,IND,IND
SXR,DEL,6,642.0,IND,IND
SXR,IXC,1,414.0,IND,IND
SXR,IXJ,4,144.0,IND,IND
SXR,IXL,1,256.0,IND,IND
SXX,OIA,1,101.0,BRA,BRA
SYD,ABX,3,451.0,AUS,AUS
SYD,ADL,5,1164.0,AUS,AUS
SYD,AKL,11,2160.0,AUS,NZL
SYD,APW,1,4324.0,AUS,WSM
SYD,ARM,2,382.0,AUS,AUS
SYD,ASP,3,2020.0,AUS,AUS
SYD,AUH,3,12061.0,AUS,ARE
SYD,AVV,1,756.0,AUS,AUS
SYD,AYQ,2,2178.0,AUS,AUS
SYD,BHQ,1,930.0,AUS,AUS
SYD,BHS,1,153.0,AUS,AUS
SYD,BKK,4,7515.0,AUS,THA
SYD,BME,1,3378.0,AUS,AUS
SYD,BNE,5,753.0,AUS,AUS
SYD,BNK,3,612.0,AUS,AUS
SYD,CAN,1,7529.0,AUS,CHN
SYD,CBR,3,236.0,AUS,AUS
SYD,CFS,3,443.0,AUS,AUS
SYD,CGK,2,5519.0,AUS,IDN
SYD,CHC,7,2126.0,AUS,NZL
SYD,CKG,1,8485.0,AUS,CHN
SYD,CNS,5,1973.0,AUS,AUS
SYD,DBO,2,309.0,AUS,AUS
SYD,DEL,1,10435.0,AUS,IND
SYD,DFW,2,13808.0,AUS,USA
SYD,DPS,3,4622.0,AUS,IDN
SYD,DRW,4,3155.0,AUS,AUS
SYD,DXB,2,12044.0,AUS,ARE
SYD,GFF,1,472.0,AUS,AUS
SYD,GLT,1,1120.0,AUS,AUS
SYD,HBA,3,1039.0,AUS,AUS
SYD,HKG,5,7394.0,AUS,HKG
SYD,HKT,1,7267.0,AUS,THA
SYD,HNL,5,8171.0,AUS,USA
SYD,HTI,2,1527.0,AUS,AUS
SYD,HVB,1,973.0,AUS,AUS
SYD,ICN,4,8343.0,AUS,KOR
SYD,JNB,2,11024.0,AUS,ZAF
SYD,KTA,1,3681.0,AUS,AUS
SYD,KUL,2,6585.0,AUS,MYS
SYD,LAX,6,12061.0,AUS,USA
SYD,LDH,1,786.0,AUS,AUS
SYD,LST,2,914.0,AUS,AUS
SYD,LSY,1,602.0,AUS,AUS
SYD,MCY,2,837.0,AUS,AUS
SYD,MEL,7,705.0,AUS,AUS
SYD,MIM,1,349.0,AUS,AUS
SYD,MKY,1,1434.0,AUS,AUS
SYD,MNL,2,6263.0,AUS,PHL
SYD,MQL,1,837.0,AUS,AUS
SYD,MRZ,1,510.0,AUS,AUS
SYD,MYA,1,237.0,AUS,AUS
SYD,NAN,4,3170.0,AUS,FJI
SYD,NKG,2,8050.0,AUS,CHN
SYD,NLK,1,1678.0,AUS,NFK
SYD,NOU,2,1981.0,AUS,NCL
SYD,NRA,1,437.0,AUS,AUS
SYD,NRT,2,7832.0,AUS,JPN
SYD,NTL,1,142.0,AUS,AUS
SYD,OAG,1,199.0,AUS,AUS
SYD,OOL,4,680.0,AUS,AUS
SYD,PEK,1,8965.0,AUS,CHN
SYD,PER,5,3277.0,AUS,AUS
SYD,PKE,1,287.0,AUS,AUS
SYD,POM,2,2754.0,AUS,PNX
SYD,PPP,1,1518.0,AUS,AUS
SYD,PQQ,3,321.0,AUS,AUS
SYD,PVG,4,7865.0,AUS,CHN
SYD,RAR,1,4985.0,AUS,COK
SYD,SCL,2,11340.0,AUS,CHL
SYD,SFO,2,11950.0,AUS,USA
SYD,SGN,2,6846.0,AUS,VNM
SYD,SIN,9,6293.0,AUS,SGP
SYD,SUV,1,3241.0,AUS,FJI
SYD,TBU,1,3585.0,AUS,TON
SYD,TMW,1,320.0,AUS,AUS
SYD,TPE,1,7285.0,AUS,TWN
SYD,TRO,1,261.0,AUS,AUS
SYD,TSV,2,1691.0,AUS,AUS
SYD,TWB,1,716.0,AUS,AUS
SYD,VLI,2,2484.0,AUS,VUT
SYD,WGA,2,366.0,AUS,AUS
SYD,WLG,5,2228.0,AUS,NZL
SYD,YVR,1,12501.0,AUS,CAN
SYD,ZQN,3,1939.0,AUS,NZL
SYM,KMG,3,326.0,CHN,CHN
SYO,HND,1,362.0,JPN,JPN
SYQ,LIR,1,169.0,CRI,CRI
SYR,ATL,4,1278.0,USA,USA
SYR,BOS,2,425.0,USA,USA
SYR,CLE,1,509.0,USA,USA
SYR,CLT,2,972.0,USA,USA
SYR,DCA,2,480.0,USA,USA
SYR,DTW,1,601.0,USA,USA
SYR,EWR,1,313.0,USA,USA
SYR,IAD,1,477.0,USA,USA
SYR,JFK,2,336.0,USA,USA
SYR,LGA,1,319.0,USA,USA
SYR,MCO,1,1698.0,USA,USA
SYR,MSP,1,1381.0,USA,USA
SYR,ORD,3,974.0,USA,USA
SYR,PHL,2,367.0,USA,USA
SYR,PIE,1,1791.0,USA,USA
SYR,YYZ,1,292.0,USA,CAN
SYX,CAN,3,695.0,CHN,CHN
SYX,CGO,5,1856.0,CHN,CHN
SYX,CKG,5,1300.0,CHN,CHN
SYX,CSX,5,1166.0,CHN,CHN
SYX,CTU,5,1472.0,CHN,CHN
SYX,DME,1,7179.0,CHN,RUS
SYX,FOC,3,1354.0,CHN,CHN
SYX,HFE,1,1695.0,CHN,CHN
SYX,HGH,8,1732.0,CHN,CHN
SYX,HKG,3,647.0,CHN,HKG
SYX,KHN,1,1347.0,CHN,CHN
SYX,KMG,3,1010.0,CHN,CHN
SYX,KWE,4,954.0,CHN,CHN
SYX,KWL,1,772.0,CHN,CHN
SYX,LZH,1,657.0,CHN,CHN
SYX,MIG,1,1533.0,CHN,CHN
SYX,NGB,2,1769.0,CHN,CHN
SYX,NKG,3,1770.0,CHN,CHN
SYX,NNG,4,496.0,CHN,CHN
SYX,PEK,4,2517.0,CHN,CHN
SYX,PVG,5,1896.0,CHN,CHN
SYX,SHA,3,1869.0,CHN,CHN
SYX,SJW,1,2280.0,CHN,CHN
SYX,SWA,1,939.0,CHN,CHN
SYX,SZX,4,665.0,CHN,CHN
SYX,TNA,2,2200.0,CHN,CHN
SYX,TPE,1,1434.0,CHN,TWN
SYX,TSN,2,2438.0,CHN,CHN
SYX,TYN,2,2185.0,CHN,CHN
SYX,WNZ,3,1583.0,CHN,CHN
SYX,WUH,4,1470.0,CHN,CHN
SYX,WUX,2,1838.0,CHN,CHN
SYX,XIY,3,1796.0,CHN,CHN
SYX,XMN,5,1138.0,CHN,CHN
SYX,YBP,1,1268.0,CHN,CHN
SYX,YCU,1,1876.0,CHN,CHN
SYX,YIH,1,1378.0,CHN,CHN
SYX,YTY,1,1891.0,CHN,CHN
SYX,ZHA,1,339.0,CHN,CHN
SYX,ZUH,2,584.0,CHN,CHN
SYX,ZYI,1,1062.0,CHN,CHN
SYY,ABZ,1,270.0,SCT,SCT
SYY,BEB,1,102.0,SCT,SCT
SYY,EDI,1,309.0,SCT,SCT
SYY,GLA,1,285.0,SCT,SCT
SYY,INV,1,154.0,SCT,SCT
SYZ,ABD,1,430.0,IRN,IRN
SYZ,AWZ,3,418.0,IRN,IRN
SYZ,BDH,1,400.0,IRN,IRN
SYZ,BND,2,452.0,IRN,IRN
SYZ,BUZ,1,183.0,IRN,IRN
SYZ,DOH,2,484.0,IRN,QAT
SYZ,DXB,1,550.0,IRN,ARE
SYZ,IFN,1,364.0,IRN,IRN
SYZ,IST,1,2511.0,IRN,TUR
SYZ,KER,1,428.0,IRN,IRN
SYZ,KIH,4,362.0,IRN,IRN
SYZ,KWI,2,449.0,IRN,KWT
SYZ,LFM,1,248.0,IRN,IRN
SYZ,LRR,1,271.0,IRN,IRN
SYZ,MCT,1,870.0,IRN,OMN
SYZ,MED,1,1390.0,IRN,SAU
SYZ,MHD,3,993.0,IRN,IRN
SYZ,PGU,1,241.0,IRN,IRN
SYZ,RAS,1,908.0,IRN,IRN
SYZ,SHJ,1,550.0,IRN,ARE
SYZ,SRY,1,791.0,IRN,IRN
SYZ,SXI,1,447.0,IRN,IRN
SYZ,TBZ,1,1121.0,IRN,IRN
SYZ,THR,3,694.0,IRN,IRN
SYZ,ZAH,1,805.0,IRN,IRN
SZA,CAB,1,64.0,AGO,AGO
SZA,LAD,2,317.0,AGO,AGO
SZB,AOR,3,363.0,MYS,MYS
SZB,BTH,2,363.0,MYS,IDN
SZB,JHB,3,288.0,MYS,MYS
SZB,KBR,3,348.0,MYS,MYS
SZB,KTE,2,261.0,MYS,MYS
SZB,LGK,3,409.0,MYS,MYS
SZB,PEN,3,279.0,MYS,MYS
SZB,PKU,2,297.0,MYS,IDN
SZB,RDN,1,335.0,MYS,MYS
SZB,SIN,2,336.0,MYS,SGP
SZB,TGG,3,304.0,MYS,MYS
SZB,USM,2,732.0,MYS,THA
SZG,ACE,2,3098.0,AUT,ESP
SZG,AYT,2,1891.0,AUT,TUR
SZG,CGN,2,545.0,AUT,DEU
SZG,CLY,2,672.0,AUT,FXX
SZG,DUS,2,594.0,AUT,DEU
SZG,FRA,2,409.0,AUT,DEU
SZG,HAM,2,683.0,AUT,DEU
SZG,HER,2,1711.0,AUT,GRC
SZG,HRG,1,2917.0,AUT,EGY
SZG,IST,1,1439.0,AUT,TUR
SZG,LGW,2,1022.0,AUT,ENG
SZG,LPA,2,3296.0,AUT,ESP
SZG,PMI,2,1231.0,AUT,ESP
SZG,STN,1,1021.0,AUT,ENG
SZG,SXF,1,511.0,AUT,DEU
SZG,TFS,2,3363.0,AUT,ESP
SZG,TXL,2,530.0,AUT,DEU
SZG,VIE,3,268.0,AUT,AUT
SZG,ZRH,1,336.0,AUT,CHE
SZX,BFJ,1,985.0,CHN,CHN
SZX,BHY,1,481.0,CHN,CHN
SZX,BKI,2,1873.0,CHN,MYS
SZX,BKK,2,1700.0,CHN,THA
SZX,CGD,1,731.0,CHN,CHN
SZX,CGO,4,1321.0,CHN,CHN
SZX,CGQ,2,2612.0,CHN,CHN
SZX,CJU,1,1732.0,CHN,KOR
SZX,CKG,6,1063.0,CHN,CHN
SZX,CSX,2,620.0,CHN,CHN
SZX,CTU,7,1318.0,CHN,CHN
SZX,CZX,4,1188.0,CHN,CHN
SZX,DAX,2,1136.0,CHN,CHN
SZX,DLC,3,1958.0,CHN,CHN
SZX,DMK,1,1697.0,CHN,THA
SZX,DPS,1,3493.0,CHN,IDN
SZX,DYG,1,794.0,CHN,CHN
SZX,FOC,4,697.0,CHN,CHN
SZX,GYS,2,1346.0,CHN,CHN
SZX,HAK,4,459.0,CHN,CHN
SZX,HFE,4,1073.0,CHN,CHN
SZX,HGH,8,1071.0,CHN,CHN
SZX,HIA,1,1344.0,CHN,CHN
SZX,HKT,1,2313.0,CHN,THA
SZX,HRB,3,2793.0,CHN,CHN
SZX,HSN,1,1176.0,CHN,CHN
SZX,HYN,2,1008.0,CHN,CHN
SZX,ICN,3,2045.0,CHN,KOR
SZX,JDZ,2,817.0,CHN,CHN
SZX,JGS,1,478.0,CHN,CHN
SZX,JJN,4,542.0,CHN,CHN
SZX,JUZ,2,868.0,CHN,CHN
SZX,KHH,1,671.0,CHN,TWN
SZX,KHN,5,723.0,CHN,CHN
SZX,KMG,6,1139.0,CHN,CHN
SZX,KOW,1,371.0,CHN,CHN
SZX,KUL,1,2568.0,CHN,MYS
SZX,KWE,5,831.0,CHN,CHN
SZX,KWL,3,479.0,CHN,CHN
SZX,LHW,1,1828.0,CHN,CHN
SZX,LJG,1,1442.0,CHN,CHN
SZX,LLF,1,468.0,CHN,CHN
SZX,LYI,1,1450.0,CHN,CHN
SZX,LZH,1,483.0,CHN,CHN
SZX,LZO,1,1089.0,CHN,CHN
SZX,MIG,2,1326.0,CHN,CHN
SZX,MXZ,1,304.0,CHN,CHN
SZX,NAO,1,1182.0,CHN,CHN
SZX,NAY,2,1922.0,CHN,CHN
SZX,NGB,4,1104.0,CHN,CHN
SZX,NKG,5,1128.0,CHN,CHN
SZX,NNG,5,579.0,CHN,CHN
SZX,NNY,1,1156.0,CHN,CHN
SZX,PEK,4,1957.0,CHN,CHN
SZX,PVG,6,1233.0,CHN,CHN
SZX,RMQ,1,718.0,CHN,TWN
SZX,SHA,7,1208.0,CHN,CHN
SZX,SHE,3,2297.0,CHN,CHN
SZX,SIN,5,2594.0,CHN,SGP
SZX,SJW,4,1741.0,CHN,CHN
SZX,SYX,4,665.0,CHN,CHN
SZX,TAO,4,1642.0,CHN,CHN
SZX,TEN,1,738.0,CHN,CHN
SZX,TNA,4,1614.0,CHN,CHN
SZX,TPE,4,802.0,CHN,TWN
SZX,TSN,6,1863.0,CHN,CHN
SZX,TXN,1,905.0,CHN,CHN
SZX,TYN,4,1684.0,CHN,CHN
SZX,URC,1,3376.0,CHN,CHN
SZX,WNZ,4,919.0,CHN,CHN
SZX,WUH,4,906.0,CHN,CHN
SZX,WUX,4,1182.0,CHN,CHN
SZX,WXN,1,1053.0,CHN,CHN
SZX,XFN,3,1068.0,CHN,CHN
SZX,XIY,5,1402.0,CHN,CHN
SZX,XMN,4,488.0,CHN,CHN
SZX,XUZ,1,1321.0,CHN,CHN
SZX,YBP,2,1153.0,CHN,CHN
SZX,YCU,2,1413.0,CHN,CHN
SZX,YIC,2,576.0,CHN,CHN
SZX,YIH,3,910.0,CHN,CHN
SZX,YNT,2,1794.0,CHN,CHN
SZX,YTY,1,1247.0,CHN,CHN
SZX,ZHA,2,390.0,CHN,CHN
SZX,ZYI,1,879.0,CHN,CHN
SZZ,DUB,1,1395.0,POL,IRL
SZZ,LPL,1,1173.0,POL,ENG
SZZ,OSL,1,763.0,POL,NOW
SZZ,STN,1,1004.0,POL,ENG
SZZ,SVG,1,820.0,POL,NOW
SZZ,TRF,1,685.0,POL,NOW
SZZ,WAW,1,436.0,POL,POL
TAB,ANU,1,674.0,TTO,ACA
TAB,BGI,1,259.0,TTO,BRB
TAB,JFK,1,3516.0,TTO,USA
TAB,POS,1,83.0,TTO,TTO
TAC,CEB,1,154.0,PHL,PHL
TAC,MNL,4,567.0,PHL,PHL
TAE,CJU,3,331.0,KOR,KOR
TAE,ICN,1,263.0,KOR,KOR
TAE,PEK,1,1154.0,KOR,CHN
TAE,PVG,1,826.0,KOR,CHN
TAG,MNL,3,620.0,PHL,PHL
TAH,AUY,1,105.0,VUT,VUT
TAH,AWD,1,47.0,VUT,VUT
TAH,FTA,1,106.0,VUT,
TAH,IPA,1,67.0,VUT,VUT
TAH,VLI,1,217.0,VUT,VUT
TAI,CAI,1,2247.0,YEM,EGY
TAI,DMM,1,1539.0,YEM,SAU
TAI,JED,1,1033.0,YEM,SAU
TAI,JIB,1,260.0,YEM,DJI
TAI,RUH,1,1282.0,YEM,SAU
TAI,SAH,2,199.0,YEM,YEM
TAK,HND,2,546.0,JPN,JPN
TAK,ICN,2,772.0,JPN,KOR
TAK,NRT,1,605.0,JPN,JPN
TAK,OKA,1,1081.0,JPN,JPN
TAK,PVG,1,1192.0,JPN,CHN
TAK,TPE,1,1597.0,JPN,TWN
TAM,CUN,1,1144.0,MEX,MEX
TAM,IAH,1,891.0,MEX,USA
TAM,MEX,2,342.0,MEX,MEX
TAM,MTY,2,449.0,MEX,MEX
TAM,VER,1,391.0,MEX,MEX
TAO,BKK,1,3183.0,CHN,THA
TAO,CAN,5,1585.0,CHN,CHN
TAO,CGO,5,623.0,CHN,CHN
TAO,CGQ,5,970.0,CHN,CHN
TAO,CKG,3,1471.0,CHN,CHN
TAO,CSX,4,1121.0,CHN,CHN
TAO,CTU,6,1648.0,CHN,CHN
TAO,DDG,2,540.0,CHN,CHN
TAO,DLC,5,317.0,CHN,CHN
TAO,DQA,2,1230.0,CHN,CHN
TAO,FOC,3,1151.0,CHN,CHN
TAO,FUK,2,965.0,CHN,JPN
TAO,HET,1,901.0,CHN,CHN
TAO,HFE,4,574.0,CHN,CHN
TAO,HGH,9,671.0,CHN,CHN
TAO,HKG,2,1672.0,CHN,HKG
TAO,HRB,6,1151.0,CHN,CHN
TAO,ICN,6,557.0,CHN,KOR
TAO,JMU,2,1443.0,CHN,CHN
TAO,JNZ,2,541.0,CHN,CHN
TAO,JXA,2,1353.0,CHN,CHN
TAO,KHH,1,1522.0,CHN,TWN
TAO,KHN,3,923.0,CHN,CHN
TAO,KIX,5,1363.0,CHN,JPN
TAO,KMG,3,2074.0,CHN,CHN
TAO,KWE,1,1679.0,CHN,CHN
TAO,MDG,1,1202.0,CHN,CHN
TAO,NDG,2,1255.0,CHN,CHN
TAO,NGB,5,723.0,CHN,CHN
TAO,NGO,2,1493.0,CHN,JPN
TAO,NKG,3,522.0,CHN,CHN
TAO,NRT,3,1798.0,CHN,JPN
TAO,PEK,5,538.0,CHN,CHN
TAO,PUS,5,782.0,CHN,KOR
TAO,PVG,5,585.0,CHN,CHN
TAO,RMQ,1,1335.0,CHN,TWN
TAO,SHA,6,571.0,CHN,CHN
TAO,SHE,9,655.0,CHN,CHN
TAO,SHP,1,415.0,CHN,CHN
TAO,SIN,1,4233.0,CHN,SGP
TAO,SJW,4,550.0,CHN,CHN
TAO,SZX,4,1642.0,CHN,CHN
TAO,TPE,4,1247.0,CHN,TWN
TAO,TSN,3,415.0,CHN,CHN
TAO,TXN,1,753.0,CHN,CHN
TAO,TYN,4,707.0,CHN,CHN
TAO,WNZ,4,930.0,CHN,CHN
TAO,WUH,6,835.0,CHN,CHN
TAO,WUS,2,978.0,CHN,CHN
TAO,WUX,1,531.0,CHN,CHN
TAO,XIY,7,1072.0,CHN,CHN
TAO,XMN,4,1321.0,CHN,CHN
TAO,YCU,2,853.0,CHN,CHN
TAO,YNJ,3,1070.0,CHN,CHN
TAP,GUA,1,200.0,MEX,GTM
TAP,MEX,1,879.0,MEX,MEX
TAS,AER,2,2409.0,UZB,RUS
TAS,ALA,2,679.0,UZB,KAZ
TAS,ATQ,1,1170.0,UZB,IND
TAS,AZN,1,260.0,UZB,UZB
TAS,BHK,1,438.0,UZB,UZB
TAS,BKK,1,4318.0,UZB,THA
TAS,CDG,1,5133.0,UZB,FXX
TAS,CEK,1,1662.0,UZB,RUS
TAS,DEL,1,1580.0,UZB,IND
TAS,DME,1,2766.0,UZB,RUS
TAS,DXB,1,2194.0,UZB,ARE
TAS,FCO,1,4658.0,UZB,ITA
TAS,FEG,1,230.0,UZB,UZB
TAS,FRA,1,4684.0,UZB,DEU
TAS,FRU,2,473.0,UZB,KGZ
TAS,GOJ,1,2477.0,UZB,RUS
TAS,GYD,1,1617.0,UZB,AZE
TAS,ICN,3,4844.0,UZB,KOR
TAS,IKA,1,1705.0,UZB,IRN
TAS,IKT,1,2904.0,UZB,RUS
TAS,IST,2,3356.0,UZB,TUR
TAS,KBP,1,3103.0,UZB,UKR
TAS,KGD,2,3828.0,UZB,RUS
TAS,KJA,2,2355.0,UZB,RUS
TAS,KRR,3,2464.0,UZB,RUS
TAS,KSQ,1,393.0,UZB,UZB
TAS,KUF,2,1970.0,UZB,RUS
TAS,KUL,2,5369.0,UZB,MYS
TAS,KZN,1,2158.0,UZB,RUS
TAS,LED,2,3365.0,UZB,RUS
TAS,LHR,1,5261.0,UZB,ENG
TAS,MRV,2,2155.0,UZB,RUS
TAS,MXP,1,4796.0,UZB,ITA
TAS,NCU,1,811.0,UZB,UZB
TAS,NMA,1,193.0,UZB,UZB
TAS,NRT,1,6042.0,UZB,JPN
TAS,NVI,1,369.0,UZB,UZB
TAS,OMS,1,1553.0,UZB,RUS
TAS,OVB,2,1816.0,UZB,RUS
TAS,PEK,2,3942.0,UZB,CHN
TAS,PRG,2,4284.0,UZB,CZE
TAS,RIX,2,3641.0,UZB,LVA
TAS,ROV,2,2418.0,UZB,RUS
TAS,SHJ,1,2179.0,UZB,ARE
TAS,SIN,2,5638.0,UZB,SGP
TAS,SKD,1,260.0,UZB,UZB
TAS,SVO,2,2817.0,UZB,RUS
TAS,SVX,2,1826.0,UZB,RUS
TAS,TJM,1,1794.0,UZB,RUS
TAS,TLV,1,3212.0,UZB,ISR
TAS,TMJ,1,473.0,UZB,UZB
TAS,TSE,2,1099.0,UZB,KAZ
TAS,UFA,1,1778.0,UZB,RUS
TAS,UGC,1,721.0,UZB,UZB
TAS,URC,2,1515.0,UZB,CHN
TAS,VKO,1,2811.0,UZB,RUS
TAS,VOG,1,2119.0,UZB,RUS
TAY,HEL,2,244.0,EST,FIN
TBB,HAN,1,983.0,VNM,VNM
TBB,SGN,1,383.0,VNM,VNM
TBG,HGU,1,345.0,PNX,PNX
TBG,POM,2,807.0,PNX,PNX
TBG,UNG,1,94.0,PNX,PNX
TBI,ATC,1,42.0,BHS,BHS
TBI,NAS,2,219.0,BHS,BHS
TBN,STL,1,191.0,USA,USA
TBP,LIM,1,1008.0,PER,PER
TBS,ALA,1,2620.0,GEG,KAZ
TBS,AMS,2,3220.0,GEG,NLX
TBS,ATH,1,1837.0,GEG,GRC
TBS,BGW,1,937.0,GEG,IRR
TBS,BUS,1,279.0,GEG,GEA
TBS,CDG,2,3366.0,GEG,FXX
TBS,DME,1,1611.0,GEG,RUS
TBS,DNK,1,1072.0,GEG,UKR
TBS,DXB,1,2061.0,GEG,ARE
TBS,EBL,1,610.0,GEG,IRK
TBS,FCO,1,2698.0,GEG,ITA
TBS,GYD,2,447.0,GEG,AZE
TBS,IST,2,1349.0,GEG,TUR
TBS,KBP,2,1448.0,GEG,UKR
TBS,MSQ,1,1846.0,GEG,BLR
TBS,MUC,1,2688.0,GEG,DEU
TBS,RIX,2,2260.0,GEG,LVA
TBS,SAW,2,1308.0,GEG,TUR
TBS,SCO,1,557.0,GEG,KAZ
TBS,TLV,3,1396.0,GEG,ISR
TBS,URC,1,3440.0,GEG,CHN
TBS,VIE,2,2333.0,GEG,AUT
TBS,VKO,1,1646.0,GEG,RUS
TBS,WAW,1,2148.0,GEG,POL
TBT,MAO,1,1105.0,BRA,BRA
TBU,AKL,2,2004.0,TON,NZL
TBU,NAN,1,868.0,TON,FJI
TBU,SUV,1,749.0,TON,FJI
TBU,SYD,1,3585.0,TON,AUS
TBW,VKO,1,414.0,RUS,RUS
TBZ,AWZ,1,790.0,IRN,IRN
TBZ,BND,1,1539.0,IRN,IRN
TBZ,DXB,1,1670.0,IRN,ARE
TBZ,GYD,1,418.0,IRN,AZE
TBZ,IFN,1,786.0,IRN,IRN
TBZ,IST,1,1533.0,IRN,TUR
TBZ,MED,1,1631.0,IRN,SAU
TBZ,MHD,3,1205.0,IRN,IRN
TBZ,SYZ,1,1121.0,IRN,IRN
TBZ,THR,4,527.0,IRN,IRN
TCB,FLL,2,285.0,BHS,USA
TCG,URC,2,446.0,CHN,CHN
TCO,CLO,1,326.0,COL,COL
TCQ,AQP,1,236.0,PER,PER
TCQ,LIM,1,994.0,PER,PER
TCZ,CTU,1,826.0,CHN,CHN
TCZ,JHG,1,403.0,CHN,CHN
TCZ,KMG,2,448.0,CHN,CHN
TCZ,LJG,1,262.0,CHN,CHN
TDD,CBB,1,319.0,BOL,BOL
TDD,CIJ,1,593.0,BOL,BOL
TDD,GYA,1,447.0,BOL,BRA
TDD,LPB,1,398.0,BOL,BOL
TDD,RBQ,1,281.0,BOL,BOL
TDD,RIB,1,441.0,BOL,BOL
TDD,SRZ,2,381.0,BOL,BOL
TDX,BKK,1,231.0,THA,THA
TEB,ACK,1,338.0,USA,USA
TEE,ALG,1,463.0,DZA,DZA
TEN,CAN,1,640.0,CHN,CHN
TEN,CSX,1,385.0,CHN,CHN
TEN,KWE,1,290.0,CHN,CHN
TEN,PEK,1,1512.0,CHN,CHN
TEN,SZX,1,738.0,CHN,CHN
TEQ,ESB,1,443.0,TUR,TUR
TER,FLW,1,357.0,PAZ,PAZ
TER,GRW,1,89.0,PAZ,PAZ
TER,HOR,1,144.0,PAZ,PAZ
TER,LIS,2,1554.0,PAZ,PRX
TER,OPO,2,1589.0,PAZ,PRX
TER,PDL,1,166.0,PAZ,PAZ
TER,PIX,1,120.0,PAZ,PAZ
TER,SJZ,1,95.0,PAZ,PAZ
TET,APL,1,614.0,MOZ,MOZ
TET,BEW,1,432.0,MOZ,MOZ
TET,JNB,2,1248.0,MOZ,ZAF
TET,MPM,1,1097.0,MOZ,MOZ
TET,UEL,1,395.0,MOZ,MOZ
TET,VXC,1,360.0,MOZ,MOZ
TFF,ERN,1,676.0,BRA,BRA
TFF,IRZ,1,335.0,BRA,BRA
TFF,MAO,1,520.0,BRA,BRA
TFF,OLC,1,466.0,BRA,BRA
TFF,SJL,1,439.0,BRA,BRA
TFN,ACE,1,272.0,ESP,ESP
TFN,AGP,3,1434.0,ESP,ESP
TFN,BCN,4,2195.0,ESP,ESP
TFN,BIO,3,2038.0,ESP,ESP
TFN,CCS,1,5620.0,ESP,VEN
TFN,CMN,1,995.0,ESP,MAR
TFN,DKR,1,1533.0,ESP,SEN
TFN,FUE,1,242.0,ESP,ESP
TFN,GMZ,1,99.0,ESP,ESP
TFN,LPA,2,112.0,ESP,ESP
TFN,MAD,5,1771.0,ESP,ESP
TFN,ORY,1,2761.0,ESP,FXX
TFN,SCQ,1,1753.0,ESP,ESP
TFN,SPC,2,139.0,ESP,ESP
TFN,SVQ,3,1390.0,ESP,ESP
TFN,VDE,1,169.0,ESP,ESP
TFN,VLC,1,1902.0,ESP,ESP
TFS,ALC,1,1871.0,ESP,ESP
TFS,AMS,1,3224.0,ESP,NLX
TFS,BCN,3,2245.0,ESP,ESP
TFS,BFS,2,3075.0,ESP,NIR
TFS,BGY,1,3026.0,ESP,ITA
TFS,BHX,5,2978.0,ESP,ENG
TFS,BLK,1,3067.0,ESP,ENG
TFS,BLL,1,3698.0,ESP,DNK
TFS,BLQ,1,3073.0,ESP,ITA
TFS,BOD,1,2335.0,ESP,FXX
TFS,BOH,2,2815.0,ESP,ENG
TFS,BRE,2,3472.0,ESP,DEU
TFS,BRS,5,2842.0,ESP,ENG
TFS,BRU,1,3095.0,ESP,BFR
TFS,BSL,3,3010.0,ESP,FXX
TFS,BVA,1,2862.0,ESP,FXX
TFS,CDG,1,2847.0,ESP,FXX
TFS,CGN,4,3224.0,ESP,DEU
TFS,CRL,1,3058.0,ESP,BWR
TFS,CWL,2,2822.0,ESP,WLS
TFS,DME,1,5260.0,ESP,RUS
TFS,DRS,1,3606.0,ESP,DEU
TFS,DUB,2,2945.0,ESP,IRL
TFS,DUS,3,3237.0,ESP,DEU
TFS,EDI,3,3276.0,ESP,SCT
TFS,EMA,6,3029.0,ESP,ENG
TFS,ERF,1,3436.0,ESP,DEU
TFS,FCO,1,3018.0,ESP,ITA
TFS,FKB,1,3123.0,ESP,DEU
TFS,FMM,1,3200.0,ESP,DEU
TFS,FRA,2,3239.0,ESP,DEU
TFS,GLA,4,3242.0,ESP,SCT
TFS,GRZ,2,3483.0,ESP,AUT
TFS,GVA,2,2832.0,ESP,CHE
TFS,HAJ,1,3473.0,ESP,DEU
TFS,HAM,3,3574.0,ESP,DEU
TFS,HHN,1,3162.0,ESP,DEU
TFS,KBP,1,4674.0,ESP,UKR
TFS,LBA,4,3118.0,ESP,ENG
TFS,LED,1,4977.0,ESP,RUS
TFS,LEJ,2,3537.0,ESP,DEU
TFS,LGW,8,2912.0,ESP,ENG
TFS,LIL,1,3001.0,ESP,FXX
TFS,LPA,2,117.0,ESP,ESP
TFS,LPL,1,3029.0,ESP,ENG
TFS,LTN,3,2973.0,ESP,ENG
TFS,LUX,1,3081.0,ESP,LUX
TFS,MAD,2,1823.0,ESP,ESP
TFS,MAN,7,3048.0,ESP,ENG
TFS,MST,1,3158.0,ESP,NLX
TFS,MUC,4,3318.0,ESP,DEU
TFS,MXP,1,2959.0,ESP,ITA
TFS,NCL,4,3231.0,ESP,ENG
TFS,NOC,1,2945.0,ESP,IRL
TFS,NRN,1,3231.0,ESP,DEU
TFS,NTE,1,2491.0,ESP,FXX
TFS,NUE,2,3346.0,ESP,DEU
TFS,OPO,1,1634.0,ESP,PRX
TFS,ORK,1,2730.0,ESP,IRL
TFS,ORY,1,2814.0,ESP,FXX
TFS,OSL,1,4129.0,ESP,NOW
TFS,OVD,1,1966.0,ESP,ESP
TFS,PAD,1,3356.0,ESP,DEU
TFS,PIK,1,3201.0,ESP,SCT
TFS,PRG,1,3573.0,ESP,CZE
TFS,PSA,1,2966.0,ESP,ITA
TFS,RIX,2,4507.0,ESP,LVA
TFS,SCQ,2,1807.0,ESP,ESP
TFS,SDR,1,2056.0,ESP,ESP
TFS,SNN,1,2814.0,ESP,IRL
TFS,STN,3,2997.0,ESP,ENG
TFS,STR,2,3184.0,ESP,DEU
TFS,SVO,1,5243.0,ESP,RUS
TFS,SVQ,1,1442.0,ESP,ESP
TFS,SXF,3,3671.0,ESP,DEU
TFS,SZG,2,3363.0,ESP,AUT
TFS,TXL,1,3670.0,ESP,DEU
TFS,VDE,1,132.0,ESP,ESP
TFS,VGO,1,1733.0,ESP,ESP
TFS,VIE,3,3613.0,ESP,AUT
TFS,VLC,1,1952.0,ESP,ESP
TFS,ZQW,1,3115.0,ESP,DEU
TFS,ZRH,2,3063.0,ESP,CHE
TGD,BEG,2,286.0,MNE,SRS
TGD,CDG,1,1489.0,MNE,FXX
TGD,CRL,1,1444.0,MNE,BWR
TGD,DME,1,1979.0,MNE,RUS
TGD,DUS,1,1371.0,MNE,DEU
TGD,FCO,2,582.0,MNE,ITA
TGD,FRA,1,1183.0,MNE,DEU
TGD,IST,1,796.0,MNE,TUR
TGD,LJU,2,574.0,MNE,SVN
TGD,STN,1,1778.0,MNE,ENG
TGD,VIE,2,673.0,MNE,AUT
TGD,ZRH,1,1015.0,MNE,CHE
TGG,KUL,2,331.0,MYS,MYS
TGG,MYY,1,1212.0,MYS,MYS
TGG,SIN,1,459.0,MYS,SGP
TGG,SZB,3,304.0,MYS,MYS
TGH,VLI,1,93.0,VUT,VUT
TGI,LIM,1,346.0,PER,PER
TGJ,GEA,1,189.0,,NCL
TGJ,LIF,1,69.0,,NCL
TGK,DME,1,915.0,RUS,RUS
TGM,BVA,1,1687.0,ROU,FXX
TGM,DTM,1,1344.0,ROU,DEU
TGM,LTN,1,1888.0,ROU,ENG
TGM,OTP,2,248.0,ROU,ROU
TGO,HET,3,905.0,CHN,CHN
TGO,HGH,1,1490.0,CHN,CHN
TGO,HLD,1,654.0,CHN,CHN
TGO,HRB,2,394.0,CHN,CHN
TGO,NKG,1,1346.0,CHN,CHN
TGO,PEK,3,605.0,CHN,CHN
TGO,PVG,1,1381.0,CHN,CHN
TGO,TNA,1,856.0,CHN,CHN
TGP,KJA,1,619.0,RUS,RUS
TGR,ALG,1,481.0,DZA,DZA
TGU,ATL,1,2195.0,HND,USA
TGU,GUA,4,361.0,HND,GTM
TGU,IAH,1,1957.0,HND,USA
TGU,LCE,1,191.0,HND,HND
TGU,MIA,2,1491.0,HND,USA
TGU,PEU,1,393.0,HND,HND
TGU,PTY,1,1018.0,HND,PAN
TGU,RTB,2,262.0,HND,HND
TGU,SAL,1,210.0,HND,SLV
TGU,SAP,1,172.0,HND,HND
TGU,SJO,3,558.0,HND,CRI
TGZ,CUN,1,816.0,MEX,MEX
TGZ,GDL,2,1170.0,MEX,MEX
TGZ,MEX,3,715.0,MEX,MEX
TGZ,MTY,1,1260.0,MEX,MEX
TGZ,TIJ,1,2991.0,MEX,MEX
THE,BSB,2,1324.0,BRA,BRA
THE,FOR,3,497.0,BRA,BRA
THE,GRU,2,2080.0,BRA,BRA
THE,PHB,1,270.0,BRA,BRA
THE,REC,1,937.0,BRA,BRA
THE,SLZ,1,317.0,BRA,BRA
THE,VCP,1,2049.0,BRA,BRA
THL,HEH,2,328.0,MMR,MMR
THL,KET,1,96.0,MMR,MMR
THL,MDL,1,432.0,MMR,MMR
THL,RGN,1,564.0,MMR,MMR
THN,BMA,1,342.0,SWE,SWE
THR,ABD,3,657.0,IRN,IRN
THR,ADU,2,390.0,IRN,IRN
THR,AFZ,1,568.0,IRN,IRN
THR,AWZ,4,539.0,IRN,IRN
THR,AZD,2,502.0,IRN,IRN
THR,BJB,1,571.0,IRN,IRN
THR,BND,2,1057.0,IRN,IRN
THR,BUZ,2,751.0,IRN,IRN
THR,BXR,1,994.0,IRN,IRN
THR,DEF,1,451.0,IRN,IRN
THR,GBT,2,308.0,IRN,IRN
THR,GCH,1,597.0,IRN,IRN
THR,IFN,2,331.0,IRN,IRN
THR,IIL,1,506.0,IRN,IRN
THR,KER,1,799.0,IRN,IRN
THR,KHD,1,374.0,IRN,IRN
THR,KHY,1,639.0,IRN,IRN
THR,KIH,2,1050.0,IRN,IRN
THR,KSH,3,407.0,IRN,IRN
THR,LRR,1,937.0,IRN,IRN
THR,MED,1,1665.0,IRN,SAU
THR,MHD,4,752.0,IRN,IRN
THR,MRX,1,605.0,IRN,IRN
THR,NSH,1,109.0,IRN,IRN
THR,OMH,2,599.0,IRN,IRN
THR,PFQ,1,530.0,IRN,IRN
THR,PGU,1,934.0,IRN,IRN
THR,RAS,2,237.0,IRN,IRN
THR,RZR,1,147.0,IRN,IRN
THR,SDG,1,393.0,IRN,IRN
THR,SYZ,3,694.0,IRN,IRN
THR,TBZ,4,527.0,IRN,IRN
THR,XBJ,1,793.0,IRN,IRN
THR,YES,1,555.0,IRN,IRN
THR,ZAH,2,1133.0,IRN,IRN
THR,ZBR,1,1431.0,IRN,IRN
THS,BKK,1,408.0,THA,THA
THU,NAQ,1,108.0,GRL,GRL
THX,KJA,1,1097.0,RUS,RUS
TIA,ATH,2,529.0,ALB,GRC
TIA,BGY,1,935.0,ALB,ITA
TIA,BLQ,4,768.0,ALB,ITA
TIA,BRI,1,249.0,ALB,ITA
TIA,FCO,2,623.0,ALB,ITA
TIA,FRA,1,1289.0,ALB,DEU
TIA,GOA,2,946.0,ALB,ITA
TIA,IST,1,754.0,ALB,TUR
TIA,LGW,1,1864.0,ALB,ENG
TIA,LJU,1,681.0,ALB,SVN
TIA,MUC,1,992.0,ALB,DEU
TIA,MXP,5,1001.0,ALB,ITA
TIA,PSA,3,804.0,ALB,ITA
TIA,SAW,1,804.0,ALB,TUR
TIA,TRN,1,1062.0,ALB,ITA
TIA,VCE,3,748.0,ALB,ITA
TIA,VIE,1,785.0,ALB,AUT
TIA,VRN,5,839.0,ALB,ITA
TID,ALG,1,218.0,DZA,DZA
TIF,AHB,1,423.0,SAU,SAU
TIF,CAI,3,1325.0,SAU,EGY
TIF,DMM,2,1091.0,SAU,SAU
TIF,DOH,1,1205.0,SAU,QAT
TIF,DXB,1,1569.0,SAU,ARE
TIF,IST,1,2463.0,SAU,TUR
TIF,KWI,1,1139.0,SAU,KWT
TIF,RUH,2,738.0,SAU,SAU
TIF,SHJ,1,1586.0,SAU,ARE
TIH,PPT,1,308.0,PYF,PYF
TIH,RGI,1,64.0,PYF,PYF
TIJ,ACA,1,2464.0,MEX,MEX
TIJ,AGU,1,1882.0,MEX,MEX
TIJ,BJX,2,1999.0,MEX,MEX
TIJ,CEN,1,894.0,MEX,MEX
TIJ,CJS,2,998.0,MEX,MEX
TIJ,CLQ,1,1989.0,MEX,MEX
TIJ,CUL,3,1266.0,MEX,MEX
TIJ,CUN,1,3235.0,MEX,MEX
TIJ,CUU,1,1135.0,MEX,MEX
TIJ,DGO,1,1534.0,MEX,MEX
TIJ,GDL,3,1902.0,MEX,MEX
TIJ,HMO,2,683.0,MEX,MEX
TIJ,LAP,1,1142.0,MEX,MEX
TIJ,LMM,1,1080.0,MEX,MEX
TIJ,MEX,3,2301.0,MEX,MEX
TIJ,MLM,1,2122.0,MEX,MEX
TIJ,MTY,1,1799.0,MEX,MEX
TIJ,MZT,1,1480.0,MEX,MEX
TIJ,NRT,2,8954.0,MEX,JPN
TIJ,OAX,1,2667.0,MEX,MEX
TIJ,PBC,1,2376.0,MEX,MEX
TIJ,PVG,1,10619.0,MEX,CHN
TIJ,PVR,1,1757.0,MEX,MEX
TIJ,QRO,1,2126.0,MEX,MEX
TIJ,SJD,1,1263.0,MEX,MEX
TIJ,SLP,1,1949.0,MEX,MEX
TIJ,TGZ,1,2991.0,MEX,MEX
TIJ,TPQ,1,1722.0,MEX,MEX
TIJ,UPN,1,2084.0,MEX,MEX
TIJ,VER,1,2550.0,MEX,MEX
TIJ,ZCL,1,1765.0,MEX,MEX
TIJ,ZLO,1,1936.0,MEX,MEX
TIM,DJJ,2,457.0,IDN,IDN
TIM,DPS,1,2444.0,IDN,IDN
TIM,UPG,1,1921.0,IDN,IDN
TIP,AKF,1,1368.0,LBY,LBY
TIP,ALG,2,1013.0,LBY,DZA
TIP,AMM,3,2147.0,LBY,JOR
TIP,BEN,2,671.0,LBY,LBY
TIP,CAI,3,1753.0,LBY,EGY
TIP,CMN,3,1933.0,LBY,MAR
TIP,DJE,1,259.0,LBY,TUN
TIP,DXB,1,4160.0,LBY,ARE
TIP,FCO,2,1019.0,LBY,ITA
TIP,GHT,1,886.0,LBY,LBY
TIP,HBE,2,1573.0,LBY,EGY
TIP,IST,3,1680.0,LBY,TUR
TIP,JED,1,2836.0,LBY,SAU
TIP,LAQ,1,824.0,LBY,LBY
TIP,LHR,2,2365.0,LBY,ENG
TIP,LTD,1,430.0,LBY,LBY
TIP,MAD,1,1723.0,LBY,ESP
TIP,MAN,1,2608.0,LBY,ENG
TIP,MIR,2,409.0,LBY,TUN
TIP,MLA,2,375.0,LBY,MLT
TIP,SFA,4,323.0,LBY,TUN
TIP,SRX,1,370.0,LBY,LBY
TIP,TOB,2,1014.0,LBY,LBY
TIP,TUN,5,537.0,LBY,TUN
TIR,HYD,2,418.0,IND,IND
TIU,WLG,1,441.0,NZL,NZL
TIV,BEG,2,297.0,MNE,SRS
TIV,BRU,1,1436.0,MNE,BFR
TIV,CDG,1,1451.0,MNE,FXX
TIV,DME,5,2001.0,MNE,RUS
TIV,LED,1,2088.0,MNE,RUS
TIV,LGW,1,1730.0,MNE,ENG
TIZ,HGU,1,149.0,PNX,PNX
TIZ,MXH,1,66.0,PNX,PNX
TIZ,POM,1,618.0,PNX,PNX
TJA,BYC,2,117.0,BOL,BOL
TJA,CBB,1,485.0,BOL,BOL
TJA,LPB,2,670.0,BOL,BOL
TJA,SRE,1,290.0,BOL,BOL
TJA,VVI,2,465.0,BOL,BOL
TJM,DME,2,1691.0,RUS,RUS
TJM,EVN,1,2419.0,RUS,ARM
TJM,HMA,1,478.0,RUS,RUS
TJM,LBD,1,1914.0,RUS,TJK
TJM,LED,2,2033.0,RUS,RUS
TJM,NJC,1,761.0,RUS,RUS
TJM,NOJ,1,862.0,RUS,RUS
TJM,NUX,2,1147.0,RUS,RUS
TJM,NYA,2,547.0,RUS,RUS
TJM,NYM,1,1001.0,RUS,RUS
TJM,OVB,1,1098.0,RUS,RUS
TJM,OVS,1,470.0,RUS,RUS
TJM,SGC,1,650.0,RUS,RUS
TJM,SLY,1,1047.0,RUS,RUS
TJM,SVO,1,1703.0,RUS,RUS
TJM,TAS,1,1794.0,RUS,UZB
TJM,UFA,1,657.0,RUS,RUS
TJM,URJ,1,325.0,RUS,RUS
TJQ,CGK,3,395.0,IDN,IDN
TJQ,PGK,1,191.0,IDN,IDN
TJU,CIT,1,487.0,TJK,KAZ
TJU,DME,3,3064.0,TJK,RUS
TJU,LED,1,3681.0,TJK,RUS
TJU,SVX,2,2189.0,TJK,RUS
TKD,ACC,2,195.0,GHA,GHA
TKG,BTH,2,717.0,IDN,IDN
TKG,CGK,3,191.0,IDN,IDN
TKK,GUM,1,1020.0,FSM,GUM
TKK,PNI,1,704.0,FSM,FSM
TKP,TKX,1,37.0,PYF,PYF
TKS,HND,2,498.0,JPN,JPN
TKU,ALC,1,2940.0,FIN,ESP
TKU,ARN,2,259.0,FIN,SWE
TKU,CPH,1,783.0,FIN,DNK
TKU,GDN,1,719.0,FIN,POL
TKU,HEL,1,150.0,FIN,FIN
TKU,MHQ,1,137.0,FIN,ALD
TKU,RIX,1,411.0,FIN,LVA
TKX,AHE,1,133.0,PYF,PYF
TKX,PPT,1,599.0,PYF,PYF
TKX,TKP,1,37.0,PYF,PYF
TLA,KTS,2,12.0,USA,USA
TLA,OME,1,91.0,USA,USA
TLC,ACA,2,288.0,MEX,MEX
TLC,CUN,2,1337.0,MEX,MEX
TLC,FLL,1,2125.0,MEX,USA
TLC,GDL,1,413.0,MEX,MEX
TLC,LAS,1,2405.0,MEX,USA
TLC,MTY,2,718.0,MEX,MEX
TLC,PVR,1,613.0,MEX,MEX
TLC,SAT,1,1139.0,MEX,USA
TLC,SJD,1,1134.0,MEX,MEX
TLC,ZIH,1,278.0,MEX,MEX
TLE,FTU,1,375.0,MDG,MDG
TLE,MOQ,1,350.0,MDG,MDG
TLE,TNR,1,641.0,MDG,MDG
TLH,ATL,3,360.0,USA,USA
TLH,CLT,2,623.0,USA,USA
TLH,DCA,2,1153.0,USA,USA
TLH,DFW,2,1232.0,USA,USA
TLH,MCO,2,367.0,USA,USA
TLH,MIA,2,648.0,USA,USA
TLH,TPA,2,322.0,USA,USA
TLJ,MCG,1,20.0,USA,USA
TLL,AMS,2,1472.0,EST,NLX
TLL,ARN,2,391.0,EST,SWE
TLL,BGY,1,1829.0,EST,ITA
TLL,BRE,1,1213.0,EST,DEU
TLL,BRU,2,1592.0,EST,BFR
TLL,CPH,2,839.0,EST,DNK
TLL,FRA,1,1469.0,EST,DEU
TLL,GRO,1,2468.0,EST,ESP
TLL,HEL,1,101.0,EST,FIN
TLL,HER,1,2677.0,EST,GRC
TLL,IST,1,2035.0,EST,TUR
TLL,KBP,1,1079.0,EST,UKR
TLL,LED,1,308.0,EST,RUS
TLL,LGW,1,1816.0,EST,ENG
TLL,MAN,1,1784.0,EST,ENG
TLL,NCE,1,2120.0,EST,FXX
TLL,OSL,3,774.0,EST,NOW
TLL,PJA,1,875.0,EST,SWE
TLL,RIX,1,281.0,EST,LVA
TLL,RYG,1,794.0,EST,NOW
TLL,SPU,1,1858.0,EST,HRV
TLL,STN,1,1741.0,EST,ENG
TLL,SVO,2,838.0,EST,RUS
TLL,TRD,2,863.0,EST,NOW
TLL,TYF,1,667.0,EST,SWE
TLL,URE,1,188.0,EST,EST
TLL,VNO,3,532.0,EST,LTU
TLL,WAW,1,841.0,EST,POL
TLM,ALG,1,460.0,DZA,DZA
TLM,LYS,1,1312.0,DZA,FXX
TLM,MRS,2,1098.0,DZA,FXX
TLM,ORY,2,1556.0,DZA,FXX
TLN,ORY,1,690.0,FXX,FXX
TLN,RTM,1,993.0,FXX,NLX
TLN,STN,1,1072.0,FXX,ENG
TLS,AGP,2,919.0,FXX,ESP
TLS,AJA,3,636.0,FXX,FXX
TLS,ALG,2,787.0,FXX,DZA
TLS,AMS,2,997.0,FXX,NLX
TLS,ATH,1,1996.0,FXX,GRC
TLS,BCN,2,266.0,FXX,ESP
TLS,BIA,2,670.0,FXX,FXX
TLS,BRE,1,1181.0,FXX,DEU
TLS,BRS,2,915.0,FXX,ENG
TLS,BRU,2,842.0,FXX,BFR
TLS,BSL,1,651.0,FXX,FXX
TLS,CDG,4,606.0,FXX,FXX
TLS,CEG,1,1109.0,FXX,WLS
TLS,CMN,3,1380.0,FXX,MAR
TLS,DIJ,1,498.0,FXX,FXX
TLS,DUB,1,1224.0,FXX,IRL
TLS,ETZ,1,703.0,FXX,FXX
TLS,FCO,3,911.0,FXX,ITA
TLS,FRA,2,898.0,FXX,DEU
TLS,GVA,2,473.0,FXX,CHE
TLS,HAM,2,1278.0,FXX,DEU
TLS,IST,1,2252.0,FXX,TUR
TLS,LGW,1,844.0,FXX,ENG
TLS,LHR,2,883.0,FXX,ENG
TLS,LIL,2,782.0,FXX,FXX
TLS,LIS,1,1029.0,FXX,PRX
TLS,LYS,3,375.0,FXX,FXX
TLS,MAD,1,537.0,FXX,ESP
TLS,MAN,1,1114.0,FXX,ENG
TLS,MLA,1,1413.0,FXX,MLT
TLS,MRS,1,312.0,FXX,FXX
TLS,MUC,1,960.0,FXX,DEU
TLS,MXP,1,624.0,FXX,ITA
TLS,NCE,2,471.0,FXX,FXX
TLS,NTE,2,455.0,FXX,FXX
TLS,ORN,2,906.0,FXX,DZA
TLS,ORY,2,572.0,FXX,FXX
TLS,PMI,2,468.0,FXX,ESP
TLS,RAK,3,1570.0,FXX,MAR
TLS,RNS,1,549.0,FXX,FXX
TLS,SVQ,2,923.0,FXX,ESP
TLS,SXB,1,728.0,FXX,FXX
TLS,TUN,1,1064.0,FXX,TUN
TLS,VCE,2,894.0,FXX,ITA
TLS,XFW,1,1264.0,FXX,DEU
TLS,YUL,1,5728.0,FXX,CAN
TLV,ADD,1,2593.0,ISR,ETH
TLV,AMM,2,109.0,ISR,JOR
TLV,AMS,4,3312.0,ISR,NLX
TLV,ARN,1,3321.0,ISR,SWE
TLV,ATH,2,1194.0,ISR,GRC
TLV,BCN,4,3082.0,ISR,ESP
TLV,BEG,1,1902.0,ISR,SRS
TLV,BKK,2,6946.0,ISR,THA
TLV,BOM,1,4047.0,ISR,IND
TLV,BRU,2,3251.0,ISR,BFR
TLV,BSL,1,2884.0,ISR,FXX
TLV,BUD,2,2165.0,ISR,HUN
TLV,CAI,1,392.0,ISR,EGY
TLV,CDG,3,3284.0,ISR,FXX
TLV,CGN,1,3088.0,ISR,DEU
TLV,CLJ,1,1900.0,ISR,ROU
TLV,CPH,2,3143.0,ISR,DNK
TLV,DME,2,2612.0,ISR,RUS
TLV,DNK,1,1818.0,ISR,UKR
TLV,DOK,1,1802.0,ISR,UKR
TLV,DUS,1,3135.0,ISR,DEU
TLV,ETH,2,273.0,ISR,JOR
TLV,EWR,2,9140.0,ISR,USA
TLV,FCO,4,2279.0,ISR,ITA
TLV,FRA,2,2953.0,ISR,DEU
TLV,GVA,3,2919.0,ISR,CHE
TLV,GYD,1,1649.0,ISR,AZE
TLV,HEL,1,3231.0,ISR,FIN
TLV,HER,1,971.0,ISR,GRC
TLV,HKG,1,7726.0,ISR,HKG
TLV,IAS,1,1796.0,ISR,ROU
TLV,ICN,1,8039.0,ISR,KOR
TLV,IST,1,1166.0,ISR,TUR
TLV,JFK,2,9117.0,ISR,USA
TLV,JNB,1,6504.0,ISR,ZAF
TLV,KBP,2,2065.0,ISR,UKR
TLV,KRR,1,1495.0,ISR,RUS
TLV,KTW,1,2430.0,ISR,POL
TLV,LAX,1,12167.0,ISR,USA
TLV,LCA,3,339.0,ISR,CYP
TLV,LED,2,3109.0,ISR,RUS
TLV,LGW,1,3557.0,ISR,ENG
TLV,LHR,2,3589.0,ISR,ENG
TLV,LTN,2,3601.0,ISR,ENG
TLV,LWO,1,2177.0,ISR,UKR
TLV,MAD,2,3544.0,ISR,ESP
TLV,MAN,1,3785.0,ISR,ENG
TLV,MRS,2,2881.0,ISR,FXX
TLV,MRV,1,1534.0,ISR,RUS
TLV,MSQ,1,2492.0,ISR,BLR
TLV,MUC,3,2655.0,ISR,DEU
TLV,MXP,3,2706.0,ISR,ITA
TLV,NAP,1,2082.0,ISR,ITA
TLV,NCE,2,2735.0,ISR,FXX
TLV,ODS,1,1643.0,ISR,UKR
TLV,ORY,1,3283.0,ISR,FXX
TLV,OTP,3,1592.0,ISR,ROU
TLV,PEK,2,7141.0,ISR,CHN
TLV,PHL,2,9268.0,ISR,USA
TLV,PRG,4,2635.0,ISR,CZE
TLV,RIX,1,2894.0,ISR,LVA
TLV,ROV,1,1774.0,ISR,RUS
TLV,SAW,2,1106.0,ISR,TUR
TLV,SOF,2,1559.0,ISR,BGR
TLV,SVO,1,2672.0,ISR,RUS
TLV,SVX,1,3393.0,ISR,RUS
TLV,SXF,3,2846.0,ISR,DEU
TLV,TAS,1,3212.0,ISR,UZB
TLV,TBS,3,1396.0,ISR,GEG
TLV,TXL,2,2871.0,ISR,DEU
TLV,VCE,1,2449.0,ISR,ITA
TLV,VIE,3,2361.0,ISR,AUT
TLV,VIN,1,1986.0,ISR,UKR
TLV,VKO,1,2629.0,ISR,RUS
TLV,VNO,1,2627.0,ISR,LTU
TLV,WAW,3,2508.0,ISR,POL
TLV,YUL,1,8803.0,ISR,CAN
TLV,YYZ,2,9295.0,ISR,CAN
TLV,ZRH,2,2809.0,ISR,CHE
TMC,DPS,2,454.0,IDN,IDN
TMC,KOE,1,492.0,IDN,IDN
TME,BOG,1,328.0,COL,COL
TME,RVE,1,57.0,COL,COL
TMI,KTM,1,186.0,NPL,NPL
TMJ,DME,1,2985.0,UZB,RUS
TMJ,TAS,1,473.0,UZB,UZB
TML,ACC,3,446.0,GHA,GHA
TMM,ANM,1,360.0,MDG,MDG
TMM,RUN,2,712.0,MDG,REU
TMM,SMS,1,122.0,MDG,MDG
TMM,TNR,1,216.0,MDG,MDG
TMM,WMN,1,299.0,MDG,MDG
TMM,WMR,1,220.0,MDG,MDG
TMP,AGP,1,3374.0,FIN,ESP
TMP,ALC,1,3062.0,FIN,ESP
TMP,ARN,3,367.0,FIN,SWE
TMP,BGY,1,1967.0,FIN,ITA
TMP,BRE,1,1283.0,FIN,DEU
TMP,BUD,1,1579.0,FIN,HUN
TMP,GRO,1,2578.0,FIN,ESP
TMP,HEL,1,142.0,FIN,FIN
TMP,HHN,1,1626.0,FIN,DEU
TMP,STN,1,1763.0,FIN,ENG
TMR,ALG,1,1558.0,DZA,DZA
TMR,ELG,1,900.0,DZA,DZA
TMR,GHA,1,1077.0,DZA,DZA
TMR,INZ,1,576.0,DZA,DZA
TMS,LAD,1,1255.0,STP,AGO
TMS,LIS,1,4566.0,STP,PRX
TMS,RAI,1,3692.0,STP,CPV
TMT,STM,1,207.0,BRA,BRA
TMU,SJO,3,93.0,CRI,CRI
TMW,SYD,1,320.0,AUS,AUS
TNA,BKK,1,3052.0,CHN,THA
TNA,CAN,5,1543.0,CHN,CHN
TNA,CGO,2,401.0,CHN,CHN
TNA,CGQ,6,1068.0,CHN,CHN
TNA,CKG,5,1262.0,CHN,CHN
TNA,CSX,4,1034.0,CHN,CHN
TNA,CTU,7,1410.0,CHN,CHN
TNA,DLC,6,446.0,CHN,CHN
TNA,FOC,5,1236.0,CHN,CHN
TNA,HET,4,644.0,CHN,CHN
TNA,HGH,4,795.0,CHN,CHN
TNA,HKG,1,1649.0,CHN,HKG
TNA,HRB,7,1231.0,CHN,CHN
TNA,HUN,1,1488.0,CHN,TWN
TNA,ICN,6,821.0,CHN,KOR
TNA,KHH,1,1616.0,CHN,TWN
TNA,KHN,3,897.0,CHN,CHN
TNA,KIX,3,1649.0,CHN,JPN
TNA,KMG,6,1883.0,CHN,CHN
TNA,KWE,2,1510.0,CHN,CHN
TNA,KWL,2,1463.0,CHN,CHN
TNA,LHW,4,1212.0,CHN,CHN
TNA,LJG,1,1958.0,CHN,CHN
TNA,PEK,2,363.0,CHN,CHN
TNA,PVG,1,763.0,CHN,CHN
TNA,RMQ,1,1437.0,CHN,TWN
TNA,SHA,3,735.0,CHN,CHN
TNA,SHE,5,757.0,CHN,CHN
TNA,SYX,2,2200.0,CHN,CHN
TNA,SZX,4,1614.0,CHN,CHN
TNA,TGO,1,856.0,CHN,CHN
TNA,TPE,2,1364.0,CHN,TWN
TNA,TYN,2,418.0,CHN,CHN
TNA,URC,4,2622.0,CHN,CHN
TNA,WNZ,2,1051.0,CHN,CHN
TNA,WUH,4,730.0,CHN,CHN
TNA,WUS,1,1021.0,CHN,CHN
TNA,XIY,7,810.0,CHN,CHN
TNA,XMN,4,1372.0,CHN,CHN
TNA,YNT,2,373.0,CHN,CHN
TNC,WAA,1,10.0,USA,USA
TNG,AMS,2,2027.0,MAR,NLX
TNG,BCN,4,931.0,MAR,ESP
TNG,BRU,2,1881.0,MAR,BFR
TNG,BVA,1,1660.0,MAR,FXX
TNG,CMN,1,304.0,MAR,MAR
TNG,CRL,1,1838.0,MAR,BWR
TNG,LGW,1,1775.0,MAR,ENG
TNG,LHR,1,1804.0,MAR,ENG
TNG,LIS,1,443.0,MAR,PRX
TNG,MAD,3,566.0,MAR,ESP
TNG,MRS,1,1281.0,MAR,FXX
TNG,ORY,1,1596.0,MAR,FXX
TNJ,CGK,3,818.0,IDN,IDN
TNN,HKG,1,650.0,TWN,HKG
TNR,ANM,1,519.0,MDG,MDG
TNR,BKK,2,6862.0,MDG,THA
TNR,CDG,2,8748.0,MDG,FXX
TNR,DIE,1,743.0,MDG,MDG
TNR,DZA,1,707.0,MDG,MYT
TNR,FTU,1,696.0,MDG,MDG
TNR,HAH,1,925.0,MDG,COM
TNR,JNB,2,2135.0,MDG,ZAF
TNR,MJN,1,368.0,MDG,MDG
TNR,MOQ,1,370.0,MDG,MDG
TNR,MRS,1,8152.0,MDG,FXX
TNR,MRU,2,1084.0,MDG,MUS
TNR,NBO,1,2258.0,MDG,KEN
TNR,NOS,1,616.0,MDG,MDG
TNR,ORY,2,8733.0,MDG,FXX
TNR,RUN,2,871.0,MDG,REU
TNR,SMS,1,311.0,MDG,MDG
TNR,SVB,1,579.0,MDG,MDG
TNR,TLE,1,641.0,MDG,MDG
TNR,TMM,1,216.0,MDG,MDG
TNR,WMN,1,441.0,MDG,MDG
TNW,UIO,1,135.0,ECU,ECU
TOB,HBE,1,559.0,LBY,EGY
TOB,TIP,1,1014.0,LBY,LBY
TOB,TUN,2,1371.0,LBY,TUN
TOE,ORY,1,1711.0,TUN,FXX
TOE,TUN,1,376.0,TUN,TUN
TOF,DME,2,2893.0,RUS,RUS
TOF,KJA,1,450.0,RUS,RUS
TOF,SGC,1,873.0,RUS,RUS
TOF,SVO,1,2898.0,RUS,RUS
TOG,KWN,1,113.0,USA,USA
TOH,MTV,1,122.0,VUT,VUT
TOH,SLH,1,113.0,VUT,VUT
TOH,ZGU,1,142.0,VUT,VUT
TOL,ORD,2,342.0,USA,USA
TOL,PGD,1,1639.0,USA,USA
TOL,PIE,1,1524.0,USA,USA
TOL,SFB,1,1443.0,USA,USA
TOS,ALC,1,3678.0,NOW,ESP
TOS,ALF,4,174.0,NOW,NOW
TOS,ANX,1,117.0,NOW,NOW
TOS,ARN,1,1116.0,NOW,SWE
TOS,BGO,1,1221.0,NOW,NOW
TOS,BOO,2,326.0,NOW,NOW
TOS,EVE,1,160.0,NOW,NOW
TOS,HAA,1,151.0,NOW,NOW
TOS,HFT,1,210.0,NOW,NOW
TOS,KKN,1,423.0,NOW,NOW
TOS,LGW,1,2289.0,NOW,ENG
TOS,LKL,1,235.0,NOW,NOW
TOS,LYR,1,958.0,NOW,NSV
TOS,MMK,1,553.0,NOW,RUS
TOS,OSL,2,1124.0,NOW,NOW
TOS,SKN,1,197.0,NOW,NOW
TOS,SOJ,1,79.0,NOW,NOW
TOS,SVG,1,1355.0,NOW,NOW
TOS,TRD,2,776.0,NOW,NOW
TOS,VDS,1,420.0,NOW,NOW
TOU,GEA,1,206.0,NCL,NCL
TOY,CTS,2,782.0,JPN,JPN
TOY,DLC,1,1397.0,JPN,CHN
TOY,HND,1,263.0,JPN,JPN
TOY,ICN,2,957.0,JPN,KOR
TOY,PVG,2,1544.0,JPN,CHN
TOY,TPE,1,1989.0,JPN,TWN
TPA,ACY,1,1472.0,USA,USA
TPA,ALB,2,1821.0,USA,USA
TPA,ATL,8,655.0,USA,USA
TPA,AUS,1,1490.0,USA,USA
TPA,BDL,3,1791.0,USA,USA
TPA,BHM,2,740.0,USA,USA
TPA,BNA,1,986.0,USA,USA
TPA,BOS,1,1908.0,USA,USA
TPA,BUF,1,1699.0,USA,USA
TPA,BWI,2,1358.0,USA,USA
TPA,CAK,2,1442.0,USA,USA
TPA,CLE,1,1495.0,USA,USA
TPA,CLT,2,819.0,USA,USA
TPA,CMH,3,1337.0,USA,USA
TPA,CVG,1,1247.0,USA,USA
TPA,DAY,2,1335.0,USA,USA
TPA,DCA,3,1312.0,USA,USA
TPA,DEN,3,2423.0,USA,USA
TPA,DFW,3,1493.0,USA,USA
TPA,DTW,2,1585.0,USA,USA
TPA,EWR,2,1607.0,USA,USA
TPA,EYW,4,388.0,USA,USA
TPA,FLL,5,317.0,USA,USA
TPA,FNT,1,1670.0,USA,USA
TPA,GCM,1,973.0,USA,CYM
TPA,GNV,2,192.0,USA,USA
TPA,GRR,1,1679.0,USA,USA
TPA,HOU,2,1255.0,USA,USA
TPA,HPN,1,1663.0,USA,USA
TPA,IAD,1,1307.0,USA,USA
TPA,IAH,1,1265.0,USA,USA
TPA,ILG,1,1449.0,USA,USA
TPA,IND,3,1351.0,USA,USA
TPA,ISP,2,1665.0,USA,USA
TPA,JAX,2,292.0,USA,USA
TPA,JFK,4,1620.0,USA,USA
TPA,LAS,1,3187.0,USA,USA
TPA,LAX,1,3466.0,USA,USA
TPA,LGA,2,1628.0,USA,USA
TPA,LGW,4,7111.0,USA,ENG
TPA,MCI,2,1687.0,USA,USA
TPA,MDW,2,1607.0,USA,USA
TPA,MEM,1,1055.0,USA,USA
TPA,MHT,1,1939.0,USA,USA
TPA,MIA,2,329.0,USA,USA
TPA,MKE,2,1733.0,USA,USA
TPA,MSP,1,2105.0,USA,USA
TPA,MSY,2,784.0,USA,USA
TPA,ORD,4,1631.0,USA,USA
TPA,PBI,2,280.0,USA,USA
TPA,PDX,1,4013.0,USA,USA
TPA,PHL,3,1483.0,USA,USA
TPA,PHX,4,2873.0,USA,USA
TPA,PIT,2,1408.0,USA,USA
TPA,PNS,2,530.0,USA,USA
TPA,PTY,1,2128.0,USA,PAN
TPA,PVD,2,1832.0,USA,USA
TPA,RDU,3,947.0,USA,USA
TPA,ROC,1,1740.0,USA,USA
TPA,SAT,2,1562.0,USA,USA
TPA,SDF,1,1172.0,USA,USA
TPA,SEA,1,4051.0,USA,USA
TPA,SJU,3,1991.0,USA,PRI
TPA,STL,2,1400.0,USA,USA
TPA,TLH,2,322.0,USA,USA
TPA,TTN,1,1540.0,USA,USA
TPA,YYZ,2,1765.0,USA,CAN
TPA,ZRH,1,7835.0,USA,CHE
TPE,AKJ,3,2823.0,TWN,JPN
TPE,AMS,2,9443.0,TWN,NLX
TPE,BKI,2,2199.0,TWN,MYS
TPE,BKK,6,2489.0,TWN,THA
TPE,BNE,2,6760.0,TWN,AUS
TPE,CAN,4,826.0,TWN,CHN
TPE,CDG,1,9786.0,TWN,FXX
TPE,CGK,3,3811.0,TWN,IDN
TPE,CGO,3,1268.0,TWN,CHN
TPE,CGQ,1,2142.0,TWN,CHN
TPE,CJU,1,1067.0,TWN,KOR
TPE,CKG,2,1529.0,TWN,CHN
TPE,CNX,1,2398.0,TWN,THA
TPE,CSX,4,868.0,TWN,CHN
TPE,CTS,4,2712.0,TWN,JPN
TPE,CTU,3,1804.0,TWN,CHN
TPE,DEL,2,4372.0,TWN,IND
TPE,DLC,4,1545.0,TWN,CHN
TPE,DPS,3,3818.0,TWN,IDN
TPE,DXB,1,6555.0,TWN,ARE
TPE,DYG,2,1157.0,TWN,CHN
TPE,FOC,2,184.0,TWN,CHN
TPE,FRA,1,9365.0,TWN,DEU
TPE,FUK,5,1300.0,TWN,JPN
TPE,GUM,2,2782.0,TWN,GUM
TPE,HAK,2,1245.0,TWN,CHN
TPE,HAN,3,1633.0,TWN,VNM
TPE,HET,2,1958.0,TWN,CHN
TPE,HFE,2,839.0,TWN,CHN
TPE,HGH,3,578.0,TWN,CHN
TPE,HIJ,1,1533.0,TWN,JPN
TPE,HKD,3,2586.0,TWN,JPN
TPE,HKG,6,806.0,TWN,HKG
TPE,HND,1,2122.0,TWN,JPN
TPE,HNL,2,8144.0,TWN,USA
TPE,HRB,2,2328.0,TWN,CHN
TPE,ICN,7,1464.0,TWN,KOR
TPE,ISG,2,313.0,TWN,JPN
TPE,JFK,1,12545.0,TWN,USA
TPE,JJN,1,268.0,TWN,CHN
TPE,KHN,2,676.0,TWN,CHN
TPE,KIX,8,1703.0,TWN,JPN
TPE,KLO,2,1495.0,TWN,PHL
TPE,KMG,2,1842.0,TWN,CHN
TPE,KMI,1,1251.0,TWN,JPN
TPE,KMQ,2,1916.0,TWN,JPN
TPE,KOJ,1,1190.0,TWN,JPN
TPE,KUH,1,2891.0,TWN,JPN
TPE,KUL,4,3246.0,TWN,MYS
TPE,KWE,2,1453.0,TWN,CHN
TPE,KWL,2,1127.0,TWN,CHN
TPE,LAX,4,10922.0,TWN,USA
TPE,LHW,1,2103.0,TWN,CHN
TPE,LJG,1,2105.0,TWN,CHN
TPE,MFM,3,844.0,TWN,MAC
TPE,MNL,6,1175.0,TWN,PHL
TPE,NGB,3,529.0,TWN,CHN
TPE,NGO,3,1849.0,TWN,JPN
TPE,NKG,3,776.0,TWN,CHN
TPE,NNG,2,1356.0,TWN,CHN
TPE,NRT,10,2181.0,TWN,JPN
TPE,OKA,3,655.0,TWN,JPN
TPE,OKJ,2,1622.0,TWN,JPN
TPE,PEK,4,1723.0,TWN,CHN
TPE,PEN,1,3135.0,TWN,MYS
TPE,PNH,2,2288.0,TWN,KHM
TPE,PUS,2,1345.0,TWN,KOR
TPE,PVG,8,677.0,TWN,CHN
TPE,REP,1,2238.0,TWN,KHM
TPE,RGN,1,2754.0,TWN,MMR
TPE,ROR,2,2424.0,TWN,PLW
TPE,SDJ,2,2354.0,TWN,JPN
TPE,SEA,2,9757.0,TWN,USA
TPE,SFO,5,10391.0,TWN,USA
TPE,SGN,3,2208.0,TWN,VNM
TPE,SHE,4,1853.0,TWN,CHN
TPE,SIN,7,3222.0,TWN,SGP
TPE,SJW,3,1592.0,TWN,CHN
TPE,SUB,1,3723.0,TWN,IDN
TPE,SYD,1,7285.0,TWN,AUS
TPE,SYX,1,1434.0,TWN,CHN
TPE,SZX,4,802.0,TWN,CHN
TPE,TAK,1,1597.0,TWN,JPN
TPE,TAO,4,1247.0,TWN,CHN
TPE,TNA,2,1364.0,TWN,CHN
TPE,TOY,1,1989.0,TWN,JPN
TPE,TSN,1,1604.0,TWN,CHN
TPE,TXN,1,595.0,TWN,CHN
TPE,TYN,1,1626.0,TWN,CHN
TPE,URC,2,3695.0,TWN,CHN
TPE,VIE,1,8968.0,TWN,AUT
TPE,WNZ,1,317.0,TWN,CHN
TPE,WUH,3,937.0,TWN,CHN
TPE,WUX,4,718.0,TWN,CHN
TPE,XIY,4,1590.0,TWN,CHN
TPE,XMN,2,319.0,TWN,CHN
TPE,XUZ,2,1060.0,TWN,CHN
TPE,YNT,1,1370.0,TWN,CHN
TPE,YNZ,3,934.0,TWN,CHN
TPE,YVR,2,9592.0,TWN,CAN
TPE,YYZ,1,12079.0,TWN,CAN
TPP,IQT,2,455.0,PER,PER
TPP,LIM,3,618.0,PER,PER
TPP,PCL,1,287.0,PER,PER
TPQ,MEX,2,640.0,MEX,MEX
TPQ,TIJ,1,1722.0,MEX,MEX
TPS,AOI,1,639.0,ITA,ITA
TPS,BGY,1,893.0,ITA,ITA
TPS,BLQ,1,743.0,ITA,ITA
TPS,BTS,1,1203.0,ITA,SVK
TPS,BVA,1,1528.0,ITA,FXX
TPS,CAG,1,334.0,ITA,ITA
TPS,CIA,1,432.0,ITA,ITA
TPS,CRL,1,1533.0,ITA,BWR
TPS,CUF,1,842.0,ITA,ITA
TPS,EIN,1,1605.0,ITA,NLX
TPS,FKB,1,1259.0,ITA,DEU
TPS,FMM,1,1135.0,ITA,DEU
TPS,GOA,1,785.0,ITA,ITA
TPS,GRO,1,940.0,ITA,ESP
TPS,HHN,1,1401.0,ITA,DEU
TPS,KRK,1,1472.0,ITA,POL
TPS,KUN,1,2088.0,ITA,LTU
TPS,MAN,1,2057.0,ITA,ENG
TPS,MLA,1,289.0,ITA,MLT
TPS,MST,1,1539.0,ITA,NLX
TPS,PEG,1,576.0,ITA,ITA
TPS,PMF,1,790.0,ITA,ITA
TPS,PNL,1,130.0,ITA,ITA
TPS,PSA,1,666.0,ITA,ITA
TPS,TRN,1,905.0,ITA,ITA
TPS,TRS,1,884.0,ITA,ITA
TPS,TSF,1,861.0,ITA,ITA
TPS,WMI,1,1736.0,ITA,POL
TQL,SLY,1,543.0,RUS,RUS
TRC,CUN,1,1761.0,MEX,MEX
TRC,CUU,1,431.0,MEX,MEX
TRC,DFW,2,1022.0,MEX,USA
TRC,GDL,2,561.0,MEX,MEX
TRC,IAH,1,933.0,MEX,USA
TRC,MEX,3,814.0,MEX,MEX
TRD,AES,1,262.0,NOW,NOW
TRD,AGP,1,3156.0,NOW,ESP
TRD,ALC,2,2903.0,NOW,ESP
TRD,AMS,2,1291.0,NOW,NLX
TRD,ARN,1,562.0,NOW,SWE
TRD,AYT,1,3243.0,NOW,TUR
TRD,BGO,2,461.0,NOW,NOW
TRD,BNN,1,231.0,NOW,NOW
TRD,BOO,2,453.0,NOW,NOW
TRD,CPH,4,877.0,NOW,DNK
TRD,DBV,1,2371.0,NOW,HRV
TRD,EVE,2,617.0,NOW,NOW
TRD,GDN,1,1097.0,NOW,POL
TRD,KEF,1,1633.0,NOW,ISL
TRD,KRK,1,1579.0,NOW,POL
TRD,KRS,1,604.0,NOW,NOW
TRD,KSU,1,160.0,NOW,NOW
TRD,LGW,1,1518.0,NOW,ENG
TRD,MJF,1,281.0,NOW,NOW
TRD,MQN,1,360.0,NOW,NOW
TRD,NCE,1,2214.0,NOW,FXX
TRD,OSL,2,371.0,NOW,NOW
TRD,OSY,1,117.0,NOW,NOW
TRD,RIX,1,1020.0,NOW,LVA
TRD,RVK,1,154.0,NOW,NOW
TRD,SSJ,1,287.0,NOW,NOW
TRD,SVG,1,583.0,NOW,NOW
TRD,SXF,1,1241.0,NOW,DEU
TRD,TLL,2,863.0,NOW,EST
TRD,TOS,2,776.0,NOW,NOW
TRD,TRF,3,476.0,NOW,NOW
TRE,GLA,1,166.0,SCT,SCT
TRF,AGP,2,2720.0,NOW,ESP
TRF,AHO,1,2068.0,NOW,ITA
TRF,ALC,2,2449.0,NOW,ESP
TRF,AMS,2,838.0,NOW,NLX
TRF,ARN,1,436.0,NOW,SWE
TRF,AYT,1,2885.0,NOW,TUR
TRF,BCN,1,2069.0,NOW,ESP
TRF,BEG,1,1735.0,NOW,SRS
TRF,BGO,2,308.0,NOW,NOW
TRF,CPH,2,422.0,NOW,DNK
TRF,DBV,1,1929.0,NOW,HRV
TRF,GDN,1,731.0,NOW,POL
TRF,KTW,1,1119.0,NOW,POL
TRF,LGW,1,1111.0,NOW,ENG
TRF,LPA,1,3989.0,NOW,ESP
TRF,LPL,1,1036.0,NOW,ENG
TRF,LUZ,1,1182.0,NOW,POL
TRF,NCE,1,1739.0,NOW,FXX
TRF,OTP,1,1944.0,NOW,ROU
TRF,PMI,1,2247.0,NOW,ESP
TRF,POZ,1,856.0,NOW,POL
TRF,PSA,1,1724.0,NOW,ITA
TRF,RIX,1,843.0,NOW,LVA
TRF,STN,1,1026.0,NOW,ENG
TRF,SVG,2,267.0,NOW,NOW
TRF,SZZ,1,685.0,NOW,POL
TRF,TRD,2,476.0,NOW,NOW
TRF,VNO,1,1040.0,NOW,LTU
TRF,WAW,1,1027.0,NOW,POL
TRF,WRO,1,992.0,NOW,POL
TRG,AKL,1,144.0,NZL,NZL
TRG,CHC,1,717.0,NZL,NZL
TRG,WLG,1,424.0,NZL,NZL
TRI,ATL,3,365.0,USA,USA
TRI,CLT,2,193.0,USA,USA
TRI,PIE,1,953.0,USA,USA
TRI,SFB,1,863.0,USA,USA
TRK,BPN,3,516.0,IDN,IDN
TRK,CGK,1,1604.0,IDN,IDN
TRK,SUB,1,1303.0,IDN,IDN
TRK,TWU,1,127.0,IDN,MYS
TRK,UPG,1,958.0,IDN,IDN
TRN,AHO,1,511.0,ITA,ITA
TRN,AMS,1,818.0,ITA,NLX
TRN,BCN,3,626.0,ITA,ESP
TRN,BDS,1,978.0,ITA,ITA
TRN,BRI,2,865.0,ITA,ITA
TRN,BRU,2,676.0,ITA,BFR
TRN,CAG,1,672.0,ITA,ITA
TRN,CDG,2,573.0,ITA,FXX
TRN,CMN,1,1852.0,ITA,MAR
TRN,CRL,1,631.0,ITA,BWR
TRN,CTA,4,1059.0,ITA,ITA
TRN,DUS,1,680.0,ITA,DEU
TRN,FCO,3,529.0,ITA,ITA
TRN,FRA,1,542.0,ITA,DEU
TRN,IAS,2,1549.0,ITA,ROU
TRN,IST,1,1759.0,ITA,TUR
TRN,LGW,1,880.0,ITA,ENG
TRN,MAD,1,1053.0,ITA,ESP
TRN,MLA,1,1187.0,ITA,MLT
TRN,MUC,1,471.0,ITA,DEU
TRN,NAP,2,722.0,ITA,ITA
TRN,OLB,1,502.0,ITA,ITA
TRN,PMO,3,902.0,ITA,ITA
TRN,REG,1,1034.0,ITA,ITA
TRN,STN,1,921.0,ITA,ENG
TRN,SUF,2,996.0,ITA,ITA
TRN,TIA,1,1062.0,ITA,ALB
TRN,TPS,1,905.0,ITA,ITA
TRN,ZRH,1,261.0,ITA,CHE
TRO,GFN,1,242.0,AUS,AUS
TRO,SYD,1,261.0,AUS,AUS
TRR,GIU,1,82.0,LKA,LKA
TRS,AHO,1,714.0,ITA,ITA
TRS,BRI,1,585.0,ITA,ITA
TRS,BVA,1,940.0,ITA,FXX
TRS,CRL,1,843.0,ITA,BWR
TRS,FCO,1,459.0,ITA,ITA
TRS,LIN,1,329.0,ITA,ITA
TRS,MUC,1,309.0,ITA,DEU
TRS,NAP,1,553.0,ITA,ITA
TRS,STN,1,1177.0,ITA,ENG
TRS,TPS,1,884.0,ITA,ITA
TRS,VLC,1,1338.0,ITA,ESP
TRU,LIM,1,490.0,PER,PER
TRV,AUH,3,2955.0,IND,ARE
TRV,BAH,1,3406.0,IND,BHR
TRV,BLR,4,531.0,IND,IND
TRV,BOM,6,1258.0,IND,IND
TRV,CMB,2,357.0,IND,LKA
TRV,COK,3,194.0,IND,IND
TRV,DMM,1,3489.0,IND,SAU
TRV,DOH,1,3265.0,IND,QAT
TRV,DXB,3,2947.0,IND,ARE
TRV,HAQ,1,456.0,IND,MDV
TRV,KWI,1,3800.0,IND,KWT
TRV,MAA,4,614.0,IND,IND
TRV,MCT,3,2600.0,IND,OMN
TRV,MLE,2,607.0,IND,MDV
TRV,RUH,1,3688.0,IND,SAU
TRV,SHJ,3,2940.0,IND,ARE
TRV,SIN,3,3100.0,IND,SGP
TRW,INU,1,725.0,KIR,NRU
TRW,MAJ,1,665.0,KIR,MHL
TRW,NAN,1,2179.0,KIR,FJI
TRZ,CMB,2,419.0,IND,LKA
TRZ,KUL,2,2689.0,IND,MYS
TRZ,MAA,3,294.0,IND,IND
TRZ,SIN,2,2982.0,IND,SGP
TSA,CKG,2,1559.0,TWN,CHN
TSA,CTU,1,1834.0,TWN,CHN
TSA,FOC,3,213.0,TWN,CHN
TSA,GMP,4,1474.0,TWN,KOR
TSA,HFE,1,854.0,TWN,CHN
TSA,HGH,1,584.0,TWN,CHN
TSA,HND,4,2097.0,TWN,JPN
TSA,HUN,1,117.0,TWN,TWN
TSA,KNH,2,330.0,TWN,TWN
TSA,MZG,2,257.0,TWN,TWN
TSA,NNG,1,1387.0,TWN,CHN
TSA,PVG,3,676.0,TWN,CHN
TSA,SHA,6,682.0,TWN,CHN
TSA,TSN,3,1612.0,TWN,CHN
TSA,TTT,1,261.0,TWN,TWN
TSA,TYN,1,1643.0,TWN,CHN
TSA,WNZ,1,324.0,TWN,CHN
TSA,WUH,1,961.0,TWN,CHN
TSA,XMN,2,350.0,TWN,CHN
TSE,AKX,2,1008.0,KAZ,KAZ
TSE,ALA,5,951.0,KAZ,KAZ
TSE,AUH,2,3288.0,KAZ,ARE
TSE,CIT,2,974.0,KAZ,KAZ
TSE,DMB,1,908.0,KAZ,KAZ
TSE,DME,1,2264.0,KAZ,RUS
TSE,DZN,1,457.0,KAZ,KAZ
TSE,FRA,3,4309.0,KAZ,DEU
TSE,FRU,1,914.0,KAZ,KGZ
TSE,GUW,2,1490.0,KAZ,KAZ
TSE,GYD,1,2023.0,KAZ,AZE
TSE,IST,2,3410.0,KAZ,TUR
TSE,KBP,2,2823.0,KAZ,UKR
TSE,KSN,1,592.0,KAZ,KAZ
TSE,KZO,1,827.0,KAZ,KAZ
TSE,LED,2,2725.0,KAZ,RUS
TSE,LHR,1,4797.0,KAZ,ENG
TSE,MSQ,1,2914.0,KAZ,BLR
TSE,OMS,1,456.0,KAZ,RUS
TSE,OVB,1,868.0,KAZ,RUS
TSE,PEK,1,3652.0,KAZ,CHN
TSE,PLX,1,622.0,KAZ,KAZ
TSE,PPK,1,444.0,KAZ,KAZ
TSE,PWQ,1,408.0,KAZ,KAZ
TSE,SCO,2,1719.0,KAZ,KAZ
TSE,SHJ,1,3163.0,KAZ,ARE
TSE,SVO,1,2293.0,KAZ,RUS
TSE,SVX,1,943.0,KAZ,RUS
TSE,TAS,2,1099.0,KAZ,UZB
TSE,UKK,2,786.0,KAZ,KAZ
TSE,URA,1,1387.0,KAZ,KAZ
TSE,URC,2,1435.0,KAZ,CHN
TSE,VIE,2,3880.0,KAZ,AUT
TSE,VKO,1,2304.0,KAZ,RUS
TSF,AGP,1,1712.0,ITA,ESP
TSF,AHO,1,641.0,ITA,ITA
TSF,BCN,1,948.0,ITA,ESP
TSF,BDS,1,725.0,ITA,ITA
TSF,BLL,1,1142.0,ITA,DNK
TSF,BRE,1,859.0,ITA,DEU
TSF,BRI,1,622.0,ITA,ITA
TSF,BRS,1,1267.0,ITA,ENG
TSF,BRU,1,816.0,ITA,BFR
TSF,BUD,1,575.0,ITA,HUN
TSF,BVA,1,866.0,ITA,FXX
TSF,CAG,1,756.0,ITA,ITA
TSF,CHQ,1,1508.0,ITA,GRC
TSF,CLJ,1,892.0,ITA,ROU
TSF,CMN,1,2168.0,ITA,MAR
TSF,CRL,1,785.0,ITA,BWR
TSF,CTA,1,940.0,ITA,ITA
TSF,DUB,1,1581.0,ITA,IRL
TSF,EIN,1,817.0,ITA,NLX
TSF,EMA,1,1262.0,ITA,ENG
TSF,HHN,1,603.0,ITA,DEU
TSF,IEV,1,1452.0,ITA,UKR
TSF,KIV,1,1291.0,ITA,MDA
TSF,LBA,1,1347.0,ITA,ENG
TSF,LWO,1,993.0,ITA,UKR
TSF,MLA,1,1105.0,ITA,MLT
TSF,NRN,1,797.0,ITA,DEU
TSF,NYO,1,1495.0,ITA,SWE
TSF,OTP,1,1095.0,ITA,ROU
TSF,PMO,1,834.0,ITA,ITA
TSF,PRG,1,518.0,ITA,CZE
TSF,RYG,1,1530.0,ITA,NOW
TSF,SKP,1,860.0,ITA,MKD
TSF,STN,1,1115.0,ITA,ENG
TSF,SUF,1,820.0,ITA,ITA
TSF,TPS,1,861.0,ITA,ITA
TSF,TSR,1,710.0,ITA,ROU
TSF,VLC,1,1241.0,ITA,ESP
TSH,FIH,1,635.0,COD,COD
TSH,KGA,1,195.0,COD,COD
TSJ,FUK,1,129.0,JPN,JPN
TSJ,NGS,2,161.0,JPN,JPN
TSN,BAV,3,647.0,CHN,CHN
TSN,CAN,5,1791.0,CHN,CHN
TSN,CGO,4,599.0,CHN,CHN
TSN,CGQ,2,879.0,CHN,CHN
TSN,CIF,2,370.0,CHN,CHN
TSN,CIH,1,490.0,CHN,CHN
TSN,CJU,2,1029.0,CHN,KOR
TSN,CKG,7,1432.0,CHN,CHN
TSN,CSX,5,1274.0,CHN,CHN
TSN,CTU,6,1546.0,CHN,CHN
TSN,DLC,8,363.0,CHN,CHN
TSN,DSN,1,645.0,CHN,CHN
TSN,DYG,1,1282.0,CHN,CHN
TSN,FOC,1,1482.0,CHN,CHN
TSN,FUG,1,709.0,CHN,CHN
TSN,HAK,2,2234.0,CHN,CHN
TSN,HET,6,508.0,CHN,CHN
TSN,HGH,5,1028.0,CHN,CHN
TSN,HIA,1,614.0,CHN,CHN
TSN,HKG,3,1898.0,CHN,HKG
TSN,HRB,8,1027.0,CHN,CHN
TSN,ICN,4,815.0,CHN,KOR
TSN,KHH,1,1862.0,CHN,TWN
TSN,KHN,1,1149.0,CHN,CHN
TSN,KMG,3,2062.0,CHN,CHN
TSN,KWL,1,1691.0,CHN,CHN
TSN,LHW,2,1239.0,CHN,CHN
TSN,MWX,1,924.0,CHN,KOR
TSN,NBS,1,925.0,CHN,CHN
TSN,NGB,2,1100.0,CHN,CHN
TSN,NGO,2,1788.0,CHN,JPN
TSN,PVG,3,975.0,CHN,CHN
TSN,SHA,7,953.0,CHN,CHN
TSN,SHE,1,590.0,CHN,CHN
TSN,SIN,1,4414.0,CHN,SGP
TSN,SYX,2,2438.0,CHN,CHN
TSN,SZX,6,1863.0,CHN,CHN
TSN,TAO,3,415.0,CHN,CHN
TSN,TPE,1,1604.0,CHN,TWN
TSN,TSA,3,1612.0,CHN,TWN
TSN,TXN,1,1048.0,CHN,CHN
TSN,TYN,1,438.0,CHN,CHN
TSN,URC,1,2529.0,CHN,CHN
TSN,UYN,1,678.0,CHN,CHN
TSN,WUH,4,970.0,CHN,CHN
TSN,XIY,7,925.0,CHN,CHN
TSN,XMN,5,1623.0,CHN,CHN
TSN,XNN,1,1373.0,CHN,CHN
TSN,YCU,2,715.0,CHN,CHN
TSN,YNT,2,400.0,CHN,CHN
TSN,ZUH,1,1940.0,CHN,CHN
TSR,BCN,1,1626.0,ROU,ESP
TSR,BGY,1,902.0,ROU,ITA
TSR,BLQ,1,800.0,ROU,ITA
TSR,BVA,1,1492.0,ROU,FXX
TSR,CIA,1,831.0,ROU,ITA
TSR,DTM,1,1188.0,ROU,DEU
TSR,LTN,1,1717.0,ROU,ENG
TSR,MAD,1,2096.0,ROU,ESP
TSR,MUC,1,776.0,ROU,DEU
TSR,OTP,2,397.0,ROU,ROU
TSR,TSF,1,710.0,ROU,ITA
TSR,VLC,1,1910.0,ROU,ESP
TST,DMK,2,720.0,THA,THA
TSV,BNE,4,1112.0,AUS,AUS
TSV,CNJ,1,673.0,AUS,AUS
TSV,CNS,1,284.0,AUS,AUS
TSV,DRW,2,1860.0,AUS,AUS
TSV,ISA,2,776.0,AUS,AUS
TSV,MEL,1,2057.0,AUS,AUS
TSV,MKY,1,330.0,AUS,AUS
TSV,MOV,1,340.0,AUS,AUS
TSV,SYD,2,1691.0,AUS,AUS
TSV,WIN,1,516.0,AUS,AUS
TTA,CMN,1,644.0,MAR,MAR
TTE,CGK,2,2427.0,IDN,IDN
TTE,MDC,3,284.0,IDN,IDN
TTE,UPG,3,1089.0,IDN,IDN
TTJ,HND,1,508.0,JPN,JPN
TTN,ATL,1,1128.0,USA,USA
TTN,BNA,1,1134.0,USA,USA
TTN,CLE,1,605.0,USA,USA
TTN,CLT,1,779.0,USA,USA
TTN,CVG,1,854.0,USA,USA
TTN,DTW,1,745.0,USA,USA
TTN,FLL,1,1655.0,USA,USA
TTN,IND,1,979.0,USA,USA
TTN,MCO,1,1445.0,USA,USA
TTN,MDW,1,1097.0,USA,USA
TTN,RDU,1,600.0,USA,USA
TTN,RSW,1,1657.0,USA,USA
TTN,TPA,1,1540.0,USA,USA
TTN,UST,1,1291.0,USA,USA
TTQ,SJO,1,81.0,CRI,CRI
TTT,TSA,1,261.0,TWN,TWN
TTU,AHU,1,142.0,MAR,MAR
TUB,PPT,1,646.0,PYF,PYF
TUB,RUR,1,215.0,PYF,PYF
TUB,RVV,1,198.0,PYF,PYF
TUC,AEP,2,1070.0,ARG,ARG
TUF,DUB,1,829.0,FXX,IRL
TUF,MRS,1,566.0,FXX,FXX
TUF,OPO,1,1015.0,FXX,PRX
TUF,RAK,1,1911.0,FXX,MAR
TUF,STN,1,496.0,FXX,ENG
TUG,MNL,3,357.0,PHL,PHL
TUI,RUH,1,1080.0,SAU,SAU
TUK,DBA,1,349.0,PAK,PAK
TUK,GWD,1,109.0,PAK,PAK
TUK,KHI,1,432.0,PAK,PAK
TUK,MCT,1,548.0,PAK,OMN
TUK,SHJ,1,756.0,PAK,ARE
TUK,UET,1,610.0,PAK,PAK
TUL,ATL,4,1082.0,USA,USA
TUL,DAL,1,383.0,USA,USA
TUL,DEN,3,870.0,USA,USA
TUL,DFW,2,382.0,USA,USA
TUL,DTW,1,1268.0,USA,USA
TUL,EWR,1,1951.0,USA,USA
TUL,HOU,1,731.0,USA,USA
TUL,IAD,1,1650.0,USA,USA
TUL,IAH,1,693.0,USA,USA
TUL,LAS,1,1727.0,USA,USA
TUL,MDW,1,938.0,USA,USA
TUL,MIA,2,1880.0,USA,USA
TUL,MSP,1,991.0,USA,USA
TUL,ORD,3,941.0,USA,USA
TUL,PHX,1,1502.0,USA,USA
TUL,SFB,1,1600.0,USA,USA
TUL,SLC,1,1488.0,USA,USA
TUL,STL,1,563.0,USA,USA
TUN,ABJ,1,3797.0,TUN,CIV
TUN,ALG,2,625.0,TUN,DZA
TUN,AMM,1,2427.0,TUN,JOR
TUN,AMS,1,1771.0,TUN,NLX
TUN,BCN,1,859.0,TUN,ESP
TUN,BEG,1,1225.0,TUN,SRS
TUN,BEN,3,1061.0,TUN,LBY
TUN,BEY,2,2309.0,TUN,LBN
TUN,BKO,1,3255.0,TUN,MLI
TUN,BLQ,1,859.0,TUN,ITA
TUN,BOD,1,1276.0,TUN,FXX
TUN,BRU,1,1627.0,TUN,BFR
TUN,CAI,2,2096.0,TUN,EGY
TUN,CDG,3,1488.0,TUN,FXX
TUN,CGN,1,1578.0,TUN,DEU
TUN,CMN,2,1664.0,TUN,MAR
TUN,DJE,1,335.0,TUN,TUN
TUN,DKR,1,3681.0,TUN,SEN
TUN,DME,1,2931.0,TUN,RUS
TUN,DOH,1,4110.0,TUN,QAT
TUN,DUS,1,1629.0,TUN,DEU
TUN,DXB,2,4444.0,TUN,ARE
TUN,FCO,2,577.0,TUN,ITA
TUN,FRA,2,1472.0,TUN,DEU
TUN,GAE,1,331.0,TUN,TUN
TUN,GAF,1,298.0,TUN,TUN
TUN,GVA,1,1098.0,TUN,CHE
TUN,IST,2,1670.0,TUN,TUR
TUN,JED,2,3254.0,TUN,SAU
TUN,KWI,1,3594.0,TUN,KWT
TUN,LAQ,2,1162.0,TUN,LBY
TUN,LHR,1,1831.0,TUN,ENG
TUN,LIS,1,1711.0,TUN,PRX
TUN,LYS,3,1076.0,TUN,FXX
TUN,MAD,1,1262.0,TUN,ESP
TUN,MED,1,3115.0,TUN,SAU
TUN,MIR,2,130.0,TUN,TUN
TUN,MLA,1,396.0,TUN,MLT
TUN,MRS,2,847.0,TUN,FXX
TUN,MUC,1,1285.0,TUN,DEU
TUN,MXP,2,984.0,TUN,ITA
TUN,NAP,1,570.0,TUN,ITA
TUN,NCE,1,799.0,TUN,FXX
TUN,NKC,1,3284.0,TUN,MRT
TUN,NTE,2,1503.0,TUN,FXX
TUN,ORN,1,982.0,TUN,DZA
TUN,ORY,2,1465.0,TUN,FXX
TUN,OUA,1,2965.0,TUN,BFA
TUN,PMO,1,292.0,TUN,ITA
TUN,SFA,1,241.0,TUN,TUN
TUN,SRX,1,871.0,TUN,LBY
TUN,SXB,1,1317.0,TUN,FXX
TUN,TIP,4,537.0,TUN,LBY
TUN,TLS,1,1064.0,TUN,FXX
TUN,TOB,2,1371.0,TUN,LBY
TUN,TOE,1,376.0,TUN,TUN
TUN,VCE,1,979.0,TUN,ITA
TUN,VIE,1,1355.0,TUN,AUT
TUN,ZRH,1,1188.0,TUN,CHE
TUO,AKL,1,223.0,NZL,NZL
TUO,WLG,1,308.0,NZL,NZL
TUP,ATL,1,407.0,USA,USA
TUP,GLH,1,222.0,USA,USA
TUR,BEL,1,301.0,BRA,BRA
TUS,ATL,5,2475.0,USA,USA
TUS,DEN,2,1029.0,USA,USA
TUS,DFW,2,1306.0,USA,USA
TUS,IAH,1,1503.0,USA,USA
TUS,LAS,2,587.0,USA,USA
TUS,LAX,6,725.0,USA,USA
TUS,MDW,2,2314.0,USA,USA
TUS,MSP,1,2087.0,USA,USA
TUS,ORD,2,2309.0,USA,USA
TUS,PDX,1,1802.0,USA,USA
TUS,PHX,2,178.0,USA,USA
TUS,SAN,1,590.0,USA,USA
TUS,SEA,1,1957.0,USA,USA
TUS,SFO,1,1208.0,USA,USA
TUS,SJC,1,1160.0,USA,USA
TUS,SLC,1,969.0,USA,USA
TUU,AHB,1,1283.0,SAU,SAU
TUU,CAI,3,542.0,SAU,EGY
TUU,DMM,1,1317.0,SAU,SAU
TUU,DXB,1,1890.0,SAU,ARE
TUU,JED,1,786.0,SAU,SAU
TUU,MED,1,523.0,SAU,SAU
TUU,RUH,1,1070.0,SAU,SAU
TVC,DTW,1,334.0,USA,USA
TVC,MSP,1,603.0,USA,USA
TVC,ORD,3,360.0,USA,USA
TVF,GFK,1,75.0,USA,USA
TVU,NAN,1,308.0,FJI,FJI
TVU,SUV,1,224.0,FJI,FJI
TVU,SVU,1,84.0,FJI,FJI
TVY,MGZ,1,190.0,MMR,MMR
TVY,RGN,1,383.0,MMR,MMR
TWB,BNE,1,120.0,AUS,AUS
TWB,CTL,1,574.0,AUS,AUS
TWB,SGO,1,331.0,AUS,AUS
TWB,SYD,1,716.0,AUS,AUS
TWF,SLC,1,281.0,USA,USA
TWU,BKI,2,292.0,MYS,MYS
TWU,JHB,1,1633.0,MYS,MYS
TWU,KUL,2,1830.0,MYS,MYS
TWU,SDK,1,176.0,MYS,MYS
TWU,TRK,1,127.0,MYS,IDN
TXK,DFW,2,290.0,USA,USA
TXL,ACE,1,3428.0,DEU,ESP
TXL,ADB,1,1913.0,DEU,TUR
TXL,AGP,2,2246.0,DEU,ESP
TXL,ALC,1,1913.0,DEU,ESP
TXL,AMM,2,2953.0,DEU,JOR
TXL,AMS,2,578.0,DEU,NLX
TXL,AOI,1,994.0,DEU,ITA
TXL,ARN,5,839.0,DEU,SWE
TXL,ATH,2,1823.0,DEU,GRC
TXL,AUH,2,4664.0,DEU,ARE
TXL,AYT,3,2212.0,DEU,TUR
TXL,BCN,4,1510.0,DEU,ESP
TXL,BEG,2,1002.0,DEU,SRS
TXL,BHX,1,1016.0,DEU,ENG
TXL,BIA,1,1148.0,DEU,FXX
TXL,BIO,2,1580.0,DEU,ESP
TXL,BLQ,1,904.0,DEU,ITA
TXL,BRI,2,1297.0,DEU,ITA
TXL,BRN,1,753.0,DEU,CHE
TXL,BRU,3,633.0,DEU,BFR
TXL,BUD,1,712.0,DEU,HUN
TXL,CDG,3,850.0,DEU,FXX
TXL,CFU,1,1527.0,DEU,GRC
TXL,CGN,3,463.0,DEU,DEU
TXL,CPH,6,343.0,DEU,DNK
TXL,CTA,6,1684.0,DEU,ITA
TXL,DBV,2,1172.0,DEU,HRV
TXL,DME,2,1631.0,DEU,RUS
TXL,DOH,1,4406.0,DEU,QAT
TXL,DUS,3,469.0,DEU,DEU
TXL,EIN,1,555.0,DEU,NLX
TXL,EWR,2,6387.0,DEU,USA
TXL,FAO,1,2391.0,DEU,PRX
TXL,FCO,3,1199.0,DEU,ITA
TXL,FDH,1,606.0,DEU,DEU
TXL,FKB,2,558.0,DEU,DEU
TXL,FLR,2,985.0,DEU,ITA
TXL,FMM,1,552.0,DEU,DEU
TXL,FNC,1,3263.0,DEU,PMD
TXL,FRA,4,432.0,DEU,DEU
TXL,FUE,1,3487.0,DEU,ESP
TXL,GDN,1,398.0,DEU,POL
TXL,GOT,3,571.0,DEU,SWE
TXL,GRZ,1,638.0,DEU,AUT
TXL,GWT,1,417.0,DEU,DEU
TXL,HEL,3,1119.0,DEU,FIN
TXL,HER,3,2132.0,DEU,GRC
TXL,HRG,1,3295.0,DEU,EGY
TXL,IBZ,2,1776.0,DEU,ESP
TXL,IST,1,1712.0,DEU,TUR
TXL,JFK,2,6368.0,DEU,USA
TXL,KBP,1,1241.0,DEU,UKR
TXL,KGD,2,546.0,DEU,RUS
TXL,KGS,1,2057.0,DEU,GRC
TXL,KLU,2,662.0,DEU,AUT
TXL,KRK,1,529.0,DEU,POL
TXL,LED,1,1317.0,DEU,RUS
TXL,LHR,4,947.0,DEU,ENG
TXL,LIN,1,843.0,DEU,ITA
TXL,LPA,1,3617.0,DEU,ESP
TXL,LUX,2,592.0,DEU,LUX
TXL,MAD,2,1854.0,DEU,ESP
TXL,MAH,1,1572.0,DEU,ESP
TXL,MHG,1,479.0,DEU,DEU
TXL,MIA,2,7991.0,DEU,USA
TXL,MLA,1,1860.0,DEU,MLT
TXL,MRS,1,1177.0,DEU,FXX
TXL,MUC,3,480.0,DEU,DEU
TXL,MXP,2,839.0,DEU,ITA
TXL,NAP,2,1300.0,DEU,ITA
TXL,NBE,1,1847.0,DEU,TUN
TXL,NCE,1,1087.0,DEU,FXX
TXL,NTE,1,1222.0,DEU,FXX
TXL,NUE,3,374.0,DEU,DEU
TXL,OLB,2,1328.0,DEU,ITA
TXL,ORD,2,7081.0,DEU,USA
TXL,ORY,1,878.0,DEU,FXX
TXL,OSL,4,852.0,DEU,NOW
TXL,OTP,2,1291.0,DEU,ROU
TXL,PEK,2,7356.0,DEU,CHN
TXL,PMI,2,1656.0,DEU,ESP
TXL,PMO,2,1599.0,DEU,ITA
TXL,PRG,2,282.0,DEU,CZE
TXL,PRN,1,1252.0,DEU,KOS
TXL,PSA,2,1010.0,DEU,ITA
TXL,RHO,1,2137.0,DEU,GRC
TXL,RIX,2,839.0,DEU,LVA
TXL,SAW,1,1773.0,DEU,TUR
TXL,SCN,4,571.0,DEU,DEU
TXL,SJJ,1,1040.0,DEU,BHF
TXL,SKG,1,1527.0,DEU,GRC
TXL,SMI,1,1962.0,DEU,GRC
TXL,SOF,3,1331.0,DEU,BGR
TXL,SPU,2,1027.0,DEU,HRV
TXL,STR,3,517.0,DEU,DEU
TXL,SVO,2,1603.0,DEU,RUS
TXL,SZG,2,530.0,DEU,AUT
TXL,TFS,1,3670.0,DEU,ESP
TXL,TLV,2,2871.0,DEU,ISR
TXL,UME,1,1313.0,DEU,SWE
TXL,VCE,2,787.0,DEU,ITA
TXL,VIE,5,547.0,DEU,AUT
TXL,VKO,1,1591.0,DEU,RUS
TXL,VNO,1,823.0,DEU,LTU
TXL,VRN,1,815.0,DEU,ITA
TXL,WAW,1,523.0,DEU,POL
TXL,ZAD,1,952.0,DEU,HRV
TXL,ZAG,2,784.0,DEU,HRV
TXL,ZRH,4,660.0,DEU,CHE
TXN,CAN,1,860.0,CHN,CHN
TXN,CKG,2,1121.0,CHN,CHN
TXN,CSX,1,519.0,CHN,CHN
TXN,CTU,2,1378.0,CHN,CHN
TXN,DLC,1,1070.0,CHN,CHN
TXN,HAK,1,1343.0,CHN,CHN
TXN,HFE,1,245.0,CHN,CHN
TXN,ICN,2,1146.0,CHN,KOR
TXN,PEK,2,1160.0,CHN,CHN
TXN,PUS,1,1170.0,CHN,KOR
TXN,SHA,2,337.0,CHN,CHN
TXN,SZX,1,905.0,CHN,CHN
TXN,TAO,1,753.0,CHN,CHN
TXN,TPE,1,595.0,CHN,TWN
TXN,TSN,1,1048.0,CHN,CHN
TXN,TYN,2,1031.0,CHN,CHN
TXN,XIY,1,1037.0,CHN,CHN
TXN,XMN,3,577.0,CHN,CHN
TYF,HFS,1,36.0,SWE,SWE
TYF,TLL,1,667.0,SWE,EST
TYN,BAV,2,386.0,CHN,CHN
TYN,CAN,3,1597.0,CHN,CHN
TYN,CGQ,1,1297.0,CHN,CHN
TYN,CIH,3,172.0,CHN,CHN
TYN,CKG,3,1050.0,CHN,CHN
TYN,CSX,3,1064.0,CHN,CHN
TYN,CTU,5,1127.0,CHN,CHN
TYN,CZX,2,919.0,CHN,CHN
TYN,DAT,3,268.0,CHN,CHN
TYN,DLC,4,788.0,CHN,CHN
TYN,DSN,2,309.0,CHN,CHN
TYN,DYG,1,982.0,CHN,CHN
TYN,FOC,1,1471.0,CHN,CHN
TYN,HAK,1,1992.0,CHN,CHN
TYN,HET,2,352.0,CHN,CHN
TYN,HFE,3,789.0,CHN,CHN
TYN,HGH,5,1102.0,CHN,CHN
TYN,HKG,2,1721.0,CHN,HKG
TYN,HRB,2,1427.0,CHN,CHN
TYN,KHN,1,1033.0,CHN,CHN
TYN,KMG,4,1678.0,CHN,CHN
TYN,KWE,1,1361.0,CHN,CHN
TYN,KWL,2,1414.0,CHN,CHN
TYN,LHW,4,810.0,CHN,CHN
TYN,LJG,1,1691.0,CHN,CHN
TYN,MFM,2,1737.0,CHN,MAC
TYN,NKG,3,877.0,CHN,CHN
TYN,PEK,3,429.0,CHN,CHN
TYN,PUS,1,1484.0,CHN,KOR
TYN,PVG,2,1116.0,CHN,CHN
TYN,SHA,4,1080.0,CHN,CHN
TYN,SHE,4,1024.0,CHN,CHN
TYN,SYX,2,2185.0,CHN,CHN
TYN,SZX,4,1684.0,CHN,CHN
TYN,TAO,4,707.0,CHN,CHN
TYN,TNA,2,418.0,CHN,CHN
TYN,TPE,1,1626.0,CHN,TWN
TYN,TSA,1,1643.0,CHN,TWN
TYN,TSN,1,438.0,CHN,CHN
TYN,TXN,2,1031.0,CHN,CHN
TYN,URC,3,2214.0,CHN,CHN
TYN,WUH,2,788.0,CHN,CHN
TYN,XIY,2,506.0,CHN,CHN
TYN,XMN,2,1558.0,CHN,CHN
TYN,YCU,1,325.0,CHN,CHN
TYR,DFW,2,165.0,USA,USA
TYR,IAH,1,264.0,USA,USA
TYS,ATL,6,245.0,USA,USA
TYS,CLT,2,284.0,USA,USA
TYS,DCA,2,702.0,USA,USA
TYS,DEN,2,1866.0,USA,USA
TYS,DFW,2,1239.0,USA,USA
TYS,DTW,1,714.0,USA,USA
TYS,EWR,1,1014.0,USA,USA
TYS,FLL,1,1143.0,USA,USA
TYS,IAD,1,674.0,USA,USA
TYS,IAH,1,1241.0,USA,USA
TYS,LGA,3,1041.0,USA,USA
TYS,MSP,1,1274.0,USA,USA
TYS,ORD,3,765.0,USA,USA
TYS,PGD,1,1007.0,USA,USA
TYS,PHL,2,891.0,USA,USA
TYS,PIE,1,887.0,USA,USA
TYS,SFB,1,824.0,USA,USA
TZL,GSE,1,1554.0,BHF,SWE
TZL,MMX,1,1289.0,BHF,SWE
TZX,ADA,1,592.0,TUR,TUR
TZX,ADB,2,1121.0,TUR,TUR
TZX,AER,1,273.0,TUR,RUS
TZX,AYT,1,900.0,TUR,TUR
TZX,ESB,1,582.0,TUR,TUR
TZX,IST,2,924.0,TUR,TUR
TZX,SAW,2,880.0,TUR,TUR
UAH,AUQ,1,110.0,PYF,PYF
UAH,NHV,1,76.0,PYF,PYF
UAH,UAP,1,74.0,PYF,PYF
UAK,GOH,1,464.0,GRL,GRL
UAK,JFR,1,242.0,GRL,GRL
UAK,JJU,1,59.0,GRL,GRL
UAK,JNS,1,44.0,GRL,GRL
UAK,SFJ,1,699.0,GRL,GRL
UAP,AUQ,1,126.0,PYF,PYF
UAP,NHV,1,64.0,PYF,PYF
UAP,UAH,1,74.0,PYF,PYF
UAQ,AEP,1,989.0,ARG,ARG
UAQ,MDZ,1,144.0,ARG,ARG
UAS,NYK,2,86.0,KEN,KEN
UAS,WIL,1,221.0,KEN,KEN
UBA,CNF,1,418.0,BRA,BRA
UBA,GRU,1,436.0,BRA,BRA
UBA,UDI,1,102.0,BRA,BRA
UBA,VCP,1,371.0,BRA,BRA
UBJ,HND,2,797.0,JPN,JPN
UBJ,ICN,1,587.0,JPN,KOR
UBP,BKK,1,477.0,THA,THA
UBP,DMK,2,482.0,THA,THA
UCT,LED,1,1302.0,RUS,RUS
UCT,SCW,1,262.0,RUS,RUS
UCT,USK,1,319.0,RUS,RUS
UCT,VKO,1,1279.0,RUS,RUS
UDI,BSB,2,337.0,BRA,BRA
UDI,CGH,2,552.0,BRA,BRA
UDI,CNF,2,454.0,BRA,BRA
UDI,GRU,3,538.0,BRA,BRA
UDI,GYN,2,272.0,BRA,BRA
UDI,PLU,1,461.0,BRA,BRA
UDI,RAO,1,255.0,BRA,BRA
UDI,UBA,1,102.0,BRA,BRA
UDI,VCP,1,472.0,BRA,BRA
UDJ,IEV,1,623.0,UKR,UKR
UDR,BOM,3,624.0,IND,IND
UDR,DEL,4,543.0,IND,IND
UEL,BEW,1,299.0,MOZ,MOZ
UEL,MPM,1,1000.0,MOZ,MOZ
UEL,TET,1,395.0,MOZ,MOZ
UEO,OKA,1,95.0,JPN,JPN
UET,ISB,3,668.0,PAK,PAK
UET,KHI,3,595.0,PAK,PAK
UET,LHE,3,726.0,PAK,PAK
UET,MHD,1,950.0,PAK,IRN
UET,MUX,1,431.0,PAK,PAK
UET,PZH,1,271.0,PAK,PAK
UET,SHJ,1,1249.0,PAK,ARE
UET,TUK,1,610.0,PAK,PAK
UFA,DME,4,1147.0,RUS,RUS
UFA,DWC,1,3299.0,RUS,ARE
UFA,DYU,1,2030.0,RUS,TJK
UFA,GYD,1,1625.0,RUS,AZE
UFA,IST,1,2478.0,RUS,TUR
UFA,KZN,1,436.0,RUS,RUS
UFA,LBD,1,1897.0,RUS,TJK
UFA,LED,1,1637.0,RUS,RUS
UFA,NOJ,1,1460.0,RUS,RUS
UFA,NSK,1,2275.0,RUS,RUS
UFA,NUX,2,1696.0,RUS,RUS
UFA,NYM,1,1523.0,RUS,RUS
UFA,PRG,1,2828.0,RUS,CZE
UFA,SGC,1,1274.0,RUS,RUS
UFA,SHJ,1,3250.0,RUS,ARE
UFA,SVO,1,1176.0,RUS,RUS
UFA,SVX,1,393.0,RUS,RUS
UFA,TAS,1,1778.0,RUS,UZB
UFA,TJM,1,657.0,RUS,RUS
UGC,BHK,1,381.0,UZB,UZB
UGC,DME,2,2255.0,UZB,RUS
UGC,LED,2,2899.0,UZB,RUS
UGC,TAS,1,721.0,UZB,UZB
UGC,VOG,1,1503.0,UZB,RUS
UIB,BOG,3,297.0,COL,COL
UIB,CLO,1,241.0,COL,COL
UIB,EOH,2,130.0,COL,COL
UIH,HAN,1,878.0,VNM,VNM
UIH,SGN,2,435.0,VNM,VNM
UIN,STL,1,151.0,USA,USA
UIO,ATL,1,3808.0,ECU,USA
UIO,BOG,4,712.0,ECU,COL
UIO,CLO,1,464.0,ECU,COL
UIO,CUE,2,315.0,ECU,ECU
UIO,ESM,1,187.0,ECU,ECU
UIO,ETR,1,411.0,ECU,ECU
UIO,GRU,1,4308.0,ECU,BRA
UIO,GYE,8,282.0,ECU,ECU
UIO,HAV,1,2608.0,ECU,CUB
UIO,IAH,1,3801.0,ECU,USA
UIO,LIM,3,1330.0,ECU,PER
UIO,LOH,1,444.0,ECU,ECU
UIO,MAD,2,8737.0,ECU,ESP
UIO,MDE,1,772.0,ECU,COL
UIO,MEC,1,274.0,ECU,ECU
UIO,MEX,1,3136.0,ECU,MEX
UIO,MIA,2,2890.0,ECU,USA
UIO,OCC,2,157.0,ECU,ECU
UIO,PTY,1,1029.0,ECU,PAN
UIO,SAL,1,1915.0,ECU,SLV
UIO,TUA,1,127.0,ECU,ECU
UIO,XMS,1,243.0,ECU,ECU
UIP,ORY,1,491.0,FXX,FXX
UKA,WIL,3,450.0,KEN,KEN
UKB,CTS,3,1064.0,JPN,JPN
UKB,HND,2,427.0,JPN,JPN
UKB,IBR,1,501.0,JPN,JPN
UKB,KOJ,1,524.0,JPN,JPN
UKB,NGS,1,526.0,JPN,JPN
UKB,OKA,2,1186.0,JPN,JPN
UKB,SDJ,1,641.0,JPN,JPN
UKB,YGJ,1,205.0,JPN,JPN
UKK,ALA,2,851.0,KAZ,KAZ
UKK,DME,1,3007.0,KAZ,RUS
UKK,KGF,1,658.0,KAZ,KAZ
UKK,PLX,1,165.0,KAZ,KAZ
UKK,TSE,2,786.0,KAZ,KAZ
UKS,DME,1,1231.0,RUS,RUS
UKS,KBP,1,660.0,RUS,UKR
UKX,IKT,2,517.0,RUS,RUS
ULB,CCV,1,41.0,VUT,VUT
ULB,PBJ,1,13.0,VUT,VUT
ULB,VLI,1,152.0,VUT,VUT
ULG,ULN,1,1247.0,MNG,MNG
ULH,MED,1,266.0,SAU,SAU
ULH,RUH,1,875.0,SAU,SAU
ULK,IKT,3,1135.0,RUS,RUS
ULK,YKS,3,808.0,RUS,RUS
ULN,BKK,1,3839.0,MNG,THA
ULN,BYN,1,496.0,MNG,MNG
ULN,COQ,2,587.0,MNG,MNG
ULN,DLZ,1,506.0,MNG,MNG
ULN,FRU,1,2554.0,MNG,KGZ
ULN,HKG,2,2910.0,MNG,HKG
ULN,HVD,1,1127.0,MNG,MNG
ULN,ICN,2,1971.0,MNG,KOR
ULN,MXV,2,529.0,MNG,MNG
ULN,NRT,1,3061.0,MNG,JPN
ULN,PEK,2,1165.0,MNG,CHN
ULN,SVO,2,4635.0,MNG,RUS
ULN,ULG,1,1247.0,MNG,MNG
ULN,ULO,1,1109.0,MNG,MNG
ULN,ULZ,1,765.0,MNG,MNG
ULO,ULN,1,1109.0,MNG,MNG
ULP,CTL,1,201.0,AUS,AUS
ULP,WNR,1,207.0,AUS,AUS
ULV,DME,1,672.0,RUS,RUS
ULV,SVX,1,837.0,RUS,RUS
ULZ,ULN,1,765.0,MNG,MNG
UMD,JQA,1,22.0,GRL,GRL
UME,ALC,1,3155.0,SWE,ESP
UME,ARN,2,477.0,SWE,SWE
UME,BMA,2,509.0,SWE,SWE
UME,LLA,1,214.0,SWE,SWE
UME,OSD,1,294.0,SWE,SWE
UME,TXL,1,1313.0,SWE,DEU
UNG,DAU,1,392.0,PNX,PNX
UNG,HGU,1,335.0,PNX,PNX
UNG,POM,2,751.0,PNX,PNX
UNG,TBG,1,94.0,PNX,PNX
UNK,ANC,3,630.0,USA,USA
UNK,OME,1,235.0,USA,USA
UNK,SKK,2,57.0,USA,USA
UNK,SMK,2,78.0,USA,USA
UNN,DMK,1,510.0,THA,THA
UPG,AMQ,3,958.0,IDN,IDN
UPG,BIK,2,1887.0,IDN,IDN
UPG,BPN,4,515.0,IDN,IDN
UPG,BUW,1,337.0,IDN,IDN
UPG,CGK,4,1432.0,IDN,IDN
UPG,DJJ,3,2342.0,IDN,IDN
UPG,DPS,3,634.0,IDN,IDN
UPG,GTO,3,732.0,IDN,IDN
UPG,JOG,2,1052.0,IDN,IDN
UPG,KDI,3,336.0,IDN,IDN
UPG,KUL,1,2164.0,IDN,MYS
UPG,LOP,1,547.0,IDN,IDN
UPG,LUW,2,572.0,IDN,IDN
UPG,MDC,2,947.0,IDN,IDN
UPG,MKW,1,1675.0,IDN,IDN
UPG,PLW,3,462.0,IDN,IDN
UPG,PSJ,1,423.0,IDN,IDN
UPG,SIN,3,1870.0,IDN,SGP
UPG,SOQ,2,1383.0,IDN,IDN
UPG,SUB,4,791.0,IDN,IDN
UPG,TIM,1,1921.0,IDN,IDN
UPG,TRK,1,958.0,IDN,IDN
UPG,TTE,3,1089.0,IDN,IDN
UPN,LAX,1,2288.0,MEX,USA
UPN,TIJ,1,2084.0,MEX,MEX
URA,GUW,1,448.0,KAZ,KAZ
URA,SCO,1,811.0,KAZ,KAZ
URA,TSE,1,1387.0,KAZ,KAZ
URC,AAT,2,430.0,CHN,CHN
URC,AKU,3,657.0,CHN,CHN
URC,ALA,2,841.0,CHN,KAZ
URC,ASB,1,2518.0,CHN,TKM
URC,BAV,1,1885.0,CHN,CHN
URC,BPL,1,425.0,CHN,CHN
URC,CAN,3,3278.0,CHN,CHN
URC,CGO,9,2486.0,CHN,CHN
URC,CKG,6,2313.0,CHN,CHN
URC,CSX,2,2880.0,CHN,CHN
URC,CTU,5,2071.0,CHN,CHN
URC,DNH,2,735.0,CHN,CHN
URC,DSN,1,1916.0,CHN,CHN
URC,DYU,3,1665.0,CHN,TJK
URC,FRU,3,1052.0,CHN,KGZ
URC,GYD,1,3081.0,CHN,AZE
URC,HET,1,2021.0,CHN,CHN
URC,HGH,2,3266.0,CHN,CHN
URC,HMI,3,514.0,CHN,CHN
URC,HTN,6,998.0,CHN,CHN
URC,IKA,1,3220.0,CHN,IRN
URC,ISB,1,1708.0,CHN,PAK
URC,IST,1,4713.0,CHN,TUR
URC,KCA,2,450.0,CHN,CHN
URC,KHG,9,1066.0,CHN,CHN
URC,KRL,4,269.0,CHN,CHN
URC,KRY,2,264.0,CHN,CHN
URC,KWE,1,2597.0,CHN,CHN
URC,LBD,1,1521.0,CHN,TJK
URC,LHW,8,1594.0,CHN,CHN
URC,NKG,1,3046.0,CHN,CHN
URC,NLT,2,334.0,CHN,CHN
URC,OSS,2,1261.0,CHN,KGZ
URC,OVB,3,1282.0,CHN,RUS
URC,PEK,4,2430.0,CHN,CHN
URC,PVG,2,3312.0,CHN,CHN
URC,SHA,6,3272.0,CHN,CHN
URC,SJW,2,2354.0,CHN,CHN
URC,SVO,2,3729.0,CHN,RUS
URC,SZX,1,3376.0,CHN,CHN
URC,TAS,2,1515.0,CHN,UZB
URC,TBS,1,3440.0,CHN,GEG
URC,TCG,2,446.0,CHN,CHN
URC,TNA,4,2622.0,CHN,CHN
URC,TPE,2,3695.0,CHN,TWN
URC,TSE,2,1435.0,CHN,KAZ
URC,TSN,1,2529.0,CHN,CHN
URC,TYN,3,2214.0,CHN,CHN
URC,WUH,4,2758.0,CHN,CHN
URC,XIY,9,2105.0,CHN,CHN
URC,XNN,2,1481.0,CHN,CHN
URC,YCU,2,2234.0,CHN,CHN
URC,YIN,2,492.0,CHN,CHN
URC,YIW,1,3295.0,CHN,CHN
URE,TLL,1,188.0,EST,EST
URG,RIA,1,324.0,BRA,BRA
URJ,HMA,1,254.0,RUS,RUS
URJ,SVX,1,441.0,RUS,RUS
URJ,TJM,1,325.0,RUS,RUS
URS,VKO,1,432.0,RUS,RUS
URT,BKK,1,535.0,THA,THA
URT,DMK,2,555.0,THA,THA
URT,KUL,1,765.0,THA,MYS
URY,JED,1,1098.0,SAU,SAU
URY,RUH,1,1169.0,SAU,SAU
USH,AEP,2,2381.0,ARG,ARG
USH,EZE,1,2350.0,ARG,ARG
USH,FTE,1,567.0,ARG,ARG
USK,ARH,1,787.0,RUS,RUS
USK,UCT,1,319.0,RUS,RUS
USM,BKK,2,466.0,THA,THA
USM,CNX,1,1032.0,THA,THA
USM,HKG,2,2048.0,THA,HKG
USM,HKT,1,249.0,THA,THA
USM,KBV,1,200.0,THA,THA
USM,KUL,2,778.0,THA,MYS
USM,PEN,2,473.0,THA,MYS
USM,SIN,4,1010.0,THA,SGP
USM,SZB,2,732.0,THA,MYS
USM,UTP,1,363.0,THA,THA
USN,CJU,1,349.0,KOR,KOR
USN,GMP,2,316.0,KOR,KOR
UST,TTN,1,1291.0,USA,USA
USU,CEB,1,469.0,PHL,PHL
USU,MNL,2,283.0,PHL,PHL
UTH,BKK,2,466.0,THA,THA
UTH,CNX,1,433.0,THA,THA
UTH,DMK,2,451.0,THA,THA
UTH,HKT,1,1139.0,THA,THA
UTN,CPT,1,668.0,ZAF,ZAF
UTN,JNB,1,735.0,ZAF,ZAF
UTP,HKT,1,587.0,THA,THA
UTP,USM,1,363.0,THA,THA
UTS,SCW,1,427.0,RUS,RUS
UTT,JNB,1,603.0,ZAF,ZAF
UUA,DME,1,951.0,RUS,RUS
UUA,LED,1,1464.0,RUS,RUS
UUA,NJC,2,1557.0,RUS,RUS
UUD,DME,2,4411.0,RUS,RUS
UUD,HTA,1,403.0,RUS,RUS
UUD,IKT,1,215.0,RUS,RUS
UUD,KHV,1,1997.0,RUS,RUS
UUD,KJA,1,1088.0,RUS,RUS
UUD,NZH,1,739.0,RUS,CHN
UUD,OVB,1,1672.0,RUS,RUS
UUD,PEK,1,1481.0,RUS,CHN
UUD,SVO,1,4413.0,RUS,RUS
UUD,YKS,1,1757.0,RUS,RUS
UUS,CTS,1,464.0,RUS,JPN
UUS,DEE,1,400.0,RUS,RUS
UUS,DME,1,6659.0,RUS,RUS
UUS,EKS,1,260.0,RUS,RUS
UUS,HRB,2,1272.0,RUS,CHN
UUS,ICN,2,1695.0,RUS,KOR
UUS,KHV,2,592.0,RUS,RUS
UUS,NRT,1,1252.0,RUS,JPN
UUS,SVO,1,6642.0,RUS,RUS
UUS,VVO,2,914.0,RUS,RUS
UVE,GEA,1,180.0,NCL,NCL
UVE,LIF,1,71.0,NCL,NCL
UVF,ANU,1,389.0,LCA,ACA
UVF,ATL,1,3242.0,LCA,USA
UVF,BGI,1,174.0,LCA,BRB
UVF,CLT,2,3117.0,LCA,USA
UVF,EWR,1,3261.0,LCA,USA
UVF,GND,3,212.0,LCA,GRD
UVF,JFK,1,3241.0,LCA,USA
UVF,LGW,3,6800.0,LCA,ENG
UVF,MIA,2,2422.0,LCA,USA
UVF,POS,2,351.0,LCA,TTO
UVF,YYZ,2,3775.0,LCA,CAN
UYL,KRT,2,909.0,SDN,SDN
UYN,CGO,1,572.0,CHN,CHN
UYN,CTU,2,1008.0,CHN,CHN
UYN,KMG,1,1602.0,CHN,CHN
UYN,NAY,2,608.0,CHN,CHN
UYN,PEK,1,632.0,CHN,CHN
UYN,TSN,1,678.0,CHN,CHN
UYN,XIY,4,441.0,CHN,CHN
UYU,LPB,1,460.0,BOL,BOL
VAA,ARN,4,430.0,FIN,SWE
VAA,HEL,1,348.0,FIN,FIN
VAI,MAG,1,571.0,PNX,PNX
VAI,POM,1,996.0,PNX,PNX
VAI,WWK,1,281.0,PNX,PNX
VAK,HPB,1,29.0,USA,USA
VAK,SCM,1,34.0,USA,USA
VAN,ADA,1,727.0,TUR,TUR
VAN,ESB,1,908.0,TUR,TUR
VAN,IST,1,1281.0,TUR,TUR
VAN,SAW,2,1229.0,TUR,TUR
VAO,HIR,1,251.0,SLB,SLB
VAR,BEG,1,626.0,BGR,SRS
VAR,BOJ,1,78.0,BGR,BGR
VAR,BRU,1,1951.0,BGR,BFR
VAR,DME,1,1535.0,BGR,RUS
VAR,LTN,1,2305.0,BGR,ENG
VAR,LUX,1,1795.0,BGR,LUX
VAR,SOF,1,364.0,BGR,BGR
VAR,SVO,1,1573.0,BGR,RUS
VAR,VIE,1,1028.0,BGR,AUT
VAS,ADB,1,858.0,TUR,TUR
VAS,IST,1,707.0,TUR,TUR
VAS,SAW,2,654.0,TUR,TUR
VAW,BJF,1,57.0,NOW,NOW
VAW,KKN,1,83.0,NOW,NOW
VAW,VDS,1,56.0,NOW,NOW
VBV,SUV,1,275.0,FJI,FJI
VBY,ARN,2,223.0,SWE,SWE
VBY,BMA,2,190.0,SWE,SWE
VBY,GSE,2,385.0,SWE,SWE
VBY,MMX,2,385.0,SWE,SWE
VCA,HAN,1,1238.0,VNM,VNM
VCA,PQC,1,188.0,VNM,VNM
VCA,VCS,1,181.0,VNM,VNM
VCE,AMS,3,937.0,ITA,NLX
VCE,ARN,1,1616.0,ITA,SWE
VCE,ATH,2,1276.0,ITA,GRC
VCE,BCN,2,952.0,ITA,ESP
VCE,BHX,1,1283.0,ITA,ENG
VCE,BIO,1,1235.0,ITA,ESP
VCE,BOD,1,1026.0,ITA,FXX
VCE,BRI,1,602.0,ITA,ITA
VCE,BRU,3,836.0,ITA,BFR
VCE,BSL,1,435.0,ITA,FXX
VCE,CDG,3,835.0,ITA,FXX
VCE,CGN,1,710.0,ITA,DEU
VCE,CPH,4,1125.0,ITA,DNK
VCE,CTA,3,922.0,ITA,ITA
VCE,DBV,1,575.0,ITA,HRV
VCE,DOH,2,4150.0,ITA,QAT
VCE,DUB,1,1601.0,ITA,IRL
VCE,DUS,3,763.0,ITA,DEU
VCE,DXB,1,4430.0,ITA,ARE
VCE,EDI,1,1597.0,ITA,SCT
VCE,EIN,1,837.0,ITA,NLX
VCE,FCO,1,412.0,ITA,ITA
VCE,FRA,1,577.0,ITA,DEU
VCE,GVA,1,490.0,ITA,CHE
VCE,HAJ,1,797.0,ITA,DEU
VCE,HAM,2,919.0,ITA,DEU
VCE,IST,1,1403.0,ITA,TUR
VCE,JFK,2,6668.0,ITA,USA
VCE,JTR,1,1493.0,ITA,GRC
VCE,KIV,2,1283.0,ITA,MDA
VCE,LBA,1,1367.0,ITA,ENG
VCE,LCY,1,1123.0,ITA,ENG
VCE,LED,2,1983.0,ITA,RUS
VCE,LGW,4,1117.0,ITA,ENG
VCE,LHR,2,1151.0,ITA,ENG
VCE,LIL,1,888.0,ITA,FXX
VCE,LIS,2,1915.0,ITA,PRX
VCE,LMP,1,1113.0,ITA,ITA
VCE,LTN,1,1169.0,ITA,ENG
VCE,LYS,3,566.0,ITA,FXX
VCE,MAD,1,1407.0,ITA,ESP
VCE,MAN,4,1367.0,ITA,ENG
VCE,MRS,2,610.0,ITA,FXX
VCE,MUC,2,320.0,ITA,DEU
VCE,NAP,2,537.0,ITA,ITA
VCE,NCE,3,456.0,ITA,FXX
VCE,NCL,1,1451.0,ITA,ENG
VCE,NRT,1,9583.0,ITA,JPN
VCE,NTE,2,1086.0,ITA,FXX
VCE,OLB,1,561.0,ITA,ITA
VCE,ORY,2,834.0,ITA,FXX
VCE,OSL,1,1627.0,ITA,NOW
VCE,PHL,2,6819.0,ITA,USA
VCE,PMO,3,817.0,ITA,ITA
VCE,PNL,1,967.0,ITA,ITA
VCE,PRG,2,530.0,ITA,CZE
VCE,REG,1,871.0,ITA,ITA
VCE,RIX,2,1501.0,ITA,LVA
VCE,SEN,1,1089.0,ITA,ENG
VCE,STR,2,426.0,ITA,DEU
VCE,SUF,2,801.0,ITA,ITA
VCE,SVO,2,2095.0,ITA,RUS
VCE,SXF,1,769.0,ITA,DEU
VCE,TIA,3,748.0,ITA,ALB
VCE,TLS,2,894.0,ITA,FXX
VCE,TLV,1,2449.0,ITA,ISR
VCE,TUN,1,979.0,ITA,TUN
VCE,TXL,2,787.0,ITA,DEU
VCE,VIE,1,432.0,ITA,AUT
VCE,VKO,1,2070.0,ITA,RUS
VCE,YUL,1,6358.0,ITA,CAN
VCE,YYZ,1,6854.0,ITA,CAN
VCE,ZRH,1,364.0,ITA,CHE
VCL,HAN,1,716.0,VNM,VNM
VCL,SGN,1,556.0,VNM,VNM
VCP,AJU,1,1711.0,BRA,BRA
VCP,AQA,1,168.0,BRA,BRA
VCP,ARU,1,397.0,BRA,BRA
VCP,BPS,1,1115.0,BRA,BRA
VCP,BSB,3,798.0,BRA,BRA
VCP,BYO,1,979.0,BRA,BRA
VCP,CAC,1,683.0,BRA,BRA
VCP,CCM,1,676.0,BRA,BRA
VCP,CFB,1,518.0,BRA,BRA
VCP,CGB,1,1247.0,BRA,BRA
VCP,CGR,1,828.0,BRA,BRA
VCP,CLV,1,607.0,BRA,BRA
VCP,CNF,2,499.0,BRA,BRA
VCP,CWB,2,348.0,BRA,BRA
VCP,CXJ,1,798.0,BRA,BRA
VCP,DOU,1,805.0,BRA,BRA
VCP,FLN,1,538.0,BRA,BRA
VCP,FOR,1,2330.0,BRA,BRA
VCP,GIG,3,398.0,BRA,BRA
VCP,GYN,1,742.0,BRA,BRA
VCP,IGU,1,799.0,BRA,BRA
VCP,IOS,1,1247.0,BRA,BRA
VCP,IZA,1,440.0,BRA,BRA
VCP,JDO,1,1947.0,BRA,BRA
VCP,JOI,1,395.0,BRA,BRA
VCP,JPA,1,2193.0,BRA,BRA
VCP,JTC,1,218.0,BRA,BRA
VCP,LDB,1,410.0,BRA,BRA
VCP,LIS,1,7928.0,BRA,PRX
VCP,MAO,1,2620.0,BRA,BRA
VCP,MCZ,1,1926.0,BRA,BRA
VCP,MEA,1,556.0,BRA,BRA
VCP,MGF,1,501.0,BRA,BRA
VCP,MII,1,300.0,BRA,BRA
VCP,NAT,1,2294.0,BRA,BRA
VCP,NVT,1,457.0,BRA,BRA
VCP,PFB,1,781.0,BRA,BRA
VCP,PLU,1,481.0,BRA,BRA
VCP,POA,1,874.0,BRA,BRA
VCP,PPB,1,450.0,BRA,BRA
VCP,RAO,1,218.0,BRA,BRA
VCP,REC,1,2106.0,BRA,BRA
VCP,RVD,1,699.0,BRA,BRA
VCP,SDU,1,407.0,BRA,BRA
VCP,SJP,1,338.0,BRA,BRA
VCP,SSA,1,1458.0,BRA,BRA
VCP,THE,1,2049.0,BRA,BRA
VCP,UBA,1,371.0,BRA,BRA
VCP,UDI,1,472.0,BRA,BRA
VCP,VIX,1,771.0,BRA,BRA
VCP,XAP,1,721.0,BRA,BRA
VCS,SGN,1,232.0,VNM,VNM
VCS,VCA,1,181.0,VNM,VNM
VCT,IAH,1,198.0,USA,USA
VDA,CDG,1,3453.0,ISR,FXX
VDB,OSL,1,138.0,NOW,NOW
VDC,CNF,1,624.0,BRA,BRA
VDC,GRU,1,1120.0,BRA,BRA
VDC,PLU,1,644.0,BRA,BRA
VDC,SSA,3,350.0,BRA,BRA
VDE,LPA,1,246.0,ESP,ESP
VDE,TFN,1,169.0,ESP,ESP
VDE,TFS,1,132.0,ESP,ESP
VDH,HAN,1,420.0,VNM,VNM
VDH,SGN,1,745.0,VNM,VNM
VDM,REL,1,321.0,ARG,ARG
VDS,ALF,1,246.0,NOW,NOW
VDS,BJF,1,60.0,NOW,NOW
VDS,HFT,1,240.0,NOW,NOW
VDS,KKN,1,38.0,NOW,NOW
VDS,MEH,1,131.0,NOW,NOW
VDS,TOS,1,420.0,NOW,NOW
VDS,VAW,1,56.0,NOW,NOW
VDZ,ANC,2,201.0,USA,USA
VEE,ARC,1,127.0,USA,USA
VEE,FYU,1,69.0,USA,USA
VEL,SLC,1,212.0,USA,USA
VER,CUN,2,995.0,MEX,MEX
VER,GDL,2,761.0,MEX,MEX
VER,IAH,1,1208.0,MEX,USA
VER,MEX,3,304.0,MEX,MEX
VER,MTY,3,840.0,MEX,MEX
VER,REX,1,791.0,MEX,MEX
VER,TAM,1,391.0,MEX,MEX
VER,TIJ,1,2550.0,MEX,MEX
VER,VSA,2,377.0,MEX,MEX
VFA,BUQ,1,362.0,ZWE,ZWE
VFA,HRE,1,556.0,ZWE,ZWE
VFA,JNB,3,928.0,ZWE,ZAF
VFA,MUB,1,328.0,ZWE,BWA
VFA,WDH,1,999.0,ZWE,NAM
VGA,BLR,1,498.0,IND,IND
VGA,HYD,2,264.0,IND,IND
VGO,BCN,2,893.0,ESP,ESP
VGO,BIO,1,481.0,ESP,ESP
VGO,CDG,3,1149.0,ESP,FXX
VGO,MAD,4,466.0,ESP,ESP
VGO,TFS,1,1733.0,ESP,ESP
VGZ,BOG,1,496.0,COL,COL
VHC,LAD,1,796.0,AGO,AGO
VHC,MEG,1,452.0,AGO,AGO
VHM,ARN,2,551.0,SWE,SWE
VHM,HMV,2,159.0,SWE,SWE
VIE,ACE,2,3344.0,AUT,ESP
VIE,ACH,1,528.0,AUT,CHE
VIE,ADB,1,1386.0,AUT,TUR
VIE,AGP,2,2135.0,AUT,ESP
VIE,ALG,1,1673.0,AUT,DZA
VIE,AMM,3,2449.0,AUT,JOR
VIE,AMS,2,959.0,AUT,NLX
VIE,ARN,4,1286.0,AUT,SWE
VIE,ATH,2,1279.0,AUT,GRC
VIE,AYT,4,1702.0,AUT,TUR
VIE,BCN,6,1370.0,AUT,ESP
VIE,BEG,2,465.0,AUT,SRS
VIE,BKK,3,8451.0,AUT,THA
VIE,BLQ,1,568.0,AUT,ITA
VIE,BRE,1,776.0,AUT,DEU
VIE,BRN,1,694.0,AUT,CHE
VIE,BRU,2,925.0,AUT,BFR
VIE,BSL,2,677.0,AUT,FXX
VIE,BUD,1,215.0,AUT,HUN
VIE,CAI,2,2365.0,AUT,EGY
VIE,CDG,4,1035.0,AUT,FXX
VIE,CFU,2,983.0,AUT,GRC
VIE,CGN,3,746.0,AUT,DEU
VIE,CHQ,3,1531.0,AUT,GRC
VIE,CLJ,2,555.0,AUT,ROU
VIE,CPH,5,877.0,AUT,DNK
VIE,CTA,3,1190.0,AUT,ITA
VIE,DBV,2,631.0,AUT,HRV
VIE,DEL,2,5546.0,AUT,IND
VIE,DLM,1,1612.0,AUT,TUR
VIE,DME,5,1668.0,AUT,RUS
VIE,DNK,2,1369.0,AUT,UKR
VIE,DOH,1,3969.0,AUT,QAT
VIE,DUB,1,1702.0,AUT,IRL
VIE,DUS,3,788.0,AUT,DEU
VIE,DXB,2,4223.0,AUT,ARE
VIE,EBL,1,2595.0,AUT,IRK
VIE,ESB,2,1578.0,AUT,TUR
VIE,EVN,3,2375.0,AUT,ARM
VIE,FCO,5,780.0,AUT,ITA
VIE,FLR,5,633.0,AUT,ITA
VIE,FNC,4,3265.0,AUT,PMD
VIE,FRA,5,620.0,AUT,DEU
VIE,GRZ,1,151.0,AUT,AUT
VIE,GVA,2,817.0,AUT,CHE
VIE,GYD,2,2772.0,AUT,AZE
VIE,HAJ,3,687.0,AUT,DEU
VIE,HAM,4,767.0,AUT,DEU
VIE,HEL,2,1460.0,AUT,FIN
VIE,HER,4,1587.0,AUT,GRC
VIE,HRG,2,2764.0,AUT,EGY
VIE,HRK,2,1448.0,AUT,UKR
VIE,IAD,2,7165.0,AUT,USA
VIE,IAS,2,834.0,AUT,ROU
VIE,IKA,2,3161.0,AUT,IRN
VIE,INN,1,402.0,AUT,AUT
VIE,IST,3,1224.0,AUT,TUR
VIE,JFK,2,6805.0,AUT,USA
VIE,JMK,2,1384.0,AUT,GRC
VIE,JTR,3,1492.0,AUT,GRC
VIE,KBP,2,1068.0,AUT,UKR
VIE,KIV,1,936.0,AUT,MDA
VIE,KLU,1,234.0,AUT,AUT
VIE,KLX,2,1306.0,AUT,GRC
VIE,KRK,2,320.0,AUT,POL
VIE,KRR,1,1754.0,AUT,RUS
VIE,KSC,1,350.0,AUT,SVK
VIE,LCA,3,2036.0,AUT,CYP
VIE,LED,3,1572.0,AUT,RUS
VIE,LEJ,2,482.0,AUT,DEU
VIE,LGW,1,1250.0,AUT,ENG
VIE,LHR,4,1275.0,AUT,ENG
VIE,LIN,1,629.0,AUT,ITA
VIE,LIS,2,2305.0,AUT,PRX
VIE,LJU,2,264.0,AUT,SVN
VIE,LNZ,1,177.0,AUT,AUT
VIE,LPA,3,3544.0,AUT,ESP
VIE,LUX,2,776.0,AUT,LUX
VIE,LWO,2,571.0,AUT,UKR
VIE,LYS,2,911.0,AUT,FXX
VIE,MAD,3,1806.0,AUT,ESP
VIE,MAN,1,1443.0,AUT,ENG
VIE,MLA,4,1373.0,AUT,MLT
VIE,MSQ,2,1025.0,AUT,BLR
VIE,MUC,5,355.0,AUT,DEU
VIE,MXP,5,656.0,AUT,ITA
VIE,NAP,1,823.0,AUT,ITA
VIE,NCE,3,876.0,AUT,FXX
VIE,NRT,2,9154.0,AUT,JPN
VIE,NUE,1,431.0,AUT,DEU
VIE,ODS,2,1079.0,AUT,UKR
VIE,OLB,4,977.0,AUT,ITA
VIE,ORD,2,7566.0,AUT,USA
VIE,OSL,2,1382.0,AUT,NOW
VIE,OTP,2,829.0,AUT,ROU
VIE,PEK,2,7452.0,AUT,CHN
VIE,PMI,3,1458.0,AUT,ESP
VIE,PMO,1,1140.0,AUT,ITA
VIE,PRG,1,278.0,AUT,CZE
VIE,PRN,1,708.0,AUT,KOS
VIE,PVK,2,1075.0,AUT,GRC
VIE,RHO,3,1606.0,AUT,GRC
VIE,RIX,2,1099.0,AUT,LVA
VIE,RMF,1,2960.0,AUT,EGY
VIE,ROV,1,1739.0,AUT,RUS
VIE,RTM,1,965.0,AUT,NLX
VIE,SAW,2,1287.0,AUT,TUR
VIE,SBZ,2,626.0,AUT,ROU
VIE,SJJ,1,496.0,AUT,BHF
VIE,SKG,3,985.0,AUT,GRC
VIE,SKP,1,790.0,AUT,MKD
VIE,SOF,2,804.0,AUT,BGR
VIE,SPU,2,509.0,AUT,HRV
VIE,STR,3,546.0,AUT,DEU
VIE,SUF,1,1024.0,AUT,ITA
VIE,SVO,1,1663.0,AUT,RUS
VIE,SZG,3,268.0,AUT,AUT
VIE,TBS,2,2333.0,AUT,GEG
VIE,TFS,3,3613.0,AUT,ESP
VIE,TGD,2,673.0,AUT,MNE
VIE,TIA,1,785.0,AUT,ALB
VIE,TLV,3,2361.0,AUT,ISR
VIE,TPE,1,8968.0,AUT,TWN
VIE,TSE,2,3880.0,AUT,KAZ
VIE,TUN,1,1355.0,AUT,TUN
VIE,TXL,5,547.0,AUT,DEU
VIE,VAR,1,1028.0,AUT,BGR
VIE,VCE,1,432.0,AUT,ITA
VIE,VKO,2,1638.0,AUT,RUS
VIE,VLC,2,1665.0,AUT,ESP
VIE,VNO,1,943.0,AUT,LTU
VIE,VOL,2,1107.0,AUT,GRC
VIE,WAW,2,549.0,AUT,POL
VIE,YYZ,3,6948.0,AUT,CAN
VIE,ZAG,2,266.0,AUT,HRV
VIE,ZRH,6,603.0,AUT,CHE
VIE,ZTH,2,1204.0,AUT,GRC
VIG,CCS,2,558.0,VEN,VEN
VIG,PMV,1,882.0,VEN,VEN
VII,BMV,1,724.0,VNM,VNM
VII,DAD,1,402.0,VNM,VNM
VII,HAN,1,277.0,VNM,VNM
VII,SGN,3,887.0,VNM,VNM
VII,VTE,1,338.0,VNM,LAO
VIJ,SJU,3,166.0,VGB,PRI
VIJ,STT,1,59.0,VGB,VIR
VIL,AGA,1,978.0,MAR,MAR
VIL,CMN,1,1346.0,MAR,MAR
VIL,LPA,1,472.0,MAR,ESP
VIN,TLV,1,1986.0,UKR,ISR
VIS,LAX,1,279.0,USA,USA
VIX,BSB,1,943.0,BRA,BRA
VIX,CAW,1,192.0,BRA,BRA
VIX,CGH,2,756.0,BRA,BRA
VIX,CNF,2,392.0,BRA,BRA
VIX,GIG,2,418.0,BRA,BRA
VIX,GRU,2,730.0,BRA,BRA
VIX,SDU,3,419.0,BRA,BRA
VIX,SSA,2,844.0,BRA,BRA
VIX,VCP,1,771.0,BRA,BRA
VKG,SGN,1,192.0,VNM,VNM
VKO,AER,1,1364.0,RUS,RUS
VKO,AGP,1,3760.0,RUS,ESP
VKO,ALA,1,3124.0,RUS,KAZ
VKO,AYT,2,2135.0,RUS,TUR
VKO,BTK,1,3860.0,RUS,RUS
VKO,BUD,1,1534.0,RUS,HUN
VKO,CEE,1,412.0,RUS,RUS
VKO,CIT,1,2736.0,RUS,KAZ
VKO,CUN,1,10006.0,RUS,MEX
VKO,DLM,1,2194.0,RUS,TUR
VKO,DUS,1,2058.0,RUS,DEU
VKO,DWC,1,3711.0,RUS,ARE
VKO,ESB,1,1748.0,RUS,TUR
VKO,EVN,2,1796.0,RUS,ARM
VKO,EYK,1,1860.0,RUS,RUS
VKO,FCO,1,2369.0,RUS,ITA
VKO,FRA,2,2008.0,RUS,DEU
VKO,GOJ,1,412.0,RUS,RUS
VKO,GUW,1,1377.0,RUS,KAZ
VKO,HER,1,2433.0,RUS,GRC
VKO,HKT,1,7475.0,RUS,THA
VKO,HRG,1,3172.0,RUS,EGY
VKO,IEV,2,735.0,RUS,UKR
VKO,IKT,1,4237.0,RUS,RUS
VKO,IST,2,1708.0,RUS,TUR
VKO,JFK,1,7501.0,RUS,USA
VKO,KJA,1,3352.0,RUS,RUS
VKO,KRR,2,1182.0,RUS,RUS
VKO,KSN,1,1712.0,RUS,KAZ
VKO,KUF,1,862.0,RUS,RUS
VKO,KUT,1,1539.0,RUS,GEG
VKO,KVX,1,798.0,RUS,RUS
VKO,LAX,1,9794.0,RUS,USA
VKO,LED,2,625.0,RUS,RUS
VKO,LHR,2,2503.0,RUS,ENG
VKO,LWO,1,1100.0,RUS,UKR
VKO,MAD,1,3402.0,RUS,ESP
VKO,MIA,1,9218.0,RUS,USA
VKO,MLE,1,6563.0,RUS,MDV
VKO,MRU,1,8671.0,RUS,MUS
VKO,MRV,1,1330.0,RUS,RUS
VKO,MXP,1,2275.0,RUS,ITA
VKO,NCU,1,2169.0,RUS,UZB
VKO,NER,1,5033.0,RUS,RUS
VKO,NSK,1,2874.0,RUS,RUS
VKO,NUX,2,2370.0,RUS,RUS
VKO,NYM,1,2186.0,RUS,RUS
VKO,ODS,1,1117.0,RUS,UKR
VKO,ORY,2,2469.0,RUS,FXX
VKO,OVB,1,2822.0,RUS,RUS
VKO,OVS,1,1645.0,RUS,RUS
VKO,OZH,1,869.0,RUS,UKR
VKO,PEK,1,5817.0,RUS,CHN
VKO,PFO,1,2350.0,RUS,CYP
VKO,PWE,1,5581.0,RUS,RUS
VKO,RIX,2,833.0,RUS,LVA
VKO,SCO,1,1634.0,RUS,KAZ
VKO,SEZ,1,6907.0,RUS,SYC
VKO,SSH,1,3079.0,RUS,EGY
VKO,SVX,1,1456.0,RUS,RUS
VKO,TAS,1,2811.0,RUS,UZB
VKO,TBS,1,1646.0,RUS,GEG
VKO,TBW,1,414.0,RUS,RUS
VKO,TLV,1,2629.0,RUS,ISR
VKO,TSE,1,2304.0,RUS,KAZ
VKO,TXL,1,1591.0,RUS,DEU
VKO,UCT,1,1279.0,RUS,RUS
VKO,URS,1,432.0,RUS,RUS
VKO,VCE,1,2070.0,RUS,ITA
VKO,VIE,2,1638.0,RUS,AUT
VKO,VNO,1,768.0,RUS,LTU
VKO,VOZ,1,439.0,RUS,RUS
VKO,YKS,1,4909.0,RUS,RUS
VKO,YYZ,1,7490.0,RUS,CAN
VKT,DME,1,1903.0,RUS,RUS
VKT,SCW,1,900.0,RUS,RUS
VLC,AGP,1,471.0,ESP,ESP
VLC,AMS,3,1481.0,ESP,NLX
VLC,BGY,1,1079.0,ESP,ITA
VLC,BIO,1,470.0,ESP,ESP
VLC,BLQ,1,1121.0,ESP,ITA
VLC,BRI,1,1471.0,ESP,ITA
VLC,BRS,1,1334.0,ESP,ENG
VLC,BRU,3,1327.0,ESP,BFR
VLC,BVA,1,1127.0,ESP,FXX
VLC,CDG,2,1086.0,ESP,FXX
VLC,CIA,1,1132.0,ESP,ITA
VLC,CLJ,1,2111.0,ESP,ROU
VLC,CMN,2,931.0,ESP,MAR
VLC,CRL,1,1279.0,ESP,BWR
VLC,DME,1,3324.0,ESP,RUS
VLC,DUB,1,1610.0,ESP,IRL
VLC,DUS,1,1427.0,ESP,DEU
VLC,EIN,1,1405.0,ESP,NLX
VLC,EMA,1,1485.0,ESP,ENG
VLC,FCO,3,1102.0,ESP,ITA
VLC,FRA,2,1371.0,ESP,DEU
VLC,GVA,1,922.0,ESP,CHE
VLC,HHN,1,1313.0,ESP,DEU
VLC,IBZ,3,174.0,ESP,ESP
VLC,IEV,1,2694.0,ESP,UKR
VLC,IST,1,2472.0,ESP,TUR
VLC,LGW,1,1297.0,ESP,ENG
VLC,LIS,3,750.0,ESP,PRX
VLC,LPA,2,1880.0,ESP,ESP
VLC,LWO,1,2233.0,ESP,UKR
VLC,MAD,3,284.0,ESP,ESP
VLC,MAH,2,404.0,ESP,ESP
VLC,MAN,1,1548.0,ESP,ENG
VLC,MRS,1,647.0,ESP,FXX
VLC,MUC,1,1388.0,ESP,DEU
VLC,NRN,1,1441.0,ESP,DEU
VLC,NTE,1,857.0,ESP,FXX
VLC,OPO,1,721.0,ESP,PRX
VLC,ORY,2,1052.0,ESP,FXX
VLC,OTP,1,2255.0,ESP,ROU
VLC,OVD,2,647.0,ESP,ESP
VLC,PMI,5,276.0,ESP,ESP
VLC,PRG,2,1651.0,ESP,CZE
VLC,PSA,1,1016.0,ESP,ITA
VLC,RTM,1,1437.0,ESP,NLX
VLC,SCQ,1,764.0,ESP,ESP
VLC,SDR,1,519.0,ESP,ESP
VLC,SOF,1,2027.0,ESP,BGR
VLC,STN,1,1379.0,ESP,ENG
VLC,SVQ,1,524.0,ESP,ESP
VLC,TFN,1,1902.0,ESP,ESP
VLC,TFS,1,1952.0,ESP,ESP
VLC,TRS,1,1338.0,ESP,ITA
VLC,TSF,1,1241.0,ESP,ITA
VLC,TSR,1,1910.0,ESP,ROU
VLC,VIE,2,1665.0,ESP,AUT
VLC,ZRH,1,1146.0,ESP,CHE
VLD,ATL,3,335.0,USA,USA
VLI,AKL,2,2239.0,VUT,NZL
VLI,BNE,3,1894.0,VUT,AUS
VLI,CCV,1,165.0,VUT,VUT
VLI,DLY,1,139.0,VUT,VUT
VLI,EAE,1,68.0,VUT,VUT
VLI,HIR,3,1282.0,VUT,SLB
VLI,IPA,1,164.0,VUT,VUT
VLI,LNB,1,125.0,VUT,VUT
VLI,LNE,1,205.0,VUT,VUT
VLI,LPM,1,147.0,VUT,VUT
VLI,NAN,2,966.0,VUT,FJI
VLI,NOU,2,528.0,VUT,NCL
VLI,NUS,1,205.0,VUT,VUT
VLI,PBJ,1,140.0,VUT,VUT
VLI,SON,1,271.0,VUT,VUT
VLI,SWJ,1,164.0,VUT,VUT
VLI,SYD,2,2484.0,VUT,AUS
VLI,TAH,1,217.0,VUT,VUT
VLI,TGH,1,93.0,VUT,VUT
VLI,VLS,1,102.0,VUT,VUT
VLL,BCN,3,579.0,ESP,ESP
VLL,PMI,1,684.0,ESP,ESP
VLN,AUA,2,347.0,VEN,ABW
VLN,BLA,2,354.0,VEN,VEN
VLN,CUR,1,253.0,VEN,CUW
VLN,MAR,2,418.0,VEN,VEN
VLN,PMV,2,441.0,VEN,VEN
VLN,PTY,1,1262.0,VEN,PAN
VLS,VLI,1,102.0,VUT,VUT
VLV,CCS,2,418.0,VEN,VEN
VLY,CWL,1,221.0,WLS,WLS
VNO,AES,1,1409.0,LTU,NOW
VNO,ARN,2,712.0,LTU,SWE
VNO,BCN,2,2258.0,LTU,ESP
VNO,BGO,1,1348.0,LTU,NOW
VNO,BGY,2,1486.0,LTU,ITA
VNO,BRE,1,1094.0,LTU,DEU
VNO,BRU,4,1454.0,LTU,BFR
VNO,BVA,2,1677.0,LTU,FXX
VNO,CDG,1,1674.0,LTU,FXX
VNO,CHQ,1,2126.0,LTU,GRC
VNO,CIA,1,1703.0,LTU,ITA
VNO,CPH,2,809.0,LTU,DNK
VNO,CRL,1,1477.0,LTU,BWR
VNO,DME,1,808.0,LTU,RUS
VNO,DSA,1,1711.0,LTU,ENG
VNO,DTM,1,1227.0,LTU,DEU
VNO,DUB,1,2048.0,LTU,IRL
VNO,EIN,1,1372.0,LTU,NLX
VNO,FCO,1,1718.0,LTU,ITA
VNO,FRA,2,1242.0,LTU,DEU
VNO,HEL,2,632.0,LTU,FIN
VNO,HER,1,2145.0,LTU,GRC
VNO,IEV,1,586.0,LTU,UKR
VNO,IST,1,1507.0,LTU,TUR
VNO,KBP,1,609.0,LTU,UKR
VNO,KUT,1,1869.0,LTU,GEG
VNO,LED,1,647.0,LTU,RUS
VNO,LPL,1,1833.0,LTU,ENG
VNO,LTN,1,1724.0,LTU,ENG
VNO,MSQ,1,197.0,LTU,BLR
VNO,MUC,1,1163.0,LTU,DEU
VNO,ORK,1,2247.0,LTU,IRL
VNO,OSL,1,1046.0,LTU,NOW
VNO,PRG,1,901.0,LTU,CZE
VNO,RIX,1,268.0,LTU,LVA
VNO,RYG,1,1021.0,LTU,NOW
VNO,STN,1,1685.0,LTU,ENG
VNO,SVG,1,1281.0,LTU,NOW
VNO,SVO,1,781.0,LTU,RUS
VNO,TLL,3,532.0,LTU,EST
VNO,TLV,1,2627.0,LTU,ISR
VNO,TRF,1,1040.0,LTU,NOW
VNO,TXL,1,823.0,LTU,DEU
VNO,VIE,1,943.0,LTU,AUT
VNO,VKO,1,768.0,LTU,RUS
VNO,WAW,1,396.0,LTU,POL
VNS,AGR,1,524.0,IND,IND
VNS,BOM,1,1247.0,IND,IND
VNS,CCU,2,647.0,IND,IND
VNS,DEL,5,667.0,IND,IND
VNS,KTM,1,352.0,IND,NPL
VNX,INH,1,207.0,MOZ,MOZ
VNX,JNB,2,851.0,MOZ,ZAF
VNX,MPM,1,516.0,MOZ,MOZ
VOG,DME,1,857.0,RUS,RUS
VOG,DXB,1,2787.0,RUS,ARE
VOG,DYU,1,2260.0,RUS,TJK
VOG,EVN,1,960.0,RUS,ARM
VOG,KRR,1,573.0,RUS,RUS
VOG,LED,1,1522.0,RUS,RUS
VOG,ROV,1,358.0,RUS,RUS
VOG,SVO,1,927.0,RUS,RUS
VOG,TAS,1,2119.0,RUS,UZB
VOG,UGC,1,1503.0,RUS,UZB
VOL,AMS,1,2008.0,GRC,NLX
VOL,CRL,1,1902.0,GRC,BWR
VOL,HHN,1,1707.0,GRC,DEU
VOL,VIE,2,1107.0,GRC,AUT
VOZ,DME,2,409.0,RUS,RUS
VOZ,EVN,1,1356.0,RUS,ARM
VOZ,KRR,1,754.0,RUS,RUS
VOZ,LED,2,1048.0,RUS,RUS
VOZ,MUC,1,1983.0,RUS,DEU
VOZ,VKO,1,439.0,RUS,RUS
VPE,CBT,1,560.0,AGO,AGO
VPE,LAD,1,948.0,AGO,AGO
VPE,NOV,1,471.0,AGO,AGO
VPE,SDD,1,326.0,AGO,AGO
VPE,SPP,1,343.0,AGO,AGO
VPE,SVP,1,533.0,AGO,AGO
VPS,ATL,3,402.0,USA,USA
VPS,CLT,2,740.0,USA,USA
VPS,DCA,2,1271.0,USA,USA
VPS,DFW,2,1030.0,USA,USA
VPS,IAH,1,849.0,USA,USA
VPY,MPM,1,758.0,MOZ,MOZ
VQS,SJU,5,71.0,PRI,PRI
VQS,STX,1,80.0,PRI,VIR
VRA,CUN,1,603.0,CUB,MEX
VRA,DME,1,9586.0,CUB,RUS
VRA,DUS,1,7910.0,CUB,DEU
VRA,FRA,1,8068.0,CUB,DEU
VRA,SNU,1,164.0,CUB,CUB
VRA,YHZ,1,2924.0,CUB,CAN
VRA,YUL,3,2590.0,CUB,CAN
VRA,YYC,1,4191.0,CUB,CAN
VRA,YYZ,3,2301.0,CUB,CAN
VRC,MNL,1,359.0,PHL,PHL
VRN,AMS,1,889.0,ITA,NLX
VRN,BRI,1,671.0,ITA,ITA
VRN,CAG,1,700.0,ITA,ITA
VRN,CDG,2,747.0,ITA,FXX
VRN,CGN,1,669.0,ITA,DEU
VRN,CTA,3,948.0,ITA,ITA
VRN,DME,1,2194.0,ITA,RUS
VRN,DUB,1,1523.0,ITA,IRL
VRN,FCO,1,414.0,ITA,ITA
VRN,FRA,2,544.0,ITA,DEU
VRN,FUE,1,2875.0,ITA,ESP
VRN,HAM,1,918.0,ITA,DEU
VRN,KIV,2,1397.0,ITA,MDA
VRN,LGW,4,1038.0,ITA,ENG
VRN,MAN,2,1297.0,ITA,ENG
VRN,MUC,2,336.0,ITA,DEU
VRN,NAP,1,572.0,ITA,ITA
VRN,OLB,1,512.0,ITA,ITA
VRN,OTP,1,1197.0,ITA,ROU
VRN,PMO,3,823.0,ITA,ITA
VRN,TFS,1,3090.0,ITA,ESP
VRN,TIA,5,839.0,ITA,ALB
VRN,TXL,1,815.0,ITA,DEU
VSA,CUN,1,708.0,MEX,MEX
VSA,GDL,1,1136.0,MEX,MEX
VSA,IAH,1,1357.0,MEX,USA
VSA,MEX,3,678.0,MEX,MEX
VSA,MID,2,465.0,MEX,MEX
VSA,MTY,1,1146.0,MEX,MEX
VSA,PAZ,2,567.0,MEX,MEX
VSA,VER,2,377.0,MEX,MEX
VST,AGP,1,2963.0,SWE,ESP
VST,ALC,1,2663.0,SWE,ESP
VST,STN,1,1331.0,SWE,ENG
VTE,BKK,4,517.0,LAO,THA
VTE,CAN,1,1267.0,LAO,CHN
VTE,HAN,2,495.0,LAO,VNM
VTE,HOE,1,337.0,LAO,LAO
VTE,ICN,2,3179.0,LAO,KOR
VTE,KMG,2,792.0,LAO,CHN
VTE,KUL,1,1697.0,LAO,MYS
VTE,LPQ,2,216.0,LAO,LAO
VTE,LXG,1,353.0,LAO,LAO
VTE,NNG,1,778.0,LAO,CHN
VTE,ODY,1,305.0,LAO,LAO
VTE,PKZ,1,467.0,LAO,LAO
VTE,PNH,2,757.0,LAO,KHM
VTE,SIN,1,1857.0,LAO,SGP
VTE,VII,1,338.0,LAO,VNM
VTE,XKH,1,174.0,LAO,LAO
VTE,ZVK,1,282.0,LAO,LAO
VTZ,BBI,1,391.0,IND,IND
VTZ,BLR,4,776.0,IND,IND
VTZ,BOM,3,1103.0,IND,IND
VTZ,CCU,2,773.0,IND,IND
VTZ,DEL,1,1358.0,IND,IND
VTZ,HYD,3,511.0,IND,IND
VTZ,MAA,2,620.0,IND,IND
VTZ,SIN,2,2909.0,IND,SGP
VUP,BOG,2,645.0,COL,COL
VUS,CEE,1,488.0,RUS,RUS
VVC,BOG,3,84.0,COL,COL
VVC,MVP,2,496.0,COL,COL
VVC,PCR,1,714.0,COL,COL
VVC,PDA,1,634.0,COL,COL
VVI,ASU,2,1025.0,BOL,PRY
VVI,CBB,2,323.0,BOL,BOL
VVI,EZE,2,1964.0,BOL,ARG
VVI,GRU,2,1849.0,BOL,BRA
VVI,IQQ,1,807.0,BOL,CHL
VVI,LIM,3,1627.0,BOL,PER
VVI,LPB,3,552.0,BOL,BOL
VVI,MAD,2,8917.0,BOL,ESP
VVI,MIA,2,5174.0,BOL,USA
VVI,PTY,1,3466.0,BOL,PAN
VVI,SRE,2,273.0,BOL,BOL
VVI,TJA,2,465.0,BOL,BOL
VVO,BQS,1,860.0,RUS,RUS
VVO,DME,1,6410.0,RUS,RUS
VVO,FNJ,1,713.0,RUS,PRK
VVO,HKG,2,2884.0,RUS,HKG
VVO,ICN,5,816.0,RUS,KOR
VVO,IKT,1,2276.0,RUS,RUS
VVO,KHV,2,617.0,RUS,RUS
VVO,NRT,2,1103.0,RUS,JPN
VVO,OVB,2,3730.0,RUS,RUS
VVO,PEK,1,1341.0,RUS,CHN
VVO,PKC,2,2211.0,RUS,RUS
VVO,PUS,1,955.0,RUS,KOR
VVO,SVO,1,6404.0,RUS,RUS
VVO,UUS,2,914.0,RUS,RUS
VVO,YKS,2,2085.0,RUS,RUS
VXC,APL,1,478.0,MOZ,MOZ
VXC,TET,1,360.0,MOZ,MOZ
VXE,LIS,2,2889.0,CPV,PRX
VXE,RAI,1,270.0,CPV,CPV
VXE,SID,1,224.0,CPV,CPV
VXE,SNE,1,86.0,CPV,CPV
VXO,ALC,1,2357.0,SWE,ESP
VXO,AMS,1,821.0,SWE,NLX
VXO,ARN,2,355.0,SWE,SWE
VXO,BMA,2,329.0,SWE,SWE
VXO,OSL,1,414.0,SWE,NOW
WAA,KTS,1,82.0,USA,USA
WAA,OME,2,175.0,USA,USA
WAA,SHH,1,115.0,USA,USA
WAE,JED,1,640.0,SAU,SAU
WAE,RUH,1,518.0,SAU,SAU
WAG,AKL,1,329.0,NZL,NZL
WAT,BHX,1,364.0,IRL,ENG
WAT,MAN,1,349.0,IRL,ENG
WAW,AGP,1,2632.0,POL,ESP
WAW,AMS,2,1101.0,POL,NLX
WAW,ARN,1,854.0,POL,SWE
WAW,ATH,2,1599.0,POL,GRC
WAW,BCN,5,1870.0,POL,ESP
WAW,BEG,2,818.0,POL,SRS
WAW,BGY,1,1092.0,POL,ITA
WAW,BRU,1,1146.0,POL,BFR
WAW,BUD,2,541.0,POL,HUN
WAW,BVA,1,1354.0,POL,FXX
WAW,CDG,2,1342.0,POL,FXX
WAW,CGN,1,966.0,POL,DEU
WAW,CPH,3,666.0,POL,DNK
WAW,CRL,1,1161.0,POL,BWR
WAW,DBV,1,1087.0,POL,HRV
WAW,DOH,1,3944.0,POL,QAT
WAW,DSA,1,1478.0,POL,ENG
WAW,DUB,1,1825.0,POL,IRL
WAW,DUS,3,981.0,POL,DEU
WAW,DXB,2,4156.0,POL,ARE
WAW,EIN,1,1073.0,POL,NLX
WAW,EVN,1,2229.0,POL,ARM
WAW,FCO,2,1327.0,POL,ITA
WAW,FRA,3,896.0,POL,DEU
WAW,GDN,1,297.0,POL,POL
WAW,GLA,1,1699.0,POL,SCT
WAW,GSE,1,851.0,POL,SWE
WAW,GVA,2,1261.0,POL,CHE
WAW,HAM,2,753.0,POL,DEU
WAW,HEL,2,939.0,POL,FIN
WAW,HRK,1,1098.0,POL,UKR
WAW,IST,2,1347.0,POL,TUR
WAW,JFK,1,6848.0,POL,USA
WAW,KBP,2,719.0,POL,UKR
WAW,KRK,1,246.0,POL,POL
WAW,KTW,1,229.0,POL,POL
WAW,KUT,1,1958.0,POL,GEG
WAW,LCA,1,2169.0,POL,CYP
WAW,LED,1,1025.0,POL,RUS
WAW,LHR,5,1470.0,POL,ENG
WAW,LIN,1,1134.0,POL,ITA
WAW,LIS,2,2749.0,POL,PRX
WAW,LJU,2,812.0,POL,SVN
WAW,LPL,1,1601.0,POL,ENG
WAW,LTN,1,1455.0,POL,ENG
WAW,LWO,1,335.0,POL,UKR
WAW,MAD,1,2271.0,POL,ESP
WAW,MMX,1,623.0,POL,SWE
WAW,MSQ,2,509.0,POL,BLR
WAW,MUC,2,777.0,POL,DEU
WAW,MXP,1,1150.0,POL,ITA
WAW,NCE,1,1390.0,POL,FXX
WAW,NYO,1,779.0,POL,SWE
WAW,ODS,1,949.0,POL,UKR
WAW,ORD,1,7519.0,POL,USA
WAW,OSL,1,1075.0,POL,NOW
WAW,OTP,2,925.0,POL,ROU
WAW,PEK,2,6944.0,POL,CHN
WAW,POZ,1,283.0,POL,POL
WAW,PRG,3,521.0,POL,CZE
WAW,RIX,2,563.0,POL,LVA
WAW,RZE,1,240.0,POL,POL
WAW,SOF,2,1069.0,POL,BGR
WAW,SPU,1,1020.0,POL,HRV
WAW,SVG,1,1215.0,POL,NOW
WAW,SVO,2,1150.0,POL,RUS
WAW,SZZ,1,436.0,POL,POL
WAW,TBS,1,2148.0,POL,GEG
WAW,TLL,1,841.0,POL,EST
WAW,TLV,3,2508.0,POL,ISR
WAW,TRF,1,1027.0,POL,NOW
WAW,TXL,1,523.0,POL,DEU
WAW,VIE,2,549.0,POL,AUT
WAW,VNO,1,396.0,POL,LTU
WAW,WRO,1,305.0,POL,POL
WAW,YYZ,2,6935.0,POL,CAN
WAW,ZAD,1,988.0,POL,HRV
WAW,ZRH,2,1031.0,POL,CHE
WBM,POM,1,559.0,PNX,PNX
WBQ,FAI,1,173.0,USA,USA
WDH,ACC,1,3665.0,NAM,GHA
WDH,CPT,2,1282.0,NAM,ZAF
WDH,FRA,1,8111.0,NAM,DEU
WDH,HRE,1,1508.0,NAM,ZWE
WDH,JNB,5,1165.0,NAM,ZAF
WDH,LAD,2,1581.0,NAM,AGO
WDH,LUD,1,519.0,NAM,NAM
WDH,LUN,2,1401.0,NAM,ZMB
WDH,MUB,1,678.0,NAM,BWA
WDH,SDD,1,935.0,NAM,AGO
WDH,VFA,1,999.0,NAM,ZWE
WDH,WVB,1,295.0,NAM,NAM
WEF,CAN,1,1576.0,CHN,CHN
WEF,DLC,1,334.0,CHN,CHN
WEF,HGH,1,724.0,CHN,CHN
WEF,NGB,1,789.0,CHN,CHN
WEF,PEK,1,441.0,CHN,CHN
WEF,PVG,1,660.0,CHN,CHN
WEF,SHE,1,671.0,CHN,CHN
WEI,CNS,2,623.0,AUS,AUS
WGA,MEL,1,364.0,AUS,AUS
WGA,SYD,2,366.0,AUS,AUS
WGP,DPS,1,573.0,IDN,IDN
WHK,AKL,1,213.0,NZL,NZL
WIC,ABZ,1,149.0,SCT,SCT
WIC,EDI,1,279.0,SCT,SCT
WIL,ASV,1,155.0,KEN,KEN
WIL,JRO,2,236.0,KEN,TZA
WIL,KTL,1,328.0,KEN,KEN
WIL,LAU,3,467.0,KEN,KEN
WIL,LKG,1,673.0,KEN,KEN
WIL,MRE,3,201.0,KEN,KEN
WIL,NYK,2,142.0,KEN,KEN
WIL,UAS,2,221.0,KEN,KEN
WIL,UKA,3,450.0,KEN,KEN
WIL,WJR,1,498.0,KEN,KEN
WIN,LRE,1,171.0,AUS,AUS
WIN,TSV,1,516.0,AUS,AUS
WJR,HGA,1,972.0,KEN,SOL
WJR,MGQ,1,580.0,KEN,SOX
WJR,NBO,2,489.0,KEN,KEN
WJR,WIL,1,498.0,KEN,KEN
WJU,CJU,1,457.0,KOR,KOR
WKJ,CTS,1,292.0,JPN,JPN
WKJ,HND,1,1109.0,JPN,JPN
WLG,AKL,2,480.0,NZL,NZL
WLG,BHE,1,81.0,NZL,NZL
WLG,BNE,2,2511.0,NZL,AUS
WLG,CHC,2,304.0,NZL,NZL
WLG,DUD,1,632.0,NZL,NZL
WLG,GIS,1,401.0,NZL,NZL
WLG,HLZ,1,387.0,NZL,NZL
WLG,IVC,1,768.0,NZL,NZL
WLG,MEL,5,2589.0,NZL,AUS
WLG,NPE,1,271.0,NZL,NZL
WLG,NPL,1,263.0,NZL,NZL
WLG,NSN,1,132.0,NZL,NZL
WLG,PMR,1,131.0,NZL,NZL
WLG,ROT,1,380.0,NZL,NZL
WLG,SYD,5,2228.0,NZL,AUS
WLG,TIU,1,441.0,NZL,NZL
WLG,TRG,1,424.0,NZL,NZL
WLG,TUO,1,308.0,NZL,NZL
WLG,WRE,1,619.0,NZL,NZL
WLG,WSZ,1,272.0,NZL,NZL
WLG,ZQN,1,641.0,NZL,NZL
WLH,SON,1,52.0,VUT,VUT
WLK,OTZ,2,119.0,USA,USA
WLS,FUT,1,234.0,WLF,WLF
WLS,NAN,1,846.0,WLF,FJI
WLS,NOU,1,2101.0,WLF,NCL
WMI,ALC,1,2270.0,POL,ESP
WMI,BCN,1,1869.0,POL,ESP
WMI,BGY,1,1095.0,POL,ITA
WMI,BLQ,1,1116.0,POL,ITA
WMI,BRS,1,1600.0,POL,ENG
WMI,BVA,1,1337.0,POL,FXX
WMI,CHQ,1,1901.0,POL,GRC
WMI,CIA,1,1330.0,POL,ITA
WMI,CRL,1,1141.0,POL,BWR
WMI,DUB,1,1797.0,POL,IRL
WMI,EIN,1,1051.0,POL,NLX
WMI,EMA,1,1478.0,POL,ENG
WMI,GDN,1,259.0,POL,POL
WMI,LPL,1,1573.0,POL,ENG
WMI,MAN,1,1534.0,POL,ENG
WMI,MRS,1,1519.0,POL,FXX
WMI,NYO,1,742.0,POL,SWE
WMI,PIK,1,1675.0,POL,SCT
WMI,PMI,1,1982.0,POL,ESP
WMI,PSA,1,1235.0,POL,ITA
WMI,RYG,1,984.0,POL,NOW
WMI,SKG,1,1338.0,POL,GRC
WMI,SNN,1,1985.0,POL,IRL
WMI,STN,1,1389.0,POL,ENG
WMI,TPS,1,1736.0,POL,ITA
WMI,WRO,1,299.0,POL,POL
WMN,ANM,1,83.0,MDG,MDG
WMN,SVB,1,139.0,MDG,MDG
WMN,TMM,1,299.0,MDG,MDG
WMN,TNR,1,441.0,MDG,MDG
WMO,GLV,2,25.0,USA,USA
WMO,OME,2,99.0,USA,USA
WMR,TMM,1,220.0,MDG,MDG
WMX,DJJ,1,242.0,IDN,IDN
WNA,PKA,1,11.0,USA,USA
WNN,KIF,1,40.0,CAN,CAN
WNN,SUR,1,54.0,CAN,CAN
WNN,YXL,1,358.0,CAN,CAN
WNP,MNL,2,264.0,PHL,PHL
WNR,BVI,1,337.0,AUS,AUS
WNR,ULP,1,207.0,AUS,AUS
WNZ,CAN,6,908.0,CHN,CHN
WNZ,CGO,2,992.0,CHN,CHN
WNZ,CJU,1,823.0,CHN,KOR
WNZ,CKG,5,1398.0,CHN,CHN
WNZ,CSX,4,749.0,CHN,CHN
WNZ,CTU,4,1665.0,CHN,CHN
WNZ,DAD,1,1853.0,CHN,VNM
WNZ,FUG,1,739.0,CHN,CHN
WNZ,HAK,1,1378.0,CHN,CHN
WNZ,HIA,1,674.0,CHN,CHN
WNZ,HKG,3,936.0,CHN,HKG
WNZ,HRB,1,2026.0,CHN,CHN
WNZ,KHN,1,496.0,CHN,CHN
WNZ,KMG,3,1809.0,CHN,CHN
WNZ,KWE,3,1397.0,CHN,CHN
WNZ,KWL,1,1116.0,CHN,CHN
WNZ,LYI,1,826.0,CHN,CHN
WNZ,NAY,2,1382.0,CHN,CHN
WNZ,NNG,1,1404.0,CHN,CHN
WNZ,PEK,4,1409.0,CHN,CHN
WNZ,PVG,3,371.0,CHN,CHN
WNZ,SHA,3,368.0,CHN,CHN
WNZ,SHE,2,1545.0,CHN,CHN
WNZ,SJW,1,1287.0,CHN,CHN
WNZ,SYX,3,1583.0,CHN,CHN
WNZ,SZX,4,919.0,CHN,CHN
WNZ,TAO,4,930.0,CHN,CHN
WNZ,TNA,2,1051.0,CHN,CHN
WNZ,TPE,1,317.0,CHN,TWN
WNZ,TSA,1,324.0,CHN,TWN
WNZ,WUH,4,719.0,CHN,CHN
WNZ,XIY,5,1360.0,CHN,CHN
WNZ,ZUH,2,999.0,CHN,CHN
WRE,AKL,1,143.0,NZL,NZL
WRE,WLG,1,619.0,NZL,NZL
WRG,KTN,1,132.0,USA,USA
WRG,PSG,1,50.0,USA,USA
WRL,CYS,3,405.0,USA,USA
WRO,AGP,1,2331.0,POL,ESP
WRO,ALC,1,1974.0,POL,ESP
WRO,BGY,1,803.0,POL,ITA
WRO,BLQ,1,841.0,POL,ITA
WRO,BRS,1,1361.0,POL,ENG
WRO,BRU,1,867.0,POL,BFR
WRO,BVA,1,1064.0,POL,FXX
WRO,CDG,1,1048.0,POL,FXX
WRO,CHQ,1,1826.0,POL,GRC
WRO,CIA,1,1085.0,POL,ITA
WRO,CPH,1,575.0,POL,DNK
WRO,DSA,1,1242.0,POL,ENG
WRO,DUB,1,1590.0,POL,IRL
WRO,DUS,1,705.0,POL,DEU
WRO,EMA,1,1259.0,POL,ENG
WRO,FRA,2,599.0,POL,DEU
WRO,GDN,1,379.0,POL,POL
WRO,GRO,1,1484.0,POL,ESP
WRO,LPL,1,1363.0,POL,ENG
WRO,LTN,1,1195.0,POL,ENG
WRO,MLA,1,1706.0,POL,MLT
WRO,MUC,2,477.0,POL,DEU
WRO,ORK,1,1751.0,POL,IRL
WRO,PIK,1,1501.0,POL,SCT
WRO,RYG,1,997.0,POL,NOW
WRO,SNN,1,1770.0,POL,IRL
WRO,STN,1,1153.0,POL,ENG
WRO,TRF,1,992.0,POL,NOW
WRO,WAW,1,305.0,POL,POL
WRO,WMI,1,299.0,POL,POL
WRO,ZRH,1,727.0,POL,CHE
WRY,KOI,1,44.0,SCT,SCT
WRY,PPW,1,3.0,SCT,SCT
WSN,EGX,1,61.0,USA,USA
WSZ,WLG,1,272.0,NZL,NZL
WTK,KVL,2,70.0,USA,USA
WTK,OTZ,1,77.0,USA,USA
WUA,HET,2,442.0,CHN,CHN
WUA,NAY,2,819.0,CHN,CHN
WUA,PEK,3,835.0,CHN,CHN
WUA,XIY,1,619.0,CHN,CHN
WUH,AQG,1,273.0,CHN,CHN
WUH,BAV,1,1151.0,CHN,CHN
WUH,BKK,1,2348.0,CHN,THA
WUH,CAN,5,827.0,CHN,CHN
WUH,CDG,1,8865.0,CHN,FXX
WUH,CGQ,3,1781.0,CHN,CHN
WUH,CIH,1,616.0,CHN,CHN
WUH,CKG,6,736.0,CHN,CHN
WUH,CNX,1,2034.0,CHN,THA
WUH,CTU,7,981.0,CHN,CHN
WUH,DLC,4,1128.0,CHN,CHN
WUH,DMK,1,2335.0,CHN,THA
WUH,DSN,1,1045.0,CHN,CHN
WUH,ENH,4,455.0,CHN,CHN
WUH,FOC,3,758.0,CHN,CHN
WUH,HAK,3,1264.0,CHN,CHN
WUH,HET,3,1140.0,CHN,CHN
WUH,HGH,5,600.0,CHN,CHN
WUH,HKG,4,943.0,CHN,HKG
WUH,HRB,1,1952.0,CHN,CHN
WUH,HYN,1,740.0,CHN,CHN
WUH,ICN,3,1348.0,CHN,KOR
WUH,JJN,3,793.0,CHN,CHN
WUH,KHH,2,1097.0,CHN,TWN
WUH,KHN,1,269.0,CHN,CHN
WUH,KMG,8,1274.0,CHN,CHN
WUH,KWE,5,863.0,CHN,CHN
WUH,KWL,1,742.0,CHN,CHN
WUH,LHW,3,1168.0,CHN,CHN
WUH,LJG,3,1435.0,CHN,CHN
WUH,LYG,1,607.0,CHN,CHN
WUH,LYI,1,615.0,CHN,CHN
WUH,LZH,1,872.0,CHN,CHN
WUH,MFM,2,962.0,CHN,MAC
WUH,NGB,2,704.0,CHN,CHN
WUH,NNG,7,1088.0,CHN,CHN
WUH,PEK,5,1056.0,CHN,CHN
WUH,PUS,1,1457.0,CHN,KOR
WUH,PVG,5,725.0,CHN,CHN
WUH,SHA,4,681.0,CHN,CHN
WUH,SHE,3,1464.0,CHN,CHN
WUH,SIN,3,3445.0,CHN,SGP
WUH,SWA,1,836.0,CHN,CHN
WUH,SYX,4,1470.0,CHN,CHN
WUH,SZX,4,906.0,CHN,CHN
WUH,TAO,6,835.0,CHN,CHN
WUH,TNA,4,730.0,CHN,CHN
WUH,TPE,3,937.0,CHN,TWN
WUH,TSA,1,961.0,CHN,TWN
WUH,TSN,4,970.0,CHN,CHN
WUH,TYN,2,788.0,CHN,CHN
WUH,URC,3,2758.0,CHN,CHN
WUH,WNZ,4,719.0,CHN,CHN
WUH,WUX,2,597.0,CHN,CHN
WUH,XFN,1,237.0,CHN,CHN
WUH,XIY,3,653.0,CHN,CHN
WUH,XMN,8,794.0,CHN,CHN
WUH,XNN,2,1293.0,CHN,CHN
WUH,YCU,1,566.0,CHN,CHN
WUH,YNT,3,988.0,CHN,CHN
WUH,YNZ,1,636.0,CHN,CHN
WUH,YTY,2,558.0,CHN,CHN
WUH,ZUH,1,980.0,CHN,CHN
WUH,ZYI,1,784.0,CHN,CHN
WUS,CAN,2,672.0,CHN,CHN
WUS,CKG,2,1130.0,CHN,CHN
WUS,HKG,1,727.0,CHN,HKG
WUS,PEK,2,1383.0,CHN,CHN
WUS,SHA,1,505.0,CHN,CHN
WUS,TAO,2,978.0,CHN,CHN
WUS,TNA,1,1021.0,CHN,CHN
WUS,XIY,1,1156.0,CHN,CHN
WUS,XMN,3,351.0,CHN,CHN
WUX,CAN,4,1142.0,CHN,CHN
WUX,CKG,4,1333.0,CHN,CHN
WUX,CSX,2,786.0,CHN,CHN
WUX,CTU,4,1572.0,CHN,CHN
WUX,DLC,2,837.0,CHN,CHN
WUX,FOC,2,623.0,CHN,CHN
WUX,HKG,1,1208.0,CHN,HKG
WUX,KIX,2,1419.0,CHN,JPN
WUX,MFM,1,1240.0,CHN,MAC
WUX,PEK,3,1015.0,CHN,CHN
WUX,SHE,2,1160.0,CHN,CHN
WUX,SIN,1,3770.0,CHN,SGP
WUX,SYX,2,1838.0,CHN,CHN
WUX,SZX,4,1182.0,CHN,CHN
WUX,TAO,1,531.0,CHN,CHN
WUX,TPE,4,718.0,CHN,TWN
WUX,WUH,2,597.0,CHN,CHN
WUX,XIY,3,1137.0,CHN,CHN
WUX,XMN,3,805.0,CHN,CHN
WUZ,KWE,1,564.0,CHN,CHN
WUZ,NNG,1,329.0,CHN,CHN
WUZ,ZUH,1,271.0,CHN,CHN
WVB,CPT,1,1281.0,NAM,ZAF
WVB,JNB,1,1419.0,NAM,ZAF
WVB,WDH,1,295.0,NAM,NAM
WWK,HGU,2,259.0,PNX,PNX
WWK,MAG,2,296.0,PNX,PNX
WWK,POM,1,760.0,PNX,PNX
WWK,VAI,1,281.0,PNX,PNX
WXN,CAN,2,954.0,CHN,CHN
WXN,CTU,1,430.0,CHN,CHN
WXN,KMG,1,833.0,CHN,CHN
WXN,PEK,1,1267.0,CHN,CHN
WXN,PVG,2,1275.0,CHN,CHN
WXN,SZX,1,1053.0,CHN,CHN
WXN,XIY,2,406.0,CHN,CHN
WXN,XMN,2,1180.0,CHN,CHN
WYA,ADL,1,230.0,AUS,AUS
XAP,CWB,1,390.0,BRA,BRA
XAP,FLN,2,409.0,BRA,BRA
XAP,POA,1,350.0,BRA,BRA
XAP,VCP,1,721.0,BRA,BRA
XBE,MSA,1,76.0,CAN,CAN
XBE,YAX,1,96.0,CAN,CAN
XBE,YTL,1,76.0,CAN,CAN
XBE,YXL,1,432.0,CAN,CAN
XBJ,MHD,1,373.0,IRN,IRN
XBJ,THR,1,793.0,IRN,IRN
XCH,CCK,1,985.0,CXR,CCK
XCH,PER,1,2613.0,CXR,AUS
XCR,OPO,1,1311.0,FXX,PRX
XCR,RAK,1,2167.0,FXX,MAR
XFN,CAN,1,979.0,CHN,CHN
XFN,CKG,1,603.0,CHN,CHN
XFN,HGH,1,803.0,CHN,CHN
XFN,NAY,2,925.0,CHN,CHN
XFN,PEK,2,962.0,CHN,CHN
XFN,PVG,1,907.0,CHN,CHN
XFN,SZX,3,1068.0,CHN,CHN
XFN,WUH,1,237.0,CHN,CHN
XFN,XMN,1,1020.0,CHN,CHN
XFW,TLS,1,1264.0,DEU,FXX
XGR,YVP,1,157.0,CAN,CAN
XIC,CKG,1,475.0,CHN,CHN
XIC,CTU,3,335.0,CHN,CHN
XIC,KMG,1,329.0,CHN,CHN
XIL,HET,3,481.0,CHN,CHN
XIL,NAY,2,461.0,CHN,CHN
XIL,PEK,2,430.0,CHN,CHN
XIY,BAV,2,689.0,CHN,CHN
XIY,BHY,1,1436.0,CHN,CHN
XIY,CAN,5,1306.0,CHN,CHN
XIY,CGD,1,673.0,CHN,CHN
XIY,CGQ,1,1798.0,CHN,CHN
XIY,CKG,10,562.0,CHN,CHN
XIY,CSX,7,815.0,CHN,CHN
XIY,CTU,8,623.0,CHN,CHN
XIY,CZX,1,1063.0,CHN,CHN
XIY,DAT,1,751.0,CHN,CHN
XIY,DLC,6,1244.0,CHN,CHN
XIY,DMK,1,2426.0,CHN,THA
XIY,DNH,2,1385.0,CHN,CHN
XIY,DSN,3,569.0,CHN,CHN
XIY,DYG,2,615.0,CHN,CHN
XIY,ENY,2,254.0,CHN,CHN
XIY,FOC,5,1411.0,CHN,CHN
XIY,FUG,1,669.0,CHN,CHN
XIY,GOQ,1,1283.0,CHN,CHN
XIY,GXH,1,560.0,CHN,CHN
XIY,HAK,1,1622.0,CHN,CHN
XIY,HEL,1,6407.0,CHN,FIN
XIY,HET,3,762.0,CHN,CHN
XIY,HFE,4,849.0,CHN,CHN
XIY,HGH,7,1193.0,CHN,CHN
XIY,HIA,1,957.0,CHN,CHN
XIY,HKG,3,1440.0,CHN,HKG
XIY,HMI,1,1604.0,CHN,CHN
XIY,HRB,5,1932.0,CHN,CHN
XIY,ICN,3,1625.0,CHN,KOR
XIY,IQN,1,183.0,CHN,CHN
XIY,JDZ,2,977.0,CHN,CHN
XIY,JGN,1,1100.0,CHN,CHN
XIY,JGS,1,1019.0,CHN,CHN
XIY,JIC,1,731.0,CHN,CHN
XIY,JNG,1,699.0,CHN,CHN
XIY,JZH,1,502.0,CHN,CHN
XIY,KHG,1,2945.0,CHN,CHN
XIY,KHN,4,918.0,CHN,CHN
XIY,KMG,8,1181.0,CHN,CHN
XIY,KWE,8,899.0,CHN,CHN
XIY,KWL,7,1034.0,CHN,CHN
XIY,LHW,6,518.0,CHN,CHN
XIY,LJG,5,1186.0,CHN,CHN
XIY,LXA,3,1776.0,CHN,CHN
XIY,LYI,1,885.0,CHN,CHN
XIY,LZO,1,699.0,CHN,CHN
XIY,MIG,1,503.0,CHN,CHN
XIY,NAO,1,473.0,CHN,CHN
XIY,NGB,1,1301.0,CHN,CHN
XIY,NKG,6,988.0,CHN,CHN
XIY,NNG,5,1318.0,CHN,CHN
XIY,PEK,5,934.0,CHN,CHN
XIY,PUS,1,1841.0,CHN,KOR
XIY,PVG,8,1273.0,CHN,CHN
XIY,RLK,1,726.0,CHN,CHN
XIY,SHA,5,1229.0,CHN,CHN
XIY,SHE,6,1515.0,CHN,CHN
XIY,SJW,4,682.0,CHN,CHN
XIY,SYX,3,1796.0,CHN,CHN
XIY,SZX,5,1402.0,CHN,CHN
XIY,TAO,7,1072.0,CHN,CHN
XIY,TNA,7,810.0,CHN,CHN
XIY,TPE,4,1590.0,CHN,TWN
XIY,TSN,7,925.0,CHN,CHN
XIY,TXN,1,1037.0,CHN,CHN
XIY,TYN,2,506.0,CHN,CHN
XIY,URC,9,2105.0,CHN,CHN
XIY,UYN,4,441.0,CHN,CHN
XIY,WNZ,5,1360.0,CHN,CHN
XIY,WUA,1,619.0,CHN,CHN
XIY,WUH,3,653.0,CHN,CHN
XIY,WUS,1,1156.0,CHN,CHN
XIY,WUX,3,1137.0,CHN,CHN
XIY,WXN,2,406.0,CHN,CHN
XIY,XMN,7,1425.0,CHN,CHN
XIY,XNN,9,650.0,CHN,CHN
XIY,YBP,1,743.0,CHN,CHN
XIY,YIH,1,503.0,CHN,CHN
XIY,YIW,1,1206.0,CHN,CHN
XIY,YNT,2,1182.0,CHN,CHN
XIY,YNZ,1,1062.0,CHN,CHN
XIY,YTY,2,1038.0,CHN,CHN
XIY,YZY,2,868.0,CHN,CHN
XIY,ZYI,1,781.0,CHN,CHN
XKH,VTE,1,174.0,LAO,LAO
XKS,YTL,1,89.0,CAN,CAN
XKS,YXL,1,440.0,CAN,CAN
XMH,AHE,1,20.0,PYF,PYF
XMH,PPT,1,513.0,PYF,PYF
XMH,RGI,1,181.0,PYF,PYF
XMN,AMS,2,9317.0,CHN,NLX
XMN,AQG,1,680.0,CHN,CHN
XMN,BKK,3,2186.0,CHN,THA
XMN,CAN,6,507.0,CHN,CHN
XMN,CGD,1,807.0,CHN,CHN
XMN,CGK,3,3630.0,CHN,IDN
XMN,CGO,5,1184.0,CHN,CHN
XMN,CIH,1,1386.0,CHN,CHN
XMN,CJU,1,1286.0,CHN,KOR
XMN,CKG,5,1273.0,CHN,CHN
XMN,CSX,8,635.0,CHN,CHN
XMN,CTU,6,1549.0,CHN,CHN
XMN,CZX,2,836.0,CHN,CHN
XMN,DAD,1,1401.0,CHN,VNM
XMN,DLC,1,1635.0,CHN,CHN
XMN,FUG,1,956.0,CHN,CHN
XMN,HAK,3,941.0,CHN,CHN
XMN,HFE,7,809.0,CHN,CHN
XMN,HGH,5,672.0,CHN,CHN
XMN,HKG,5,496.0,CHN,HKG
XMN,HSN,2,731.0,CHN,CHN
XMN,ICN,2,1640.0,CHN,KOR
XMN,JDZ,2,541.0,CHN,CHN
XMN,JGS,1,426.0,CHN,CHN
XMN,JIU,2,595.0,CHN,CHN
XMN,JUH,2,690.0,CHN,CHN
XMN,JUZ,2,498.0,CHN,CHN
XMN,KHH,3,315.0,CHN,TWN
XMN,KHN,3,529.0,CHN,CHN
XMN,KMG,8,1534.0,CHN,CHN
XMN,KOW,1,367.0,CHN,CHN
XMN,KUL,3,2996.0,CHN,MYS
XMN,KWE,3,1157.0,CHN,CHN
XMN,KWL,6,819.0,CHN,CHN
XMN,LZH,1,886.0,CHN,CHN
XMN,MFM,4,534.0,CHN,MAC
XMN,MNL,3,1156.0,CHN,PHL
XMN,NAY,2,1702.0,CHN,CHN
XMN,NGB,3,674.0,CHN,CHN
XMN,NKG,9,804.0,CHN,CHN
XMN,NNG,6,1037.0,CHN,CHN
XMN,NRT,3,2468.0,CHN,JPN
XMN,PEK,6,1734.0,CHN,CHN
XMN,PVG,4,818.0,CHN,CHN
XMN,RMQ,2,254.0,CHN,TWN
XMN,SHA,6,804.0,CHN,CHN
XMN,SHE,3,1964.0,CHN,CHN
XMN,SIN,4,2993.0,CHN,SGP
XMN,SJW,1,1561.0,CHN,CHN
XMN,SYX,5,1138.0,CHN,CHN
XMN,SZX,4,488.0,CHN,CHN
XMN,TAO,4,1321.0,CHN,CHN
XMN,TNA,4,1372.0,CHN,CHN
XMN,TPE,2,319.0,CHN,TWN
XMN,TSA,2,350.0,CHN,TWN
XMN,TSN,5,1623.0,CHN,CHN
XMN,TXN,3,577.0,CHN,CHN
XMN,TYN,2,1558.0,CHN,CHN
XMN,WUH,7,794.0,CHN,CHN
XMN,WUS,3,351.0,CHN,CHN
XMN,WUX,3,805.0,CHN,CHN
XMN,WXN,2,1180.0,CHN,CHN
XMN,XFN,1,1020.0,CHN,CHN
XMN,XIY,7,1425.0,CHN,CHN
XMN,XUZ,1,1059.0,CHN,CHN
XMN,YIH,2,936.0,CHN,CHN
XMN,YIW,1,566.0,CHN,CHN
XMN,YNZ,2,1008.0,CHN,CHN
XMN,YTY,2,905.0,CHN,CHN
XMN,ZUH,4,561.0,CHN,CHN
XMN,ZYI,1,1161.0,CHN,CHN
XMS,TNW,1,150.0,ECU,ECU
XNA,ATL,5,947.0,USA,USA
XNA,CLT,2,1211.0,USA,USA
XNA,CVG,1,902.0,USA,USA
XNA,DEN,1,990.0,USA,USA
XNA,DFW,2,452.0,USA,USA
XNA,DTW,1,1149.0,USA,USA
XNA,EWR,1,1815.0,USA,USA
XNA,IAH,1,707.0,USA,USA
XNA,LAS,1,1867.0,USA,USA
XNA,LAX,2,2202.0,USA,USA
XNA,LGA,2,1842.0,USA,USA
XNA,MSP,1,961.0,USA,USA
XNA,ORD,3,840.0,USA,USA
XNA,SFB,1,1480.0,USA,USA
XNN,CGO,5,1090.0,CHN,CHN
XNN,CKG,7,869.0,CHN,CHN
XNN,CSX,1,1399.0,CHN,CHN
XNN,CTU,5,685.0,CHN,CHN
XNN,GOQ,1,649.0,CHN,CHN
XNN,KMG,1,1273.0,CHN,CHN
XNN,KWE,1,1198.0,CHN,CHN
XNN,LXA,2,1312.0,CHN,CHN
XNN,MIG,1,619.0,CHN,CHN
XNN,NKG,1,1634.0,CHN,CHN
XNN,PEK,5,1327.0,CHN,CHN
XNN,PVG,1,1917.0,CHN,CHN
XNN,TSN,1,1373.0,CHN,CHN
XNN,URC,2,1481.0,CHN,CHN
XNN,WUH,2,1293.0,CHN,CHN
XNN,XIY,9,650.0,CHN,CHN
XNN,YUS,2,615.0,CHN,CHN
XNN,ZHY,1,300.0,CHN,CHN
XQP,PMZ,1,91.0,CRI,CRI
XQP,SJO,3,62.0,CRI,CRI
XRY,AGP,1,139.0,ESP,ESP
XRY,BCN,3,866.0,ESP,ESP
XRY,CGN,1,1888.0,ESP,DEU
XRY,DUS,2,1909.0,ESP,DEU
XRY,FRA,2,1885.0,ESP,DEU
XRY,HAJ,1,2137.0,ESP,DEU
XRY,HAM,2,2248.0,ESP,DEU
XRY,HHN,1,1815.0,ESP,DEU
XRY,LUX,1,1739.0,ESP,LUX
XRY,MAD,1,468.0,ESP,ESP
XRY,MUC,2,1942.0,ESP,DEU
XRY,PMI,1,830.0,ESP,ESP
XRY,STN,1,1755.0,ESP,ENG
XRY,STR,2,1816.0,ESP,DEU
XRY,SXF,1,2315.0,ESP,DEU
XSB,AZI,1,191.0,ARE,ARE
XSB,DXB,1,301.0,ARE,ARE
XSC,GDT,1,41.0,TCA,TCA
XSC,PLS,1,81.0,TCA,TCA
XTG,CMA,1,178.0,AUS,AUS
XUZ,CAN,1,1256.0,CHN,CHN
XUZ,CKG,1,1137.0,CHN,CHN
XUZ,CSX,1,772.0,CHN,CHN
XUZ,CTU,1,1335.0,CHN,CHN
XUZ,DLC,1,651.0,CHN,CHN
XUZ,FOC,1,926.0,CHN,CHN
XUZ,HKG,1,1354.0,CHN,HKG
XUZ,HRB,1,1483.0,CHN,CHN
XUZ,KHH,1,1306.0,CHN,TWN
XUZ,KMG,1,1727.0,CHN,CHN
XUZ,KWE,2,1327.0,CHN,CHN
XUZ,LYG,1,134.0,CHN,CHN
XUZ,SHA,1,476.0,CHN,CHN
XUZ,SHE,1,990.0,CHN,CHN
XUZ,SZX,1,1321.0,CHN,CHN
XUZ,TPE,2,1060.0,CHN,TWN
XUZ,XMN,1,1059.0,CHN,CHN
YAA,YVR,1,392.0,CAN,CAN
YAB,YFB,1,1221.0,CAN,CAN
YAB,YRB,1,361.0,CAN,CAN
YAC,YXL,1,179.0,CAN,CAN
YAC,ZRJ,1,140.0,CAN,CAN
YAG,YQK,1,143.0,CAN,CAN
YAG,YQT,1,305.0,CAN,CAN
YAK,CDV,1,342.0,USA,USA
YAK,JNU,1,318.0,USA,USA
YAM,YQT,1,418.0,CAN,CAN
YAM,YSB,1,284.0,CAN,CAN
YAM,YTZ,1,512.0,CAN,CAN
YAM,YYZ,1,494.0,CAN,CAN
YAP,GUM,1,855.0,FSM,GUM
YAP,ROR,1,456.0,FSM,PLW
YAT,YPO,1,302.0,CAN,CAN
YAT,ZKE,1,88.0,CAN,CAN
YAX,XBE,1,96.0,CAN,CAN
YAX,YTL,1,21.0,CAN,CAN
YAY,YBX,1,77.0,CAN,CAN
YAY,YYR,1,364.0,CAN,CAN
YAY,YYT,1,484.0,CAN,CAN
YBC,YQB,2,352.0,CAN,CAN
YBC,YUL,1,583.0,CAN,CAN
YBC,YWK,1,432.0,CAN,CAN
YBC,YYY,2,58.0,CAN,CAN
YBG,YHU,1,363.0,CAN,CAN
YBG,YQB,1,174.0,CAN,CAN
YBG,YUL,1,380.0,CAN,CAN
YBG,YZV,1,402.0,CAN,CAN
YBK,YCS,2,283.0,CAN,CAN
YBK,YRT,2,257.0,CAN,CAN
YBK,YUT,1,518.0,CAN,CAN
YBK,YXN,1,287.0,CAN,CAN
YBL,YQQ,3,38.0,CAN,CAN
YBL,YVR,2,172.0,CAN,CAN
YBP,CAN,2,1060.0,CHN,CHN
YBP,KMG,1,441.0,CHN,CHN
YBP,PEK,2,1668.0,CHN,CHN
YBP,PVG,1,1681.0,CHN,CHN
YBP,SYX,1,1268.0,CHN,CHN
YBP,SZX,2,1153.0,CHN,CHN
YBP,XIY,1,743.0,CHN,CHN
YBR,YYC,1,1002.0,CAN,CAN
YBX,YAY,1,77.0,CAN,CAN
YBX,YIF,1,106.0,CAN,CAN
YBX,YYR,1,303.0,CAN,CAN
YCB,YCO,2,432.0,CAN,CAN
YCB,YHK,1,376.0,CAN,CAN
YCB,YYH,1,456.0,CAN,CAN
YCB,YZF,2,850.0,CAN,CAN
YCD,YVR,1,52.0,CAN,CAN
YCD,YYC,1,738.0,CAN,CAN
YCG,YVR,1,403.0,CAN,CAN
YCG,YYC,1,327.0,CAN,CAN
YCL,YHZ,1,408.0,CAN,CAN
YCL,YWK,1,550.0,CAN,CAN
YCO,YCB,2,432.0,CAN,CAN
YCO,YHI,1,344.0,CAN,CAN
YCO,YZF,2,596.0,CAN,CAN
YCS,YBK,2,283.0,CAN,CAN
YCS,YRT,3,92.0,CAN,CAN
YCS,YZS,1,374.0,CAN,CAN
YCU,CAN,2,1322.0,CHN,CHN
YCU,CKG,1,728.0,CHN,CHN
YCU,CSX,1,798.0,CHN,CHN
YCU,CTU,2,832.0,CHN,CHN
YCU,HGH,2,1034.0,CHN,CHN
YCU,HRB,1,1734.0,CHN,CHN
YCU,KMG,2,1358.0,CHN,CHN
YCU,LHW,2,686.0,CHN,CHN
YCU,NKG,1,817.0,CHN,CHN
YCU,PEK,2,737.0,CHN,CHN
YCU,PVG,2,1095.0,CHN,CHN
YCU,SYX,1,1876.0,CHN,CHN
YCU,SZX,2,1413.0,CHN,CHN
YCU,TAO,2,853.0,CHN,CHN
YCU,TSN,2,715.0,CHN,CHN
YCU,TYN,1,325.0,CHN,CHN
YCU,URC,2,2234.0,CHN,CHN
YCU,WUH,1,566.0,CHN,CHN
YCY,YFB,2,748.0,CAN,CAN
YCY,YIO,2,411.0,CAN,CAN
YDF,YHZ,1,668.0,CAN,CAN
YDF,YYR,2,503.0,CAN,CAN
YDF,YYT,2,385.0,CAN,CAN
YDF,YYZ,2,1804.0,CAN,CAN
YDP,YNP,2,77.0,CAN,CAN
YDP,YYR,2,368.0,CAN,CAN
YDQ,YVR,1,756.0,CAN,CAN
YDQ,YYE,1,373.0,CAN,CAN
YEG,CUN,1,4246.0,CAN,MEX
YEG,DEN,2,1640.0,CAN,USA
YEG,DFW,1,2623.0,CAN,USA
YEG,EWR,2,3248.0,CAN,USA
YEG,IAH,2,2984.0,CAN,USA
YEG,KEF,1,4922.0,CAN,ISL
YEG,LAS,2,1920.0,CAN,USA
YEG,LAX,3,2187.0,CAN,USA
YEG,LHR,2,6809.0,CAN,ENG
YEG,MSP,1,1744.0,CAN,USA
YEG,ORD,2,2280.0,CAN,USA
YEG,PHX,3,2214.0,CAN,USA
YEG,PSP,1,2178.0,CAN,USA
YEG,PVR,1,3697.0,CAN,MEX
YEG,SEA,1,898.0,CAN,USA
YEG,SFO,2,1871.0,CAN,USA
YEG,YHM,1,2702.0,CAN,CAN
YEG,YHY,1,848.0,CAN,CAN
YEG,YLW,1,547.0,CAN,CAN
YEG,YMM,4,401.0,CAN,CAN
YEG,YOJ,1,631.0,CAN,CAN
YEG,YOP,1,681.0,CAN,CAN
YEG,YOW,2,2849.0,CAN,CAN
YEG,YQQ,1,878.0,CAN,CAN
YEG,YQR,2,690.0,CAN,CAN
YEG,YQU,2,402.0,CAN,CAN
YEG,YSM,1,753.0,CAN,CAN
YEG,YUL,2,2969.0,CAN,CAN
YEG,YVR,3,809.0,CAN,CAN
YEG,YWG,3,1187.0,CAN,CAN
YEG,YXE,2,480.0,CAN,CAN
YEG,YXJ,1,563.0,CAN,CAN
YEG,YXX,1,775.0,CAN,CAN
YEG,YXY,1,1529.0,CAN,CAN
YEG,YYC,3,246.0,CAN,CAN
YEG,YYJ,1,861.0,CAN,CAN
YEG,YYZ,2,2689.0,CAN,CAN
YEG,YZF,5,1019.0,CAN,CAN
YEK,YRT,2,217.0,CAN,CAN
YEK,YXN,3,149.0,CAN,CAN
YEK,YYQ,2,262.0,CAN,CAN
YER,YAX,1,270.0,CAN,CAN
YER,YTL,1,283.0,CAN,CAN
YER,YXL,1,715.0,CAN,CAN
YES,THR,1,555.0,IRN,IRN
YEV,YGH,1,309.0,CAN,CAN
YEV,YHI,1,666.0,CAN,CAN
YEV,YPC,1,395.0,CAN,CAN
YEV,YSY,1,514.0,CAN,CAN
YEV,YUB,1,127.0,CAN,CAN
YEV,YVQ,2,445.0,CAN,CAN
YEV,ZFM,1,115.0,CAN,CAN
YFA,YMO,1,126.0,CAN,CAN
YFA,ZKE,1,9.0,CAN,CAN
YFB,YAB,1,1221.0,CAN,CAN
YFB,YCY,2,748.0,CAN,CAN
YFB,YGT,2,853.0,CAN,CAN
YFB,YLC,1,121.0,CAN,CAN
YFB,YOW,2,2097.0,CAN,CAN
YFB,YRT,3,1176.0,CAN,CAN
YFB,YTE,2,392.0,CAN,CAN
YFB,YUX,2,793.0,CAN,CAN
YFB,YVP,1,629.0,CAN,CAN
YFB,YXP,2,297.0,CAN,CAN
YFC,YHZ,1,261.0,CAN,CAN
YFC,YOW,1,713.0,CAN,CAN
YFC,YUL,1,561.0,CAN,CAN
YFC,YYZ,1,1061.0,CAN,CAN
YFH,YLH,1,70.0,CAN,CAN
YFH,YOG,1,139.0,CAN,CAN
YFH,YQT,1,369.0,CAN,CAN
YFJ,YZF,1,193.0,CAN,CAN
YFO,YQD,2,87.0,CAN,CAN
YFO,YTH,1,272.0,CAN,CAN
YFO,YWG,1,610.0,CAN,CAN
YFS,YZF,2,362.0,CAN,CAN
YGH,YEV,1,309.0,CAN,CAN
YGH,YVQ,1,136.0,CAN,CAN
YGJ,CTS,1,1089.0,JPN,JPN
YGJ,HND,2,592.0,JPN,JPN
YGJ,ICN,2,645.0,JPN,KOR
YGJ,NRT,1,647.0,JPN,JPN
YGJ,OKA,1,1163.0,JPN,JPN
YGJ,UKB,1,205.0,JPN,JPN
YGK,YYZ,1,250.0,CAN,CAN
YGL,YGW,1,184.0,CAN,CAN
YGL,YPX,1,715.0,CAN,CAN
YGL,YUL,1,950.0,CAN,CAN
YGP,YGR,1,251.0,CAN,CAN
YGP,YQB,1,562.0,CAN,CAN
YGR,YGP,1,251.0,CAN,CAN
YGR,YQB,1,731.0,CAN,CAN
YGR,YVB,1,285.0,CAN,CAN
YGT,YFB,2,853.0,CAN,CAN
YGT,YIO,1,394.0,CAN,CAN
YGT,YUX,2,69.0,CAN,CAN
YGV,YPN,1,69.0,CAN,CAN
YGV,YZV,2,189.0,CAN,CAN
YGW,YGL,1,184.0,CAN,CAN
YGW,YKU,1,180.0,CAN,CAN
YGW,YPH,1,355.0,CAN,CAN
YGW,YSK,1,167.0,CAN,CAN
YGW,YUD,1,160.0,CAN,CAN
YGW,YUL,1,1127.0,CAN,CAN
YGW,YUY,1,790.0,CAN,CAN
YGX,YTH,1,205.0,CAN,CAN
YGX,YWG,1,736.0,CAN,CAN
YGZ,YRB,1,383.0,CAN,CAN
YHD,YQK,1,116.0,CAN,CAN
YHD,YQT,1,297.0,CAN,CAN
YHD,YRL,1,156.0,CAN,CAN
YHD,YXL,1,68.0,CAN,CAN
YHI,YCO,1,344.0,CAN,CAN
YHI,YEV,1,666.0,CAN,CAN
YHI,YSY,1,297.0,CAN,CAN
YHK,YCB,1,376.0,CAN,CAN
YHK,YYH,2,136.0,CAN,CAN
YHK,YZF,1,1089.0,CAN,CAN
YHM,YEG,1,2702.0,CAN,CAN
YHM,YHZ,1,1325.0,CAN,CAN
YHM,YQM,1,1248.0,CAN,CAN
YHM,YYC,1,2696.0,CAN,CAN
YHO,YMN,1,78.0,CAN,CAN
YHO,YNP,2,79.0,CAN,CAN
YHO,YSO,1,66.0,CAN,CAN
YHP,YNO,1,97.0,CAN,CAN
YHP,YRL,1,121.0,CAN,CAN
YHR,YIF,1,107.0,CAN,CAN
YHR,YNA,1,156.0,CAN,CAN
YHR,ZGS,1,78.0,CAN,CAN
YHR,ZTB,1,29.0,CAN,CAN
YHU,YBG,1,363.0,CAN,CAN
YHU,YQB,1,211.0,CAN,CAN
YHU,YVO,1,436.0,CAN,CAN
YHU,YZV,1,747.0,CAN,CAN
YHY,YEG,1,848.0,CAN,CAN
YHY,YSM,1,229.0,CAN,CAN
YHY,YZF,1,194.0,CAN,CAN
YHZ,BOS,2,665.0,CAN,USA
YHZ,CUN,1,3407.0,CAN,MEX
YHZ,DCA,2,1303.0,CAN,USA
YHZ,EWR,1,986.0,CAN,USA
YHZ,FRA,1,5236.0,CAN,DEU
YHZ,FSP,1,605.0,CAN,SPM
YHZ,LGA,2,959.0,CAN,USA
YHZ,LHR,2,4585.0,CAN,ENG
YHZ,MBJ,1,3223.0,CAN,JAM
YHZ,MCO,2,2411.0,CAN,USA
YHZ,ORD,2,1989.0,CAN,USA
YHZ,PHL,2,1112.0,CAN,USA
YHZ,PUJ,1,2960.0,CAN,DOM
YHZ,YCL,1,408.0,CAN,CAN
YHZ,YDF,1,668.0,CAN,CAN
YHZ,YFC,1,261.0,CAN,CAN
YHZ,YHM,1,1325.0,CAN,CAN
YHZ,YOW,3,955.0,CAN,CAN
YHZ,YQM,1,165.0,CAN,CAN
YHZ,YQX,1,814.0,CAN,CAN
YHZ,YQY,1,305.0,CAN,CAN
YHZ,YSJ,1,193.0,CAN,CAN
YHZ,YUL,2,804.0,CAN,CAN
YHZ,YYC,1,3745.0,CAN,CAN
YHZ,YYG,1,160.0,CAN,CAN
YHZ,YYR,1,965.0,CAN,CAN
YHZ,YYT,4,880.0,CAN,CAN
YHZ,YYZ,3,1288.0,CAN,CAN
YIC,KMG,1,1171.0,CHN,CHN
YIC,PEK,2,1381.0,CHN,CHN
YIC,SHA,1,778.0,CHN,CHN
YIC,SZX,2,576.0,CHN,CHN
YIE,HET,1,965.0,CHN,CHN
YIF,YBX,1,106.0,CAN,CAN
YIF,YHR,1,107.0,CAN,CAN
YIF,ZGS,1,177.0,CAN,CAN
YIF,ZLT,1,48.0,CAN,CAN
YIH,CAN,2,817.0,CHN,CHN
YIH,CKG,3,474.0,CHN,CHN
YIH,CTU,1,721.0,CHN,CHN
YIH,HGH,1,859.0,CHN,CHN
YIH,HKG,1,949.0,CHN,HKG
YIH,KMG,1,1036.0,CHN,CHN
YIH,KWE,1,639.0,CHN,CHN
YIH,NGB,1,962.0,CHN,CHN
YIH,PEK,4,1155.0,CHN,CHN
YIH,SHA,2,943.0,CHN,CHN
YIH,SYX,1,1378.0,CHN,CHN
YIH,SZX,3,910.0,CHN,CHN
YIH,XIY,1,503.0,CHN,CHN
YIH,XMN,2,936.0,CHN,CHN
YIK,AKV,1,178.0,CAN,CAN
YIK,YZG,1,120.0,CAN,CAN
YIN,CTU,2,2480.0,CHN,CHN
YIN,URC,2,492.0,CHN,CHN
YIO,YCY,2,411.0,CAN,CAN
YIO,YGT,1,394.0,CAN,CAN
YIW,CAN,1,942.0,CHN,CHN
YIW,CGO,1,820.0,CHN,CHN
YIW,CTU,2,1554.0,CHN,CHN
YIW,HRB,1,1890.0,CHN,CHN
YIW,JJN,1,525.0,CHN,CHN
YIW,KMG,1,1754.0,CHN,CHN
YIW,LYI,1,652.0,CHN,CHN
YIW,PEK,3,1234.0,CHN,CHN
YIW,SHE,1,1402.0,CHN,CHN
YIW,SWA,2,734.0,CHN,CHN
YIW,URC,1,3295.0,CHN,CHN
YIW,XIY,1,1206.0,CHN,CHN
YIW,XMN,1,566.0,CHN,CHN
YIW,ZUH,1,1053.0,CHN,CHN
YJT,YDF,1,113.0,CAN,CAN
YKA,YVR,2,258.0,CAN,CAN
YKA,YXS,1,386.0,CAN,CAN
YKA,YYC,2,453.0,CAN,CAN
YKF,ORD,2,636.0,CAN,USA
YKF,YYC,1,2649.0,CAN,CAN
YKG,YPJ,1,84.0,CAN,CAN
YKG,YQC,1,115.0,CAN,CAN
YKG,YVP,1,233.0,CAN,CAN
YKL,YQB,1,947.0,CAN,CAN
YKL,YVP,1,379.0,CAN,CAN
YKL,YWK,2,209.0,CAN,CAN
YKL,YZV,1,511.0,CAN,CAN
YKM,SEA,1,166.0,USA,USA
YKQ,YKU,1,260.0,CAN,CAN
YKQ,YMO,1,130.0,CAN,CAN
YKQ,YMT,1,353.0,CAN,CAN
YKQ,YNS,1,183.0,CAN,CAN
YKQ,YVO,1,387.0,CAN,CAN
YKQ,ZEM,1,85.0,CAN,CAN
YKS,BQS,1,1305.0,RUS,RUS
YKS,CKH,2,1236.0,RUS,RUS
YKS,CYX,2,1612.0,RUS,RUS
YKS,DME,2,4897.0,RUS,RUS
YKS,GDX,1,1150.0,RUS,RUS
YKS,HRB,1,1845.0,RUS,CHN
YKS,IKS,2,1069.0,RUS,RUS
YKS,IKT,3,1860.0,RUS,RUS
YKS,KHV,1,1546.0,RUS,RUS
YKS,KJA,1,2191.0,RUS,RUS
YKS,LED,1,4842.0,RUS,RUS
YKS,MJZ,2,812.0,RUS,RUS
YKS,MQJ,2,809.0,RUS,RUS
YKS,NER,2,637.0,RUS,RUS
YKS,OVB,2,2775.0,RUS,RUS
YKS,PEK,2,2604.0,RUS,CHN
YKS,PYJ,2,977.0,RUS,RUS
YKS,SUK,1,634.0,RUS,RUS
YKS,SVO,1,4872.0,RUS,RUS
YKS,ULK,3,808.0,RUS,RUS
YKS,UUD,1,1757.0,RUS,RUS
YKS,VKO,1,4909.0,RUS,RUS
YKS,VVO,2,2085.0,RUS,RUS
YKU,YGW,1,180.0,CAN,CAN
YKU,YKQ,1,260.0,CAN,CAN
YKU,YNC,1,89.0,CAN,CAN
YKU,YVO,1,645.0,CAN,CAN
YLC,YFB,1,121.0,CAN,CAN
YLE,YZF,1,161.0,CAN,CAN
YLH,YFH,1,70.0,CAN,CAN
YLH,YWP,1,93.0,CAN,CAN
YLL,YYC,1,363.0,CAN,CAN
YLW,LAX,2,1782.0,CAN,USA
YLW,SEA,1,352.0,CAN,USA
YLW,YEG,1,547.0,CAN,CAN
YLW,YQF,1,456.0,CAN,CAN
YLW,YVR,3,287.0,CAN,CAN
YLW,YXC,1,261.0,CAN,CAN
YLW,YXS,1,492.0,CAN,CAN
YLW,YXY,1,1546.0,CAN,CAN
YLW,YYC,2,400.0,CAN,CAN
YLW,YYJ,1,328.0,CAN,CAN
YLW,YYZ,1,3066.0,CAN,CAN
YMM,DEN,2,1927.0,CAN,USA
YMM,YEG,3,401.0,CAN,CAN
YMM,YPY,1,235.0,CAN,CAN
YMM,YQF,1,526.0,CAN,CAN
YMM,YVR,1,1151.0,CAN,CAN
YMM,YYC,2,643.0,CAN,CAN
YMM,YYZ,2,2637.0,CAN,CAN
YMN,YHO,1,78.0,CAN,CAN
YMN,YRG,1,110.0,CAN,CAN
YMN,YSO,2,42.0,CAN,CAN
YMO,YFA,1,126.0,CAN,CAN
YMO,YKQ,1,130.0,CAN,CAN
YMO,YTS,1,308.0,CAN,CAN
YMT,YKQ,1,353.0,CAN,CAN
YMT,YNS,1,242.0,CAN,CAN
YMT,YUL,1,482.0,CAN,CAN
YNA,YHR,1,156.0,CAN,CAN
YNA,YZV,2,319.0,CAN,CAN
YNA,ZGS,2,79.0,CAN,CAN
YNA,ZKG,1,37.0,CAN,CAN
YNB,CAI,3,935.0,SAU,EGY
YNB,DMM,1,1207.0,SAU,SAU
YNB,DXB,1,1751.0,SAU,ARE
YNB,IST,1,2092.0,SAU,TUR
YNB,JED,1,296.0,SAU,SAU
YNB,RUH,1,878.0,SAU,SAU
YNB,SHJ,1,1766.0,SAU,ARE
YNC,YKU,1,89.0,CAN,CAN
YNC,ZEM,1,90.0,CAN,CAN
YNG,MYR,1,857.0,USA,USA
YNG,PGD,1,1599.0,USA,USA
YNG,PIE,1,1496.0,USA,USA
YNG,SFB,1,1389.0,USA,USA
YNJ,CGQ,1,328.0,CHN,CHN
YNJ,DLC,1,794.0,CHN,CHN
YNJ,ICN,4,654.0,CHN,KOR
YNJ,PEK,3,1115.0,CHN,CHN
YNJ,PVG,2,1470.0,CHN,CHN
YNJ,TAO,3,1070.0,CHN,CHN
YNO,YHP,1,97.0,CAN,CAN
YNO,YRL,1,168.0,CAN,CAN
YNP,YDP,2,77.0,CAN,CAN
YNP,YHO,2,79.0,CAN,CAN
YNS,YKQ,1,183.0,CAN,CAN
YNS,YMT,1,242.0,CAN,CAN
YNT,CAN,3,1738.0,CHN,CHN
YNT,CGQ,3,818.0,CHN,CHN
YNT,CSX,1,1275.0,CHN,CHN
YNT,CTU,3,1773.0,CHN,CHN
YNT,DLC,1,175.0,CHN,CHN
YNT,HFE,1,728.0,CHN,CHN
YNT,HGH,2,802.0,CHN,CHN
YNT,HKG,1,1824.0,CHN,HKG
YNT,HRB,5,1000.0,CHN,CHN
YNT,ICN,5,448.0,CHN,KOR
YNT,KIX,2,1291.0,CHN,JPN
YNT,NKG,3,670.0,CHN,CHN
YNT,PEK,4,511.0,CHN,CHN
YNT,PVG,3,697.0,CHN,CHN
YNT,SHA,4,690.0,CHN,CHN
YNT,SHE,1,505.0,CHN,CHN
YNT,SJW,2,594.0,CHN,CHN
YNT,SZX,2,1794.0,CHN,CHN
YNT,TNA,2,373.0,CHN,CHN
YNT,TPE,1,1370.0,CHN,TWN
YNT,TSN,2,400.0,CHN,CHN
YNT,WUH,3,988.0,CHN,CHN
YNT,XIY,2,1182.0,CHN,CHN
YNY,PVG,1,993.0,KOR,CHN
YNZ,CSX,1,885.0,CHN,CHN
YNZ,DLC,1,628.0,CHN,CHN
YNZ,HKG,1,1381.0,CHN,HKG
YNZ,HRB,2,1451.0,CHN,CHN
YNZ,PEK,2,807.0,CHN,CHN
YNZ,SHA,1,270.0,CHN,CHN
YNZ,SHE,1,958.0,CHN,CHN
YNZ,TPE,3,934.0,CHN,TWN
YNZ,WUH,1,636.0,CHN,CHN
YNZ,XIY,1,1062.0,CHN,CHN
YNZ,XMN,2,1008.0,CHN,CHN
YOG,YFH,1,139.0,CAN,CAN
YOJ,YEG,1,631.0,CAN,CAN
YOJ,YOP,1,131.0,CAN,CAN
YOL,ABV,1,568.0,NGA,NGA
YOP,YEG,1,681.0,CAN,CAN
YOP,YOJ,1,131.0,CAN,CAN
YOW,BOS,2,498.0,CAN,USA
YOW,CLT,2,1209.0,CAN,USA
YOW,DCA,1,728.0,CAN,USA
YOW,DTW,1,707.0,CAN,USA
YOW,EWR,1,529.0,CAN,USA
YOW,FRA,2,5985.0,CAN,DEU
YOW,IAD,2,724.0,CAN,USA
YOW,LGA,2,526.0,CAN,USA
YOW,LHR,2,5346.0,CAN,ENG
YOW,ORD,2,1051.0,CAN,USA
YOW,PHL,2,607.0,CAN,USA
YOW,YEG,2,2849.0,CAN,CAN
YOW,YFB,3,2097.0,CAN,CAN
YOW,YFC,1,713.0,CAN,CAN
YOW,YHZ,3,955.0,CAN,CAN
YOW,YQB,1,368.0,CAN,CAN
YOW,YQM,2,857.0,CAN,CAN
YOW,YTZ,1,351.0,CAN,CAN
YOW,YUL,1,151.0,CAN,CAN
YOW,YVR,1,3552.0,CAN,CAN
YOW,YWG,2,1689.0,CAN,CAN
YOW,YXU,1,506.0,CAN,CAN
YOW,YYC,2,2879.0,CAN,CAN
YOW,YYT,2,1767.0,CAN,CAN
YOW,YYZ,3,364.0,CAN,CAN
YOW,YZF,1,3100.0,CAN,CAN
YPC,YEV,1,395.0,CAN,CAN
YPH,YPX,1,181.0,CAN,CAN
YPH,YUD,1,235.0,CAN,CAN
YPH,YVP,1,565.0,CAN,CAN
YPJ,YKG,1,84.0,CAN,CAN
YPJ,YTQ,1,73.0,CAN,CAN
YPJ,YVP,1,150.0,CAN,CAN
YPL,YQT,1,348.0,CAN,CAN
YPM,YHP,1,38.0,CAN,CAN
YPM,YNO,1,101.0,CAN,CAN
YPM,YRL,1,85.0,CAN,CAN
YPM,YVZ,1,93.0,CAN,CAN
YPM,YXL,1,239.0,CAN,CAN
YPN,YGV,1,69.0,CAN,CAN
YPN,YZV,1,148.0,CAN,CAN
YPO,YAT,1,302.0,CAN,CAN
YPR,YVR,2,755.0,CAN,CAN
YPW,YVR,1,119.0,CAN,CAN
YPX,AKV,1,98.0,CAN,CAN
YPX,YGL,1,715.0,CAN,CAN
YPX,YPH,1,181.0,CAN,CAN
YPX,YVP,1,550.0,CAN,CAN
YPY,YMM,1,235.0,CAN,CAN
YPY,YSM,1,147.0,CAN,CAN
YQB,CDG,1,5292.0,CAN,FXX
YQB,EWR,1,714.0,CAN,USA
YQB,ORD,2,1414.0,CAN,USA
YQB,PHL,2,830.0,CAN,USA
YQB,PUJ,1,3151.0,CAN,DOM
YQB,YBC,2,352.0,CAN,CAN
YQB,YGP,1,562.0,CAN,CAN
YQB,YGR,1,731.0,CAN,CAN
YQB,YHU,1,211.0,CAN,CAN
YQB,YKL,1,947.0,CAN,CAN
YQB,YOW,1,368.0,CAN,CAN
YQB,YTZ,1,718.0,CAN,CAN
YQB,YUL,4,233.0,CAN,CAN
YQB,YVB,1,468.0,CAN,CAN
YQB,YWK,1,755.0,CAN,CAN
YQB,YYY,1,312.0,CAN,CAN
YQB,YYZ,2,732.0,CAN,CAN
YQB,YZV,4,537.0,CAN,CAN
YQC,YKG,1,115.0,CAN,CAN
YQC,YWB,1,137.0,CAN,CAN
YQD,YFO,2,87.0,CAN,CAN
YQD,YTH,1,290.0,CAN,CAN
YQD,YWG,2,523.0,CAN,CAN
YQF,YLW,1,456.0,CAN,CAN
YQF,YMM,1,526.0,CAN,CAN
YQF,YYC,1,119.0,CAN,CAN
YQG,YTZ,1,326.0,CAN,CAN
YQG,YYC,1,2541.0,CAN,CAN
YQG,YYZ,1,312.0,CAN,CAN
YQK,YAG,1,143.0,CAN,CAN
YQK,YHD,1,116.0,CAN,CAN
YQK,YWG,1,207.0,CAN,CAN
YQL,YYC,1,186.0,CAN,CAN
YQM,EWR,1,974.0,CAN,USA
YQM,MCO,2,2445.0,CAN,USA
YQM,YHM,1,1248.0,CAN,CAN
YQM,YHZ,1,165.0,CAN,CAN
YQM,YOW,2,857.0,CAN,CAN
YQM,YUL,1,706.0,CAN,CAN
YQM,YYZ,2,1207.0,CAN,CAN
YQQ,YBL,2,38.0,CAN,CAN
YQQ,YEG,1,878.0,CAN,CAN
YQQ,YVR,3,136.0,CAN,CAN
YQQ,YYC,1,785.0,CAN,CAN
YQR,DEN,2,1175.0,CAN,USA
YQR,LAS,1,1804.0,CAN,USA
YQR,MSP,1,1054.0,CAN,USA
YQR,ORD,2,1590.0,CAN,USA
YQR,YEG,2,690.0,CAN,CAN
YQR,YVR,2,1332.0,CAN,CAN
YQR,YWG,2,532.0,CAN,CAN
YQR,YYC,2,662.0,CAN,CAN
YQR,YYZ,2,2028.0,CAN,CAN
YQT,YAG,1,305.0,CAN,CAN
YQT,YAM,1,418.0,CAN,CAN
YQT,YFH,1,369.0,CAN,CAN
YQT,YTS,1,586.0,CAN,CAN
YQT,YTZ,1,930.0,CAN,CAN
YQT,YWG,3,600.0,CAN,CAN
YQT,YWP,1,528.0,CAN,CAN
YQT,YXL,2,269.0,CAN,CAN
YQT,YYZ,2,911.0,CAN,CAN
YQU,YEG,2,402.0,CAN,CAN
YQU,YYC,2,556.0,CAN,CAN
YQX,YHZ,1,814.0,CAN,CAN
YQX,YYR,1,636.0,CAN,CAN
YQX,YYT,1,199.0,CAN,CAN
YQY,YHZ,1,305.0,CAN,CAN
YQY,YYZ,1,1562.0,CAN,CAN
YQZ,YVR,2,429.0,CAN,CAN
YQZ,YWL,2,99.0,CAN,CAN
YRA,YZF,1,233.0,CAN,CAN
YRB,YAB,1,361.0,CAN,CAN
YRB,YGZ,1,383.0,CAN,CAN
YRG,YMN,1,110.0,CAN,CAN
YRG,YYR,1,161.0,CAN,CAN
YRL,YHD,1,156.0,CAN,CAN
YRL,YPM,1,85.0,CAN,CAN
YRL,YVZ,1,178.0,CAN,CAN
YRL,YWG,1,276.0,CAN,CAN
YRL,YXL,2,170.0,CAN,CAN
YRL,ZSJ,1,224.0,CAN,CAN
YRT,YBK,3,257.0,CAN,CAN
YRT,YCS,3,92.0,CAN,CAN
YRT,YEK,2,217.0,CAN,CAN
YRT,YFB,2,1176.0,CAN,CAN
YRT,YTH,1,844.0,CAN,CAN
YRT,YUT,2,498.0,CAN,CAN
YRT,YWG,2,1468.0,CAN,CAN
YRT,YXN,2,68.0,CAN,CAN
YRT,YYQ,2,465.0,CAN,CAN
YRT,YZF,3,1136.0,CAN,CAN
YRT,YZS,2,460.0,CAN,CAN
YSB,YAM,1,284.0,CAN,CAN
YSB,YQT,1,669.0,CAN,CAN
YSB,YTS,1,221.0,CAN,CAN
YSB,YTZ,1,351.0,CAN,CAN
YSB,YYB,1,109.0,CAN,CAN
YSB,YYZ,1,340.0,CAN,CAN
YSG,YZF,1,193.0,CAN,CAN
YSJ,YHZ,1,193.0,CAN,CAN
YSJ,YUL,1,613.0,CAN,CAN
YSJ,YYZ,1,1104.0,CAN,CAN
YSK,YGW,1,167.0,CAN,CAN
YSK,YUD,1,167.0,CAN,CAN
YSK,YWG,1,1400.0,CAN,CAN
YSM,YEG,1,753.0,CAN,CAN
YSM,YHY,1,229.0,CAN,CAN
YSM,YPY,1,147.0,CAN,CAN
YSM,YZF,1,302.0,CAN,CAN
YSO,YHO,1,66.0,CAN,CAN
YSO,YMN,2,42.0,CAN,CAN
YSO,YYR,1,182.0,CAN,CAN
YSY,YEV,1,514.0,CAN,CAN
YSY,YHI,1,297.0,CAN,CAN
YTE,YFB,2,392.0,CAN,CAN
YTE,YZS,1,330.0,CAN,CAN
YTH,YFO,1,272.0,CAN,CAN
YTH,YGX,1,205.0,CAN,CAN
YTH,YQD,1,290.0,CAN,CAN
YTH,YWG,1,656.0,CAN,CAN
YTH,YYQ,2,398.0,CAN,CAN
YTL,XBE,1,76.0,CAN,CAN
YTL,XKS,1,89.0,CAN,CAN
YTL,YER,1,283.0,CAN,CAN
YTL,YXL,1,434.0,CAN,CAN
YTQ,YPJ,1,73.0,CAN,CAN
YTQ,YVP,1,109.0,CAN,CAN
YTS,YMO,1,308.0,CAN,CAN
YTS,YSB,1,221.0,CAN,CAN
YTS,YTZ,1,570.0,CAN,CAN
YTS,YYU,1,123.0,CAN,CAN
YTS,YYZ,1,560.0,CAN,CAN
YTY,CAN,1,1198.0,CHN,CHN
YTY,CGO,1,587.0,CHN,CHN
YTY,CKG,2,1283.0,CHN,CHN
YTY,CSX,1,790.0,CHN,CHN
YTY,CTU,1,1509.0,CHN,CHN
YTY,DLC,1,731.0,CHN,CHN
YTY,HRB,1,1556.0,CHN,CHN
YTY,PEK,2,882.0,CHN,CHN
YTY,SYX,1,1891.0,CHN,CHN
YTY,SZX,1,1247.0,CHN,CHN
YTY,WUH,2,558.0,CHN,CHN
YTY,XIY,2,1038.0,CHN,CHN
YTY,XMN,2,905.0,CHN,CHN
YTZ,BOS,1,696.0,CAN,USA
YTZ,EWR,1,540.0,CAN,USA
YTZ,IAD,1,545.0,CAN,USA
YTZ,MDW,1,712.0,CAN,USA
YTZ,MYR,1,1107.0,CAN,USA
YTZ,YAM,1,512.0,CAN,CAN
YTZ,YOW,1,351.0,CAN,CAN
YTZ,YQB,1,718.0,CAN,CAN
YTZ,YQG,1,326.0,CAN,CAN
YTZ,YQT,1,930.0,CAN,CAN
YTZ,YSB,1,351.0,CAN,CAN
YTZ,YTS,1,570.0,CAN,CAN
YTZ,YUL,2,493.0,CAN,CAN
YUB,YEV,1,127.0,CAN,CAN
YUD,YGW,1,160.0,CAN,CAN
YUD,YPH,1,235.0,CAN,CAN
YUD,YSK,1,167.0,CAN,CAN
YUL,AGP,1,5705.0,CAN,ESP
YUL,ALG,1,6275.0,CAN,DZA
YUL,AMM,3,8897.0,CAN,JOR
YUL,AMS,2,5503.0,CAN,NLX
YUL,ATH,1,7632.0,CAN,GRC
YUL,ATL,3,1600.0,CAN,USA
YUL,AZS,1,2937.0,CAN,DOM
YUL,BCN,1,5911.0,CAN,ESP
YUL,BDL,2,402.0,CAN,USA
YUL,BOD,1,5518.0,CAN,FXX
YUL,BOS,2,409.0,CAN,USA
YUL,BRU,4,5554.0,CAN,BFR
YUL,CCC,3,2592.0,CAN,CUB
YUL,CDG,6,5523.0,CAN,FXX
YUL,CLT,2,1292.0,CAN,USA
YUL,CMN,1,5674.0,CAN,MAR
YUL,CMW,1,2700.0,CAN,CUB
YUL,CUN,3,2970.0,CAN,MEX
YUL,CYO,1,2746.0,CAN,CUB
YUL,CZM,1,3025.0,CAN,MEX
YUL,DCA,3,784.0,CAN,USA
YUL,DEN,2,2587.0,CAN,USA
YUL,DFW,3,2432.0,CAN,USA
YUL,DOH,1,10406.0,CAN,QAT
YUL,DTW,4,851.0,CAN,USA
YUL,EWR,2,532.0,CAN,USA
YUL,FCO,1,6584.0,CAN,ITA
YUL,FDF,1,3636.0,CAN,MTQ
YUL,FLL,3,2231.0,CAN,USA
YUL,FRA,2,5855.0,CAN,DEU
YUL,FSP,1,1359.0,CAN,SPM
YUL,GVA,4,5905.0,CAN,CHE
YUL,HOG,3,2755.0,CAN,CUB
YUL,IAD,2,787.0,CAN,USA
YUL,IAH,2,2549.0,CAN,USA
YUL,JFK,6,537.0,CAN,USA
YUL,LAS,2,3596.0,CAN,USA
YUL,LAX,2,3973.0,CAN,USA
YUL,LGA,6,522.0,CAN,USA
YUL,LGW,1,5246.0,CAN,ENG
YUL,LHR,6,5214.0,CAN,ENG
YUL,LIS,1,5235.0,CAN,PRX
YUL,LYS,1,5865.0,CAN,FXX
YUL,MBJ,2,3023.0,CAN,JAM
YUL,MCO,2,2008.0,CAN,USA
YUL,MEX,1,3713.0,CAN,MEX
YUL,MIA,3,2265.0,CAN,USA
YUL,MRS,1,6005.0,CAN,FXX
YUL,MSP,2,1525.0,CAN,USA
YUL,MUC,2,6151.0,CAN,DEU
YUL,NCE,1,6129.0,CAN,FXX
YUL,ORD,6,1201.0,CAN,USA
YUL,ORY,1,5527.0,CAN,FXX
YUL,PAP,1,2993.0,CAN,HTI
YUL,PHL,2,634.0,CAN,USA
YUL,POP,1,2874.0,CAN,DOM
YUL,PTP,1,3441.0,CAN,GLP
YUL,PUJ,3,3032.0,CAN,DOM
YUL,PVR,1,3981.0,CAN,MEX
YUL,SFO,2,4076.0,CAN,USA
YUL,SNU,3,2616.0,CAN,CUB
YUL,TLS,1,5728.0,CAN,FXX
YUL,TUN,1,6770.0,CAN,TUN
YUL,VCE,1,6358.0,CAN,ITA
YUL,VRA,2,2590.0,CAN,CUB
YUL,YBC,1,583.0,CAN,CAN
YUL,YBG,1,380.0,CAN,CAN
YUL,YEG,2,2969.0,CAN,CAN
YUL,YFC,1,561.0,CAN,CAN
YUL,YGL,1,950.0,CAN,CAN
YUL,YGW,1,1127.0,CAN,CAN
YUL,YHZ,2,804.0,CAN,CAN
YUL,YMT,1,482.0,CAN,CAN
YUL,YOW,1,151.0,CAN,CAN
YUL,YQB,4,233.0,CAN,CAN
YUL,YQM,1,706.0,CAN,CAN
YUL,YSJ,1,613.0,CAN,CAN
YUL,YTZ,2,493.0,CAN,CAN
YUL,YUY,2,492.0,CAN,CAN
YUL,YVO,2,421.0,CAN,CAN
YUL,YVP,1,1450.0,CAN,CAN
YUL,YVR,2,3682.0,CAN,CAN
YUL,YWG,2,1818.0,CAN,CAN
YUL,YWK,1,967.0,CAN,CAN
YUL,YYC,2,3006.0,CAN,CAN
YUL,YYG,1,826.0,CAN,CAN
YUL,YYT,1,1618.0,CAN,CAN
YUL,YYY,1,545.0,CAN,CAN
YUL,YYZ,6,507.0,CAN,CAN
YUL,YZV,2,768.0,CAN,CAN
YUL,ZBF,1,657.0,CAN,CAN
YUL,ZRH,2,5996.0,CAN,CHE
YUL,ZSA,1,2381.0,CAN,BHS
YUM,LAX,1,381.0,USA,USA
YUM,PHX,2,257.0,USA,USA
YUS,XNN,2,615.0,CHN,CHN
YUT,YBK,1,518.0,CAN,CAN
YUT,YRT,1,498.0,CAN,CAN
YUT,YZS,1,291.0,CAN,CAN
YUX,YFB,2,793.0,CAN,CAN
YUX,YGT,2,69.0,CAN,CAN
YUY,YGW,1,790.0,CAN,CAN
YUY,YUL,2,492.0,CAN,CAN
YUY,YVO,2,80.0,CAN,CAN
YVB,YGR,1,285.0,CAN,CAN
YVB,YYY,1,212.0,CAN,CAN
YVB,ZBF,1,53.0,CAN,CAN
YVM,YXP,2,172.0,CAN,CAN
YVO,YHU,1,436.0,CAN,CAN
YVO,YKQ,1,387.0,CAN,CAN
YVO,YKU,1,645.0,CAN,CAN
YVO,YUL,2,421.0,CAN,CAN
YVO,YUY,2,80.0,CAN,CAN
YVP,XGR,1,157.0,CAN,CAN
YVP,YFB,1,629.0,CAN,CAN
YVP,YGW,1,650.0,CAN,CAN
YVP,YKG,1,233.0,CAN,CAN
YVP,YKL,1,379.0,CAN,CAN
YVP,YPH,1,565.0,CAN,CAN
YVP,YPJ,1,150.0,CAN,CAN
YVP,YPX,1,550.0,CAN,CAN
YVP,YTQ,1,109.0,CAN,CAN
YVP,YUL,1,1450.0,CAN,CAN
YVQ,YEV,2,445.0,CAN,CAN
YVQ,YGH,1,136.0,CAN,CAN
YVQ,YZF,2,680.0,CAN,CAN
YVQ,ZFN,1,71.0,CAN,CAN
YVR,AKL,2,11361.0,CAN,NZL
YVR,AMS,2,7707.0,CAN,NLX
YVR,CAN,1,10203.0,CAN,CHN
YVR,CUN,2,4476.0,CAN,MEX
YVR,DEN,2,1789.0,CAN,USA
YVR,DFW,3,2819.0,CAN,USA
YVR,EWR,3,3899.0,CAN,USA
YVR,FRA,3,8062.0,CAN,DEU
YVR,HKG,2,10269.0,CAN,HKG
YVR,HND,2,7559.0,CAN,JPN
YVR,HNL,3,4354.0,CAN,USA
YVR,IAH,1,3169.0,CAN,USA
YVR,ICN,3,8200.0,CAN,KOR
YVR,JFK,1,3930.0,CAN,USA
YVR,KOA,1,4385.0,CAN,USA
YVR,LAS,4,1597.0,CAN,USA
YVR,LAX,5,1741.0,CAN,USA
YVR,LGW,1,7619.0,CAN,ENG
YVR,LHR,6,7579.0,CAN,ENG
YVR,LIH,1,4383.0,CAN,USA
YVR,MAN,1,7337.0,CAN,ENG
YVR,MEX,1,3945.0,CAN,MEX
YVR,MNL,1,10554.0,CAN,PHL
YVR,MSP,1,2305.0,CAN,USA
YVR,MUC,2,8340.0,CAN,DEU
YVR,NRT,4,7503.0,CAN,JPN
YVR,OGG,2,4302.0,CAN,USA
YVR,ORD,5,2831.0,CAN,USA
YVR,PDX,4,403.0,CAN,USA
YVR,PEK,2,8492.0,CAN,CHN
YVR,PHX,2,1980.0,CAN,USA
YVR,PSP,1,1795.0,CAN,USA
YVR,PVG,3,9016.0,CAN,CHN
YVR,PVR,3,3547.0,CAN,MEX
YVR,QBC,1,428.0,CAN,CAN
YVR,SEA,5,205.0,CAN,USA
YVR,SFO,3,1289.0,CAN,USA
YVR,SHE,1,8003.0,CAN,CHN
YVR,SJD,1,3127.0,CAN,MEX
YVR,SLC,1,1282.0,CAN,USA
YVR,SNA,2,1780.0,CAN,USA
YVR,SYD,1,12501.0,CAN,AUS
YVR,TPE,2,9592.0,CAN,TWN
YVR,YBL,2,172.0,CAN,CAN
YVR,YCD,1,52.0,CAN,CAN
YVR,YCG,1,403.0,CAN,CAN
YVR,YDQ,1,756.0,CAN,CAN
YVR,YEG,3,809.0,CAN,CAN
YVR,YKA,2,258.0,CAN,CAN
YVR,YLW,3,287.0,CAN,CAN
YVR,YMM,1,1151.0,CAN,CAN
YVR,YOW,1,3552.0,CAN,CAN
YVR,YPR,2,755.0,CAN,CAN
YVR,YPW,1,119.0,CAN,CAN
YVR,YQQ,2,136.0,CAN,CAN
YVR,YQR,2,1332.0,CAN,CAN
YVR,YQZ,2,429.0,CAN,CAN
YVR,YUL,2,3682.0,CAN,CAN
YVR,YWG,2,1864.0,CAN,CAN
YVR,YWL,3,342.0,CAN,CAN
YVR,YXC,2,537.0,CAN,CAN
YVR,YXE,2,1205.0,CAN,CAN
YVR,YXJ,2,800.0,CAN,CAN
YVR,YXS,2,523.0,CAN,CAN
YVR,YXT,3,693.0,CAN,CAN
YVR,YXY,2,1483.0,CAN,CAN
YVR,YYC,3,686.0,CAN,CAN
YVR,YYD,2,683.0,CAN,CAN
YVR,YYF,1,261.0,CAN,CAN
YVR,YYJ,3,63.0,CAN,CAN
YVR,YYZ,3,3346.0,CAN,CAN
YVR,YZP,1,751.0,CAN,CAN
YVR,YZT,1,342.0,CAN,CAN
YVR,YZZ,1,406.0,CAN,CAN
YVR,ZMT,1,817.0,CAN,CAN
YVZ,ZSJ,1,66.0,CAN,CAN
YWB,YQC,1,137.0,CAN,CAN
YWB,YZG,1,207.0,CAN,CAN
YWG,DEN,2,1260.0,CAN,USA
YWG,LAS,1,2108.0,CAN,USA
YWG,MSP,1,635.0,CAN,USA
YWG,ORD,2,1138.0,CAN,USA
YWG,YEG,3,1187.0,CAN,CAN
YWG,YFO,2,610.0,CAN,CAN
YWG,YGX,1,736.0,CAN,CAN
YWG,YOW,2,1689.0,CAN,CAN
YWG,YQD,2,523.0,CAN,CAN
YWG,YQK,1,207.0,CAN,CAN
YWG,YQR,2,532.0,CAN,CAN
YWG,YQT,2,600.0,CAN,CAN
YWG,YRL,1,276.0,CAN,CAN
YWG,YRT,3,1468.0,CAN,CAN
YWG,YSK,1,1400.0,CAN,CAN
YWG,YTH,1,656.0,CAN,CAN
YWG,YUL,3,1818.0,CAN,CAN
YWG,YVR,2,1864.0,CAN,CAN
YWG,YXE,2,707.0,CAN,CAN
YWG,YXU,1,1445.0,CAN,CAN
YWG,YYC,2,1191.0,CAN,CAN
YWG,YYQ,2,1003.0,CAN,CAN
YWG,YYZ,2,1504.0,CAN,CAN
YWH,CXH,1,99.0,CAN,CAN
YWJ,YZF,1,536.0,CAN,CAN
YWJ,ZFN,1,106.0,CAN,CAN
YWK,YBC,1,432.0,CAN,CAN
YWK,YBG,1,588.0,CAN,CAN
YWK,YCL,1,550.0,CAN,CAN
YWK,YKL,2,209.0,CAN,CAN
YWK,YUL,1,967.0,CAN,CAN
YWK,YVB,1,548.0,CAN,CAN
YWK,YYR,2,432.0,CAN,CAN
YWK,YYY,1,489.0,CAN,CAN
YWK,YZV,5,303.0,CAN,CAN
YWK,ZUM,1,197.0,CAN,CAN
YWL,YQZ,2,99.0,CAN,CAN
YWL,YVR,3,342.0,CAN,CAN
YWP,YLH,1,93.0,CAN,CAN
YWP,YPL,1,256.0,CAN,CAN
YXC,YLW,1,261.0,CAN,CAN
YXC,YVR,2,537.0,CAN,CAN
YXC,YYC,1,209.0,CAN,CAN
YXE,DEN,2,1377.0,CAN,USA
YXE,LAS,1,1909.0,CAN,USA
YXE,MSP,1,1278.0,CAN,USA
YXE,ORD,1,1810.0,CAN,USA
YXE,YEG,2,480.0,CAN,CAN
YXE,YVR,2,1205.0,CAN,CAN
YXE,YWG,2,707.0,CAN,CAN
YXE,YYC,2,518.0,CAN,CAN
YXE,YYZ,2,2210.0,CAN,CAN
YXH,YYC,1,263.0,CAN,CAN
YXJ,YEG,1,563.0,CAN,CAN
YXJ,YVR,2,800.0,CAN,CAN
YXJ,YXS,1,289.0,CAN,CAN
YXJ,YYC,1,721.0,CAN,CAN
YXJ,YYE,1,309.0,CAN,CAN
YXL,KIF,1,352.0,CAN,CAN
YXL,MSA,1,370.0,CAN,CAN
YXL,WNN,1,358.0,CAN,CAN
YXL,XBE,1,432.0,CAN,CAN
YXL,XKS,1,440.0,CAN,CAN
YXL,YAC,1,179.0,CAN,CAN
YXL,YAG,1,197.0,CAN,CAN
YXL,YAX,1,445.0,CAN,CAN
YXL,YER,1,715.0,CAN,CAN
YXL,YHD,1,68.0,CAN,CAN
YXL,YQT,2,269.0,CAN,CAN
YXL,YRL,2,170.0,CAN,CAN
YXL,YTL,1,434.0,CAN,CAN
YXL,ZPB,1,420.0,CAN,CAN
YXL,ZRJ,1,317.0,CAN,CAN
YXL,ZSJ,1,343.0,CAN,CAN
YXN,YEK,2,149.0,CAN,CAN
YXN,YRT,3,68.0,CAN,CAN
YXP,YFB,2,297.0,CAN,CAN
YXP,YVM,2,172.0,CAN,CAN
YXS,YKA,1,386.0,CAN,CAN
YXS,YLW,1,492.0,CAN,CAN
YXS,YVR,2,523.0,CAN,CAN
YXS,YXJ,1,289.0,CAN,CAN
YXS,YXT,1,389.0,CAN,CAN
YXS,YYC,2,662.0,CAN,CAN
YXS,YYD,1,310.0,CAN,CAN
YXS,YYE,1,550.0,CAN,CAN
YXT,YVR,3,693.0,CAN,CAN
YXT,YXS,1,389.0,CAN,CAN
YXT,YYD,1,98.0,CAN,CAN
YXU,ORD,2,566.0,CAN,USA
YXU,YOW,1,506.0,CAN,CAN
YXU,YWG,1,1445.0,CAN,CAN
YXU,YYC,1,2620.0,CAN,CAN
YXU,YYZ,1,142.0,CAN,CAN
YXX,YEG,1,775.0,CAN,CAN
YXX,YYC,1,639.0,CAN,CAN
YXY,YLW,1,1546.0,CAN,CAN
YXY,YVR,2,1483.0,CAN,CAN
YXY,YYC,1,1678.0,CAN,CAN
YXY,YZF,1,1104.0,CAN,CAN
YYB,YSB,1,109.0,CAN,CAN
YYB,YYZ,1,299.0,CAN,CAN
YYC,AMS,3,7168.0,CAN,NLX
YYC,CUN,2,4091.0,CAN,MEX
YYC,DEN,2,1445.0,CAN,USA
YYC,DFW,4,2451.0,CAN,USA
YYC,EWR,1,3247.0,CAN,USA
YYC,FRA,3,7528.0,CAN,DEU
YYC,GLA,1,6477.0,CAN,SCT
YYC,IAH,2,2813.0,CAN,USA
YYC,JFK,3,3277.0,CAN,USA
YYC,LAS,4,1674.0,CAN,USA
YYC,LAX,4,1942.0,CAN,USA
YYC,LGW,1,7055.0,CAN,ENG
YYC,LHR,6,7015.0,CAN,ENG
YYC,MAN,1,6776.0,CAN,ENG
YYC,MCO,1,3711.0,CAN,USA
YYC,MSP,1,1688.0,CAN,USA
YYC,NRT,2,7946.0,CAN,JPN
YYC,ORD,5,2224.0,CAN,USA
YYC,PDX,2,882.0,CAN,USA
YYC,PHX,3,1973.0,CAN,USA
YYC,PSP,1,1932.0,CAN,USA
YYC,PVR,2,3469.0,CAN,MEX
YYC,SAN,2,2060.0,CAN,USA
YYC,SEA,1,726.0,CAN,USA
YYC,SFO,3,1638.0,CAN,USA
YYC,SJD,2,3131.0,CAN,MEX
YYC,SLC,1,1159.0,CAN,USA
YYC,VRA,1,4191.0,CAN,CUB
YYC,YBR,1,1002.0,CAN,CAN
YYC,YCD,1,738.0,CAN,CAN
YYC,YCG,1,327.0,CAN,CAN
YYC,YEG,6,246.0,CAN,CAN
YYC,YHM,1,2696.0,CAN,CAN
YYC,YHZ,1,3745.0,CAN,CAN
YYC,YKA,2,453.0,CAN,CAN
YYC,YKF,1,2649.0,CAN,CAN
YYC,YLL,1,363.0,CAN,CAN
YYC,YLW,2,400.0,CAN,CAN
YYC,YMM,2,643.0,CAN,CAN
YYC,YOW,2,2879.0,CAN,CAN
YYC,YQF,1,119.0,CAN,CAN
YYC,YQG,1,2541.0,CAN,CAN
YYC,YQL,1,186.0,CAN,CAN
YYC,YQQ,1,785.0,CAN,CAN
YYC,YQR,2,662.0,CAN,CAN
YYC,YQU,2,556.0,CAN,CAN
YYC,YUL,2,3006.0,CAN,CAN
YYC,YVR,3,686.0,CAN,CAN
YYC,YWG,2,1191.0,CAN,CAN
YYC,YXC,1,209.0,CAN,CAN
YYC,YXE,2,518.0,CAN,CAN
YYC,YXH,1,263.0,CAN,CAN
YYC,YXJ,1,721.0,CAN,CAN
YYC,YXS,2,662.0,CAN,CAN
YYC,YXU,1,2620.0,CAN,CAN
YYC,YXX,1,639.0,CAN,CAN
YYC,YYJ,2,727.0,CAN,CAN
YYC,YYZ,3,2689.0,CAN,CAN
YYC,YZF,1,1262.0,CAN,CAN
YYD,YVR,2,683.0,CAN,CAN
YYD,YXS,1,310.0,CAN,CAN
YYD,YXT,1,98.0,CAN,CAN
YYE,YDQ,1,373.0,CAN,CAN
YYE,YXJ,1,309.0,CAN,CAN
YYE,YXS,1,550.0,CAN,CAN
YYF,YVR,1,261.0,CAN,CAN
YYG,YHZ,1,160.0,CAN,CAN
YYG,YUL,1,826.0,CAN,CAN
YYG,YYZ,2,1328.0,CAN,CAN
YYH,YCB,1,456.0,CAN,CAN
YYH,YHK,2,136.0,CAN,CAN
YYH,YZF,1,1218.0,CAN,CAN
YYJ,LAS,1,1552.0,CAN,USA
YYJ,SEA,1,157.0,CAN,USA
YYJ,SFO,2,1229.0,CAN,USA
YYJ,YEG,1,861.0,CAN,CAN
YYJ,YLW,1,328.0,CAN,CAN
YYJ,YVR,3,63.0,CAN,CAN
YYJ,YYC,2,727.0,CAN,CAN
YYJ,YYZ,2,3370.0,CAN,CAN
YYQ,YEK,2,262.0,CAN,CAN
YYQ,YRT,2,465.0,CAN,CAN
YYQ,YTH,2,398.0,CAN,CAN
YYQ,YWG,2,1003.0,CAN,CAN
YYR,YAY,1,364.0,CAN,CAN
YYR,YBX,1,303.0,CAN,CAN
YYR,YDF,2,503.0,CAN,CAN
YYR,YDP,2,368.0,CAN,CAN
YYR,YHZ,1,965.0,CAN,CAN
YYR,YQX,1,636.0,CAN,CAN
YYR,YRG,1,161.0,CAN,CAN
YYR,YSO,1,182.0,CAN,CAN
YYR,YWK,2,432.0,CAN,CAN
YYR,YYT,2,834.0,CAN,CAN
YYR,ZUM,1,245.0,CAN,CAN
YYT,EWR,1,1866.0,CAN,USA
YYT,FSP,1,275.0,CAN,SPM
YYT,LHR,2,3716.0,CAN,ENG
YYT,MCO,2,3255.0,CAN,USA
YYT,YAY,1,484.0,CAN,CAN
YYT,YDF,2,385.0,CAN,CAN
YYT,YHZ,4,880.0,CAN,CAN
YYT,YJT,1,443.0,CAN,CAN
YYT,YOW,2,1767.0,CAN,CAN
YYT,YQX,1,199.0,CAN,CAN
YYT,YUL,1,1618.0,CAN,CAN
YYT,YYR,2,834.0,CAN,CAN
YYT,YYZ,2,2123.0,CAN,CAN
YYU,YQT,1,514.0,CAN,CAN
YYU,YTS,1,123.0,CAN,CAN
YYY,YBC,2,58.0,CAN,CAN
YYY,YQB,1,312.0,CAN,CAN
YYY,YUL,1,545.0,CAN,CAN
YYY,YVB,1,212.0,CAN,CAN
YYY,YWK,1,489.0,CAN,CAN
YYY,YZV,2,228.0,CAN,CAN
YYZ,ADD,1,11501.0,CAN,ETH
YYZ,AMS,3,5990.0,CAN,NLX
YYZ,ANU,2,3394.0,CAN,ACA
YYZ,ATH,1,8128.0,CAN,GRC
YYZ,ATL,6,1191.0,CAN,USA
YYZ,AUA,2,3587.0,CAN,ABW
YYZ,AUH,2,11122.0,CAN,ARE
YYZ,AZS,2,2867.0,CAN,DOM
YYZ,BCN,2,6418.0,CAN,ESP
YYZ,BDA,2,1811.0,CAN,BMU
YYZ,BDL,2,599.0,CAN,USA
YYZ,BGI,2,3908.0,CAN,BRB
YYZ,BNA,1,1032.0,CAN,USA
YYZ,BOG,2,4367.0,CAN,COL
YYZ,BOS,2,716.0,CAN,USA
YYZ,BRU,2,6044.0,CAN,BFR
YYZ,BWI,1,558.0,CAN,USA
YYZ,CAI,1,9228.0,CAN,EGY
YYZ,CCC,2,2362.0,CAN,CUB
YYZ,CDG,6,6020.0,CAN,FXX
YYZ,CLE,2,311.0,CAN,USA
YYZ,CLT,3,948.0,CAN,USA
YYZ,CMH,2,490.0,CAN,USA
YYZ,CMW,1,2480.0,CAN,CUB
YYZ,CPH,3,6269.0,CAN,DNK
YYZ,CUN,3,2605.0,CAN,MEX
YYZ,CVG,3,664.0,CAN,USA
YYZ,DCA,3,579.0,CAN,USA
YYZ,DEN,2,2111.0,CAN,USA
YYZ,DFW,5,1928.0,CAN,USA
YYZ,DTW,5,344.0,CAN,USA
YYZ,DUB,3,5261.0,CAN,IRL
YYZ,DXB,1,11082.0,CAN,ARE
YYZ,EWR,2,559.0,CAN,USA
YYZ,FCO,5,7086.0,CAN,ITA
YYZ,FLL,4,1958.0,CAN,USA
YYZ,FRA,2,6344.0,CAN,DEU
YYZ,GCM,2,2716.0,CAN,CYM
YYZ,GEO,2,4630.0,CAN,GUY
YYZ,GGT,1,2263.0,CAN,BHS
YYZ,GLA,1,5284.0,CAN,SCT
YYZ,GND,2,3915.0,CAN,GRD
YYZ,GRU,2,8194.0,CAN,BRA
YYZ,HAV,1,2314.0,CAN,CUB
YYZ,HKG,2,12549.0,CAN,HKG
YYZ,HOG,2,2564.0,CAN,CUB
YYZ,IAD,2,557.0,CAN,USA
YYZ,IAH,2,2060.0,CAN,USA
YYZ,ICN,1,10617.0,CAN,KOR
YYZ,IND,1,707.0,CAN,USA
YYZ,ISB,1,10984.0,CAN,PAK
YYZ,IST,2,8172.0,CAN,TUR
YYZ,JED,1,10444.0,CAN,SAU
YYZ,JFK,6,589.0,CAN,USA
YYZ,KEF,1,4171.0,CAN,ISL
YYZ,KHI,1,11670.0,CAN,PAK
YYZ,KIN,4,2875.0,CAN,JAM
YYZ,LAS,4,3120.0,CAN,USA
YYZ,LAX,5,3494.0,CAN,USA
YYZ,LGA,6,573.0,CAN,USA
YYZ,LGW,1,5739.0,CAN,ENG
YYZ,LHE,1,11246.0,CAN,PAK
YYZ,LHR,6,5707.0,CAN,ENG
YYZ,LIM,1,6199.0,CAN,PER
YYZ,LIR,2,3723.0,CAN,CRI
YYZ,LIS,3,5740.0,CAN,PRX
YYZ,MAN,1,5511.0,CAN,ENG
YYZ,MBJ,3,2804.0,CAN,JAM
YYZ,MCI,1,1345.0,CAN,USA
YYZ,MCO,5,1702.0,CAN,USA
YYZ,MDT,1,454.0,CAN,USA
YYZ,MEX,2,3247.0,CAN,MEX
YYZ,MIA,4,1990.0,CAN,USA
YYZ,MKE,1,673.0,CAN,USA
YYZ,MSP,4,1089.0,CAN,USA
YYZ,MSY,2,1788.0,CAN,USA
YYZ,MUC,2,6641.0,CAN,DEU
YYZ,MYR,1,1113.0,CAN,USA
YYZ,NAS,2,2082.0,CAN,BHS
YYZ,NRT,2,10300.0,CAN,JPN
YYZ,OPO,3,5642.0,CAN,PRX
YYZ,ORD,6,700.0,CAN,USA
YYZ,PDL,2,4513.0,CAN,PAZ
YYZ,PEK,3,10561.0,CAN,CHN
YYZ,PHL,4,558.0,CAN,USA
YYZ,PHX,1,3013.0,CAN,USA
YYZ,PIT,2,358.0,CAN,USA
YYZ,PLS,2,2529.0,CAN,TCA
YYZ,POP,2,2790.0,CAN,DOM
YYZ,POS,2,4079.0,CAN,TTO
YYZ,PTY,1,3848.0,CAN,PAN
YYZ,PUJ,3,2984.0,CAN,DOM
YYZ,PVG,2,11414.0,CAN,CHN
YYZ,RDU,1,870.0,CAN,USA
YYZ,ROC,1,170.0,CAN,USA
YYZ,RSW,2,1916.0,CAN,USA
YYZ,SAL,1,3480.0,CAN,SLV
YYZ,SAN,1,3465.0,CAN,USA
YYZ,SCL,1,8617.0,CAN,CHL
YYZ,SEA,1,3307.0,CAN,USA
YYZ,SFO,2,3627.0,CAN,USA
YYZ,SJO,1,3771.0,CAN,CRI
YYZ,SJU,1,3082.0,CAN,PRI
YYZ,SNU,4,2356.0,CAN,CUB
YYZ,STL,2,1051.0,CAN,USA
YYZ,SVO,1,7467.0,CAN,RUS
YYZ,SXM,1,3244.0,CAN,SXM
YYZ,SYR,1,292.0,CAN,USA
YYZ,TLV,2,9295.0,CAN,ISR
YYZ,TPA,2,1765.0,CAN,USA
YYZ,TPE,1,12079.0,CAN,TWN
YYZ,UVF,2,3775.0,CAN,LCA
YYZ,VCE,1,6854.0,CAN,ITA
YYZ,VIE,3,6948.0,CAN,AUT
YYZ,VKO,1,7490.0,CAN,RUS
YYZ,VRA,3,2301.0,CAN,CUB
YYZ,WAW,2,6935.0,CAN,POL
YYZ,YAM,1,494.0,CAN,CAN
YYZ,YDF,2,1804.0,CAN,CAN
YYZ,YEG,2,2689.0,CAN,CAN
YYZ,YFC,1,1061.0,CAN,CAN
YYZ,YGK,1,250.0,CAN,CAN
YYZ,YHZ,3,1288.0,CAN,CAN
YYZ,YLW,1,3066.0,CAN,CAN
YYZ,YMM,2,2637.0,CAN,CAN
YYZ,YOW,2,364.0,CAN,CAN
YYZ,YQB,3,732.0,CAN,CAN
YYZ,YQG,1,312.0,CAN,CAN
YYZ,YQM,2,1207.0,CAN,CAN
YYZ,YQR,3,2028.0,CAN,CAN
YYZ,YQT,2,911.0,CAN,CAN
YYZ,YQY,1,1562.0,CAN,CAN
YYZ,YSB,1,340.0,CAN,CAN
YYZ,YSJ,1,1104.0,CAN,CAN
YYZ,YTS,1,560.0,CAN,CAN
YYZ,YUL,7,507.0,CAN,CAN
YYZ,YVR,3,3346.0,CAN,CAN
YYZ,YWG,3,1504.0,CAN,CAN
YYZ,YXE,2,2210.0,CAN,CAN
YYZ,YXU,1,142.0,CAN,CAN
YYZ,YYB,1,299.0,CAN,CAN
YYZ,YYC,2,2689.0,CAN,CAN
YYZ,YYG,2,1328.0,CAN,CAN
YYZ,YYJ,2,3370.0,CAN,CAN
YYZ,YYT,2,2123.0,CAN,CAN
YYZ,YZR,1,229.0,CAN,CAN
YYZ,ZRH,2,6491.0,CAN,CHE
YZF,YCB,2,850.0,CAN,CAN
YZF,YCO,2,596.0,CAN,CAN
YZF,YEG,6,1019.0,CAN,CAN
YZF,YFJ,1,193.0,CAN,CAN
YZF,YFS,2,362.0,CAN,CAN
YZF,YHK,2,1089.0,CAN,CAN
YZF,YHY,1,194.0,CAN,CAN
YZF,YLE,1,161.0,CAN,CAN
YZF,YOW,2,3100.0,CAN,CAN
YZF,YRA,1,233.0,CAN,CAN
YZF,YRT,2,1136.0,CAN,CAN
YZF,YSG,1,193.0,CAN,CAN
YZF,YSM,1,302.0,CAN,CAN
YZF,YVQ,2,680.0,CAN,CAN
YZF,YWJ,1,536.0,CAN,CAN
YZF,YXY,1,1104.0,CAN,CAN
YZF,YYC,1,1262.0,CAN,CAN
YZF,YYH,1,1218.0,CAN,CAN
YZG,YIK,1,120.0,CAN,CAN
YZG,YWB,1,207.0,CAN,CAN
YZP,YVR,1,751.0,CAN,CAN
YZR,YYZ,1,229.0,CAN,CAN
YZS,YCS,1,374.0,CAN,CAN
YZS,YRT,2,460.0,CAN,CAN
YZS,YTE,1,330.0,CAN,CAN
YZS,YUT,2,291.0,CAN,CAN
YZT,YVR,1,342.0,CAN,CAN
YZV,YBG,1,402.0,CAN,CAN
YZV,YGV,2,189.0,CAN,CAN
YZV,YHU,1,747.0,CAN,CAN
YZV,YKL,1,511.0,CAN,CAN
YZV,YNA,2,319.0,CAN,CAN
YZV,YPN,1,148.0,CAN,CAN
YZV,YQB,4,537.0,CAN,CAN
YZV,YUL,2,768.0,CAN,CAN
YZV,YWK,5,303.0,CAN,CAN
YZV,YYY,2,228.0,CAN,CAN
YZV,ZGS,1,397.0,CAN,CAN
YZY,LHW,1,363.0,CHN,CHN
YZY,XIY,2,868.0,CHN,CHN
YZZ,YVR,1,406.0,CAN,CAN
ZAD,BLL,1,1366.0,HRV,DNK
ZAD,BVA,1,1168.0,HRV,FXX
ZAD,CGN,1,971.0,HRV,DEU
ZAD,CRL,1,1081.0,HRV,BWR
ZAD,DUB,1,1881.0,HRV,IRL
ZAD,DUS,1,1023.0,HRV,DEU
ZAD,FDH,1,600.0,HRV,DEU
ZAD,FKB,1,761.0,HRV,DEU
ZAD,FRA,2,834.0,HRV,DEU
ZAD,GSE,1,1539.0,HRV,SWE
ZAD,HAU,1,1828.0,HRV,NOW
ZAD,HHN,1,892.0,HRV,DEU
ZAD,MAN,1,1644.0,HRV,ENG
ZAD,MRS,1,816.0,HRV,FXX
ZAD,MUC,2,546.0,HRV,DEU
ZAD,NRN,1,1078.0,HRV,DEU
ZAD,NYO,1,1636.0,HRV,SWE
ZAD,PUY,1,143.0,HRV,HRV
ZAD,RYG,1,1726.0,HRV,NOW
ZAD,STN,1,1414.0,HRV,ENG
ZAD,STR,1,692.0,HRV,DEU
ZAD,TXL,1,952.0,HRV,DEU
ZAD,WAW,1,988.0,HRV,POL
ZAD,ZAG,1,190.0,HRV,HRV
ZAG,AMS,1,1099.0,HRV,NLX
ZAG,BCN,3,1229.0,HRV,ESP
ZAG,BLQ,2,398.0,HRV,ITA
ZAG,BRU,2,1029.0,HRV,BFR
ZAG,BUD,1,308.0,HRV,HUN
ZAG,BWK,1,277.0,HRV,HRV
ZAG,CDG,2,1079.0,HRV,FXX
ZAG,CGN,1,871.0,HRV,DEU
ZAG,CPH,3,1124.0,HRV,DNK
ZAG,DBV,1,395.0,HRV,HRV
ZAG,FRA,2,734.0,HRV,DEU
ZAG,IST,2,1135.0,HRV,TUR
ZAG,LGW,1,1337.0,HRV,ENG
ZAG,LHR,3,1368.0,HRV,ENG
ZAG,MUC,2,435.0,HRV,DEU
ZAG,OSI,1,216.0,HRV,HRV
ZAG,PRN,1,530.0,HRV,KOS
ZAG,RJK,1,131.0,HRV,HRV
ZAG,SJJ,1,278.0,HRV,BHF
ZAG,SKP,1,612.0,HRV,MKD
ZAG,SPU,1,246.0,HRV,HRV
ZAG,STR,1,612.0,HRV,DEU
ZAG,SVO,1,1868.0,HRV,RUS
ZAG,TXL,2,784.0,HRV,DEU
ZAG,VIE,2,266.0,HRV,AUT
ZAG,ZAD,1,190.0,HRV,HRV
ZAG,ZRH,2,605.0,HRV,CHE
ZAH,DXB,1,721.0,IRN,ARE
ZAH,GBT,2,1024.0,IRN,IRN
ZAH,KER,1,392.0,IRN,IRN
ZAH,MHD,3,761.0,IRN,IRN
ZAH,SYZ,1,805.0,IRN,IRN
ZAH,THR,2,1133.0,IRN,IRN
ZAH,ZBR,1,451.0,IRN,IRN
ZAL,CCP,1,320.0,CHL,CHL
ZAL,SCL,1,725.0,CHL,CHL
ZAM,CEB,1,431.0,PHL,PHL
ZAM,DVO,1,396.0,PHL,PHL
ZAM,JOL,1,151.0,PHL,PHL
ZAM,MNL,3,851.0,PHL,PHL
ZAT,CKG,1,388.0,CHN,CHN
ZAT,KMG,2,261.0,CHN,CHN
ZAZ,ACE,1,1813.0,ESP,ESP
ZAZ,BGY,1,971.0,ESP,ITA
ZAZ,BVA,1,900.0,ESP,FXX
ZAZ,CLJ,1,2041.0,ESP,ROU
ZAZ,CRL,1,1065.0,ESP,BWR
ZAZ,OTP,1,2215.0,ESP,ROU
ZAZ,PMI,1,396.0,ESP,ESP
ZAZ,STN,1,1140.0,ESP,ENG
ZBF,YUL,1,657.0,CAN,CAN
ZBR,BND,1,445.0,IRN,IRN
ZBR,MCT,1,296.0,IRN,OMN
ZBR,MHD,1,1202.0,IRN,IRN
ZBR,THR,2,1431.0,IRN,IRN
ZBR,ZAH,1,451.0,IRN,IRN
ZCL,DFW,2,1242.0,MEX,USA
ZCL,LAX,1,1963.0,MEX,USA
ZCL,MDW,1,2517.0,MEX,USA
ZCL,MEX,2,537.0,MEX,MEX
ZCL,TIJ,1,1765.0,MEX,MEX
ZCO,CCP,1,242.0,CHL,CHL
ZCO,SCL,2,638.0,CHL,CHL
ZEM,YKQ,1,85.0,CAN,CAN
ZEM,YNC,1,90.0,CAN,CAN
ZFM,YEV,1,115.0,CAN,CAN
ZFN,YVQ,1,71.0,CAN,CAN
ZFN,YWJ,1,106.0,CAN,CAN
ZGS,YHR,1,78.0,CAN,CAN
ZGS,YIF,1,177.0,CAN,CAN
ZGS,YNA,2,79.0,CAN,CAN
ZGS,YZV,1,397.0,CAN,CAN
ZGS,ZKG,1,42.0,CAN,CAN
ZGU,MTV,1,63.0,VUT,VUT
ZGU,SON,1,148.0,VUT,VUT
ZGU,TOH,1,142.0,VUT,VUT
ZHA,CAN,1,388.0,CHN,CHN
ZHA,CKG,1,1016.0,CHN,CHN
ZHA,CSX,1,828.0,CHN,CHN
ZHA,CTU,2,1222.0,CHN,CHN
ZHA,HAK,1,143.0,CHN,CHN
ZHA,HKG,1,387.0,CHN,HKG
ZHA,KMG,1,874.0,CHN,CHN
ZHA,NAY,2,2143.0,CHN,CHN
ZHA,PEK,2,2179.0,CHN,CHN
ZHA,PVG,3,1587.0,CHN,CHN
ZHA,SWA,1,683.0,CHN,CHN
ZHA,SYX,1,339.0,CHN,CHN
ZHA,SZX,2,390.0,CHN,CHN
ZHY,PEK,1,1028.0,CHN,CHN
ZHY,XNN,1,300.0,CHN,CHN
ZIG,CSK,1,54.0,SEN,SEN
ZIG,DKR,1,276.0,SEN,SEN
ZIH,IAH,1,1510.0,MEX,USA
ZIH,LAX,2,2479.0,MEX,USA
ZIH,MEX,3,324.0,MEX,MEX
ZIH,PHX,2,2051.0,MEX,USA
ZIH,TLC,1,278.0,MEX,MEX
ZKE,YAT,1,88.0,CAN,CAN
ZKE,YFA,1,9.0,CAN,CAN
ZKG,YNA,1,37.0,CAN,CAN
ZKG,ZGS,1,42.0,CAN,CAN
ZLO,IAH,1,1522.0,MEX,USA
ZLO,LAX,2,2141.0,MEX,USA
ZLO,MEX,3,577.0,MEX,MEX
ZLO,TIJ,1,1936.0,MEX,MEX
ZLT,YIF,1,48.0,CAN,CAN
ZLT,ZTB,1,34.0,CAN,CAN
ZMT,YVR,1,817.0,CAN,CAN
ZNE,PER,2,1020.0,AUS,AUS
ZNZ,ADD,1,1691.0,TZZ,ETH
ZNZ,DAR,3,73.0,TZZ,TZA
ZNZ,FRA,1,6917.0,TZZ,DEU
ZNZ,JNB,1,2502.0,TZZ,ZAF
ZNZ,JRO,2,391.0,TZZ,TZA
ZNZ,MBA,1,247.0,TZZ,KEN
ZNZ,NBO,2,602.0,TZZ,KEN
ZOS,ZAL,1,107.0,CHL,CHL
ZPB,MSA,1,58.0,CAN,CAN
ZPB,YXL,1,420.0,CAN,CAN
ZQN,AKL,2,1025.0,NZL,NZL
ZQN,CHC,1,347.0,NZL,NZL
ZQN,SYD,3,1939.0,NZL,AUS
ZQN,WLG,1,641.0,NZL,NZL
ZQW,AYT,1,2327.0,DEU,TUR
ZQW,FUE,1,2932.0,DEU,ESP
ZQW,LPA,1,3061.0,DEU,ESP
ZQW,PMI,1,1135.0,DEU,ESP
ZQW,TFS,1,3115.0,DEU,ESP
ZQZ,SJW,2,274.0,CHN,CHN
ZRH,ACE,2,2806.0,CHE,ESP
ZRH,ADB,1,1820.0,CHE,TUR
ZRH,AGP,1,1608.0,CHE,ESP
ZRH,ALC,1,1260.0,CHE,ESP
ZRH,AMM,1,2906.0,CHE,JOR
ZRH,AMS,2,603.0,CHE,NLX
ZRH,ARN,2,1486.0,CHE,SWE
ZRH,ATH,1,1639.0,CHE,GRC
ZRH,ATL,1,7532.0,CHE,USA
ZRH,AYT,3,2166.0,CHE,TUR
ZRH,BCN,3,857.0,CHE,ESP
ZRH,BDS,3,1065.0,CHE,ITA
ZRH,BEG,2,952.0,CHE,SRS
ZRH,BHX,1,921.0,CHE,ENG
ZRH,BKK,2,9054.0,CHE,THA
ZRH,BLL,1,921.0,CHE,DNK
ZRH,BNX,1,729.0,CHE,BIS
ZRH,BOD,1,771.0,CHE,FXX
ZRH,BOM,2,6540.0,CHE,IND
ZRH,BOS,2,6010.0,CHE,USA
ZRH,BRE,1,621.0,CHE,DEU
ZRH,BRS,1,923.0,CHE,ENG
ZRH,BRU,2,483.0,CHE,BFR
ZRH,BUD,1,805.0,CHE,HUN
ZRH,CAI,2,2745.0,CHE,EGY
ZRH,CDG,2,476.0,CHE,FXX
ZRH,CGN,2,392.0,CHE,DEU
ZRH,CMN,1,2071.0,CHE,MAR
ZRH,CPH,2,950.0,CHE,DNK
ZRH,CTA,3,1232.0,CHE,ITA
ZRH,DBV,2,937.0,CHE,HRV
ZRH,DEL,2,6148.0,CHE,IND
ZRH,DJE,1,1523.0,CHE,TUN
ZRH,DME,1,2197.0,CHE,RUS
ZRH,DOH,1,4495.0,CHE,QAT
ZRH,DRS,1,556.0,CHE,DEU
ZRH,DUB,2,1237.0,CHE,IRL
ZRH,DUS,3,444.0,CHE,DEU
ZRH,DXB,3,4768.0,CHE,ARE
ZRH,EBA,1,540.0,CHE,ITA
ZRH,EWR,2,6332.0,CHE,USA
ZRH,FCO,3,694.0,CHE,ITA
ZRH,FLR,2,456.0,CHE,ITA
ZRH,FMO,1,523.0,CHE,DEU
ZRH,FNC,2,2688.0,CHE,PMD
ZRH,FRA,3,286.0,CHE,DEU
ZRH,FUE,2,2865.0,CHE,ESP
ZRH,GDN,1,1034.0,CHE,POL
ZRH,GRU,1,9609.0,CHE,BRA
ZRH,GRZ,1,523.0,CHE,AUT
ZRH,GVA,3,230.0,CHE,CHE
ZRH,GWT,1,828.0,CHE,DEU
ZRH,HAJ,2,561.0,CHE,DEU
ZRH,HAM,3,693.0,CHE,DEU
ZRH,HAV,1,8217.0,CHE,CUB
ZRH,HEL,2,1778.0,CHE,FIN
ZRH,HER,2,1927.0,CHE,GRC
ZRH,HKG,1,9280.0,CHE,HKG
ZRH,HRG,2,3146.0,CHE,EGY
ZRH,IAD,2,6673.0,CHE,USA
ZRH,IBZ,1,1118.0,CHE,ESP
ZRH,ICN,1,8743.0,CHE,KOR
ZRH,IST,4,1741.0,CHE,TUR
ZRH,JER,1,817.0,CHE,JEY
ZRH,JFK,4,6309.0,CHE,USA
ZRH,JNB,2,8419.0,CHE,ZAF
ZRH,KBP,2,1658.0,CHE,UKR
ZRH,KEF,1,2631.0,CHE,ISL
ZRH,KRK,1,872.0,CHE,POL
ZRH,LAS,1,9172.0,CHE,USA
ZRH,LAX,2,9534.0,CHE,USA
ZRH,LCA,3,2505.0,CHE,CYP
ZRH,LCY,3,760.0,CHE,ENG
ZRH,LED,1,1966.0,CHE,RUS
ZRH,LEJ,1,515.0,CHE,DEU
ZRH,LGW,1,754.0,CHE,ENG
ZRH,LHR,4,788.0,CHE,ENG
ZRH,LIS,6,1723.0,CHE,PRX
ZRH,LJU,2,470.0,CHE,SVN
ZRH,LPA,3,3001.0,CHE,ESP
ZRH,LTN,1,807.0,CHE,ENG
ZRH,LUG,1,165.0,CHE,CHE
ZRH,LUX,1,296.0,CHE,LUX
ZRH,LYS,1,328.0,CHE,FXX
ZRH,MAD,3,1240.0,CHE,ESP
ZRH,MAN,1,1007.0,CHE,ENG
ZRH,MCT,2,5109.0,CHE,OMN
ZRH,MIA,2,7845.0,CHE,USA
ZRH,MLA,2,1380.0,CHE,MLT
ZRH,MUC,2,261.0,CHE,DEU
ZRH,MXP,1,204.0,CHE,ITA
ZRH,NAP,2,862.0,CHE,ITA
ZRH,NBE,1,1276.0,CHE,TUN
ZRH,NBO,3,6084.0,CHE,KEN
ZRH,NCE,1,436.0,CHE,FXX
ZRH,NRT,2,9595.0,CHE,JPN
ZRH,NUE,2,293.0,CHE,DEU
ZRH,OLB,2,734.0,CHE,ITA
ZRH,OPO,2,1530.0,CHE,PRX
ZRH,ORD,2,7131.0,CHE,USA
ZRH,OSL,2,1417.0,CHE,NOW
ZRH,OTP,1,1389.0,CHE,ROU
ZRH,PEK,1,7971.0,CHE,CHN
ZRH,PHL,2,6460.0,CHE,USA
ZRH,PMI,2,996.0,CHE,ESP
ZRH,PRG,3,511.0,CHE,CZE
ZRH,PRN,2,1120.0,CHE,KOS
ZRH,PUJ,1,7526.0,CHE,DOM
ZRH,PVG,1,9031.0,CHE,CHN
ZRH,RAK,1,2255.0,CHE,MAR
ZRH,RIX,1,1481.0,CHE,LVA
ZRH,RMF,3,3337.0,CHE,EGY
ZRH,SAW,1,1802.0,CHE,TUR
ZRH,SFO,2,9376.0,CHE,USA
ZRH,SIN,3,10306.0,CHE,SGP
ZRH,SKP,2,1198.0,CHE,MKD
ZRH,SOF,1,1279.0,CHE,BGR
ZRH,SPU,2,745.0,CHE,HRV
ZRH,STR,2,145.0,CHE,DEU
ZRH,SUF,2,1137.0,CHE,ITA
ZRH,SVO,1,2181.0,CHE,RUS
ZRH,SZG,1,336.0,CHE,AUT
ZRH,TFS,2,3063.0,CHE,ESP
ZRH,TGD,1,1015.0,CHE,MNE
ZRH,TLV,2,2809.0,CHE,ISR
ZRH,TPA,1,7835.0,CHE,USA
ZRH,TRN,1,261.0,CHE,ITA
ZRH,TUN,1,1188.0,CHE,TUN
ZRH,TXL,4,660.0,CHE,DEU
ZRH,VCE,1,364.0,CHE,ITA
ZRH,VIE,5,603.0,CHE,AUT
ZRH,VLC,1,1146.0,CHE,ESP
ZRH,WAW,2,1031.0,CHE,POL
ZRH,WRO,1,727.0,CHE,POL
ZRH,YUL,2,5996.0,CHE,CAN
ZRH,YYZ,2,6491.0,CHE,CAN
ZRH,ZAG,2,605.0,CHE,HRV
ZRJ,MSA,1,63.0,CAN,CAN
ZRJ,YAC,1,140.0,CAN,CAN
ZSA,FLL,1,609.0,BHS,USA
ZSA,NAS,2,317.0,BHS,BHS
ZSA,PLS,1,344.0,BHS,TCA
ZSE,MRU,3,255.0,REU,MUS
ZSJ,KEW,1,35.0,CAN,CAN
ZSJ,YPM,1,145.0,CAN,CAN
ZSJ,YRL,1,224.0,CAN,CAN
ZTB,YHR,1,29.0,CAN,CAN
ZTB,ZLT,1,34.0,CAN,CAN
ZTH,AMS,1,2046.0,GRC,NLX
ZTH,ATH,2,269.0,GRC,GRC
ZTH,BRU,1,1951.0,GRC,BFR
ZTH,CRL,1,1920.0,GRC,BWR
ZTH,DUS,1,1869.0,GRC,DEU
ZTH,EFL,1,53.0,GRC,GRC
ZTH,KIT,1,251.0,GRC,GRC
ZTH,LBA,1,2482.0,GRC,ENG
ZTH,LGW,2,2225.0,GRC,ENG
ZTH,MAN,2,2481.0,GRC,ENG
ZTH,MUC,1,1389.0,GRC,DEU
ZTH,VIE,2,1204.0,GRC,AUT
ZUH,CGO,2,1392.0,CHN,CHN
ZUH,CKG,3,1090.0,CHN,CHN
ZUH,CSX,1,688.0,CHN,CHN
ZUH,CTU,2,1337.0,CHN,CHN
ZUH,CZX,1,1271.0,CHN,CHN
ZUH,FOC,4,774.0,CHN,CHN
ZUH,HAK,3,380.0,CHN,CHN
ZUH,HFE,1,1154.0,CHN,CHN
ZUH,HGH,1,1154.0,CHN,CHN
ZUH,HYN,2,1089.0,CHN,CHN
ZUH,KHN,3,804.0,CHN,CHN
ZUH,KMG,1,1119.0,CHN,CHN
ZUH,KOW,1,451.0,CHN,CHN
ZUH,KWE,3,835.0,CHN,CHN
ZUH,KWL,1,493.0,CHN,CHN
ZUH,LZH,1,475.0,CHN,CHN
ZUH,MXZ,1,384.0,CHN,CHN
ZUH,NGB,1,1187.0,CHN,CHN
ZUH,NNG,3,539.0,CHN,CHN
ZUH,PEK,3,2032.0,CHN,CHN
ZUH,PVG,5,1316.0,CHN,CHN
ZUH,SHA,4,1292.0,CHN,CHN
ZUH,SWA,1,364.0,CHN,CHN
ZUH,SYX,2,584.0,CHN,CHN
ZUH,TSN,1,1940.0,CHN,CHN
ZUH,WNZ,2,999.0,CHN,CHN
ZUH,WUH,1,980.0,CHN,CHN
ZUH,WUZ,1,271.0,CHN,CHN
ZUH,XMN,4,561.0,CHN,CHN
ZUH,YIW,1,1053.0,CHN,CHN
ZUM,YWK,1,197.0,CAN,CAN
ZUM,YYR,1,245.0,CAN,CAN
ZVK,BKK,1,536.0,LAO,THA
ZVK,PKZ,1,192.0,LAO,LAO
ZVK,VTE,1,282.0,LAO,LAO
ZYI,CAN,1,786.0,CHN,CHN
ZYI,CSX,1,615.0,CHN,CHN
ZYI,CTU,1,446.0,CHN,CHN
ZYI,HAK,1,921.0,CHN,CHN
ZYI,KMG,1,491.0,CHN,CHN
ZYI,NKG,1,1235.0,CHN,CHN
ZYI,PEK,3,1645.0,CHN,CHN
ZYI,SHA,1,1444.0,CHN,CHN
ZYI,SYX,1,1062.0,CHN,CHN
ZYI,SZX,1,879.0,CHN,CHN
ZYI,WUH,1,784.0,CHN,CHN
ZYI,XIY,1,781.0,CHN,CHN
ZYI,XMN,1,1161.0,CHN,CHN
ZYL,DAC,4,194.0,BGD,BGD
